-50.141554170225014,-7.844246393454853,-65.22095015610253,3.8119581816540773,-36.64766458649466,2.225827847445956,-13.119336198678042,-63.43244402623658,32.764894970545015,79.39905787288222,-78.67527621268042,19.53646710469181,-64.29604214548026,-76.65041944624089,-86.60178112083048,34.05079520887185,20.876143816561623,-18.39598174298378,-41.74125055889895,54.787225764734444,-55.479272691752456,-58.450145397561926,-79.1848087163506,57.737285846284806,69.51295925569895,-9.767199262480815,26.990303152196347,-70.40905224520586,-40.658742166020076,70.58487163568995,76.56113583769698,-57.989415964138956,-34.337545291507254,10.335912750527896,50.611521982981884,-21.679623815688913,24.552238468037714,26.54302486019833,-42.599964184206016,-28.27778954376585,-73.75500964454193,40.33498339695328,-72.98108868093804,67.51991350115404,-24.938431594301576,95.17610875177704,31.201621694183586,-0.9079733655279512,49.48850506411182,-9.292578646856327,90.27939125218359,54.728031079906856,-73.35405854463153,-79.0246223301998,12.075253176415018,-81.29738671364683,24.12264878919477,92.34725406133285,2.0060417606509304,72.02926236019871,-52.831400211344935,27.383901076502,85.71443907914954,82.58072966886857,-77.33176306370291,5.405832737496681,6.541813219801028,-11.010479542929104,80.8124775066349,-41.24483859977759,-4.461299861141683,-38.91240605756754,0.5056124621675622,31.821304199175188,-99.00868162815755,66.29967021964643,34.69608417967095,37.29285887727602,57.928380328284845,21.71449017466847,17.830306112922173,-46.9208949286015,-42.31872335011977,57.13551863246536,-70.7893673987952,-61.72529095158878,45.32265583669684,78.15976703209563,29.6200674056619,33.052547228468455,-8.975530258906716,-87.71678352568424,-17.757599707439127,70.04800551916225,41.62316892801897,-30.21921200430549,60.44501469400501,33.53529852429739,6.800807110214606,83.83143857101084,1
-34.92006036814645,66.12388155754581,-83.52379087683147,-88.44388780072667,65.87893297176939,29.291748327586106,-66.94310197140851,-32.00562724135037,-91.68420803068125,19.210023152190047,-11.085299786114305,-62.33949501657872,-69.3174235221824,-82.13201954162663,13.149461310229185,-55.348919786127816,12.566047442920578,5.0863996619284535,7.3736435941204235,-56.982954242981435,24.503173682543206,-42.97336496385826,-13.554584901791557,-84.80794260701663,-1.7718061730675743,-85.53788504544171,-37.304942013179684,11.37812765461888,-83.91135995813315,86.52599314787193,72.14040650842998,-96.0560535591375,-73.7888513156665,-47.51038660723197,-73.50020874674269,-31.422134080788794,22.716836971175326,7.099943084474731,74.3194301903122,-95.14145932004394,50.9243565531213,-78.1292133290054,36.51633442848296,-42.77581843524256,-88.27620587728391,-50.9761885655313,28.110759328809593,56.67028002484889,21.27589571480675,-23.441882416423326,29.40700491341744,-58.794525615811466,-28.538106118389962,-71.84484475714305,31.31545108471923,70.5446755669513,-57.251816902135964,41.11731601290299,-38.80877159604752,-85.02559250623531,-80.2655803829173,-50.65463936629073,-18.035044443059007,-15.970017430284457,-81.91392408686849,-84.02586520074003,-27.671710876577066,56.436679062641986,-51.821466117653884,-6.4376600949446185,-16.628035964803217,49.46860168870606,79.94158980755486,73.88235573902463,-66.87940003735321,-3.7997492572462193,61.54124521881002,2.594694562058379,59.402319987065965,98.16782543517584,8.343195188603048,-54.6666610966533,-99.5519053852608,-59.97300507381542,-4.553008433202137,-5.705030545464879,-82.12504442301591,-82.29072157719082,5.596745055699827,-10.293917320234769,-45.98774780818544,52.7402971987878,-29.40650268759957,-4.954130157458309,-79.22044842738241,90.32513209465128,-44.27364559025278,87.0896310004035,-0.027959760784312948,12.600504873682098,-1
-92.62261052909344,78.105456147979,75.72599727103159,51.054084099361575,64.32737954209432,-27.989906819804332,-26.310216016684222,-69.10155919901484,29.95760935285992,48.39554590279718,75.96754958829356,-45.1574221751706,-66.37638048045497,-17.880260552346684,43.99190787389591,37.828671396067534,-95.55943740242994,-10.17035945355748,-17.790561288788382,34.45258798651321,55.9637351246287,-85.16817884519385,34.15200434230678,-79.96613475253403,29.69951950944082,-17.79184388507771,45.348113045863926,22.570954792672765,27.269625053411303,-33.147325044158165,99.8918134372804,87.83948656515241,-79.19794045437186,95.31746784007686,33.97817357168137,70.93477405006035,-25.2764455379384,-1.9597082887466257,-62.15293781014599,90.30962273534792,20.22588198605375,67.56311816202259,37.37742371847969,96.79471163647477,-30.168919706429634,-95.9989671147663,14.871014060775579,34.02135914445333,-20.00108063810005,68.8081826892151,-62.01366656048557,80.63678298262795,-80.95638418611834,-46.80392172132135,26.937122873440458,-48.49290995188331,-74.14587441602424,-14.506370896024492,95.99616127501733,-37.366328983450494,-39.92803565533982,-56.342822045851705,-94.91984820106909,-61.20676970328604,-51.7365532376773,37.86097404824312,-99.83707653824902,9.579520339805384,-99.98048608761462,-56.79648441215692,-59.331869256653434,-45.69469648378019,66.07742312878091,-92.9609699349671,88.58699481483313,1.1190030918075422,98.19366735581886,51.827549360518134,84.83311305789249,35.973846395227866,-3.158590536261684,29.2947128243882,-46.950437506335916,-44.652941045249975,-13.598890536745856,35.46958586185201,-22.943873187069386,-8.514404032888635,-48.24820865402542,23.519864746560202,-62.0561647627083,2.032556515630006,-16.332550800587313,-90.33023369756401,25.56980354684211,-0.23149215079402552,-26.182790138136028,-26.830879170342953,92.57185162547256,-94.78702148544707,1
60.734415379822906,-87.78440802902725,-81.70263252044903,98.8278722442335,-11.93531632633021,-27.953216239914426,47.744630145313266,11.356982185637591,83.45361331553613,61.76526469833681,-8.870090112024513,75.42409353245759,31.78036131497143,-60.06605239187066,60.87488282754012,-35.89276663870089,46.22059660071244,91.66553729627736,20.561506453351882,37.579729095815026,-79.4930923774712,85.81527205136473,85.64335912951887,-35.726008851825924,-5.392974983259947,-83.65920807955425,-33.81828338439479,-78.0280485894533,-29.694391680623937,-49.597053264189505,34.11601016538708,9.261914275859809,87.41092671315508,-63.61171965031327,-83.30614096360856,-15.352111701962713,-15.217482502473544,-1.0969086083363067,-44.80339326576184,21.170593676779163,-33.80478611250575,-41.2506396748878,-15.418673629216144,-28.956677173688078,79.66440393827386,74.98236665095769,7.3618170554912155,-58.98303360560497,-57.82904190439797,-64.45276907569253,-99.10410461605848,-78.38614094377125,-75.04040160276868,42.76845600996529,71.91847824947706,-62.53725078186652,-46.34528673025926,-68.0121381120872,48.684579617383946,-46.056319180818164,-60.86216528391613,24.962097804910115,-37.84261908526831,-5.831409693190352,-53.93613663849839,33.6623390698831,-76.39882099149881,6.548389081098378,89.22389399990354,-6.345595668688617,22.921749756088076,-38.30165660296954,37.20807310259164,97.21333166798112,71.41093049459906,21.70828780300252,57.10360934597941,-47.877725838380016,-72.16816726558058,-51.0037793216441,84.6060479749427,7.602962137313355,-60.233762713878704,41.383221656555605,34.351935680884026,-98.4684724691822,90.32886963889288,10.474920200910702,-14.652657003505396,82.63646853390529,36.10048857478239,-55.5507355627697,56.14669664057084,-24.331261926369933,-41.3932507307095,70.04975326198152,-61.11915617639008,61.85791842196355,76.66266069457333,26.87491058369524,-1
-72.72570488264606,53.65468277290364,56.10510304877238,61.28072344656789,-89.95479770720524,19.808917430076306,-88.60425460052635,53.072672771608154,75.95048045886873,0.47436399441909316,-47.289704100644435,-1.6143951921741433,-63.23742210363701,35.418756956728856,-77.3225808894855,89.73081618059814,31.22921836948845,54.97668645058974,38.1402078998332,16.639032376609194,-81.7976386234966,72.24987703661301,73.95371360278517,15.740129538448471,35.636516917813594,-61.134729225245145,20.215359801278538,2.865295781971767,-6.342286465426426,-81.58390137527604,59.60931656736409,-75.711476854325,49.36962425922363,78.94037220483673,10.69798610008678,73.83657279610208,-76.63753663757547,79.65392992676885,-70.62857027195955,49.122781035248806,8.265771853960757,-44.25439133292406,-15.116168166471681,-55.34417461351961,77.12436469178942,-33.11710972907753,-22.406733323235144,30.21579514985052,-38.236217282230946,48.33947527593563,-36.28259600850872,29.699550233821412,24.947040424592544,-26.146235408891698,23.288028493530803,9.130841522869758,-61.37455123545603,-12.28932370233747,57.17433281331796,38.68944817966229,-11.39089846170667,-13.438825089902465,-82.66468535378932,33.17936336845065,90.10947182986462,32.618023329601385,27.58699887295009,16.39467160828123,53.18001561775958,55.189777541166904,61.435731130144546,56.92405847707201,-23.694196452363087,16.12921364423903,27.834164383430803,-6.496604243854961,98.1501465679004,-81.2740056037766,11.896927552714871,-98.90781099363338,-41.20468205423919,89.36358364803127,-34.55683735865958,-18.300650162395527,-75.57771142404283,-81.7790241249474,-23.686261341993003,30.896878136474044,28.79539420604786,-96.78857235399514,3.3007753155262662,-56.457701227135246,-94.39030767614867,-50.00335373645288,-61.93618738705751,-31.170284190531476,-21.77913209743663,74.08788932279379,77.62500808920373,51.83342837596123,1
-6.267871601174747,-90.60680664498899,35.30267715544932,-15.750389341185596,25.246864284212762,72.33818075746905,38.17679531016455,-16.07452343863794,-72.00252465564742,26.948828220805908,-21.816514631767546,-26.254968905830808,-18.857115163810462,35.4601372671319,-19.05882513416597,66.3147851820905,-23.603990907410804,70.29688986279879,74.25437019002342,51.3409820222939,-25.93596490989556,40.479228508085356,-38.570009962009564,90.8031608238374,-6.284039124972196,78.6277436758867,-77.55972664687143,-19.6159626014647,-77.13537717617496,67.15748729044003,-95.63864137512088,-3.11490583312019,50.6899420484211,-59.58313700451223,-21.754355743303393,87.63663040890182,32.26996801661258,62.84546561461417,-95.11713703555557,75.44066881880096,8.74779123278573,88.94602566520604,27.125611167139027,36.325499671955356,87.59770554441124,-43.157882616187315,63.57503143702547,-62.78048644341918,-20.979849397042145,94.96155345001546,79.29689873623434,2.9706576922241936,-32.25024087211156,39.70567141634794,2.5429248236593907,-45.69555489240504,-93.91429286707007,-38.892770642422626,76.90019265303175,82.13915928527575,3.9172105934247554,29.873336227562987,7.007457931308906,72.54626251834895,69.42424523294355,23.778023396015826,71.51930614275744,-21.556942844136785,20.1316089992724,-41.41931932543219,17.24659783051436,11.804067858972473,7.836917500235003,-67.61712105868764,-31.33252759701206,-81.90355569241343,-35.785359995254254,74.25011088302637,-47.200255629222234,-49.159291082018775,-86.29107769464889,12.136505284816849,-26.405508929188187,39.43910288744502,-14.391513741124797,-8.331396501544091,-4.73759809810997,23.517135581873717,-62.97934544889878,-49.2476295062725,6.046000994427999,31.123947086528005,-97.32746971521806,-6.149348026790548,-83.30827897152474,17.77802407147955,86.77285753083135,-45.80528461688185,36.85964452729772,43.672820532353086,-1
1.714138232940556,-82.25949324858888,85.55045663904258,-29.000738833612544,39.17982363376049,-36.482640947776666,-13.19580545824823,-44.27138737699272,-65.0705628207341,-25.953562863084656,-33.51466156512697,31.101994369222524,81.18233424692951,61.42140406390254,22.680369304434222,80.80699729091185,-90.51687277198302,-69.06303036302776,43.232907635522224,-91.21907727387256,-32.448802573554175,82.25123036685761,-27.56424848837078,61.12738505498365,59.44791500456003,-22.314555754428596,54.85211368649027,-1.6773310319338606,-39.3042603972362,-45.652296703103666,12.101746815594623,60.23111946023144,-96.53997545180604,92.67867567396982,-29.49442974722973,1.409531809535622,-91.65504142929935,28.53888330960993,-31.626925612661182,40.06111846289522,-42.370950277694355,37.86817293524251,16.767452100464936,-84.92314907124896,44.36394744210884,55.93687307311558,-69.37729381885332,73.86986876261636,21.555542477379518,75.78049072917406,-93.64804225190404,-47.963365783593105,-29.149539299552202,47.47096200497222,77.49577696225671,39.98375496768446,46.90335485475387,-30.994075397654925,13.914180617483709,-85.12668497006251,-89.9526201484478,-26.67653937830285,80.92069670880457,54.205836116103825,-92.71465749747728,-65.62245009935444,94.32423993750555,-58.12643265733375,69.81135041208753,36.52424997936154,-33.14507074219384,90.12530948254013,-11.187289731152745,-30.796200111803287,84.7097465906952,97.92057971540032,-55.08967967146204,89.00927960430124,-86.50867040991474,-73.0912668729978,46.17137416292232,-28.835687129777227,-67.43006211559295,97.39545433513982,8.953626415098299,-39.060477285363014,83.7666584345358,-83.48537928973661,-83.11512314620003,-75.87115627453937,73.43833556432512,-47.20657264318287,-16.920858737363844,-26.522967849414187,69.86085652083665,-81.85942061238197,52.43276358155961,-78.34831384222711,-8.68292261573717,-75.27675163731446,-1
-68.7125914657828,-89.04767223559374,-83.67400359388208,24.932713770852757,-15.634364292233727,-98.19230618414156,60.89892848636447,64.13923215335586,-18.91543497216901,77.63826993226081,-71.43713910542652,85.75268424109848,29.5440108841224,71.90059512497959,-11.452814458708332,81.18879358525291,71.55310967448844,15.41066834270886,29.706831806668475,-27.118026800919353,41.11915795529839,-59.66000747379492,-28.764293134315793,51.32455761798903,-98.33903177533405,-14.606760143756148,77.51779814377167,30.537807868185155,75.58831279992123,-96.614129514893,51.46111906697507,-87.02527243297855,-51.51681749102723,4.374594552979389,79.55481365101019,69.74739851863478,38.98533928802047,-55.17356406798426,96.09232702196613,-28.234278617123294,-74.28634707940623,-6.433532125651524,51.91615000301451,99.73078372177554,30.491629697590724,1.5605769597027148,11.098699292998432,37.03571563604396,-81.4727262624388,-4.908730767595188,-79.29734619666348,51.16762507533494,34.70625197983125,-49.75489613753541,-37.58539634091551,35.19430507825331,-50.30707905943122,-36.750311636945156,-95.87736823282707,-24.578482332378357,-6.580807203523477,36.598749247113886,-84.80364352061542,4.578122753193156,-0.9100714641404437,93.7927886080889,16.957604590168245,-28.948602087942902,-37.34153037259935,74.56488247357174,-97.03757331332179,-24.592165084745858,-71.55901116860667,-99.75212484672491,-64.36933375077416,-74.73892391187718,-96.02505379547985,-44.791301803924654,-38.163320180992734,-59.641440878423914,76.75429670236878,-5.865084666717806,-0.6834948449424303,-55.73255838437212,-67.63427932567676,-69.24645001572716,62.46455596840909,89.32916962314656,-44.93353988765736,-27.422088804625687,79.42557142713952,61.06010173187437,-98.9051560032584,-30.155889045471042,24.916980911058587,-40.63978437688092,-50.77442366814036,74.70307061184732,-20.278879818386116,-58.874614627961996,1
-67.47661213102174,31.756673342143472,-20.235443820619906,51.879652483592736,-78.14715793807572,66.56607535765423,24.526106719731615,-46.36512645101733,-42.87480228755138,-82.3731138046617,-63.647280447761155,92.46761149624137,61.52517391259502,-24.637874445157507,89.27573067167418,-27.25489577286315,46.66558174337246,-31.88481251577626,-7.264838845364395,73.14019846480073,-13.653435231430166,89.73123154131298,68.10717598983877,85.59381235740895,96.49653021222139,37.83144634490165,85.99695662682694,83.2541674687063,-6.318090995128259,-56.13436319381617,68.86670983986753,-55.58696509172161,-26.19706013081091,73.15482447121508,36.34719041312215,-45.55623983204487,53.97160113577871,-11.039401792673402,-99.80020154661146,47.71420772697877,42.508853057318646,10.306849929272133,-47.53763159080482,-5.187375169098459,24.11053171897622,-81.06912392127217,-59.00846755354387,-13.791316957633,-74.87180457808071,-89.69695481213897,-38.18896850547648,56.28947572513451,-83.31513155776929,-73.5408950495544,-21.740332803386252,-5.016202557771948,-76.00493836813999,37.36930747434522,-27.79558728227225,40.042002998044524,-70.16505710914889,-84.88974667780758,58.96791495443156,-21.64632682028038,-37.734744516013464,91.89871936560115,-18.0885098254781,60.312443515058135,58.007262795254775,-21.984470683813882,39.89807491943526,7.28904107030705,-65.55646478792193,-98.27280361223376,-47.801236918354405,52.6539671201908,21.437976675414205,-22.193901683019604,70.48606653772222,-51.547638157891186,83.53870996977767,81.06033303651421,-1.2901019513537335,-52.687859609426255,16.061879939251284,91.65943392479818,60.8233507127768,-36.37471354903161,50.56751752034455,42.25047868257249,-69.05438496972829,-70.3171280634829,-96.61209961552628,65.7262480766629,-65.06318187410218,-49.08301304548075,6.255306998356772,-71.11243178255148,62.126878301790214,18.92549669049943,1
-26.44337345614936,-28.780654820430755,65.16335011295254,20.11886667212346,30.22951697633482,-5.543639167403654,-11.21610909872443,1.970801910091538,2.8922655479788375,2.222727697900112,23.32439563305502,-63.17973532780861,-69.0427930307776,14.456762908400236,45.977823540719555,-92.32768904240507,92.55696159614644,-13.255259433715793,81.79617838297284,12.048292756610508,10.706177071436656,-5.89898420153456,-49.56096771441636,71.67121103181935,-24.63607877040583,-46.75434273650636,7.52969279753583,54.56089857234812,-78.5528396460953,68.33504185429774,-11.696260697826986,-39.78256390695727,8.40839691078979,50.907906539077516,9.727678339115428,-1.8385501094594332,34.171540666139066,-61.681010063115394,28.465378390159685,94.58514208177994,22.71186096230278,46.86506269899982,-86.95346774650264,-68.2295847680688,-20.849229955280975,96.8618381725071,87.84954457502175,-19.57652287040854,99.50113863470025,16.778742745318937,-17.18081345147324,-35.27635148913801,8.854378860165141,97.75082108268131,-21.034449668874686,-42.534920118820764,-0.11448060043144892,76.55076164918864,89.49363407547219,-77.59436893733358,-98.23819852129674,89.64841691616928,-53.368400292679105,-76.46930946657062,-8.407336790011243,34.43808412522438,-24.430391471547622,-31.326726823932248,84.5818528411645,29.312550737454018,65.65527883573253,73.31459546279845,97.63831190074217,-53.348772957003376,-53.61323894733305,93.92736380026147,85.43857475282314,80.90198796769334,-89.4498243239356,90.66081527918482,-11.545301518076954,9.299683705131457,43.63499640050972,47.620442833934334,45.26843896966727,-45.66558900975568,40.935296702069024,10.883055750397475,47.32383157574003,-69.97440947761085,-85.67598686796127,-62.02304347263974,-29.19069096327101,-65.57649311869658,92.62687970168014,-41.17116078282537,91.82101841593771,-14.96496867734183,-97.66961724420922,81.79628850133739,-1
9.746757873317222,52.0455719779373,-14.763739552805404,-69.59502937427038,50.7923807193568,54.6283747837343,-67.92691877605137,-97.94310081286159,-78.90331450779286,-16.206045244095122,89.53723541285592,-66.25011232035409,-0.6969155538790233,-80.29062971741152,-8.73663588980753,-93.31469338135567,-65.19791039677516,61.194025734190774,81.78354882429079,-62.39178148224285,95.19662387848999,11.003704841058209,-71.69022980243534,71.25353070481626,23.377156652163222,-68.3521474651573,35.028770888769685,-17.40158796142248,-89.68902534674974,-18.268463558032778,81.63078864550059,-84.37913919581743,93.55086467462431,48.27899445594994,50.15793498970163,-71.89525516398282,-43.46886944853108,64.9672554307516,-92.91620534382726,-34.26052255654727,-55.85929588981886,10.329347219609588,-18.343297355360605,55.71589082704321,-3.775195326057016,-55.597893145135814,-70.82888822329909,-11.166243825439096,10.539137752557082,-10.247222314633063,-23.8328239634382,-29.91821103639232,57.48514786763664,23.295824007598796,-85.84526597193891,29.31759010576519,-36.039750810402296,63.22552317951531,-13.487939896131323,47.34582974668115,64.99094284332628,96.85626605193775,-0.7997139856669406,-33.62727791332783,-47.72383292472735,85.55841904410755,-81.95681408268614,74.99646830601873,-26.952531589848917,47.40150361233694,-74.48031863341238,-74.11348576252044,-23.13859740134336,52.26953974017147,91.59916421124555,69.27361069151462,70.50533393909976,-39.57107743023192,38.26142856895632,89.94906960795373,62.0172167449858,-37.40618796895481,95.58067489621536,20.545189091454773,9.749393901572702,34.16596609955053,93.66831914177192,33.55119507611144,94.93671659726343,-63.17617140767575,-81.1968899412831,27.512937108572117,96.6399285543489,74.51541214675794,23.361660248996955,89.84537668542293,48.73574722726576,10.57098283086168,-41.26973482081999,-42.70625951520297,1
34.503691215407684,52.72115883195215,-9.560194343312943,-21.694860364434135,-93.80884181613129,-15.474160597278171,-53.59636393823786,34.21863141719521,-32.92567875650751,51.96473168567769,-1.796047466217999,-42.919186307315506,52.386875148619424,23.069568125714852,-82.8179223594359,-77.24760823909011,52.140961208779004,-11.243284143532861,5.524891367741574,-94.09160627770135,-16.347183819484854,21.844532553870934,51.57162441442003,-51.062762375345486,56.194880143610476,-88.80688854759859,75.79846155173001,85.06594737491966,93.84842609160759,47.21080289655794,-3.4365011299177866,64.43658116334677,45.713042326654175,91.5312948777395,7.005842553756779,-46.14793670580448,41.77142264085495,-1.013535132152768,-63.04700231572862,74.29041292376863,78.22062883354056,11.621688243304803,-75.5606476341524,50.00681958938077,13.498839896212573,-14.460097052256259,-2.022711942046101,-54.55103442238774,88.62161354402642,48.065696951071715,13.290349940207435,99.67697600162171,-14.814844128384607,61.91602409137198,-25.894133444057715,49.18352219257994,-41.76438705021697,-87.62564782165032,-99.34581493374996,14.227341892272037,58.23773375527992,-35.942999756178025,-90.21857313901045,-80.18461253107456,6.6678810312781565,-26.52195463367633,-12.911301641080158,66.08304817098528,11.491010454525295,-2.0297653566393734,24.70633064882226,13.670319005204163,-94.04867871645699,-97.60066418746487,2.2548413311395166,-94.99577444260845,-13.785162968698089,-31.89267768528208,-94.68851036414736,-27.607612754170347,15.896371385760915,75.75054890250723,-94.77917468657459,-61.61114242739516,-50.7852697523417,-37.109381915592365,86.92568123373047,-76.89214870578216,46.38172220236899,82.98304836177104,-16.41500760200985,-22.163322977374264,-64.4155158469122,1.215869442785376,-19.979193084613584,31.75176152962632,-52.83270005914626,48.663538916655455,73.22633592805661,-49.27644257810493,1
-88.72490066981457,-36.17990535134887,60.605179566532684,-48.69398751115044,-98.22734297730622,34.295829733441394,93.5522930539124,47.59018947951844,14.424592744441256,45.216970296770086,-12.997081131955326,43.99936052548924,-26.92663168986944,-23.30377548499149,28.09665862844244,4.887269171549875,36.00921127485398,99.39810056251022,97.77514242750865,30.78022927385146,78.42240313821628,66.22544334354913,11.10179567909664,-10.42173103110737,23.219712429870924,-62.79831362880095,9.547488864854785,-87.12502329699208,65.27184203500082,-2.4995442759440323,5.487216985845606,-49.306171751421225,-78.30374848671687,32.28040662375662,76.78367928685569,68.60868733434069,3.799091286432983,-74.08285399800312,85.03096367810872,-56.23306448246148,87.34389586547024,-48.434860812812055,-90.42039570651504,59.43355444507475,30.784273985150293,-98.74289082628177,-34.70984591649939,-58.456895655061714,-70.55995436796884,-79.30834325900939,-75.65308620614991,-25.65674042020312,-69.70298907758503,99.9017591327549,-13.245319667905562,-29.408254508132188,5.418868595883424,-30.847156435692384,87.64907069415972,-35.929745025274485,22.32699080181426,55.982515708823826,-37.42096038499254,68.25536313170593,-96.50073967490083,-32.980060644446695,-35.91460864060427,41.17643858256764,-63.13362147715276,88.37243881834439,-10.38710316809724,-72.32107287102738,65.55667038191339,97.53605566136667,-87.21720484938882,-57.07218402931884,-29.992805898744336,98.48243663158595,-77.64044963590834,65.90584987649709,-49.99519211985444,98.14374867469456,42.37292996320778,-50.50291703858449,-61.626205577005045,65.54581316565839,80.92558516003277,39.99402203595227,-15.072078198933013,-70.13290874591604,-22.235509622618025,-81.4193248611575,58.66009548206222,54.81219495370465,30.622067650458376,81.08719619269533,-67.70684867531011,88.98899422413103,-21.353288643192485,-77.06403495159826,1
2.149460515513141,-49.51261113119585,-48.04924324793476,-9.925812748362972,-14.502062415876964,-22.470238908870584,67.69836676860496,25.4657870181356,-99.77758116076252,2.114081745700716,70.40968316093858,-81.72935145528884,-43.065052230707266,39.905574080514384,89.02448974897737,50.13380285633099,-53.27819359275263,37.35114405638177,90.11840261518768,-22.905913060052924,36.36660640657175,4.9376824186954735,70.25644244330621,-16.326217973598574,-7.297703928289806,47.63837946489983,-59.504287171724,99.66063114679167,-44.002490109180535,-76.03186769175923,-31.523646798162332,-78.30033098591231,-11.726487936042076,-45.680215283920454,61.642566103300595,74.79988510757886,44.73587361856153,45.29311075870626,-40.73959097614319,30.501998557350618,33.67266945708843,88.73741732934332,47.68502024857665,82.51155437573198,-20.428396352548788,-87.79325628535244,78.89561111736398,26.487116588058072,97.85334904368352,-97.93932030925221,-80.34695883733593,40.81660718012594,59.143520293220064,-98.09532887720877,32.298604082863505,-44.72129118231389,1.9909012005228277,-55.13521625676101,-82.95426791501235,74.28075828523257,-63.43958394214384,-11.139692804986083,81.86751475816146,29.003536251167645,-65.23310500439057,-8.030957533704836,60.33487096987554,-74.67107155913175,-13.920934625136837,-62.688854642385984,-81.19116409977892,67.61819873700068,-64.4055903242313,40.10239793141804,92.80709114632282,11.121905398810682,65.80342679229105,-10.615309629966703,43.0495228097364,-88.35522438574776,94.2758430516021,66.35623120270776,64.36933206360263,-21.788944593113783,-46.892464645446566,95.441159405619,-14.97557315973009,64.51823885573725,-44.3615755669478,-18.353957379349367,2.477447019004586,-40.54182315779266,-32.25802483836833,-99.63594280912783,78.17855263393534,22.66561191182474,-97.84944655938685,-10.566617198149487,-74.86885030945444,47.26387897272454,-1
-50.53037965136047,44.9533543057523,36.223570792996554,-69.75063425301309,-71.42994253983228,96.07374818843701,-28.936050305222466,58.763620781607926,23.08415596416708,93.96377292675695,75.42551237970034,74.73560691214976,77.6544393023012,-10.273481676453173,-29.804875214781717,71.02188439948802,77.51261436323827,69.22383711102236,54.89548385519666,-41.696614369761534,-81.9362879401854,-49.07462666942091,1.2743347090290627,70.21837644642889,44.2271707198087,-11.171159555976075,59.98940971697638,-18.19845265274536,-52.107044093106644,-5.631405032477261,30.788734435985276,61.97528300771387,-23.471768986885706,-71.79504227993286,70.01680426612725,40.21343662197546,78.89307586301811,13.161726837234838,50.24603778161642,-52.84769742728539,-33.3163997107967,-59.25934166868474,-92.18876423671219,-67.69521554014774,40.09518026430811,14.853337920179627,99.23058084012922,-88.39407458114385,26.12620943083263,-9.825153719552034,27.40688181454192,-81.75714424947004,86.42039199487289,-56.79195510528405,-29.902743220384693,21.338792692485754,39.060542136319526,-60.154511241995976,-37.57390265229714,-70.88755045427529,-10.32395201934439,-28.814658075835496,57.861758049322646,31.309535382214847,-91.24698354836111,-29.318155153538157,-56.514531027834146,13.297511565363962,23.311495368158887,-2.160986755474113,-36.1338385676218,-34.91324863182277,56.50140353718058,69.00345019336802,37.490139920001354,66.38199245098545,10.700374619737161,-83.77706574977532,26.687563773943708,88.57801226713852,-93.0734363872617,52.30818452588471,-0.2712498220747648,-96.69607768000763,86.93326746623148,-65.73777471844981,29.026485163608015,-22.288940672656324,30.753477301200803,54.12619667379414,28.298660319005876,-43.6756063421798,-30.22296799356326,24.39592509269994,-75.35282141774775,45.93527544273712,35.383868177104574,-97.42046751921836,78.92412786890517,15.227992671020559,1
56.7306025482286,-53.278449790018016,-66.39715845102731,3.8771719007874736,81.22220042649943,22.00148341589714,7.6045410727805915,35.29674990412087,34.97864061083095,48.13271621332521,-86.94464848670722,-38.98006263609468,-98.82705442256774,-13.512566656699391,8.459995124215823,-17.030629939681006,-22.44713429405006,50.33595340628466,-79.52110744136469,61.47418795849788,69.08384034015398,82.31937731205483,-11.270870679304252,-16.984374198440193,62.28150054013125,72.4760769048548,-94.04384253581581,-64.03037031816017,88.28223628370026,-54.89937949580748,14.110570989994443,14.37979353207399,-63.44521946730073,10.872808165681974,97.98699029259993,87.69329252355263,-34.06102265898964,-10.835643585664158,95.59158939090091,-69.4008426643651,-67.67193286584515,-49.393691293572004,-96.15789338529703,72.07066950073911,96.8522588831569,-21.75931165711495,14.831333286310382,-82.21550822265249,-45.815677737989425,-61.363217453395436,30.72588646346307,95.4840949213739,78.1622827598492,-11.318357401056687,-92.835282485883,68.35208164265836,46.77754821797487,32.23326185355532,98.41431009930227,-71.45846615721632,43.18760497680887,-19.77675886904153,1.20492889007528,-52.810644621448645,71.33778079886594,-65.50018799590214,-97.92145949115829,-0.09444302141284311,-97.1541258054105,-5.225820853795838,-94.40045143587463,-68.86959782847188,-49.02074588733776,44.20716451005657,43.744328405246875,-55.534661759117164,-88.91119195361499,-83.31933300668584,30.549428892852546,-7.294818180111591,19.162346883794996,-36.636225858750684,31.740541241925257,-29.820590512763317,-0.9382578019759222,50.08217973025344,0.3479315414067514,3.4027594331944613,-65.56911512546462,65.63865098172593,72.57836454578779,-73.87599809047127,-63.52670959733218,32.37585563295161,-67.6806740578345,-93.26735916607333,-63.175240978802364,-19.917949946719588,22.17935886517155,-83.51394461066688,1
63.60295318449863,-7.4930567733704265,-82.60264801771797,-59.81326226818871,26.93425465078829,-82.1420950948854,34.574333719615964,-99.86932184774008,35.92663647902873,-33.676630178433214,9.281414842426415,-12.39118481892325,1.9452150576359344,61.56629036532445,-85.90786446660834,77.937482514333,-74.61278846516473,-44.594910226075136,-16.842787586163396,19.07114450206238,-1.3929756919590375,67.63184028021735,67.10710025363335,52.111623103984584,-46.12861636390117,-28.247686506772453,-65.69740047039556,-0.5509039620873466,38.11052807992897,-33.44725693286412,28.069469259547418,21.74609651696973,77.74554571034292,-1.6412039874686286,-70.5233464805303,28.99275414903923,37.33197479665887,-77.8796497034846,85.84978304862719,-63.21045876787568,39.06162161870614,86.19458284856887,-32.288437489004124,65.73236089088391,-53.48629178533375,28.342296456857582,-81.65118982400455,40.54931489781529,-13.967109497100068,-3.536779122735652,84.17231303630874,58.37929033236162,-52.75370093802243,75.20416645817483,13.0799035969344,-16.402395162225304,-98.6819674340574,27.262163107851308,-45.157492325864524,-15.795821087371365,53.19832793838768,20.789126025930102,37.511348213760584,-66.6903100428834,-56.366625959699746,54.082797373481725,62.99611704191622,-91.85856527749576,94.99299604741915,-26.265723299735683,43.71246259696525,-96.59551516403415,-81.77652512676055,-33.462708352074785,69.38054569549479,-95.34293586661249,-70.8345631608384,2.580330578722652,-77.48970990402077,85.61020741703715,-74.4533436146092,-81.99619562956613,-45.31624417209059,-47.14743291370882,-91.7697519437215,-93.7394361279384,-12.68410010265167,73.85061359737699,87.9535482735644,-89.30207479461694,-94.11898456390946,37.46138042011819,-93.43102345020047,-1.6427650978652082,-79.90690201255163,-66.63823470193086,-93.99977896437264,-29.648486552754093,-69.90739766867644,24.998503508692465,1
51.11022770860973,-27.146027790384906,51.64769514081826,60.07130156447232,81.22865095315328,-44.76608843582011,-98.1891676839258,-42.85848646782193,-89.91664527955817,-63.43732229215482,-80.10106622540707,78.1664296579267,-83.61231219237078,7.371829300523672,-51.05098407261455,24.95907974374505,-1.0343086757159625,-50.02650694841413,62.246111680271554,-1.2981634678800162,2.380424253924801,74.23740927006355,6.466120517420521,-66.57998244687322,-40.583890024400326,79.10402407616522,81.80818826284718,36.7461387021078,-50.12953781865961,26.21315563353926,-16.178982742658675,37.17449104628804,59.7356211815264,99.72957698684414,82.52050434778019,-4.970563968623495,-37.33443356973689,-65.77773333251406,-94.21763534668854,-23.613508826162715,65.71028169300826,-70.76906354515728,4.327639318130338,62.92133687498418,4.442735925544923,99.70502259791854,58.30621423301105,25.00264982320917,10.430763909407318,3.0373917745232006,16.49122609391442,16.98749973564739,-43.88306326130185,-71.45992803412983,30.02260550829311,39.10624970236648,-18.787624989519173,52.419134116344,51.743960454329056,22.417513804695062,-20.545869631602145,32.98971329092771,-9.221088096344815,-25.492285027960705,97.97652275386665,-25.387494753387045,68.01980313353855,70.13573680167559,18.57748087135711,35.9765070296946,47.41094926062894,-46.942296928941275,-46.632069193285,-85.30594155915819,-39.70732910337868,-73.42949759199354,-46.217729760388046,-38.96616563809019,-66.62215220418955,88.14474197764571,-51.37157005673147,-11.176921109534632,-46.816864112269684,-20.49666458399419,12.463439929008999,29.95118996664948,-94.99860593281888,-93.49404854270114,-51.70565111711951,20.33860207654365,-93.31340512923431,-78.69453324745524,19.916529415649563,20.19225679316743,-81.27978227616939,24.662713457277576,64.12195163044717,82.24334500091504,46.700499697712246,-79.66227968969253,-1
12.187594307077248,59.75664715473309,76.84129266968156,89.13962940005646,89.53760519289415,-42.507667020549974,1.1017520779727903,11.23813852600233,77.2342588111986,-83.00674202210672,22.07521195633842,-21.16190108001841,-98.3008842785581,-3.2406206834407385,-7.029043837345867,38.63387205076921,-17.361104239440465,-36.998344962045195,27.499760586832636,-18.03046537633,16.6772464655496,60.45776327273751,35.82576626697238,51.39895189793111,32.485994684270366,15.84400704551156,-56.7113833176657,17.738344072680917,70.15607652613639,78.06183955491286,-87.45568181972232,51.50539882656889,92.73743319133021,-93.77828316251677,46.78729094665684,41.74104010980059,-1.959429158874343,88.6998459407854,-11.066505832256752,-14.910176689636614,12.39082850197373,-6.710582048221767,-48.50693349361486,83.1913190931356,0.2881494283105752,37.73783018623348,-67.03562340195475,-88.33334554303967,-41.404055899113466,-44.452570289148575,78.5332031645834,-63.60087572917814,-87.98232945134308,-85.15457682630907,-96.07928639074359,16.046764687065988,-70.35344955277165,75.17297651622562,95.69062964286525,94.68039123750677,51.49763441646061,-42.99935358250202,30.586923140306368,-48.489512330920824,-32.276064003672715,-0.24610968897387409,-44.05477317894966,98.57121877854598,-33.09821484714763,-71.56829109785399,16.84945817079044,-27.185905827013528,-37.10791920524594,52.82466959302664,52.66717605859651,-91.61108079982844,-82.63383397251675,45.68744113693185,3.9728857573234677,-88.36834498987483,-17.97246254619658,21.907630627589853,-29.336775834317038,-5.7543665360110055,-68.8347233392841,-96.76116480060767,50.98010880819788,44.22378651600002,83.05896008688075,-9.334726331861475,-22.181200451051367,-59.487986413111486,-49.71118955841385,69.4820684814091,-52.95134162941358,7.852973298839316,45.975250217002355,-18.51409486671747,54.04479574833289,66.40453303550305,-1
-98.98768323075626,-49.07186904724723,-45.27466674366683,23.917590979565915,-41.55635390762045,-96.48952732667422,-12.157879750056537,-43.676791578873654,-82.79356859341135,64.05066378897794,73.90673436299596,31.312540479930476,-19.547917263291595,32.29324106473038,-23.36710628817484,7.475838088771013,-38.91730029144973,-86.44072083437749,58.38130768444739,-29.51345369223168,-94.3085216312155,32.43717714236672,-95.03813399148684,-24.951773500617037,-29.63462058263771,-8.603928074399022,-70.33965303845058,95.42906656008117,85.20148352065013,-46.219139087703724,-73.20026375886586,17.812030705058262,37.85681635019296,21.19003460154221,48.10367293648986,75.99713831216727,10.067299552388292,93.41108064566203,-15.606123878251665,-84.75632131099036,19.60916449340469,6.213603964472611,-65.49365986257827,-6.895998937170106,15.608022325760047,-60.796270939028375,-1.7633599140793876,-82.85540631414355,-85.26778559658811,26.29965653745765,34.973921180731935,-16.516920934710996,-63.90466078181534,-10.945994363687703,18.134247001833785,9.477515738849078,-69.03373636131064,55.431939251965815,-99.93112640309178,99.5488842013701,-65.15959327136005,11.103485186195769,-63.20564785123326,-22.785934178427652,-88.13516200627778,-58.850148985326655,41.43212417365419,66.46910540672604,-45.2074161338768,-2.1794836490665546,51.66641736688675,90.63456340484973,-0.32496038012985196,-57.761688221886985,36.40069683353252,-1.0921551572208728,25.107929446719496,83.42040354756733,-85.43760157502783,-63.7103971572234,98.13519556516167,-44.336667917641016,8.007743456639417,-60.779869520676776,36.749012657568215,-88.53848149430814,-39.01336117947039,70.05223974041834,17.3707613353602,59.95743828549226,-25.799358957149437,81.09444286978834,-98.35432989060764,-98.57059234615346,41.43693149630687,96.67566041711174,29.387561014362802,65.79822146077208,-82.0075651323648,-92.3981332589076,1
40.60379177903556,-51.50589927305407,-0.9706945972051386,-69.51679733391651,46.29929806807246,52.20755805015659,47.58347867080508,-91.98817618986111,-35.29391750290169,32.462747746144004,-84.056985362543,68.06963551770161,86.63858340980366,17.47397371511539,25.251854932485344,24.6628867518115,92.7635322376361,-8.595209561474903,-35.4197862844198,-96.29508465080883,29.818348107709625,51.01879345962931,79.99665537573082,24.725189459452835,21.594233519632496,62.13315469670249,-99.14364843277927,-10.062065326132057,-87.88954875174788,-18.20269925323312,-45.26089680673022,-80.78480487232878,28.178332967441406,-84.77978883332753,39.7805143788286,-65.18717251853832,76.57706132903684,-3.7736378345069994,-89.80558623622201,-73.49024417902513,-64.39681055569474,-29.77243728086873,23.0530735941946,-68.33809372321798,-65.41783940189556,-73.18344560900336,68.14923093736303,8.460014804816879,18.555938795349775,-6.687658971347616,90.25295979674516,80.74248632607834,19.93088500929585,-98.86497742945825,34.30511541164424,-51.79547228846033,-52.74245839209575,-23.531773941779903,-58.331527131390445,-69.16981067137758,80.78581056921766,-69.80904251767072,81.40162425212415,-71.62889481196947,-94.59631639210286,37.93079281518499,30.81288568449611,80.94699796918121,-56.680863574215515,24.48688721568928,-37.998207086015825,-98.89570431960183,71.07659578713964,-15.439023571796028,14.154843272007838,-13.083273008194013,74.18981726399116,-91.9602043003014,-55.2183117622443,36.87363033591612,51.945371882536676,-49.60757127375415,30.473654560706564,59.39368209579118,-89.91889115279339,22.040263994513822,-35.864663929852284,6.454415423151147,11.13330443570672,9.979689194837519,-34.10614039061046,-54.520327034014215,82.43210992018953,-1.869019509415807,41.27518515952491,-83.71558365399032,-85.73654158915049,57.26795052643675,73.11426629311583,-25.70794732260613,1
39.20595933499459,6.692218395264305,-1.6810906517126227,-2.42919121472751,-13.914517935801967,78.02822747920294,-58.74957723276948,-31.578475827281196,-9.65210480371124,55.60926129663983,9.94345103266221,-13.971453580634744,32.69806902574203,14.463037126015308,-91.22378232625128,76.34346127907924,96.20589782301522,-34.486741215574796,-66.18845017325884,98.33461056633564,0.27929571906486217,50.10479613934979,-24.632887796766866,67.82432062123297,12.222021753680139,74.91529534364014,-30.62859781422209,64.06900300950608,89.95987069240061,21.939091028996828,-63.84480903185463,-46.639243581549735,-82.50996869944927,79.87330578418539,93.88002251323735,22.400779466289137,-38.70845372990988,-44.9846429724154,-92.40990274782371,4.308289838702791,89.64141236309288,82.27890736145679,-45.15847898795104,55.992704986333905,-23.065875040513205,96.5605079410038,-95.54997490095496,-91.28848392904972,-83.07001307871786,-68.30213536354428,60.53537092751401,34.83188443992674,-55.18951759352999,55.81428971975518,-91.91318089696856,-93.90012207042373,-32.890374098738135,-1.182791353767783,43.206646988265504,-54.48971448674192,-11.849655333474416,96.76205117234215,-65.88568935876155,-18.872109902894778,-71.82267809518223,24.86014577505607,-31.34031894731031,-26.139930916514743,-25.408211608436247,74.81987815284293,-57.83961941420288,43.02463855387492,43.500607552778945,55.08019652983742,16.763933589355545,-31.454057513318674,-43.744056788091676,31.44669183345286,-94.8487216518844,32.65170293912598,36.09405243547428,-55.38237718368355,67.24937259999601,39.12098087689705,67.82912509218218,-5.745264312465409,65.29751767439816,-28.338063387052316,60.94571866430664,61.47763468946283,14.552823694416134,33.21965515833935,-56.8945378191215,53.95598894172315,97.41759681076408,86.62029745832245,-73.59754465491798,6.192608060627961,41.81799564304737,68.49719979648654,1
-69.61946129754114,-53.66565972331132,43.519553131635234,-23.91599849848754,42.79052650131797,-49.37969216407825,-60.71615682559652,-91.00063575291513,45.86196009544125,-76.15791143188532,28.217220716431882,-95.77003533011674,58.10272150672955,-82.8411430201021,-85.16476088113755,76.84903478579085,34.149440094354674,22.43173178864582,58.20081481308145,-54.59974013231588,-72.09464388806614,29.334550631981017,35.74264724307076,9.850254275578862,43.36744134678051,-19.734911211755218,-52.5736795233354,8.244125606578791,-82.06014059834908,-31.451917282230824,-93.63165109038043,89.23474095926906,-27.114637732949774,92.0959503121955,28.297494161117612,-77.79072254162034,-62.214288910261104,50.175555302897976,50.717071799899,-0.08756881301528097,3.074866148935044,33.27530483848079,-63.303359127995385,2.3589833402382254,95.85999948348106,2.678480425135362,-32.52383090337088,43.4563234451434,66.97069810735036,7.463339046609548,-18.523334839113232,-75.8956320415902,-78.74057693765644,88.80850034716158,72.8549520681417,35.76146872767711,-38.51918006796842,-7.071937899931882,93.29573458090451,-59.87777128496936,57.537680450198394,-15.700706632273992,60.16585156666736,-16.681378063365628,-72.51151482856429,37.33988720076002,-63.49658203081346,0.5819083804546636,-60.26116527773095,21.209589854803326,-22.559036425576437,92.39969246348667,-64.8846269482903,-62.5727720383346,-32.54335283510876,80.4322234086894,-95.90090072837287,85.63523923444188,62.31578889016646,44.814154065821754,48.60544876436808,-12.846338418793081,-57.44784507556797,98.89236954885055,-18.92550591243294,-75.61847263096638,-39.69467973425624,12.276159634069401,-35.202192696132,78.16778281092274,35.42675556178409,-10.835813605534625,97.90546824257814,-60.13143205756146,17.96624795557888,-27.727668438644542,-9.907672253798026,-0.33358352015626735,22.413999722638067,72.93558955916365,-1
29.926579809442927,-75.14055530289106,30.902242856227048,96.73578505268273,74.5507679132256,69.4121653967799,43.747923570706035,-11.440372691252506,37.86208242053806,-12.947544068689226,-54.33374952627783,-81.396518147465,-25.329367793633665,-53.85308195858924,87.54092307587354,-14.821368992663636,-40.97822796314294,76.66994020442078,69.31086449308057,-66.05895216895101,8.376034655243984,-97.7690825376339,-14.116242629549333,-49.45146625030938,-79.68509115292372,42.376417045857835,67.92587751379838,-37.137024255061554,-50.02136102652705,-62.0006981595431,-51.91088726481814,-27.66183773994942,96.11842476095745,-40.467098814137145,22.801667807787467,-51.41806563567004,-80.14133074063928,-49.737408254911266,25.208894093143314,83.24976065652697,56.97366239877769,60.924488308080896,81.11691691948079,-10.05309978600522,45.30069188139251,-81.02216495214978,-99.07801280536637,-39.401813867129064,71.55471919382279,8.544473387650967,-35.69005839745758,-37.67811694017242,-0.2521338375323694,-15.735560322511105,3.1651596984899015,-79.43251700612902,-71.84715626015597,-91.27992693625674,-72.96723804651694,20.234185721365037,-47.546418900165,90.15361485607983,-48.41067248434992,-81.28822763292042,85.35816913108104,-80.18442709596997,-27.511617103808334,-74.34452117060735,60.420927172183326,-23.59188286265173,53.93935019477368,96.30841503147042,1.0244344675876818,27.494187004782702,-74.67674008801879,-95.29325708430154,69.7860456955409,-12.430258111460674,12.556245497207712,4.651202979101598,-0.4507674568511959,0.8166912238972088,-82.55791981620905,-49.05274447249741,8.448321250716461,21.79596403514141,39.884622837309394,-56.087121625049605,29.291973644163818,61.94662024585685,-0.8145954490127707,39.766610631962294,60.67124558400144,-70.19115394791615,1.1365611654110523,-37.0735385866223,62.738527338013284,40.60369622324379,13.854044522883015,-16.95627143997885,-1
42.435844269507186,-30.226346691400934,38.73644515629772,-88.36724089890484,45.334198414064645,-99.72927485690637,-54.08036784920627,98.02176921737316,27.55482836911831,2.574948461053552,-21.248971686918665,35.36400872600939,54.56801668530068,71.40580566611558,-70.50921651477302,-85.52472136117551,-24.107723881307038,77.82387114548857,-95.30819565576911,-3.857188703128813,81.27084221912924,94.50289643194853,67.31875582619023,-58.770767943967186,27.004913228321925,-75.58291566975346,-93.55692790992542,-62.1332493005859,-22.24097620771947,6.720480305085559,5.30312330432605,-99.93805361699881,-34.795309544403025,91.13108504830672,38.9244574880953,-42.190053410844165,37.71990413509906,-84.5043868072539,1.463700135929784,-19.642950967448215,66.62906077248508,-80.65603328977409,22.10748546134647,56.40926059259803,75.97135376853089,-89.0472444948349,-0.06141628580532199,38.88498990472971,77.68522843757137,-23.11338051416996,-85.5253313964991,-25.35505135567044,59.421004466818715,-57.317112956620605,-67.85611798013434,17.179794150207982,-92.4709917766474,33.36895191367989,-16.63395502719102,87.63191212129183,3.833537776912422,5.466240946191931,-87.66170978605777,-49.41336423881167,16.827986233200193,14.186575132396698,58.696923068836526,-0.6289683383985221,47.07598318920009,-97.33804055387128,-44.6046268076298,-74.10276088658756,-22.822071258123344,-43.86167599521074,-18.120713700536,37.487279955358645,-27.203572020453493,-10.058971023264561,-46.949987008673524,26.014785939246394,8.967148601588605,-51.033532374358145,-22.155573695531288,-68.4496722243376,37.80339367657669,-44.15823245054011,-24.67488719030635,47.31557976507298,-16.003478385274335,18.524947077225022,-33.841477030741984,-86.32350481763325,-63.1288767588909,78.02562269460799,-76.95888300664939,-72.60607868817578,44.4335367345451,-44.07760145622881,50.98114151940865,42.299631742698324,1
0.30325893743992083,-70.01651453024525,-79.01396431636502,-36.91862085039745,20.130213309671177,-13.436799558106145,64.27767258013887,86.3109828618962,16.347329484237335,65.50473879076341,-54.50367926129201,-24.935730845397245,30.545624755444834,-42.54846102458647,75.00173994879404,-94.85151805055676,48.440201824226506,-74.72597161059898,-32.76693228408401,-7.030039259189564,-3.9526573057946592,-98.83924623141178,-39.993903880900675,-38.79877895821136,-21.849930458181348,-16.122032406322134,-36.58524612738836,87.53642043189404,-59.22270490789523,47.71189962315901,-2.7993103523546523,29.53191712805895,-65.6729965169254,-23.114253386523416,-18.26480424156057,43.46555740817391,34.30670581092576,49.156431600254365,-10.044411686859362,4.078445198592462,-45.26674917963467,98.59300036386443,-94.78334266305563,4.096682878109675,14.418921345634715,80.57295875832818,-85.45775713108165,-52.61282411550352,49.983484414343906,39.65384638954171,92.69173240758951,-93.01727707935652,-20.064821911625927,15.933782595525514,-87.59582591023224,-23.10128371853601,-81.11438406127289,67.53476372176169,52.929648158205254,91.60690393792203,96.07824091861514,8.517500487950372,99.9394419318138,35.00213853616688,-88.55630245893687,49.57052530497069,48.768449096719394,-88.67415702980843,-96.62639770642834,98.82736271633141,-85.10584022629286,-48.27019307744496,74.5588342390005,40.52692012204457,-30.40173693776312,83.33438182743598,-32.542757323282075,-16.20474973603467,-5.812284297954349,-89.92516571521165,22.79748142632492,74.33037624776435,69.44043599539705,54.873757436433635,-73.39383522940281,6.307304056521488,31.01068268786895,23.669282690892814,-33.79199651575668,-17.708252581447013,86.22066186705192,69.7369394708852,-26.294266605257107,-36.13658673190982,82.92268983628844,58.089217338379115,1.9083486644665157,70.48801914105672,55.022098193072225,-0.0010106078568412613,1
78.22862273961422,-57.01192428184865,-19.1719356697934,3.615753247763081,44.428647091181176,46.88878641511829,39.92791392442433,41.88777292679495,-28.91213252718765,41.455782381133446,40.31305312058845,70.02654693700737,93.78887943485822,-17.33150802576155,2.5499799587859258,81.16987799986114,-65.77950431731963,-84.07097419304684,-58.60273939997609,-87.91269101188719,-73.55769543594006,33.67214042347882,-13.384779482641477,24.518759312537995,-33.937798920630684,-35.36204303364133,-33.23158713132284,79.13384252757862,72.45032566049744,-67.43068494418105,-86.09844069696135,2.303027216644992,-24.402376758007676,87.46791262494,-22.307271477800697,46.76602388429117,-13.331593926335387,40.85265736406916,-31.82285510616309,73.79988159036054,-89.594030610031,81.93538438101692,92.97291988105994,97.51076577231308,20.608913859909592,19.34445787347248,4.9242203238749624,31.535486758526076,-64.96669522005243,-87.13969382174314,-36.29628468294317,-40.182256551230665,79.6656871847706,39.95878842496333,15.413743141205671,84.35822086477305,52.168370480894055,63.37920745439749,-31.217382163242263,99.42740307266843,-73.582590955563,-69.66572538815214,64.4566442190189,9.653389373495997,-51.71970597854341,-49.824404179210326,-75.9690295370838,-90.62784884415926,4.832363092442435,-7.907107524273854,-65.38926244282331,73.85622367303495,24.78478033315821,18.863662229447,97.52866379841254,56.72214711867355,38.89805429162192,89.0728598179671,14.320770115535993,30.632633793822635,-70.64041281166664,70.71586881336862,-1.4561330500788188,86.79037748056948,-52.7723721166476,52.17848992482885,9.738253241867056,0.08405864103690419,-75.17769450102867,-90.10629304268902,91.00186498567297,9.877490019583334,79.95168126435564,5.996103721936748,-78.48640563419688,39.9320754609864,17.420498842906113,-7.0105170303818625,-20.511156892866694,-89.65555533176959,1
-32.40096862969284,8.544888669519239,40.492994108820795,80.3523984270847,-27.629381358972267,68.72993281036474,-63.3115607193131,-34.64105882844453,46.873135298443685,-62.575145917899654,-2.953908846928769,-18.960571484934064,12.53108458054848,-3.6199665780045223,-89.28468807851841,-93.83507626012594,95.20403150489884,71.57783704924799,88.5825422783513,-21.442870734259017,-25.053795492848025,0.48055869602534074,-50.93790040280402,12.32323195829099,97.97349680757867,79.45653442710437,-87.06689122988587,-97.26446977907118,27.30889771534484,91.24523941523077,69.60558053145627,36.52836028901214,58.306523733378384,-12.920473957680073,-27.92031897609708,13.467985913787132,-47.17792196418485,-61.50384644591567,93.09818768755696,24.224520582362047,80.98368406885339,-88.48163425003028,42.344318345447505,83.64561113932137,-16.83318994639407,-79.49037481507068,-33.552680950628115,-52.25726163025326,16.867527216224374,19.34079463759224,-34.178143787453564,-49.141017088460174,-21.573313489386564,4.885062348405086,-20.893120787407327,-14.985850902318006,-56.57698983658286,69.52653967714258,-46.582044564886374,93.43523565794072,21.23368532895671,52.10108474381272,51.208278742821136,-43.84224021486818,-33.70365191982769,28.264888213431533,98.78611994098173,-85.11958101243557,-86.22345315626568,80.18049779782089,16.615538751738995,6.468609570680968,-16.285241888795028,2.146266308830718,90.35010316452014,40.814006913400846,87.24329964394971,84.61430712255293,-94.52004569363197,-30.505809899494878,-17.558887496311343,38.205097337408716,-87.12631899561688,91.16629054442575,59.96258076694923,-85.81941261575264,68.42255438596675,91.44917366831018,12.335429085182994,-89.36557845009496,4.740401986396776,51.97736162099221,-93.22399437043498,88.58538407011446,-44.07172419416967,81.60766233405639,28.08643825353613,69.86018938724953,-76.59662588578091,37.71371623010978,1
-96.90867669422651,-53.55746097063654,52.20479818859977,-16.76920036404769,71.13921876750788,24.48272831319933,40.429219236365896,-98.62440755607014,-17.544054433666886,-53.45433021688963,43.45237517315127,-67.27675917234475,51.38536902540275,-4.578036461214779,-43.09760805151117,-7.321798239070759,-33.409950607525346,3.3093020778524505,-1.4956291958983172,-46.92605337593121,-46.65931387255715,-9.690727805388704,-62.565377014610604,62.81038528428593,-81.88292849077965,78.94209108537311,45.15177509065512,-81.01359808687639,51.7347769373562,-77.32033453101826,-68.82792648258459,-5.683480781153477,8.514040681613565,-56.35058904376924,1.1621367039430055,-29.07458111137629,-41.89935056027618,-94.89729022704607,98.93084459162199,77.91929262723872,21.115735406152297,28.807854505281995,-0.2151803281425657,-41.450034962598714,57.053512201777295,-5.328662591359333,32.32229930167847,-71.00140843604932,-22.673561557258864,38.15133123646771,-80.98124003945412,22.10186304759891,-77.6587755534057,-0.19170845577420437,-73.83117917994795,-84.04481493811535,98.63140764510706,-61.54146643454386,-84.29446168164334,70.71805138889863,88.65343776746454,25.03364646598169,-65.89672829106368,-65.72859619707432,-66.38470783250162,-57.50262035383433,-40.93155954621865,89.79109443618114,99.69926496049041,13.742681904826014,-33.176146070312356,-98.8832938644022,37.52050216592713,45.36236959750889,-30.680754147259307,-42.68287153917078,49.13336743120968,-56.58646857233147,-61.85649162403464,59.11498098730462,75.16536949144589,-38.71963415040798,54.40677351639812,-46.235943642667074,-57.45755903318965,-34.17799975627271,-96.99605438519725,98.38127156792197,94.81287820919889,-33.86937048830502,21.008656123074815,-62.12006927875851,-3.7219339401684692,76.5038870160769,-44.2466399442744,10.633410850215782,-21.23789061094483,-98.56989871544815,81.88850608650264,-36.172251608157644,-1
92.64450788812226,-4.789919560180067,56.47709681165469,-94.76065829358704,8.60491679153263,-0.748249423527696,-66.05431428461537,-20.46311711338906,75.9202993423524,-14.578990927931358,-28.06488775538645,65.10696830408313,53.270256111478034,-5.836716126820377,-33.17139552322756,79.02000581324887,-96.94703207079405,-86.64994902984861,-27.971577172212392,-72.82276997448116,4.80753397351738,-61.076149135086965,71.51753515248032,50.3597889037417,21.08007439066884,-52.475756487915916,-11.505814601296322,4.0817529365197345,-57.025765230173086,20.568949357270156,67.28917925192258,43.77559607882702,-52.48683132330303,-5.312426432345106,-26.57684653189294,-70.36445393410526,-51.46112030885308,-3.6878064445307928,-18.929677274895695,39.15166759843615,-72.87255969587395,0.8744986278304481,-14.568791770065133,36.66508650717694,29.62211755819439,-19.040918827652348,-49.56577886696281,-57.071057202048856,37.4476828675603,-39.187292498699456,57.23811881303169,89.75615489983727,-18.897300555143673,-29.570422188896657,-26.770072557885854,90.4790348127903,-78.41382894745956,91.2662399807881,-70.26153875467934,-56.690567089333754,83.63450864881486,-60.9696062850162,-36.345194912730115,-9.084285162509076,-42.86496234826265,62.913413066852996,18.06713173563847,4.415895763727917,-42.24492811789151,72.520975309258,-15.683198841872766,82.6053818793786,63.713079919623596,-2.9777074972244577,-40.956760861433054,91.99316274241284,21.174959513711357,70.197571101736,55.55906658081142,-6.935320985829591,74.98652531482361,-92.46322261002237,18.547561234211244,-35.883544635476156,-74.00066287436012,30.873073115317652,-73.44913799114792,6.338824711880719,-25.931618421572878,-31.173075131831695,27.831499162264123,-72.81177790202307,-45.95533119062287,1.697649968144006,-36.824743821605786,-85.41852205549223,19.926666065514723,-47.58578684423895,-28.235023808513503,13.061890374122669,1
-8.868649442857418,59.88317579379586,-52.49117382513451,53.10257979822194,-42.84328889482596,-64.14887761844199,-83.08692438055243,-83.29501706399626,-47.76751349782795,95.08207353694903,-68.72757167102499,-97.34375930828398,20.758551457223604,89.38057989210338,-78.12881937810423,30.95515025685205,62.060659824666516,-49.56360363614611,0.2701987267491859,-9.923357392198412,-50.70441808465276,32.10648308729722,88.06323064785286,-79.9119164276068,60.87928938304037,81.73855326058117,71.21906644727673,-84.5025419728501,74.00959932127839,87.84369897553702,-0.2827425217575694,21.702468505069334,-93.8263734915078,-85.91200280594794,85.9305755581112,-40.765137079679526,76.45390331390027,-22.080950312274368,86.47037958024876,14.915649306114219,94.57426496438111,39.560616981055716,33.949623537564776,32.599179279780145,35.01038365839756,-74.68699523720392,51.78420758125327,-58.52440391273166,19.48157839631645,7.373253416872501,-9.54744749527832,68.7128584282618,4.849946268374822,32.22420153242987,3.2434679953118604,-37.73546413033231,83.78921509442182,17.553773532659164,69.06329591983717,-6.573971447303407,-67.48188884375085,-60.87684569999578,-53.8628313077103,36.43096582976847,55.50946341303839,4.837614254060014,-98.20693279341887,-33.10338183730579,-18.205121172395522,-60.8273990348968,77.62226154476218,81.1498347882717,-51.038997303037384,44.24588537641253,65.69169798793598,-18.83021991957081,-45.58516879531682,-54.98664683708463,89.56522233074833,-67.71942762278664,-52.83724164943977,53.34627812346673,-68.75622784389972,-74.04294452705219,-20.546619601833214,75.33421985262066,-24.774059879999967,-8.302074974941405,5.290223218126329,-15.535687313503075,88.22792369012419,2.2698155481614606,11.573835870955946,12.754754710193964,-95.9618881791438,27.686019278946233,-41.29115422824583,-69.17560315747149,39.266738943578275,6.6076326929345015,-1
4.4486520109608705,74.4247817888303,-59.96995115103798,-83.04159679083935,-98.46719347015494,18.712187075757186,-86.68705441715542,31.743527745404435,-40.734839620039985,-35.91974277195702,-73.11331452609,59.02205650534492,76.25013633637795,-42.884076752272726,95.6530927058948,-99.85662825868404,68.28795199124895,-19.290275837262328,80.44912461924628,14.62984959624913,95.65389719979763,-31.824692083212696,-97.76013894885918,74.40594696857335,78.24588820629347,90.48413895069126,-56.01313723388375,70.42791277089515,51.17483023567743,67.38776896199124,57.12035848460451,-57.907556571599315,-34.87104461002146,-70.56845980725532,21.834975875931633,-94.99273275251123,31.895935657357143,16.144973228561142,-69.77320003022123,61.6652797843129,-68.6655731304964,56.473159030231926,-44.87115395154453,7.801647512059944,-68.15152119802146,81.07864658580107,-2.8353265697398626,64.37427097416918,45.50693129808215,-16.75606384847461,-48.511600975513566,-30.54232820072859,20.11967645433404,-49.54572425710146,39.91406596908189,64.56978110448881,-51.81488150568438,-55.669065012576645,32.0116345167736,59.48656433075203,96.8434029129547,78.41467434695599,-73.05984790680877,71.6799362416321,6.051654965503303,90.35762129403011,-7.408036910998874,45.72228833454602,75.27938754888785,-99.38039268436336,4.385857725060461,29.33714547244034,89.05998088970748,76.24866407288815,26.556061998359098,72.1438696718348,42.925857837267955,40.26065689949624,1.686917524054806,-60.017193241340514,-82.26983190117548,-22.467455338918697,57.18682201451551,49.86161594024662,18.03302549020691,98.8375532646935,11.797915649320373,-30.440277337193493,-73.97173389846338,-4.489977004390667,79.74986741101156,21.39693488427305,16.763391401519257,-64.15456887899057,98.43515905972032,29.150418434822768,1.7985899266286651,-27.271783670601607,58.928335603570616,-18.4497726020266,1
36.94623451077587,61.31222957228994,-23.96087624282859,-45.6100547742738,-59.90509689431944,14.349196628749738,79.47317315818637,-70.15010605170522,-0.752155619837211,73.92993696243425,-37.95294325105905,-68.55922328860915,-83.04676911473337,-29.87146170857062,11.36367205566151,13.694440431363915,-69.32703451685087,26.006915508487637,-24.40632887174317,-4.675167898274225,59.260037193532725,-89.53024663807952,8.70687567482473,5.737170735763939,-24.84813043920741,-97.9819189956237,-75.79685665027023,58.08305006384205,-93.43291418322448,-62.88395264328892,32.560617275147166,94.90651073247491,-52.194872639266165,78.7779525444383,21.91216438096197,75.26120593335878,25.521344266412726,52.00944119219548,-28.480094862708015,-3.5821310951040175,-14.73606663913705,-61.68120641940098,66.41766353616615,26.008944128270656,-27.830014744128206,47.00276169215957,-86.56491374682878,96.06582657527619,91.2962194462454,0.5442617909448018,15.541100203090522,-17.817541373429307,67.29527612328195,1.6445403376535381,-97.4686459576275,-30.97630711306303,-54.84554746050663,5.388245007206578,-2.995858462080747,17.57128319978814,55.08792594533466,62.97519246866233,94.06533452746055,80.94953163487742,73.19261296859804,-16.01629569159431,81.52660591128117,-32.56091159386591,84.70173874055112,42.06884770374947,-71.78936697423921,67.47560589304538,-50.6169026314729,50.38673497080913,-50.321829112936875,-18.274197256143367,92.31385430993711,-99.18407863011906,-5.131389826648885,-59.26933312701033,62.7947908764929,68.79993948539925,-8.717591999465839,96.28761442648647,-73.33451613067044,22.249730904620947,50.45065535664105,-88.11548861801386,89.79776285993927,-30.771414713141553,-43.83942229048363,-30.128172086124664,-15.921287400840384,38.29194933918336,8.295370398379603,48.05382249642233,85.05278786715792,69.84554286773209,-31.79209872257887,-16.264372863340853,1
-36.20487394124774,-68.76948052676192,74.14998025450228,8.447441098369652,-44.923765148916296,-4.732853339780235,55.60504862893063,-16.163424819575738,-3.341143006734953,28.559014101261823,58.802890053192556,-48.33991417448156,-92.11648297592741,-13.064370336705949,-84.26046496092019,8.719114982258418,-22.37338379955014,-77.4991733523817,-50.66231405120054,-82.21409544899522,-1.2999271854766619,-39.17799853143262,-9.975145472952235,87.35478990460038,50.18567870334445,-12.997614512504967,13.432909259174124,-86.67558252650771,65.00778212467233,21.40573087690933,31.22576087344038,81.5261906669414,-59.61182709760349,24.26041783441977,63.036646458550564,15.71508227664475,97.80784835115915,81.8998085881432,6.957375086623017,-65.47454594615525,11.357895383769318,-35.002518088582775,27.823025677960644,-83.70915705311992,63.15031749142298,30.28596243920333,8.018684219542905,13.729927235801,43.434278411653565,-25.69060099936496,97.15352116496268,-62.20495972584161,-15.027588397294252,19.390243432147145,-56.6743824834639,-12.242829152215819,-38.2448447276005,20.041371518534262,-41.41157731445433,95.52581966054859,43.70726579915515,-44.786092637592745,1.3935124720093768,82.24913549162369,-42.74860552804165,30.842307803321404,93.56756102042274,38.81245839540074,15.431883517212498,-21.85101154844145,85.12291680196614,-6.310987422646107,72.21929839149323,-73.62964069931508,64.08989138453762,-82.62201248679037,19.454513228767922,-76.29355181008235,30.456730340436962,94.50791755357815,24.72554990357314,-16.910936731555395,10.887515298780158,86.87331279838014,-99.04566031396445,-15.654226544194373,-77.67806667762642,-79.4653509104929,-34.79765766964775,-1.43390529319025,-67.48102921058916,-1.5696061752547052,88.17965600614741,61.01016069653451,-55.36348858945346,-14.383897504244118,37.24588616322529,-29.29481620417124,94.20984047273765,-92.11632434068184,-1
75.33072053166902,99.58682210666748,-54.384045610213505,69.99507429613237,-85.53670494841228,31.351212694911425,-71.18424279736008,55.903340284812685,-8.29628756259693,-12.750794728568522,66.99475713659245,69.64062571057909,52.20119658991106,-1.9101806528100127,26.117739461708695,60.274307092727355,-18.876121948911532,15.109901566220657,29.055551064712574,4.986816848693508,49.99739687599504,97.64069854539483,21.38445604530807,49.905321761581945,22.62439474831197,-91.5462011528131,60.58596827485525,-55.30024912907115,-48.598753555513554,-5.646569770035285,-30.226655640964537,68.20552755148236,89.35795534503183,2.6587164918996535,84.25728233602146,-73.74755778142581,-27.638526392901966,-3.2699241647729593,86.3155306037153,48.816088821012016,-18.12418364595385,15.153716310456872,-11.944165831842952,17.187445937501337,62.81193488966841,-71.96871565957395,-58.16308144465394,-69.2511942832088,-1.120659445147524,90.5650629892954,-77.8608808608617,-48.688298750209725,35.58158794696891,49.7075725369169,43.2323769213441,44.11475361199359,14.79688407502249,59.69835411061089,-9.084908221270567,-94.58786919057694,-98.5857967323992,-68.88638784692627,-22.819178826021002,-13.051577246089337,-97.63653284435789,55.17011142961957,-1.3053116781189544,70.76385437265807,-41.80363674683423,-64.37846880831287,-50.37499419154623,-0.7523641566121029,-54.884916534595774,65.07044256639526,-86.56215371601601,43.98429043409101,7.101888069417072,-99.86190510359015,94.99609511628685,-12.365065231804735,5.871445498790592,-55.4183501141019,-71.34421442062387,-53.38554138017708,64.52404423884397,30.81246479146131,-84.19176452117712,58.38929494624978,-79.63470381232904,-65.88521809964638,11.097554988406188,17.86694981959272,-46.91236174574571,-71.42306438397479,-46.54862406357281,49.620391554712455,-18.5870434689472,3.9569515972362126,-3.8262250164182063,21.96284778147306,1
90.78571540051746,-39.72442516717158,55.31937055834834,46.7228761122804,-93.06594665470334,-54.923746398646834,-14.211133313971146,63.48156946122188,-20.81255476081003,-77.87928022536784,-15.852687486276636,13.899451703715187,-81.03016134936878,-77.35130967203602,81.11642751462645,-67.21365580935945,35.46836921630327,-16.24820190346901,39.09769183553007,-93.40461126348131,-57.198577365225155,55.43223924111899,74.85037533686722,-12.400450420889172,-89.40541879077983,16.544295196755755,-79.93378935758626,-83.82605083357879,77.68634102881921,18.735014879580362,8.708047546114187,42.53224512934918,20.872294992240953,81.01680755219073,7.107335559438965,-95.38207546355983,-28.31955226123668,-34.227873493864564,-96.47371821319506,-25.260566052755394,58.57299742049423,19.773995445368286,-21.921125386119144,-41.52397745694725,-44.68703751687508,-80.21143558989532,-17.894177210656807,-44.45719349628694,-6.339960208970581,-51.84013801237231,94.39801971614526,79.49225611399581,22.013667706673516,-97.23047289872362,79.86689134662703,13.923593517152028,-85.16601024316759,1.1555750092123702,-69.99204714182463,63.25407948629794,-30.784542084030605,63.08242312640422,25.826921266194176,-61.93096963929634,-4.962372403823537,-61.13486959555006,-59.76060750658478,99.95787436251905,-21.29698747022239,84.64317707882347,-64.6842055021072,20.493914389477098,28.997107368076428,75.25439974901212,-74.92585888241597,75.96629922399688,-82.24137851661814,-41.46637855066484,33.33592804675084,-92.06182853003797,-85.05956782079451,-66.66242636108146,53.088649689796995,23.71272448740885,-77.26745988066024,-39.05204875709683,53.18831727674558,-40.13428240751038,-12.545530311340087,-63.13336425566312,-70.08309932179743,-3.7784655121370747,-43.29055469772622,48.553725984590926,-21.842115198615076,-28.54308637313156,-63.38605589416546,-55.93490931360665,-42.739193695484424,-73.70636625410091,1
-25.025884095259187,-28.865456707010168,-90.3575922278888,17.55387217243964,-59.73757843551335,40.23397231805194,41.02782911411268,57.47439162985458,-20.79980672287695,-56.79371192138556,1.1851600292787765,79.50646530441679,-88.9280366123181,-74.70715091928577,-23.293097513204614,-93.80587931549798,-49.467399565743534,32.30486482923499,90.92753040129367,13.09127321482164,-26.22349568882217,-66.82441506749291,-93.5760487864371,-9.397049923962314,-51.03820771757333,-52.57038535269955,16.224479985811115,44.54545560892541,-31.909860891278854,55.22331968270012,27.70500923833292,-27.702314006950473,-86.30936611479146,37.08132460806422,21.89231720215288,59.354572113969084,62.08198654700604,-65.94088314959325,-43.58647509114466,-82.73634530276709,-76.29439423597478,-32.641442254837386,82.47532274614363,93.26214177848254,-95.6117064804872,-78.69266127832562,-86.95190916490336,-2.4077909916924796,40.1243460319389,35.890828809983816,67.53218115521108,86.09832437528686,-55.51140884117947,-57.18250628229573,-62.39656928928443,-63.354826618929124,-56.44028781925072,12.226611271784634,-32.33474594234005,-89.90753935335425,50.20243455102204,62.512542078174675,11.137108558123458,-4.251587471448559,63.22372732373927,54.15738317453179,-66.7021200085494,80.9080869855251,78.8807445208804,90.58442871108781,1.129913780706218,-93.63614179501786,-47.3046434538654,77.0504450927694,27.898535001096008,23.20355837627244,59.823323669112085,89.41184474172346,96.870773363414,-52.61051779101204,44.521158733155545,-40.77688704071563,73.08442482161516,78.49921948230815,-5.155770999453807,-33.83777702355704,30.054487342755323,70.05260223102263,80.68613046721299,-53.07101954051694,47.29466904985108,26.394853830422974,37.38453238429514,52.24796634754151,16.198021549894378,18.80946399378442,-10.972960211412897,-79.24517056546973,-38.32660898999358,-12.869907682985144,1
-62.69629792002915,-67.86372534808886,1.4935467521672479,86.11904292878324,-74.74705168709946,30.327952095455316,-78.92135637843896,-67.86408305763096,-81.0069449543247,67.77077238081378,-73.92937399134689,66.89165057121932,97.3138981558653,48.88843356751073,-8.349337046990414,38.560239725981745,37.107724112524664,-64.50363300179765,-65.56114651484914,-56.14094349903387,-31.087618402424937,-50.94198127127141,-58.25082352027415,66.61138825284272,50.642687747775454,51.689191399972856,-62.2802137456816,-43.018275391646974,74.08103398841996,10.607568797920237,-60.80425550166646,-93.56071558253262,97.55466642742448,80.1673960564647,94.38282602513692,5.8326201911324915,13.814639118014753,99.5403083617048,-23.29698109793901,-75.02333735187077,61.42656574233473,-7.997580583858394,-56.86736803651722,35.32558856125999,-18.154481183180465,76.27104806114991,79.59006867640892,-53.663806915327086,57.927250529480574,39.48509163111106,-54.17706644866469,-4.791470611211949,-41.80209698951596,29.054845933092366,4.735324560822704,-45.462191990387254,91.0026965965171,93.73162714004235,57.22165955164752,93.55443238596968,70.07602327626805,-64.73704516261694,-24.9700208341131,90.69924831218833,51.74932430251414,72.65311669839471,87.5549093377928,-35.26072969004383,-2.360854295238866,45.7783356259454,-11.195863948755203,-23.379422025122494,-92.25270226226749,90.63592335851834,-30.195800869016182,-87.02677465972373,6.208993594991654,74.08606249016506,-17.953753272554934,92.10616345051801,-49.90772621272828,4.767048077244198,-48.77388017810891,63.98287009971514,-34.73318636357912,99.19306076417735,0.28313345554941804,-96.8929874032104,-77.55558365831573,-67.36190812267355,-24.984995299153795,60.388046929481476,61.82798806329387,-94.17084404912477,64.29535447711535,-88.3685990156021,-75.89089610128808,-60.064608708455935,-67.00462420440856,99.00986154528258,-1
-12.205715858872779,96.9682397924669,-83.97703072306497,32.06054394026762,1.4823877435617732,-50.531936836183334,44.547550447760926,38.40225118933094,-44.586150057320076,-66.23799884308715,-32.83672707169309,-66.692297300546,-27.64633761548683,54.79901745880181,93.37311005867872,-55.38199631092884,-4.649224898334367,-59.385881415987576,-47.02674843728572,-77.37884869965603,95.28264447681124,28.87314009851346,-78.36792955296357,93.09713140158681,22.896201640596473,-42.529267651600655,-38.848102571299115,61.15276650860139,-54.689230294741755,-49.04152885373916,98.67797574781363,-77.30789969504619,25.73686668492097,36.35662424246908,16.80773156532436,75.84980861555695,-27.323325800700715,24.046010506951234,64.98676752815894,-60.794159659298465,-35.29052834066984,-9.82276170697925,10.482093373601728,-97.75220346692461,-13.503322360111582,-10.194150882812593,-88.8838731031846,-21.937357489702933,34.02148986888699,-88.81041068027588,64.07867059979765,37.443008236222965,-76.34022199185571,16.281231371313282,38.99579172106607,-5.4178106623348015,-96.39514936711196,43.568774253746824,1.5754431711245047,-17.128109739815784,24.64273564018866,43.07894932315318,67.58340123769005,-40.00921596120295,-28.094199124494352,-87.01594236061297,95.42037256824398,64.27412051500656,-82.82753569199377,-9.539219232630586,-64.03145006375266,-57.091234948932026,29.91023679829317,37.497772398861514,81.7717369462666,55.48664251701737,-55.05698342359915,7.482666375004371,-30.614691948605355,91.51912318600347,32.30854518331034,-61.82170691690112,-78.508730772673,58.54382236686601,-1.3236272070904533,-18.056481758879556,36.726588019420944,-66.45822296562577,-8.96668277193433,40.6470772773028,-10.750895386055788,56.59566935083862,91.08429252878295,35.940464580008666,-94.10447928215953,-16.784771964350753,93.30307399776109,-16.430370718176974,6.233586885252933,84.35206730156378,1
-28.101769756048967,-31.5836502568185,20.004109623860742,-24.822342970846137,-52.51330632503874,0.12071423094151612,25.685291322917408,-67.11889418422425,62.74466874444548,41.2743993619992,71.5715567034978,-46.400546623124406,-39.38684776497967,76.25950912281834,-3.02825205677928,-79.41077105994276,22.29897054383983,-20.28815517117448,-70.79661888157835,97.20558563928594,-37.970555781839586,-3.5097059237764796,86.53638047210043,-97.9532287182485,22.128550184328958,-40.18713807823138,91.7573287880816,51.7527501403755,79.65594150875899,-60.13522820988524,-53.23032618290446,10.153145274430585,36.39948945614671,51.93899955998236,-36.157792822545495,-19.798036045406647,-82.06434866812398,40.13446896923196,31.093140295285906,52.39256777785786,-7.154966762160228,27.65512388402894,94.5715458969483,-19.137780395912145,-13.154444601405572,8.927811123571615,10.503956073395585,75.12360398813848,-67.8892114715651,-29.487571551502967,-71.92745372277989,-22.531252068393087,-69.19942529354003,12.849990952598134,-37.52054322656102,-99.7514242702642,39.28825422147398,11.386633761409342,-1.3577120856021736,50.1941598006253,74.33495511671339,-54.744169497633834,-50.49088685657131,41.67563115417303,20.94312163079448,78.70874268065074,-71.94961169775758,30.85746718086898,75.51965882828938,-36.69109232354704,24.29063136564558,-91.49048614587288,10.094978945632093,90.56783793130043,-62.43563780106454,66.07777320615239,-0.24415040209630945,43.35626799850215,-65.73161769545406,-74.94753412902693,-40.09885620010871,31.58954107551108,-72.22960830995962,87.59438790996714,57.259211222627926,-3.3248174566016644,-83.60721489358116,-91.51210466197072,-57.51693983056869,-67.12218591173142,97.17817023846658,28.169246579288313,-57.6998470371068,-69.726201628181,41.07071689536889,35.300622645286325,-96.1199940956795,54.64886666972649,45.85960803627262,-92.91264684455216,-1
-30.866543335227362,2.53770220330172,-79.17807012316673,4.665926238948259,4.03397846215023,67.96032133288534,15.862893332387571,85.77190996911312,-37.56205268617412,-76.40550327438768,94.51364712994737,12.747420289079898,70.87990266513603,-74.57947724585192,78.952397402499,95.21566649450378,81.44863345541575,40.432865729662495,-20.622404355016215,69.40240707781672,-49.19577018088746,-33.53801785200807,-41.13565115375282,69.81417498069843,-14.847677013938963,-78.73883573740972,75.83698355581959,93.78034342280759,11.140708144060255,-19.970906543088176,32.07728805426879,-21.412538994438663,-12.65548836886667,-39.88457838919557,-68.23246092359688,-29.43879814681884,58.73299620716023,-55.52276476062232,-85.82289883817478,-18.088253416648996,36.31150692587906,-6.083859329634848,10.803403821523759,-46.131600050049016,-56.049747123186535,80.26353303271685,-87.02415638121231,-9.694357024182622,57.93890254739756,-58.36319487987516,6.605500972540398,91.31697214505988,45.76980387292224,49.92113731647078,27.245173486325996,-75.60511313948098,66.13322296468823,86.3908096707031,69.89360519709498,33.47572790816503,63.6997118434021,-87.18968862868807,92.94917827278366,40.805800542928495,-56.954422824632125,-45.03925888612243,-61.49058044632307,0.43060374030663695,40.58724537580892,-4.345389470388355,-21.829663873498077,-85.34236907611272,-49.8950520148949,-11.010843566370738,97.10764263480888,19.839785523447546,-27.46358598647707,-9.635296943860581,26.969546837914194,54.55756117429215,18.896449765208033,-13.443943283237942,57.58685728849841,55.24072805112158,53.827224134368834,-14.824051811188355,-65.76632990163591,-51.04951020451756,-18.24967485776341,86.01770158939942,-45.11605625096258,75.54290352510287,-61.21380384187183,-69.21012906997872,14.731737264499316,-28.37462524480891,-67.98296471904052,41.363502145628644,67.21797058372286,51.42623015226769,-1
98.59295922386008,-47.54719114003498,33.518677112716944,88.13584902306809,73.99383192953698,-94.96131720815413,60.56218696490009,80.84865828151302,-3.239492027870554,-10.654706259471894,-18.16348250830228,90.45201567246474,84.93172191644936,-12.790605176284188,-0.5665438564628573,-69.25013757941639,40.98222654626721,10.864519616731073,63.03604639397781,-62.75101234004505,-12.91277421959289,-10.374260106968094,-63.46739022859727,72.12089806994192,-30.11047184327434,41.72408008702618,-94.64588285937442,-60.94661296178921,4.8144893013408705,11.763446983664295,-83.50838440320922,71.12491323517543,-64.15803008779486,29.837856927298645,-95.62972455844425,-60.28340435478332,15.23708250145448,76.23401769483488,-85.06411343665808,73.71512640749077,61.327224345051945,-25.678980139828738,1.3515636047538067,77.39755157439785,-37.542884822148956,95.57837158209188,73.40301569440177,64.05485878194929,-11.8255257009845,-74.90692218638794,60.87170226726647,99.59652674149476,-54.41989849166007,41.2817280551001,42.610879205257476,65.46539415698817,-64.81541413394359,-84.37379141218884,63.72843770768657,-22.710268303275384,58.27253570296767,45.65394682669523,-33.11763387519353,-69.40124480431946,-6.0966009749584344,15.55635234239476,57.95538147895675,89.54882761363575,-56.290183749842406,55.08907925555292,-48.27670208821348,-10.694851467552624,42.722458517316454,97.00313565452808,13.839910427794308,71.92229293306082,68.2460191220151,-65.23053741771355,-8.62166371777073,-85.83520105347688,62.91847471264353,-20.35366735655964,-37.775205041636696,44.747488985709964,-45.014710554312764,-54.91590885103956,-18.95842770842475,-92.6707552361742,80.37260222467316,-79.62836715939166,85.12378354969735,63.057575412281835,-0.9938993485173881,-30.31812852801174,-65.07888990598975,-58.6448313959935,42.14193245174383,40.08457348452646,-38.79688105239254,6.496173654936754,1
39.63234280394903,-62.97341423227607,3.816357027243612,-47.658863252818804,65.5037844212606,34.5405988417796,-42.69609021457541,14.399175656718555,19.859857401277736,-21.27289594451159,3.7495694229418888,29.65139081556441,-59.764953542224106,-92.2401090542225,8.575626472161034,44.05358478947912,-15.101433464692974,82.71560228053897,3.332851968774861,-25.271836306660305,-92.54922387716078,6.606112297651109,-38.328985873537945,30.861264306811194,61.34295360894549,94.86352744088282,-54.80264686770151,-85.36498024639958,49.71179713413534,-0.06595125418931502,92.12016200250426,-99.11967819924274,-39.59022690213197,62.58954038892429,-51.8902303570826,29.138133689907676,36.23541921410552,-22.688425253701467,-66.88936404506123,45.99966219799407,-13.410575760919556,54.50039313694131,-37.46749133081793,52.92719885699472,-15.661257256363655,4.649415047995959,56.78772707248626,37.10560300216727,-56.436696142958496,-81.52583214482067,30.068233852886692,-87.8859833672111,-22.345401840747044,72.92727459220998,94.39753642495228,49.17590906415762,4.646549785008531,-59.79361393351572,61.235336014765096,27.628913674434784,92.98896309847657,-24.34881768947011,-55.28170777753125,-94.66845501339452,-97.60757005965522,1.803209660735419,54.17964427722964,6.680064130102565,-40.664268533060444,21.878526197410736,-57.82060482218068,83.3184730728791,62.660690397137245,-57.39956163054234,0.5858428741912292,-46.00263449331183,35.362159657224595,-73.35956471724923,-96.3164023769594,-40.2175917591167,89.32328791797482,84.80178451953975,25.45121566773649,89.33971546908504,-86.22506295835414,-92.53074436736624,52.77649060030757,16.6579260061406,99.68225224715624,-34.01351882472501,88.340626941267,-18.487137552373923,-28.316440913512437,26.751579445833244,-90.00159702093723,37.34121859022309,-81.36641162419436,73.61487728512975,2.550948550488968,69.44731553928395,1
-81.11140784881432,28.799908647803164,70.87701867391581,1.170538590365794,38.49856533384505,78.5116454972949,-47.07299461492853,-68.63745893663886,-89.76995887592048,-60.66236053743539,-13.638580978444551,25.606092913907403,87.10460455177144,24.00026669548167,-80.10075476387237,88.03596694584829,-20.622121382192077,34.30236145620748,-89.98709458134113,-47.32727620038415,0.6456690772235163,17.04406587819105,59.64423631760266,-33.61874302050066,-25.999291884993724,-25.765175862177387,-96.48690885920661,28.635723373979147,52.100400883447975,-23.132194408294453,35.87175798432932,30.28007174018336,-17.33748771977794,-96.81086270933783,-98.5739959557988,90.57390407161674,27.200360797792115,39.79628052215091,-33.817622864325074,-28.87031343366064,58.00535232845695,-86.11043478911982,-86.35875305145491,-6.312944258581268,-2.1396052326262662,35.200312188381474,-63.32323330125238,58.509748258644265,-91.03191263201744,-82.07174635273216,-17.109562832017545,95.485673816494,-10.329978591827754,17.52545944829413,-71.30455114043195,-26.41554060834406,-55.52368396418144,19.69585756334378,25.754623850279785,-11.25184409405287,73.5099321387057,35.263360686042944,-63.022700611594274,64.91892831019007,97.45579967685683,9.609500567708707,50.5964860265224,15.30602091911237,-48.26926704192227,77.51436899755191,24.332291678665555,81.32259888292006,97.78400089900478,-50.06979177344202,38.27158080613327,31.08862504691234,-53.179549906722734,57.57781415513469,-8.326793792512888,-52.168920213888306,-46.85032849939916,79.03042506248258,-12.241542938105752,-90.95494138446216,38.17650104931161,13.230016923405685,59.84249633660272,98.56200271846257,57.97721038718231,40.95798634126052,65.89424256165066,-10.277773188240175,-88.66248020926221,95.08198161131878,-81.76396148962897,57.85600846390423,-71.55625577009437,-96.82197684225618,-86.48667074428039,-51.09741889181076,1
-67.83838971650027,36.30054444478586,99.42490003154222,30.04021847963068,82.15403232878305,-41.33827784388706,22.10935100308491,92.6720640892076,-88.59461719927613,29.749422779003623,-63.86849173773936,81.39710368764875,-89.75514071913734,80.65472444778283,58.93257847957781,68.15701438782293,-68.46779464061841,44.716140087996195,16.60372948882727,10.98196676508178,25.87098852578768,-76.76384499762182,-23.245213928875245,19.802527422922452,-53.48107260722992,-34.34554128836976,71.06722606046293,59.31618800302948,-95.2387913483314,-88.79417335021726,-82.29618948738648,9.936851170647245,-32.37781585277358,-3.7513089246326956,66.50088000647091,-79.83904302628848,57.22608449243637,-7.823744661407716,90.07685887582352,10.632655934278006,-61.57143026068912,80.10309849262734,-94.36193690069274,72.9999225212106,4.561189934462689,-50.299534499545295,35.776673377860476,-56.28644267749561,8.971051423860388,59.255675659565696,27.670716830525507,-32.88275796236324,39.075706801196816,33.78278544685554,45.733776352526064,-93.9252242456859,97.1365805144336,51.15390114744994,-88.06340030808416,-70.60683179829176,32.35738669298462,-11.493044374105835,4.020528525849599,-32.078717150719925,-81.93517258894245,-21.73989967101147,98.31203272796415,86.78344865869752,-94.60602433989452,-68.3693313591708,-14.864503801885732,-52.30917674691009,-85.75909894870126,-26.634313178214114,-78.84155104169272,19.136995026927522,-27.9894888388569,-53.99633205700165,60.38373614358875,-1.8660562616571639,-16.964172820346107,56.661397596190255,-32.53319558427516,-3.9432922221457574,-37.18868779674636,-27.811206155262624,79.3773281241919,96.50129542199392,95.98770925716025,-28.721396473405164,93.23821844017581,-45.88385745493086,-78.4560597081835,-70.73857834979978,61.24448239239621,63.21184578895301,-27.346898843600755,-67.32443678545638,-74.65392947024903,-56.56662998436586,1
-25.077477074705754,0.4390020662485199,97.52991274721157,77.38498004185391,18.73215824170768,12.814805766703557,-37.234638355116886,42.950655288789164,65.18646171000324,52.70316873364246,-10.011265146228084,-35.99677738252166,19.251715046540426,19.80220884271351,41.32850434978678,-76.30765898110363,-6.428107473168026,-12.194151203910408,30.239542419069267,18.219076107122817,4.198277729871421,87.56544139847665,-64.53774929547103,-37.151695900099014,-87.15295038851582,-83.2194916343604,-13.85667567839792,6.228926512932759,-62.73330473111854,18.77087294116015,-54.462674814080316,-70.03674279077934,12.489788254283752,-34.4546086635858,26.79468168808843,-28.847857001139474,91.28015588668333,96.45188157414054,35.48693688926011,-98.02407867158868,89.35345709937783,6.526548805756406,67.68887723444286,-88.23909322233905,-43.599486114759635,-17.33154717023693,-36.81694350887281,66.33069752203903,35.00101771647141,-99.35041434769822,-54.16916259491424,94.46773566877616,86.2275818385246,-40.5161751541802,-48.87155402007928,41.976289321734015,-96.74698517651134,-52.985317887182944,20.16847593108477,-82.3533395885787,5.997887561001718,-46.10136906750426,-43.908001221507334,-84.45307295036766,49.129736702462225,-35.32048472934977,-18.682185824818177,29.633707694874886,4.2731517888360315,-49.05928352998974,-96.40453376476141,-47.98125729844702,-67.35796051232381,96.06087574563188,72.07268518595714,24.557889500634673,-0.030907642892373133,16.696505341900306,41.45082101355598,36.41863414470993,-50.067705170131816,51.05923055041026,66.95830760330844,62.646234111508335,-8.860569792387778,30.630779036777227,42.31705702293519,93.96612792962492,-83.25575327034396,73.41929831975142,-47.20165056026855,85.85989610649622,85.24805232642697,29.068988081416364,83.52976524716871,-56.313875070213506,57.72563859830822,8.978428705236198,-27.5452017455098,81.99999997131721,1
85.66371251754506,79.9149146549137,25.24406432628308,-3.7311696729352803,4.289137808717896,56.264371149461,-65.66121845891008,-57.51054456090541,86.94598309766019,-89.23389501830819,16.41402622484472,38.355527828396475,21.343240394000773,98.91285133690496,-90.58776042461052,19.88610840552434,33.882412850728684,0.9478950760703384,82.97723002430081,37.59256802374179,93.3970036056075,15.922179845656785,54.660808022875074,-67.06906234879409,-77.3145146508317,-50.29279959743273,34.84731232563979,-36.229638212683525,-80.48416608474611,-13.25458747079675,-62.152479490950356,55.84102294777668,-11.956205405799608,4.875097331071345,21.217868111307354,-90.7933727716563,31.940896429418387,79.96960120142029,99.21339103895937,39.272253383294526,-51.465729933639096,96.52199828094888,89.80095733455468,96.81191447708224,-82.99350929961255,-16.1483803148772,80.99904519446497,-63.101917629269934,5.5792768086785145,21.975425461621185,-51.5247080701488,11.882952023707375,-17.862365664845626,55.92422718707789,20.975696150088055,-58.54586679630951,97.10979897792512,-82.59868258878794,77.92289358579595,80.11771357395762,76.34504813988403,89.00714701672354,31.86619734098727,69.73976304594837,33.68427408113416,38.4026781137824,-14.379576849119857,-27.542144471594753,-85.27449820114172,5.493678012784528,-24.760745607652154,74.12316820062051,31.989398304248283,-55.70954979663221,-39.07363554075323,82.3572046978467,55.989276600262826,-24.194405204658523,-48.35671641972472,-93.24556527154537,-13.120550163756462,99.04425067122617,-42.63878292394827,-34.95366246436325,-10.955281363489974,-52.28583487780676,64.58701229454812,80.1852829689177,-91.03027030602016,11.319042562142513,-8.524181088761097,-2.3378227755988235,20.070888237372614,-82.79669149259792,73.98160909229446,-41.220702866542844,61.25059473839053,-83.89491373171269,12.79335423931083,-57.61747080398347,-1
80.08361143266609,1.5220757368909972,-30.823388609408653,-20.267394445537377,34.1464623811668,-98.01523577443288,90.5630034005012,55.04881036698984,-0.008201607042309433,-31.18167643011158,53.063259905077246,36.6858830314541,56.54913485027734,35.40756297640203,0.9865608178800187,-48.66766202081712,-32.99828600846084,-47.23878501072849,86.77175915714787,-21.32943225044764,-96.28585624698023,91.0197112331372,-58.65067085195217,54.430500961492925,88.25181283552953,2.989470302888961,-85.46321779947539,52.60387956313349,-2.1338336751528004,61.43595404049822,-43.216520067113876,6.092600008163075,86.38448713711739,56.41290431448621,-29.503054480387632,81.20389115529761,-54.91957704623995,36.94450744426641,8.260263251264362,-91.4510786950782,28.411429347481317,69.02248261423222,-5.366990353185685,-43.078557634591604,-53.92646731503679,57.48172568618037,-45.66973609016123,8.970711567207672,-14.131452540068864,-43.35018754452511,-54.5503817632091,92.95675154908196,79.06305101427287,68.6157040519713,89.4238376494161,17.611213467792737,98.41265790782566,-74.83650641703258,-7.05124314010699,34.86514488621023,26.35912416095465,-68.25157420452229,20.54518476815052,-40.392627840580396,-9.2949315903399,99.32155542812802,-33.76815076930461,72.88632123114041,-81.51135760189186,-37.90390523804719,-57.526154373468664,26.48185774850856,12.892583678918143,48.97645735999109,-18.39395426611125,26.999763852115464,47.13237650990624,81.57956399401144,30.868949827318886,45.762939476254644,52.24904047764656,27.71536402313896,-5.987015661641877,77.24627567649523,21.689145200243544,-53.845954712142394,76.27254947143075,-66.7615889091166,-64.45570523034459,97.74308220548039,-54.17812356402369,-18.451411187817698,47.53782330412784,39.3994641758205,46.86036662067414,-53.55766762154852,54.34847254088865,80.95690523911648,29.678171343812608,-97.11280419313586,1
70.22733430337138,25.54161061428357,-76.5383622075211,-97.57584507122135,33.84005258761567,-48.01900415143343,21.127577864682294,-37.22438469699454,-32.138946538086515,35.11735471348777,39.43325085807007,-78.59417315779238,-32.50459085740562,-39.13848163582714,-46.942982182789514,-74.36238543790765,-97.86597459876745,-49.71396956250731,-50.292851214581425,-1.6286257213705255,-91.90243513433911,11.55295181961236,79.4077032501369,47.35004418264549,55.227880738304435,-65.35927384801758,-32.27206106270633,-50.22032296136161,-4.003386894201654,5.360583771187308,-60.662713174627726,-37.38336612972959,-80.62156776716638,-61.35280170302657,-14.6749253047211,14.940640783897564,34.26596347731805,-41.01477323093747,-36.06610575308204,-89.50446383411924,64.82988103997826,-41.5638001163966,-74.56456036162453,50.21293662648634,22.903735934969973,69.9563397480461,80.53423405500737,80.33476504539703,-22.94301479320346,-23.695889562135946,-35.277406449708764,87.18675424906547,93.78969835066428,-30.181253663507704,-83.9253324218401,62.70976248765348,-9.454001275813468,99.4852759171956,-93.02443345716509,84.2542365238607,35.508263204482176,-6.658823015680483,34.79988539121632,-21.890803392013368,22.598596176313322,79.38454820455516,-48.706461800135784,-43.36836741882848,-50.01811012998792,-86.46879151369306,-86.6153874953416,25.426126116277416,15.86947457024415,-37.75732563926311,18.546126266643753,-17.3983492481873,22.245050409629343,63.588919751288074,-69.34900753617686,31.325448833652615,-47.499026155856974,-20.122059038985142,-22.816404480795455,-9.059986571764526,14.86260613912738,77.80210378304758,-33.69729468865911,-41.401704777790506,-71.98375841988135,-26.798562232115756,58.742450074534105,-97.68624330348408,24.85489011318745,-42.555526551016975,-81.26143576024099,77.49906063144724,-88.73158428547565,-45.05824640536928,-52.16891489359106,64.3110357816386,-1
73.71982563789206,-40.575656875365,-18.618407855425872,-27.552911669542326,-92.10809342182014,12.414558880514221,33.5521183206306,-91.94839939815358,-68.2526473251381,43.02500396337757,71.6645877757716,-82.51663842578323,-85.88998725802108,-27.563679441169683,30.157664169380382,-93.44002514462079,4.0361473133519326,47.2559797566843,81.85300869106814,-78.07436111931204,-27.893416429670452,15.381907064550276,37.27444655452868,-79.99366578656925,-72.66098510219274,46.11325408668097,68.68808873294805,86.14224446650871,81.1910419498765,-33.55444718674323,25.976740734239883,-2.4869273442150472,-66.14275794544211,-52.60872748236864,-96.17472987525393,-19.754000077661644,-78.27024417341391,-57.6226921100085,-20.15216606616417,-45.359633665403585,78.25858534067945,-3.424975605462066,-26.687656025701955,57.24364612852085,93.11141715280877,24.709909883527146,-24.00501510831836,-91.75826085169075,-83.64017723451005,-48.1254932951608,12.593846980840581,48.22710307409409,99.82741524330197,76.18399909195051,32.173151680349264,-18.361643645595734,94.38515933421573,95.89636571329251,26.70359139076494,70.29088283560333,-79.98009743054935,-28.886987956583397,81.82681511136903,76.02203299450724,-69.33596427375674,86.83825394932478,-73.21484750284502,-91.48944507855708,58.386519335689826,49.288166604418336,-59.13506771259447,88.31028713796115,-57.81418636287932,15.275130201803222,-24.179618766702404,88.40475372596444,5.111939034771822,-70.52436164392128,61.67256385467388,-33.03917798364999,14.39717494854662,9.890298891501374,30.785162373553106,12.945800101476252,66.72757531294204,-63.32894106516309,-90.18851015918679,-23.464766561972098,51.92328569011795,-36.07172385248709,-40.15450997210068,-48.30630844898487,-31.81333279546716,15.659371751074119,6.62716239611288,-94.37379119222152,-34.04268707763774,5.9564758667384865,58.08033042215317,-60.6009101946444,-1
-12.505015595254193,-77.90517737372107,-80.89293723306636,-48.27583302239225,-43.79910021825728,93.00307389089437,33.44246743883622,95.8303110201231,-55.869788075650305,-32.7353211459333,45.06527814717563,-33.19089031600808,12.023196601869685,-0.4867833222548228,-88.9686818796429,-33.32643237668745,79.98190867093436,1.0056092297533894,78.19907492885295,50.43097845153318,-13.185783636803919,-33.051293640127554,-0.9081614194111296,95.4483130000898,-88.0947606256355,12.094696434700353,-8.823482315179419,-35.08961879350005,77.85709241485264,23.548100124999593,-35.63449836618402,-59.34208891280876,21.597646239307537,91.56263655067158,79.76221860548432,33.505763644833905,51.50735735944585,-62.25203086029853,44.872541312643676,27.932853357968384,-32.07093538559704,-29.63641691597178,-57.32561852902756,70.9070400603359,-94.58326903435845,-87.63686123110921,-21.94422720228954,-32.09881854563123,95.96203477787103,81.28926369476494,-11.123277982496063,-53.84692290336568,-17.092297429748342,-1.9010696725959946,24.46305047736827,4.199225197163386,-17.37309573373011,87.39379008677219,-27.135448560480043,-44.9784818953463,-93.65838482168756,66.86414240847779,30.449880946213938,-92.95301813744574,-49.351342241764186,22.275587732026352,-89.91518432772361,57.73979791069442,35.871091902556316,-50.58983616960981,88.28792171761751,-41.0147707155818,78.37381211861734,-60.59281404940615,19.43866202267543,70.29541476049195,-95.08492021183162,99.6947750948882,-43.44256750572044,-33.30893434555176,-83.75008366608942,51.80064745403783,40.72156561401704,-20.228814712167292,94.27891596987439,-74.16271801118464,-96.83717387762809,-85.34672619556753,-36.82823412560925,-17.72931654902858,-87.56747347103679,-37.43979525404979,-54.4835260278476,7.072656364607212,-35.20147240556277,31.72504423525092,39.878307651263725,-15.541573663239475,-29.079499934471826,97.69360961741486,-1
75.46787067619621,33.72864398488619,86.4056211020035,64.49611272687218,-39.21071975185524,-24.181190265612756,-50.00861072047576,-52.61333501867027,-36.95211307010984,-40.34550915317545,87.07889793355974,-57.65712557040583,94.02337728368644,-38.12628758399743,54.24496305808074,-3.515279681054224,99.16047355598371,21.243328444153192,35.22835772029143,63.97362950540099,-24.808018071867252,46.32918078397762,16.76665452508452,-45.76444285775931,-17.316684965218258,-57.915903251696356,-62.57099370755477,2.456948610042616,-30.566632065141476,-77.95341825575346,2.771471853824494,51.94233206779347,-43.91402768528463,76.99872267900517,-38.94713967851282,-76.21939646440133,-58.3027586514421,-81.68965284975079,99.73885060608868,84.64787674563755,94.46574206207868,8.739271695028378,-42.03290752407194,-97.4126215449288,48.35189537819278,-49.03983510458729,-64.39409407892727,-33.69115926091972,-83.71182653561343,-47.99532537100622,-3.4695163374246505,-42.51088052188299,-88.64385214873862,31.914788374363695,56.093608030988236,85.61050481375872,-74.45137449819674,28.660033207221687,-73.07435851940306,16.637491114112038,-77.08759132079038,-16.416422802390883,-20.29052012313332,-24.528383086941005,-66.59731658021595,-56.35655289341352,-3.788360760926196,54.42341955642277,-34.1368016655387,-69.97554695603918,57.99296134795651,21.66888912589296,39.01501575097572,-9.935082370668184,-97.07376409895532,47.3242578760123,-22.829958159192913,-17.548561115972603,19.932832258217132,77.50777699457194,-18.24674273689442,-67.3793221150321,76.22868684536812,-66.69215358003359,-59.50106361789529,92.9811325651722,49.78889095944902,41.289348728937796,-86.44353185740914,-90.4933460339675,-0.2914095104848258,-40.77585390799483,-50.808681114681335,-82.79088696515949,-49.645353188913674,-0.14221021769000686,9.24092070702018,97.49913027950876,20.803618507802184,-2.5551886482677304,-1
23.17001961044329,-17.07517525459525,-14.901333110384925,-51.86145763349901,33.714529344582814,-28.575768139899438,43.27942239161979,31.281920700131394,-29.379422212322098,-21.55644131329197,7.508028728069263,-52.70501755226109,-85.38298179476995,-61.275238040907844,-46.445137079176504,22.908203644263097,50.59723860783703,46.49092582674595,99.6842467847548,-18.638141728630117,-13.078469226549316,71.06289287258767,90.32071249995761,-87.3932695000477,62.40665860519877,-44.30159932852267,-12.742128141261148,-73.79708911327711,-91.01810069825369,57.32261224358038,66.76186177457234,17.840181352770614,4.457894662234381,35.72540099765038,31.822704324309484,-49.47610787964507,70.88587735634607,73.92339968997385,30.032706503528743,-91.16879017765376,13.714430628042834,88.10614333639305,27.968701255579333,70.88408187627891,-95.41031411201106,-48.10487008563631,-68.01419228473216,-40.256962575077004,-8.856123986942649,-29.373718297789495,-42.1465854327935,53.29104919953974,-63.911600270806225,-90.71572291064919,44.29812551380397,38.16328982260541,-20.26110171006124,-5.724187810441379,-76.70904882827938,-33.79188865590355,-41.48236755194363,-44.732141340729314,-36.675863360674924,-76.24311573512466,-4.436538329265829,3.9309911601290253,63.04152556484789,-22.850460811919973,-54.56965033266208,61.218371431186426,66.32507115390766,20.84171515873099,-57.23902822091564,3.517226808592582,19.9425469267874,-85.02600772544386,96.13127452597192,-71.9215432273476,63.823875776799696,87.56821034226132,-55.58947636507951,-65.3140959958649,36.15846539991702,36.69219840275733,-82.29602751748739,91.97993960833816,3.07422295600459,17.04029253379551,11.543357030150503,98.03297866739535,-81.88877757786037,-32.29461906946483,38.09585627984018,36.0613144809345,37.25577326394284,-36.0603251205615,47.962924809586895,-66.69492924595981,-6.014305941064919,-64.316284676208,-1
48.15372355084088,13.9779369742633,-85.51062244108823,-35.064814621988006,26.26151061839775,91.5868242113541,-86.19081873708005,-40.01158604459547,-11.593315813775291,98.42712789571655,2.5230488206399855,47.48628828542442,0.1753211779198267,81.15135812728957,-84.15007877401423,24.940133881321586,-97.21019626161771,60.82184921222634,-91.04971321475237,-57.08869573399955,-91.6054547512988,26.1559466209864,78.98212851293317,26.81010166134388,-25.716617601353576,9.140603206589688,91.73954827307969,-1.9777046727089242,-58.11432277221329,-29.369119543492445,-40.408514208328185,-63.78385953841179,56.4388072092905,-56.909344608871336,-64.55552333870607,-37.72473261893523,57.56663763709935,57.541746177283756,76.41010339319314,-25.691755110082283,-77.35484154975649,-52.91063488966712,39.79065290394729,95.63137512736444,10.027934965063352,7.475837582741505,-76.38822004763716,37.357793671677,-8.486575285539715,74.11912674525689,-93.36544859296221,-32.21456132862646,-44.31110198891333,-81.65251042425385,-65.68501124737281,39.10951688310587,-30.08964235933081,-63.8794987439723,-94.07642835644516,32.98505012928186,-42.52852584742903,87.58778796961084,90.50433280238133,-69.15705030228388,-65.58146521391129,-69.65336537995822,-26.58368659820573,-25.216794556286644,-73.23971969971726,-36.12350268750484,-82.11882376015846,93.49082414345534,-57.728477828216576,-86.43110268975389,-49.65667681505306,-16.294390646441585,-38.94385739376614,36.00051830635354,-46.62607050744896,-42.92026772354054,-75.29521227562395,-2.0664020662989344,10.25667920587368,89.5163204634593,-70.81234146336584,40.98247368693259,74.1587092154166,95.88809836626356,28.676821722770086,-62.018498646498756,89.93668546089074,-15.108801058983474,20.166339318675682,-79.35383687735646,-83.29047592956967,18.42805136728694,32.06097881986628,-15.589442461021477,46.42725222596857,-25.236771156041286,-1
3.6659304727473483,48.78925851453539,-8.955970183639764,-2.3517725956443627,-11.32399712416246,-10.46531491791633,-96.37519179085405,-42.41093146480151,-22.545117715031736,-50.279023077338735,-89.07793935730619,-65.04374302501324,94.95201626723906,-42.96268079799044,-99.91969119493203,42.66434590025446,-95.60269559213528,79.72778566022066,26.6566964665991,89.49544687912493,88.4668989870074,-54.625896733701175,-12.333444877129239,-50.261638105772974,-80.04739919237329,22.656669368379738,43.37683511945548,95.54470237452873,65.85733550610283,-18.963579239807785,-6.7992971293974165,-87.19998344952262,19.860077803274507,5.668938687310842,-22.645958279408475,19.062150368690027,87.88672457923747,-33.60460956775337,-70.90347008014797,-41.68292529756095,85.45246515872748,50.41588750591583,75.37460869876452,-28.951427797928957,-96.95550570170184,68.39213624675887,-63.8726898104935,-52.89066524726711,22.036602167363412,-17.275079477841786,16.004960463393942,-11.232835039496749,32.07927273987653,75.75169595999984,20.310729928703594,-55.559917384783034,-60.24950456628435,58.268100642706855,-95.18446633470103,37.48814549256815,-13.397870881920085,-93.74359384566411,35.39309692507041,82.5025219078214,56.291259821618326,39.14460604363171,47.39142633393976,40.12816011523853,-10.341751159027197,-95.99390651518496,-35.502625638981144,39.8151269779396,66.81835926126004,-73.2804880207969,-7.449783674044312,-67.4562621379032,-92.04928535319188,-61.18362420674119,0.22330980624909103,-3.543173382508982,-43.9807509477087,45.36225154012746,-40.698401941591975,-32.157330301560066,92.85971370335247,28.026984708367053,-78.28522152230204,34.608915229880495,-8.450520295547292,-59.159925562866576,-29.157285625036963,-83.2096778260359,-96.06345876113971,-68.20475048582402,55.89741205469787,-13.519955942061415,-62.64143057652565,-82.87423275125482,-73.84720227780161,8.406424129376845,1
-82.9305070012464,84.49987623545914,41.29514529738023,-97.57830495302251,-32.22787013224968,-61.978470043254475,60.762909038689344,13.594859463216096,19.135964832305902,26.981331830632556,-94.57866953275338,-67.25420842416581,-37.6975401972028,5.363433210082675,27.87728429081959,-47.30531086123035,65.7060519163017,-4.675908737891916,-80.30107166411935,86.07023542661355,69.12526002300376,-80.60972147465705,-57.18950875451316,-20.984734922361483,-23.416718534045188,-13.003164165907407,-81.4309826938759,61.702654652082146,40.96723950346731,46.112016179493054,-21.57303417944496,-75.55316142909479,31.227408816403965,80.43083773058231,50.637540769634825,54.48154442464835,49.113590347070215,95.599958712258,67.88066877890111,-31.491566868129823,-83.768150175057,20.523255386938175,-17.731841916995663,-17.19441524892784,69.38468362195906,-42.98623190554167,-44.257579250610846,25.078479942702955,60.45806159627216,72.76251144724378,32.87173833092888,61.52922559931443,-6.044998032261745,-66.92608778919977,-82.52398749610181,40.132841144658045,-32.46885736181528,-6.452702594345936,-75.5145402888729,47.692681616328,-9.140242215805443,50.77409065134367,-32.30133703427444,76.83302076935797,-55.3261896684226,-67.81154650495509,-33.22746770508583,-27.74736884104685,-9.456007901846391,-74.68203679889291,-23.884474412743046,-43.50886422835689,-70.0754726998885,-93.33758742174267,-9.1306565261618,-28.252141196794597,-5.9191148150871555,19.678037950800345,-29.10630226114759,29.396523736749742,-73.84815993281606,-22.662366351168856,-73.91781137720099,-76.10284137975432,-4.30600464758993,1.2121697272886394,-67.61164906576427,-8.261911784362013,-17.33027190069039,-26.069326041526097,79.43896052570761,-16.5710854790282,-46.04773334415413,58.207784075174544,93.87161156958271,-22.31545820426686,14.06418418496223,45.52789717498871,-58.3371398257307,-41.48742202814195,1
-16.079987514442024,47.50024962194968,31.74155510017522,59.74283833091491,27.280274036681405,-14.259595802713278,-71.935096361297,68.18174208058144,-82.77357218726394,-37.938303579090494,-12.08741164542026,-27.691962447408685,-6.663368833827164,35.218606832915356,-62.172260734651985,12.13889627513602,72.84612045231142,-21.709145841105766,-32.457845055155104,54.22720963416444,-1.7301819462429506,70.36736176378665,67.38486598185841,-67.05179232734562,82.41289057527783,-24.900551735675805,-34.762987744418155,-93.05157081553462,-40.62959314400298,26.03711381091449,95.24625134019487,-48.39122119265691,41.36887148581968,-78.65700562632489,57.23368428987425,-28.335414282123367,-79.15136022304449,75.53385357035219,-84.87968222106419,86.40916724772453,19.109856081170662,17.775599428060858,2.4001713228319517,49.81112244168159,-96.6138499484684,-50.67864726395288,26.198230842728478,52.004483817580706,34.0819553202237,98.50761398109555,-87.82816963904385,-39.30780307335977,-56.11968407252375,98.82045664214522,-68.64453071512646,-85.08940502958953,-31.593232025908463,-79.67756965975737,76.34232943331415,40.091655285954005,-68.80719615634088,1.6187315485575198,18.20555919182503,3.231929343281166,69.25172243818963,-48.7874449147369,8.600850845625502,52.570329061152705,96.65521770354479,78.30857478478919,39.87583802954177,-53.339689251753455,31.118606105763746,-16.862354464672748,-78.12104568519614,-94.81995435794475,-28.74162256101016,-66.55462859534595,92.25847830198688,98.71799944530369,-22.78646332792502,-7.88448745216246,14.669161683994233,16.245052775999127,41.48445873814211,17.56698052784749,78.17102929608495,-51.65303990099326,-89.69770157321292,81.78577094962748,-6.907553183899111,-87.60062453681564,26.25849330404239,-53.32994900954966,-75.07065021661498,29.625303285619623,-52.49628985027426,-35.401560220305626,-89.53320080955088,13.372106661625537,-1
29.03455808188997,-17.920634602067693,26.801140619922265,58.00608726141229,-54.56408859529702,78.04300052723488,-85.90161087137108,21.66390000155434,74.72370574744306,-18.444393118767465,-10.834890034596768,91.5942132964908,2.3877261363855666,-73.65809295872899,-80.63625380255628,3.5259656795934404,27.618545159290477,-87.98536632900351,-45.21702587401926,-20.370101295418692,-63.13373020236175,-97.20365740572706,88.08027445243712,-92.62134221784638,32.87508217031245,-32.614625007192316,-56.12638698694599,94.45196034834214,86.45356776763344,-65.84908980076071,90.2998878454705,82.21702631480971,99.4641223279541,22.87632795135073,-99.18788274262486,14.047888489160144,76.30620960840122,-56.7360061962056,-63.10242456712045,-59.41482285960235,-23.126064853130757,69.59011494548315,97.81479527356944,-29.737215835628845,55.84533021645106,-19.13477543010424,66.23759120328896,2.06251668240796,27.082516627070063,-44.78561752682735,24.62296803255491,58.19307977373981,-18.682918006838165,93.42326550204956,50.90700030465362,83.29035436357279,-53.001395891992416,97.15321411254692,-57.76872449186392,-46.42087461816469,-17.15419687882877,-50.72297442148071,-80.59499218457759,94.44458828786969,31.677911834487446,-21.661374001752634,56.17281127688304,-1.2269178467438309,-66.6998279190842,57.54378862699312,-43.64267591586422,-62.935657889764315,-40.09258399701172,51.11811617421492,72.71166900577799,29.911104204243088,14.020768518034714,-54.427384998811746,-3.0078428693208252,-68.69261070036441,39.62435593863566,31.902254468899457,-44.87439620957976,-49.93820233085731,-54.94536350011916,-32.58871959270999,78.6356693379241,-4.029706395926098,9.350352114724217,36.48838492532903,7.7658789129854995,88.91381496820208,59.1979990280351,-33.129711769085276,28.189212611025425,-78.52535711034854,-48.64985986515937,23.063772857292378,32.17022975807748,25.941230332563862,1
-1.576741384092358,-56.34922242698717,21.418807217756154,96.99793122817502,-28.437183177290223,-69.03427748045603,48.32829036720844,53.716266182640396,95.31220466458086,-3.3003829786392345,82.3637139078894,10.342474403993378,-25.901712588097155,11.341851310570775,83.32862053878324,-26.05243782546225,-31.09882132118736,44.522344966889904,-89.82920623325204,-88.6318858575223,-74.52559279332782,-73.73535004713652,35.96735195154406,-95.20772297514604,-22.430980062830614,67.87417270757808,93.73258262934752,-34.804191246237565,-71.86091522785074,-84.63010762775316,58.925358205356304,55.69366798303702,-90.36984216535981,47.8579257492874,-86.56844352343573,-88.69707512238753,-72.95426917638954,-80.14797013816101,-30.382193549663384,57.258785768339635,-0.5126692953967478,-87.77858430621339,14.614131703386278,69.6549201334457,-5.258758462138303,52.14292557393284,28.660495698836627,49.74877033289664,-81.30421581467462,-29.696675017854773,20.526480070940494,38.967422926062625,52.62934203282717,-12.605713273211677,6.4960413721176735,-82.502662074597,22.3218125589987,47.11066445666094,-86.99230805576134,-19.76801855049581,62.912366319931635,42.88171917075795,6.0164268241156265,-85.62202719377687,-8.41800436296974,-73.76249161639782,-67.32069058655163,-0.6691535560214419,-56.856554110361145,-13.950800692250738,-2.2174572368518284,-0.3308065617273286,-18.848443735413497,51.62530643991096,-37.037424362145074,-89.63761566073865,4.382386055366538,-46.395152436002675,-95.3594738837013,-81.59668309186571,-65.76150836539864,-78.73026687003357,-96.52480726774861,62.88205878747752,82.38955613449511,-46.61003067564153,-58.12142027038847,47.67465425060499,96.0411881806703,-3.814106087314073,16.954995733305452,45.82175368256952,-60.173815960505664,91.8759813484335,35.43824344810059,7.338613951147721,-28.510409046812583,50.97206045993374,-21.2784630544205,90.69835742244774,1
-88.73934486363252,-66.74332624878411,-56.86496952045657,27.23547294164655,-2.2204336415097288,-45.1856821315618,39.42716117836184,-89.87550554618517,-16.836286396317803,-62.716039029205085,95.29130588708205,53.946283659376036,-91.78352700888894,40.52591528758316,-54.95857995675968,-69.93787550320624,91.36293411817556,21.83907827866524,32.6295658799645,33.381077336842054,-95.95275347200992,11.413186536783428,81.01762467765286,2.2009527089173844,-15.026414586397792,-31.51343832352464,98.11304255134695,29.31945676049409,48.06095815119636,21.661805620711917,35.91082382145777,7.55415555892192,-50.83922874442681,77.92027902487894,-87.01866075706603,-84.67941832835797,-6.2497879131171885,-22.232696590520007,-49.74816730657459,-17.13991763380119,-22.786413309654847,-36.68984010447522,32.52010057605699,39.847798887111225,30.663044953829313,-87.58430319359279,-50.92758880271282,31.12397608899775,-98.05482497376113,21.285298160988148,-67.50587267715203,70.97380495665519,-70.01386209199786,-9.448909745016891,-27.577563803825342,-14.966425402645967,21.295569476377523,-72.4218445157329,35.995214032213966,-56.88894661685169,87.34031290142545,34.68718029983705,42.700855035860286,31.11995384520378,53.656519925683256,-96.26176234759996,-78.34910070973626,45.36649015813589,71.84456078035944,-49.06152355058615,-32.39756245723902,95.57377695883349,0.5409763630620716,-49.32800546329319,88.86016397996326,-2.8949946379298126,40.80819748773081,19.604437556391673,-1.5206469416402513,-5.822239854442216,-23.24857129292272,-28.26707713008183,70.53463280874314,-69.34417244790983,51.46201876357455,-71.41138081513417,89.12187009565778,85.29270729411272,-6.742822199604433,67.98297732920312,-36.69716766471745,-66.80722161326835,79.7048192886694,-33.67135988693677,-72.15818456520368,39.565845698260205,-56.184472039737756,-0.28628948887627814,-36.4257799295314,36.05483970715275,-1
0.6272517160175397,-86.5847045223145,73.40629922448971,-42.818642152167975,27.219209281908434,31.326214741575228,-57.01747259272083,-16.46660083660106,56.88109464255945,96.25151547825536,46.63207562735991,-67.49778694050875,-98.52843407491709,-54.64827651989681,-34.13574450349914,-39.356090656281765,66.00653672561495,84.02276266452574,-77.52340501425812,29.19030622240902,15.665820540860835,0.19386037177366688,-21.447816215056164,-42.41245036571699,31.22994290063309,-54.98833089706559,80.23782439092034,-72.0456677813011,-74.18073002807333,67.10785584828508,-97.5725083369599,-64.62735758121687,-83.99173518171187,79.41149367445843,56.2086242153936,49.283787947467744,-46.47036752663016,95.09639848955223,-93.89160437005233,-21.528807903688048,-43.414414183419225,-48.064908882210155,-61.31408166400869,-91.0037724508984,-78.66198589014573,42.7781926148065,-27.043237325950415,18.518069488892365,-65.45379181045108,82.80000740185557,35.78575393207518,-50.14442672672359,18.720671134440963,-3.863092730514282,-43.95596927785925,28.232541169035414,88.701116757607,14.659037494029704,37.673210832406,-26.58392528144769,-55.10102556267385,-2.5902246633971373,40.40467763780876,80.1622241890594,1.529885680407844,-53.99083485618843,-58.89364561589105,35.63312512415246,-3.196273066116916,-59.5351277116327,21.59320970814143,-31.770930638201605,-57.01910101241188,80.36243464311974,-27.259413903584772,67.73027965585956,-84.9954479854248,-24.521041533991436,72.47638369770317,46.61427403350365,39.383309060275735,-79.16827311611962,95.82953329960387,80.2239065694861,-59.87177151670928,-60.856811450223034,58.89184276505918,-10.451463712525012,30.45246511973133,83.2443195844429,-36.418401826222535,52.866962570689196,-61.664628730768186,53.96113201964803,-72.28482544660555,31.793462975430742,-19.28807682138023,-14.945731354273946,-70.03742681204297,19.096486902947873,-1
69.84468209883559,46.17349504072885,-45.34809460035814,-52.163979156814875,-77.4839219176126,-95.28100707089418,46.48020981167582,-47.79029475303038,-49.53761458606258,84.13828015572392,-88.3084025526246,-71.22640673133404,-69.717911212783,-41.76070900067516,82.45091222023115,97.1048266510436,46.68036986698115,-0.8565979843449014,-74.50005466560285,43.69203566463335,-81.75103173914893,-51.534853950735716,-11.742439440011324,-37.7188709910244,-34.329585237856364,-88.31380182908497,-27.924375688686084,-83.06603714494211,-2.2963292138347526,-31.31114334119802,-18.692337222597374,47.64336002726398,60.91174289372603,-11.737777522307951,-29.0550064104945,21.773418925846613,40.350954451699664,84.3510490053786,-68.24474274254754,-58.46507032817867,95.25432008740796,-6.485927677340612,74.33378185390254,4.114021373976186,89.42192282911785,-22.3073317653119,29.936167589076803,-80.47435207829511,86.19302300330881,-98.03989461320579,-2.0653868966876274,57.47666251026763,40.49991464381543,31.660175680880656,93.11499594534769,-76.77861602902318,-14.028554196501531,-81.23421976658305,-40.00556424799979,3.662927988414964,-50.82717743951015,52.29614754406191,-32.24473099809393,-77.13383023411305,-57.329991648320004,21.282986395815627,34.32295267744698,-3.4779658812727803,11.832386310673513,7.209679213427606,27.283117067762745,8.114013324181755,20.36082767331058,-29.86270190051974,7.233433071623182,-3.3558896603966843,21.72860175816527,26.10480865572636,-59.906577115702994,59.341099747359465,24.960829344953027,-22.815392688887542,97.26910461806943,-16.579056751195154,90.2126059445796,-79.34169645485213,51.72992047075192,-80.46046581246884,-74.71631103020317,-28.646217908386134,-46.66530950398402,-31.510299162128618,0.05489467852095231,14.846690723638915,6.071380907128116,90.91466376759499,38.28047390507129,-93.35358766101032,-3.4352030768581017,71.51295149601114,-1
-36.13727248191702,18.058988502961554,-58.83175799264635,-38.879156901957025,37.654847156047424,-53.91666757653002,-17.7616964010828,-92.14611715166954,-84.6483876222524,76.89574551935183,37.55384127314696,-18.733553807246437,-90.44372706371892,-16.785865918262772,-15.162988850804766,76.13011549291556,-10.302954399473236,46.45811348513922,-68.52429702622649,-34.37056389698627,58.74348515704247,-98.85581369160707,-76.07391209678593,85.31142302836761,30.98554695442718,10.549489519340696,-75.68867409634619,69.74726555079357,10.916134307124878,-48.486454870096615,49.57845080521665,86.60297462608412,-35.528981318764735,90.5531794306666,-51.23522947991903,-66.27966175248952,-2.0817285888799404,-6.982267417090981,13.672551769518762,6.127451333130438,-55.261447047057175,41.94743850510426,80.17597979763624,17.25536968392369,58.237953112659966,-18.57260122454454,-70.61240081079747,94.26594004246397,51.6820380854125,24.560027695461955,-93.3342410047488,26.899078193111265,15.66996568963603,65.54223816268149,14.518182812891595,58.67360693150877,66.79162493299137,-21.571176067129144,-99.41318843946469,-43.487360256166774,-42.11649531591994,-70.1702392842571,68.3588395030088,78.31705898942886,95.16088404188895,1.7625511842001487,75.85552481638268,89.3418113438641,25.317810334446804,24.674195693432964,-65.418257536431,-49.59621748210967,-4.457369364373818,8.959991891174695,-6.987113217404286,-18.246527920198147,-12.091670184727718,38.62179347162444,-95.46710509561518,55.327064376872755,22.784370586700646,34.9992609291356,-81.67990018021014,83.92163539075446,35.292641580817474,66.83713702476521,-88.69540054837705,-36.64096589345858,-55.580758414129306,49.79114288947804,79.78551745018504,-4.447275068012075,-44.96741900286811,-36.80138506062352,-39.81273964952086,-4.165973850421452,95.47964298069405,-18.308206037131924,-90.79584125318125,3.385595814836506,-1
50.908574816936465,-82.8982938291064,41.35544337708916,56.75835689707944,27.380463490948642,-92.48578192021853,15.340479771551259,68.93318181804486,-74.61111724900547,82.16525293726303,73.41203647578948,6.611058018942245,71.39002597387761,-15.645151612774825,-50.01965567262203,76.98534936899333,91.3671335086126,88.67145974197632,-95.48606068531147,-91.6808087487061,-1.63773553550881,-37.51882046407364,9.097629611392392,-75.67636863607012,-53.91560563713256,-97.80681678871055,-98.5495143969711,-75.42488402116948,-89.58952032653858,-15.377313800842757,36.88980969263943,-85.69223562192471,90.19363729047987,72.51784826827276,96.08977972727854,-22.971852737684088,-98.08765742990435,-4.606421780811104,-25.630139459208223,-36.70509367242833,24.614206680503827,0.7355146842124611,44.59503870172409,-82.52803706717245,24.878552859168494,26.671582394619094,-66.52542969197279,97.61114372482177,80.33268293535158,-93.11280607069557,78.89375209508879,-70.86728962726482,8.5789962713243,-54.477662326837326,-19.167235693401352,76.66053274674258,-80.0756438100681,38.797656851833096,2.675596656796259,80.38688500924104,84.37518409956598,70.55563605710435,96.53096588709542,80.14308084038191,-56.45225606311772,-36.09310513339301,71.95338943322162,-86.53292022299857,-36.66806107115317,-23.47226793332686,83.32001515646715,49.83482225900491,36.19432474408691,-49.736129742801104,23.11404015556981,-55.13690500533293,67.35408605518651,-2.126134946243141,19.426446301714975,88.2663976810347,24.552422793648063,-12.937286523330044,-64.87544671628878,-17.169063823604972,-54.57642431223712,-25.464527821057814,-10.012709379279244,39.50392611763084,84.65983653463854,94.24700132274842,80.98632161175144,-9.525079668754756,-71.59403769011772,-75.68569866508699,86.68388202785587,-29.4116401381568,-99.93779749423983,-23.10409573448848,42.007363675852616,84.83440976306568,1
28.48385564126312,-61.86245586726669,74.68464761633211,-49.551795965327685,-75.88831671926195,1.1915815469863276,-84.60566612382519,-84.6393903371157,21.01790370810768,-61.59678305199265,-18.870948110552504,52.47224274143457,93.68382610008157,-34.59864630077958,52.092921255213355,-15.776219113183672,-36.54895671006,-75.13093651151786,57.62378798904379,-3.7234576503145007,-85.5302980205029,11.359676874634332,-73.32227658134809,-75.9994500766224,-57.685438702139535,-58.422329179000585,44.92626737987874,73.89182330757751,-14.374389857971664,72.36562616492054,53.038040596205974,-41.719546742351035,96.60328614122969,98.7823976463564,-21.36459368247992,99.31228390277136,25.55141545231932,56.54696827140555,68.81126655742713,59.20743097271247,71.33876066531289,-23.846485568456032,-70.19829131766977,79.21651212651844,-78.60000570328015,55.005011125898676,78.36769146895654,89.5125279920118,95.68684479780788,-51.25266759443803,-86.21535573097094,-12.007924707557564,-65.94902345557077,-28.60968609718273,50.08616976677263,77.728206309721,-59.16018748144478,42.04828127218448,88.73200516069474,-86.47302475975076,98.33613022336681,-5.884217528725813,76.59349112963523,-81.7261378301128,18.230458593018,87.19124904103842,72.25082257764828,-76.41912659784138,21.135630102455096,-27.754424897397655,-73.24013240013548,75.87660154304868,-3.551317625833917,3.0374215582685196,19.444880550002196,66.12873298778891,-85.46481011256554,8.500985734678764,15.730145683046231,66.33767077497441,-3.717465047961781,73.96239381331995,99.15997253257163,-38.46563037521189,-36.21418943680958,55.51744034353575,56.37271571709104,97.10485075647114,-76.78645912593136,94.93366148152555,-67.76358693442026,61.981482047153406,12.546727802598582,-84.10256652610784,-32.68479165252198,-92.15115106068666,-1.784929124582149,-18.999793457074546,-90.76165208778066,87.13475906269053,-1
-77.76050353876974,-16.245895021585383,-93.92258806063263,99.66950227858993,16.0935201987392,84.19890421931518,88.3383973316061,-53.704957246940374,73.28463670794002,-9.929922843841439,40.806290518331366,-91.0278884744566,81.33065939039977,63.879646193298555,74.2667184680565,78.75483755238898,88.99695711116863,-32.1593137456164,71.88691656671017,-66.7598926382509,62.883839442935,74.98666487012977,97.19206042306996,66.4451567007811,-39.89464855230081,-15.847958444707857,-15.863552591814312,92.64052819428332,-25.526740354279468,18.268517959728342,-61.16758451709807,-69.76341613254915,-85.04067040061214,95.64473371627491,-36.30073734722428,76.9826914423987,74.22642421643363,-48.20078534007346,12.945720079798946,-74.39504742778465,25.004599786298414,4.012515036922679,36.43536673990101,16.466324446801778,54.27415577444478,-41.20427384838634,45.77067397475315,1.40535748892799,11.062311457411496,-1.8115311794083766,-49.34582086650596,-36.44512499466175,45.914219371415015,-53.399010404480826,-66.2038821532575,55.34947323677815,-8.480173839226197,16.89945279573344,35.66676594183812,47.095378434184596,-12.106852137210097,-2.849199401914589,-40.92951875896511,-36.971300891072836,-54.40116395749117,15.838988070559012,-66.14374449140739,-24.579784103102995,-94.6008016489596,48.71382601593481,-38.80241405203317,72.12639242447912,48.545975352257074,-82.29515135084344,51.605653459083726,-6.2792200773561575,62.31944749309238,75.31975353016605,-64.35145038192927,-17.535757735153055,37.0004824600548,97.94683046180037,93.63589939489131,76.87136195214009,-7.163054786521997,51.713718921312534,49.802370552804575,-86.91465920283947,62.76163769130051,20.071725500721385,-14.82076756572566,-82.04986317304605,-58.43573254761236,-7.984249746434941,-74.42628456729727,-47.213928823571315,-52.10735221284244,-13.607352875245098,-11.278529259195878,-51.36896130794846,-1
97.24214889592056,-10.798845408408852,72.66672991436505,-43.56258506135997,-18.483158285236613,74.28280683817087,47.485217154135455,-67.72652832232338,-16.180105416582947,19.462475666142367,26.344483665316815,-70.12367275471358,56.09422767603098,24.301462227616824,33.75065088996274,-79.10393664920838,-36.779022411820876,86.38882793087441,-57.052974975687356,-56.57191919246563,-92.98701019625626,12.816984337725017,99.86702456622308,-36.61094227288291,68.01543193754483,-91.35726009000034,41.790824685684385,50.07778541814031,-9.758918357520699,-49.78419519413093,71.24880833832407,80.99537635633627,77.2872110710781,-72.64899527732248,86.87513592808415,64.30797218513044,-73.93517728797579,60.57327447950922,31.30661398060036,-65.54703712884236,-42.06079588024563,-14.249851740337675,80.97932229462529,-25.053597309375704,-34.9344346471717,-51.504073720876505,-4.645895878714796,27.151266873503815,38.50350185070354,90.367709393332,33.95516920747275,51.50106019109529,88.34967244624096,-79.80723775175977,85.3606732879571,-78.01308598863075,-79.45966172772579,85.14836895535197,-66.18120860967804,-48.52040418392296,-33.39254718905198,86.49708535332684,-49.37018338351926,-50.88914999612164,-2.8560412932483246,-58.484253829125365,-95.52503084568431,56.90415204396032,-76.6166290763222,80.93836160914069,27.834512687532495,21.328177045131454,96.9397903350222,-81.13411734766638,54.92014927775671,-5.110219087505172,50.657135958120875,61.381723944674775,82.8384154805766,-2.51526030490939,-12.526045183085685,-89.50903237522743,-70.82730298424771,13.274245389474729,3.2663151494382276,-84.4717844907956,-71.51310920824632,20.573787213343707,-60.27095892675756,70.64875863338585,49.440912592154405,38.23821733054919,58.4008615348871,-12.246044076273549,-94.9617371456177,-32.58880201337723,-86.57931494635011,27.953690413795044,84.2098352816559,72.34134208370315,-1
47.57938333915371,83.9711232825521,-32.620841645778626,6.060426649831669,91.0121022969978,69.6084179202968,50.34939847916809,-83.06233162493864,90.10656419088178,-68.02404732671172,15.708363640706295,-27.756788204837648,-61.33215327758956,62.22091326106363,-61.24217399532903,71.34598930117949,65.06168048459648,-39.63306782142097,88.46018758024135,58.32801443661259,-51.537878722510456,1.246207218176039,-37.25294823106922,-41.90367887821127,58.014825392654956,-60.86029213939208,-89.88488678419793,-51.69143745680442,77.38647926343441,-73.62960207132062,10.678488045952747,-45.337528269256076,-53.09382560294515,-84.17027581005448,60.84675780644534,42.85269256436973,-38.575861025587834,23.607496112354866,89.05924898747693,34.486880392468606,-42.846219956019624,-39.47887581825924,6.171263479946788,-35.65269673740754,13.010317258080661,88.3210673811989,-61.866283795765355,65.47378227323765,77.9242471578514,-36.15921283489385,41.12299255014531,8.318155654654873,-15.669198635632299,-86.9456002863021,-41.88116790007852,61.52193980700079,24.761331885107253,32.614222382845156,-27.36124147753401,-30.68354924152908,81.15451554407477,-22.674226470123187,15.619386185605165,0.23656944903282806,24.44755168486101,14.643423513872975,97.03571283681427,-61.657533908541275,-31.318710850409644,98.92558370114642,-88.86821864856675,86.01123891770172,-22.20437568948661,32.010948215815404,66.7934819102681,-63.79761737455753,-56.77028099160238,22.7136940704261,77.34343112293027,81.38245173564877,66.10845078069227,-87.42029017984783,93.4712669304416,65.80121152787589,-71.31680037579757,-77.49747015236892,-80.91369304719538,97.05598948580877,88.21138198434596,83.96476708301219,16.620053075030512,12.64279132742847,13.255580923332502,29.781190900398855,32.577188856619955,73.23249819589626,-37.437833164672355,-36.367732281685996,12.450444671938456,30.695643686869403,-1
81.2708770189472,82.88238918499195,14.121949327765932,47.13262284783798,-30.544592193898495,-7.6567712373761765,-25.375476315523287,-72.90809264106184,60.83311299677683,34.75124595681797,-17.771132704002596,23.258149670828928,-35.9402515006515,-98.58069350102257,20.80099954790002,-88.57345613133401,-11.69054222403392,12.96383257727922,-62.214037247009536,-49.73846257156864,80.58020223267422,-83.8306396713492,-20.098704947887143,38.87117779905421,63.37209610820449,-41.53409683147331,-65.60591963129141,57.42022650717476,94.2592454857091,-33.51045635047234,0.17399067643310673,-36.090187424318685,56.978278932770024,94.4442741934011,-80.22576898926981,-26.336698874774896,-87.51314319439784,38.248082227322044,-21.51103116461502,21.154367324474748,35.162973283218406,25.81151971192675,66.30725730187072,81.55199824809452,70.41900360940909,-30.43807008281665,95.36586437517036,-38.37471847922951,-19.176763690768013,-39.45718798536786,11.040617782857922,-31.901582694293154,-79.09514568713763,-58.02497819245522,30.305937073001473,-58.36302439829177,-60.705669830093626,51.296115995312505,-48.11724978284513,61.91196469535146,96.28561609601928,-40.24229226606191,-37.40660545990353,62.400787879758354,-48.45338438817064,-54.106415885613046,67.5969203418095,97.39563393759062,-77.00009466803522,47.34658917139859,22.469981829610447,55.67955768233648,41.69293774911,-77.66983866381092,76.89519160331074,-90.76021247823935,-15.590684855913935,-77.23308162481663,29.091483463350443,-32.79975047331317,-92.14784052257829,24.030822599430806,94.15528121547766,1.1962716304863932,-51.777346339733235,-58.02291164883238,97.22036864550785,6.148526289235747,-14.232112075851774,33.52856464471074,83.75799851752146,-76.37565902677439,71.21571962607868,52.20192607342048,-85.94518911279172,22.1497193612864,71.60485628920466,-24.39403166320706,-77.87628637013012,-39.315411246764896,1
-90.79947159564945,-0.3264454521040534,94.95863242935661,62.35395761802752,-77.10247238681897,-20.43267489956861,78.08190344386568,-8.175195342663827,-23.809630995305,9.409069123115543,93.3116878761088,59.27814452394179,-51.375093915466266,80.82273209590102,-29.538223158164342,-68.34274878818039,57.16169684887001,88.71304343139539,-22.701255427217262,-76.22948430475256,-66.71714313781203,1.3382402012597368,-67.06594749853897,6.640132873808042,-31.480245756376107,-39.88177544381632,-16.66598335872591,-20.870635760657507,-38.666273937376715,40.31986997991939,5.035157986844823,60.509660678915935,29.37204480344434,44.46323545879079,-59.87126340856086,-14.270886136963455,-22.318433225609624,8.294565482617429,37.67063990804567,-36.25922019435648,60.26942879234244,-58.25991677163813,0.21406414145542385,55.588660565485156,96.01246307745689,-81.3184636479568,93.85384886970525,-41.149918382307774,22.367010919836176,40.18133682589081,-2.719248980577717,-20.70637584965327,4.154847727704308,55.81825075272252,-53.5782074240448,74.40375118412692,-74.5762061920583,30.42841232227724,41.12745887364795,-23.541842295845612,28.45962467387423,69.32792635448078,57.372544748093105,-1.3394707094042104,69.6815597626912,-70.26364763550794,88.73603812748917,-18.3313512989683,-11.825136759308364,-74.6398914292252,-58.00647826127911,85.73112894666406,-49.34854610754527,91.24893104775933,11.881247708682992,82.73312507040333,40.87150352401636,24.31384530234955,75.57203574325783,0.575065395404394,-9.17580337033263,-58.9635874915402,98.25981573573068,49.501594438475365,21.01669199782927,44.64159910065635,-8.412072135996837,10.878805729294783,51.07288741565418,23.21338473201233,12.982425323687735,32.325482736925096,87.8848817817811,-28.6346363063481,-17.890903271524337,83.47635209095313,76.49787606940427,30.7178209782507,28.659451996007448,84.66810073735223,-1
-9.091787046445347,-78.68034937324563,8.89781959216991,-8.362622652421464,88.80841876507958,40.97420200867634,-44.59749513480424,-55.13628822929475,10.694355241969973,32.66214190080038,-10.73472800268776,92.07335492442604,24.515079566556338,86.96440808876025,-12.106925128311573,37.65859968545101,85.5582958750631,27.489075743580415,22.83674479690785,-37.599738778309934,53.8970774631174,75.73951676521517,11.52847866863172,6.431496996967127,-56.04993996662411,-81.34797596383365,23.34246615342697,-48.29874957043761,-97.27912090986635,98.09433446945133,22.812996945479668,78.48523550720788,-92.13610246630535,90.82761587676185,40.00680819297108,44.76573636458903,76.37819298961733,-75.36162239143395,29.138773676783586,69.94260891607883,71.58613073370674,-71.78421569612512,-82.53040230371415,17.916857550670073,59.1150547785264,80.74599524272753,18.89280970544722,47.497417233229925,-48.6059844561711,32.589854685922234,-81.52301860075117,-61.61563838183692,-79.51226204678387,-90.26884360017368,-33.18431166617654,58.36554418632605,-69.63890899204578,-58.09411967549691,9.425590846106473,71.33441839088351,70.02782592624578,-53.53566696265675,44.488280649715165,98.75875932742431,-86.80079939962965,76.48026689196985,-97.03795185716908,-39.283234012925014,75.81865807167787,43.08149096529911,18.79913756532656,49.75092369523725,8.05734087496468,-83.1364946286895,33.64013945201708,-18.66721415340129,51.76621380708727,-90.67367144452318,-88.82585198152542,36.07930583120117,-5.360323785212074,-29.240467326410283,-97.53426289227191,-56.34189505157809,41.38015796157626,-68.50731785679498,63.397574683573,-16.50891083141876,-91.89087591836972,-54.36080497505977,-77.6221314030453,23.851829387291204,-46.39040349279286,-36.606442975018496,-43.412961611129305,-68.91943003418221,60.09595280590037,-78.16925134552551,-34.016914217511186,20.402001629617544,-1
-85.7622703079542,-94.92272886793103,-50.55378511936459,46.560308953250114,34.59332447888647,56.073100601376325,62.987945708107844,-91.6169566567485,2.341489422940171,-40.02048140109275,-3.165393567318503,-16.874443594168966,-58.13032012318025,71.18503791825955,-75.80786755230153,7.104383217192705,16.147427959470377,84.93022108103617,-84.88910124744609,19.81986502055048,99.50274913237917,82.04434028206242,83.5049454460696,65.1217345015188,82.35086640029542,91.66971672618845,-8.418118607056925,-19.569904761014257,84.84754016282659,54.84311163327175,-91.896094912066,-8.130725734531723,-82.34350028301671,4.200434589671389,-46.266443074434484,46.3051230537163,-58.599833688390966,77.66692535575203,41.53087662362401,-47.87414042500671,-13.614975730815488,-97.27717054877982,11.234013609950694,-6.271720283289412,71.37759084107137,45.793085419576215,-68.98805571751731,44.915011550477516,85.93729049283016,-88.45274406980379,-88.86672143913435,45.72313582409822,-64.01716067786036,-90.22600825858689,-93.35193500267798,72.37280325658105,-29.37338497131752,44.479849778313536,-22.687105661440924,10.898951230997739,-5.8805766127983645,16.938575049676416,-85.10450336219289,-99.13073923847753,85.79182986023699,-62.573430060975355,-48.36100666879122,-45.22725607162212,-95.75838987371694,72.49258470644705,-56.62777344079968,-16.788027040937664,26.581782988101395,-93.94316143180174,-51.85983525739899,-25.56778003629762,-89.84954177530444,-84.82444210320223,-23.624601077299914,-78.81152250403517,-45.23818103886974,83.28710443526154,-39.04157317040844,-89.09570220970349,76.68237604932187,-56.53683007262269,-10.116882362683484,-51.164960796856526,33.78119973745547,-51.61460880285751,-11.676499151206272,-73.56182024121496,-18.490113982783086,52.26128235344137,28.031959516466657,13.80752322648678,5.5699031599543645,44.42813006999745,7.646684202988169,-13.613075959513736,-1
3.7581243486732205,6.523453291004628,70.24138280975373,-20.136816838138373,-84.11868307139409,93.20950102573545,48.576298733587805,84.14793006852707,45.7556108901295,-34.23547643027814,20.642612419900857,17.559689874336954,-17.90025726052413,81.37331546796719,73.37104260541321,-34.67561885039825,-20.750530636718807,60.072837691069054,32.19476412993515,87.27051156499707,-76.15428443642827,-11.211007934656209,-38.01401815416672,22.74243637084561,52.57109557927433,44.3819147984608,87.5633930465124,50.365277685250646,-36.943897379215485,-45.359298789953506,-94.5029610341258,13.07703201983918,-13.689142009378543,65.37864676511799,12.652944104124103,-96.73881964269904,74.85440531830332,25.48302225405905,-44.85074788299273,-61.44191283617884,-49.64824024224927,94.25898239458749,94.43665504771857,-98.26375815473827,-57.98500864198439,49.19296949565191,-63.49955539988503,96.01982062159556,14.168167064424878,-62.969662531333384,-7.1053476080655,62.58011953414905,29.238033906647445,31.779341082269127,38.69617527147568,-90.51050502798996,22.72126760987379,49.9506864651124,65.24274239012271,-43.46900715450717,81.51319186726991,76.17532729698067,-20.627765559492843,61.90203688137552,12.069440584840322,3.4830519924637713,-18.922197655367995,1.4499414671655444,-10.655575165199053,-48.85447630656137,92.59635553043216,-69.14683294067738,87.11255474176664,77.41934991717912,7.104702151074633,-27.74561698229887,-9.936079824927901,-5.1994637570446685,54.67157632206164,-39.585182402543694,-56.98078993725133,66.04337659010545,30.691864232767216,-66.62403141426756,-4.873848887474026,-33.459512577747404,81.9613436533719,96.03596962464596,-41.38754614352522,61.51521885142253,-3.809235483310843,80.38176876412791,-78.16330745448838,-27.50308690201848,-22.364787883037593,-26.274343623063288,-56.95871566876316,77.27315398728385,-76.07398420404452,44.86286994340483,-1
53.998710619722175,86.42365649672249,-66.50348354818604,43.264677612536445,-56.18623817962845,-85.383687594597,29.663601490419126,6.458375190290894,-71.30610859639599,-67.14263134551814,-6.455876805769819,-72.85082938001979,-29.96269513360778,92.32228845088937,-68.29595319451812,87.37068601820306,23.538917237718167,-72.60667309115283,75.14340731178788,85.1503386110611,74.82075921324216,-18.30252222354534,-8.38661218542174,-54.991920191160126,-1.786410069284301,64.75952308700684,94.24375799215642,92.97659883277063,62.727204760366135,-42.01258126752443,80.07520446951983,-26.797321631969766,-52.75060645697707,-71.316277552745,75.01179283378855,-10.352230688920699,-88.15030952005449,38.38628393461843,-0.45452470438642933,49.801610849695635,41.746466512972944,86.77979426079386,-33.948350326228876,-93.67287655741352,50.19465193342117,-9.623501269813602,27.93762042908581,-34.77353459676684,10.2376719082296,77.94712050078104,63.36040459791204,46.70527818766064,14.890927658159157,-8.157744272844255,41.153353861527876,70.09803771651269,-49.2592384975709,-71.28182034337021,-17.09008937040757,80.29393226141903,-19.5105745660577,-67.39660193289569,-84.74520271222686,74.5825028326847,11.19974496681418,16.562654642485654,-59.1490551163331,-2.4060628376822706,1.8458132070862376,-46.96432654216187,80.88771346754632,64.59860624044236,-34.09046437091527,-14.781476644526919,32.827621401713344,-69.36621690409467,7.904684305255415,-49.73825521495074,-2.263091042261806,15.498224187935563,-37.752696810876316,-70.03780471347909,36.854183692269544,28.6126084801831,22.873167969015512,94.27823139113198,64.32579811713245,-70.75073282856894,-1.3569290485095422,-88.43555015613578,-9.331050381310476,11.863601789919429,-0.9526033833171113,72.44086485724077,78.02840897512388,-79.70242746900007,-22.51373973106267,17.142443212711328,-50.470268882417166,5.408350530369006,1
-64.57786411859021,-24.61111411501848,-62.89489685937577,-17.1740494942146,-52.09796601809238,-84.87899187664985,11.375688634419177,15.57822253881767,-33.729556252736586,24.266124831141454,-26.34997852097338,-8.886643601978236,78.79461149250093,87.68952808208152,-13.190226304363861,-84.26028465849811,-69.46836709184325,18.15074427061296,37.99287142527248,27.56443585188204,-45.085536889795684,-60.96507699199876,-44.11151555282116,-41.47745451530693,98.40769475571892,49.61787314062528,92.45561203049263,74.2340663921945,-64.90900596061181,-28.545815600790974,-96.53081462925641,-14.370111601529587,46.8894555597376,7.52492014947093,90.68539668016265,-39.27899058258153,-37.01809049465674,-22.412984864226132,85.74483959840887,-24.474183971971073,-40.958199824327515,-57.37543997888832,-20.235693718491248,-79.01315629711914,-64.77177322516468,73.84001761296142,58.64310720263782,64.30170337961837,29.129358451746526,30.99613880777764,-21.94062352455795,70.44696328462544,70.23879403535344,38.2652054025593,-50.88332634522672,-74.32093690046693,-26.35396216783363,12.596012120389673,-60.58059706818255,-1.2967727356145957,-86.71256749879399,20.174978419052252,23.995481275988567,53.09118508995877,46.433634174837636,-52.47969322656309,16.43342708206444,77.66199329618226,0.11244270358096742,-1.2349918692523545,67.2058281455397,69.26149654315586,-32.48677275620551,79.88823956491726,-44.205009241505586,99.20962498380365,1.1126747289383445,0.9079784101510882,22.17824002829944,69.21762154682042,70.90177823414118,-83.6320693310868,22.79584504968841,75.54439348812883,89.85314310970708,-13.400662489696487,-52.46210299501317,-99.15881574339723,-90.04587783555786,78.58092882443972,99.2655016038052,14.717272419642185,10.26643719017028,4.735394412595767,86.78817973374612,65.73035885150901,38.992148976602834,53.14667500329037,-15.706294565192565,-79.17130615297819,1
92.43450969490837,-42.261252645860026,99.88274515413332,14.374454245437306,24.132095964916815,71.30744474958536,-64.1287979421518,-97.7394926821955,35.09120906728512,-3.479752867695865,-46.64109011323383,-3.2245470871481814,62.293187830336336,-40.36992874468888,-25.311081770912907,19.66121513920376,99.12084036070118,11.362428628148024,62.636429456892245,-1.6418734752663795,-67.6574443339784,78.29101291127444,34.41687812121262,9.624012996363689,-40.81260646569176,-87.84614632075183,31.555681447635692,53.84624070828755,97.08747687393205,-23.028747501389304,65.62503837138021,33.50965446686743,-55.103899753454336,65.45539097438783,-7.055248749992529,7.817801041358763,-25.2001265948808,-17.615474421167463,70.50004877589575,-67.2588363723162,95.93362608447981,85.28277571673954,-47.841722895109015,61.36233674961437,92.80414459144563,-90.9245494439355,-59.87071822212111,75.06103135136033,-22.568458773312926,-22.357780071379608,51.99285166104971,-88.47532366316764,-48.35912143259,-34.13251761061986,31.516377360665757,-5.773136305715568,79.68464857285286,-30.2113956004697,-91.71375077431267,25.87593392338094,45.741740920329846,-78.04415170836569,63.08824929759396,51.50907669716136,-4.770598215031981,98.75042918507819,9.257189838357036,91.51587551732126,47.63139559705746,99.848116044888,70.34794783309769,42.76203946880145,-51.50443446640311,54.12571908145105,-69.27298342111112,-35.00863443010782,-73.47139519467969,13.550413825644284,-15.968020526670387,53.564552263087364,83.0781070928939,8.02901249682084,-10.626885152285382,62.915778301780534,57.17213881200607,-23.206276408721706,-19.03313941606821,95.52252032942911,-58.10129520961227,-52.51292814298208,-38.805129359542214,10.580165138944707,31.439897348128483,85.84659911203832,-95.39532984233921,73.10811651994916,-83.61492205667301,-50.415063450238826,-65.81853029481444,19.774734275197943,1
-20.299053120525315,-70.26745444937741,48.54130423999621,88.61516754894151,88.34514232378501,15.424517207664152,-5.215755976779462,-67.7562376049755,17.600092685925688,-64.1810121343637,92.14926055427108,74.70685284904292,-16.458286605404822,81.88873280732622,2.5152431848423333,64.14716816314606,93.61450058193569,-96.19131814514164,-88.34055922752859,-76.92002834383436,81.01562555889623,-74.23738524740237,-27.374257902072813,96.4080175181964,-6.60011609335595,-10.054538335243606,13.088699913068538,-14.743818749093023,97.36213635975116,59.63416052356905,43.96606234999075,-90.90440973879261,-30.995866677906676,26.68640625639202,-11.132966583406017,98.07955921839294,1.0315837256333396,29.38788981612771,-61.79096786894094,40.19640120436537,74.66826152091994,90.83814606695714,-39.50892403379787,54.97205373933036,-47.83287680339685,77.51600971791356,57.26342893985242,-35.601220734647015,34.03453841178697,-99.71055589580014,-48.10507420680628,2.8553649084148702,-48.207033419959245,46.94769515301738,23.442595608855356,-70.35917346625733,28.357259540960968,35.315181416732855,-74.50592904295175,-85.13681723281647,2.115068311200048,82.89114645361161,-61.88146771036489,2.9327077483960267,37.21570237144411,78.98718617853174,-34.18134676171903,-72.36544294737965,48.76090215605706,-18.370837656506467,-35.070516021663735,0.25641982920150497,-75.58579403059144,-94.51417961080854,85.38440091499874,-87.84894538200393,-41.520137275224855,-58.18306809111164,-84.76644615984219,-96.45225181828299,-42.011416627213194,-41.53157444322784,-52.95249450511093,88.5200546717364,35.808446042320696,-12.634896543419757,-93.02978597659421,-20.380306719224535,-68.42891272026372,38.33586852262221,4.889495704169718,-58.581131566838664,-13.726542039690884,-94.58242194057402,-69.57613195391431,71.82494565030026,58.57311289548929,-5.763132007718227,55.62697687916102,96.32984027441015,-1
-74.168116969701,-36.94193243387793,5.032676733412032,-49.8066677319404,53.78455642152821,3.7401988761190097,-87.48703155610968,15.561410050216935,-82.44235258836801,84.52075141879158,-6.54780079849948,73.3191377191007,21.394623254853087,32.724944153459916,-21.263622801877432,94.60906990283223,75.62303939714027,-57.65664430760686,18.63119910542686,-80.05380553122352,-4.191854865077275,55.06315077607522,41.62946691971143,-58.63179237128775,-82.1500496726832,65.5358814407081,-39.16350447429677,-73.02503071839047,-34.58006691998415,-17.03040603803538,19.26552100077241,-21.887579514593654,62.74965911350952,17.553692521217926,-27.75006108527907,32.44950950429606,46.2262217928847,-94.91181977351214,-56.186635628080104,-90.9483372258897,49.899101092335115,-51.72587239919921,63.489902895260144,17.024465011430863,-97.8209053949314,78.01663390935161,27.927641860699154,91.55732722202029,52.910292854098,67.59243496721697,3.8945233718651338,-22.220433871972077,-36.0491100174547,93.42367089899648,-7.431548593134352,88.8774795452646,-3.3112803170853624,6.397099095509134,-1.0899619805631886,-93.40318790907949,-57.554346742902965,26.727747083047774,4.779246478548771,-72.81639461100409,85.63553205700859,-93.83826518037878,-19.630475659162713,-90.7076675444909,60.854577094206775,38.54302853885966,-65.22649678919679,85.75197250142094,-87.20744559120968,85.83060771207835,20.562823272275438,64.17583693114526,34.93552570230716,53.679764360974275,-99.74082401764439,-8.770589800320067,-61.97354189673967,-13.83412055710474,76.79485974236985,-70.06147750345679,-81.50969249991462,21.377215038343067,90.96612794866076,-69.92466573792397,-50.70704708616303,14.320918857453748,-4.715385753019945,-69.85706036015762,-34.54468782904388,-26.78340238409602,5.571078220461388,86.23658550821608,-78.19340251609333,-85.31661383061677,52.86579638251601,-10.362324815529348,1
-43.593085485738705,30.549221570374954,54.694625137320116,-98.13367603458134,-25.76551531247449,1.3840875923669245,-51.320663356293906,83.28410890641325,91.95820408097003,-31.41406744816082,-10.896437101367766,13.170357482134378,11.450366663682132,-58.62562491554244,-81.05221704413117,-57.990532541586084,95.10546580418037,44.9741707159761,82.49701084607369,78.2565329655501,-73.90887268972122,-88.90321158641788,-91.1209470061346,-51.23218006081191,51.141984498478564,-32.08703088729425,21.471276695548752,33.98852267275325,62.90159362610629,-12.52774168747706,-53.712673907315065,37.521020198758634,-91.84534513172571,94.54199471227727,24.496663805807486,-36.4047901106757,4.903788531161908,-29.967693606393468,-11.006668652982299,96.49376915733876,84.06671233445348,84.43896772687413,68.91422953371344,30.95250570125009,32.14579402983486,22.50007557156168,-75.80844764909531,-31.543631393601117,28.530166616113632,-54.03220084026093,30.3331991375114,-40.80140356685427,-14.142209939809618,-52.165048027668306,37.78260353976307,-86.1423593819376,37.87613366730008,82.37609277549188,-32.92367835461798,-65.85461365150587,-56.245805481132535,72.08332231626912,97.77751431761763,-87.25820583233734,95.46675657693899,30.40495828260009,69.73100654551882,-68.05156731530448,-49.23893258563232,89.40666243847818,-99.5559355979609,-4.223729563487979,10.38346142445981,27.434019893593174,-41.39363408154062,-36.16910802061448,-99.88104839146852,99.43508075335345,-51.524732981184826,-37.325054343786434,0.8397396925116567,-1.1693552803808416,-97.68718226145961,14.44599652678609,0.9153071938296193,42.4644650070521,0.682504176857222,45.71127637813129,-31.78034951574395,-8.57347101747348,68.24119967163537,7.21345337772506,-32.04531461061694,70.65149186848447,62.570687978752744,-96.91250238752053,-44.86735818799903,-30.80160480934218,6.476365216880993,-46.44212006588404,1
45.64326972237191,14.155660933782372,-94.15054339308817,-10.559491899032864,49.765267392661286,31.47069643402571,-41.523377917561376,82.12114344288435,13.14899012265785,44.07679971728916,-54.842089569874176,25.669423509888873,67.21578015905618,-40.764646888200296,16.19371732631849,28.455632701422985,56.65801848777329,76.08438057472097,-19.641265933327247,63.45185379750458,66.78332009220739,12.963662792039415,34.42101340275295,-40.23938718334507,-69.20512976686322,58.753361405950784,-71.9465573081662,-85.89314095253562,-96.91700831031847,96.84995329825807,-33.30859589367054,-24.725874540346467,-60.42907006446712,-95.04517461312325,-41.113844410109124,82.8462752688325,55.96851620386337,92.22488037034347,-53.34847170920041,-5.8617564719108515,-39.86176265525159,-66.37862775877326,-93.27123549124758,50.31272635538187,39.61507374631731,-8.620185817101884,-64.58066114118324,5.6142823473609695,-32.62076293704543,-75.88619660897697,33.48863523637496,-66.69522741382269,4.5372782332522235,-55.432148951613016,-70.472962975703,16.268720747948635,-72.44132507230549,24.43971713501392,-8.135907596039644,28.043733238257943,-7.015070576830439,-75.21349746921277,12.0185835350417,-31.354449432927282,29.96464886229853,-83.96453551132873,82.08320959679759,88.89840922100998,-15.66479942722981,15.821080191867097,13.834605561469274,-37.90440871076213,-58.25610057474735,-92.76277390482697,-81.10291191858417,-55.29252278825896,70.15528212800058,-41.27338741460935,-49.95985644411283,-83.9141759867315,1.7688485611636224,-15.80803298819231,-85.233007176889,60.852906705108325,21.660213723419844,-72.23292059037817,-35.314242560508475,-32.932036137464564,-36.692642933659016,3.3001612114182564,-20.87744049454905,13.3065931190866,94.54995229657092,61.078468574028534,-67.10220918876064,-56.66455066831186,-99.85899763276956,97.96130316303689,-74.21974976731045,-66.40570656501464,1
38.37903953853865,19.127748121568857,-9.722595134064903,-87.73007457786636,60.98135536828772,3.5921055425157817,34.72908349498155,43.2099946484289,17.117536774522506,-8.39427668322628,-56.245658317824066,93.665392019851,-75.33630178494155,-53.58428442676699,-65.84634799933262,-26.64958471481198,52.15186167739,-42.10042697605607,88.39828937677433,71.93310953329504,-33.75723707537573,-42.55748577452769,42.0775294876596,-76.5075854407232,1.800436707347643,-66.47714877067412,-65.95339351233389,-69.7317482616934,91.74865938168745,-89.4817057518643,7.101677792899537,88.63261049208785,-79.6992283392929,-34.32852953455891,-71.22685143863123,46.898480122210174,-63.217589753434986,39.93894019147302,49.18338759971127,-75.71557553374751,-90.53031905068613,-48.92052516711096,16.54374042660443,-21.306656251944162,-37.09752592547737,9.763066032642584,-48.43921660160615,98.71947314234203,74.88775703214878,-75.74945757352188,-98.54540370428168,-81.73301231853836,-10.57771850364351,87.4523219577751,-95.47690836716274,26.997417972488137,-78.23521959745057,-56.05964394707759,91.6368311951137,-72.22555441681328,-42.41012607347259,-88.07555256395577,-57.437354807686724,79.00255132529244,52.28981542935898,-75.2601882546867,9.13530316731206,47.31066197319814,-90.96077053877278,48.25235993989071,74.4107307661651,-74.93614841842977,-28.86480637805127,48.79728598004692,81.82725742558551,-37.42419577083456,12.397589023676531,-67.58626374059402,-29.45259867129306,-34.425767683496304,25.51715326613035,-37.391547582042996,-44.31205734586088,86.42750536807031,-31.749468109229966,90.48893109850619,-17.987143472423384,48.97333708528649,-50.20380323786284,-48.749768165880994,4.7415687829508215,89.01837012552494,-92.37436423837107,-6.144389773529241,18.330632066667008,-57.52685354500253,-49.16476497710045,-16.794455407314416,51.80309734849337,-19.03602143176309,1
-51.62954181990966,-62.591250288495324,41.63441772905631,52.96196018059908,32.996980695199056,-19.14205054902618,57.85856966393712,-96.16890288974942,40.122299278890324,95.15576370978653,-44.88664473816431,29.185578604607855,-70.87427065891532,-85.4527476445607,21.01425068754874,67.5682761811037,-27.03638073842862,-62.38828670418488,62.8417534109326,67.11414199291207,-72.75326969085486,-51.33961440340657,28.018079317234026,30.697786411649503,-13.243119558525464,-14.55939454363309,91.78092096904103,58.87046584953504,25.464893904634266,-25.71320987065353,10.35644567882072,80.7449840747615,29.13706503484815,-1.717249075423652,-60.55882055379984,54.80066258195194,82.7844398132608,-28.603638824448453,35.40813702954347,-23.870770660508526,-91.91085437539985,9.128225318713021,86.7258888066128,-40.60580852968594,38.51279830286654,-5.403246669573235,-8.506601539417929,43.69484295518504,29.74518069507576,70.2492247011752,14.264050311206972,-25.344277685456092,-3.8881291398488003,60.92234020506817,79.69266969571066,-35.14839986040758,18.386376844520626,-66.83910583468398,-71.1153827471003,43.76585735437257,23.04984104341952,49.70699524131436,-70.99918473164868,68.45070568729514,22.39182859816775,65.80808069423074,-18.26211225701772,44.21752173955841,41.786780496657826,-92.93667828102328,54.319587799832476,-28.71858088956307,69.0203157962051,47.02850706942479,29.711602893408212,-57.957921208620135,-63.283511259993006,-47.64669645415736,-37.79930273957637,-4.872760538144689,62.00313986475757,55.6886226586644,48.944638285661455,17.14439948166799,-69.42293402713742,-49.86340702631049,37.673865053416336,-1.5153828863233372,71.24170453111219,-26.626311089149212,64.59290405860466,-27.82910649520116,-10.788233666108127,64.4408301697604,6.6923203842374335,-36.46537610542633,21.024223690657593,-48.69595997383706,-55.74829834432955,44.46239625268905,-1
69.9294781354823,-32.02500724638678,-63.77013009306394,-77.18084302241333,48.09522639070383,-13.596214481098798,-48.707387796646806,95.45598651328945,-14.700050551627768,23.438845423393346,-70.89690344252817,42.73205662243075,33.86308327270032,-47.006587688911395,57.80812084040943,-45.72372098408308,-72.74988698160442,-78.50935671162269,26.84861819550852,78.72972981809616,-33.8734090280916,21.700922594157305,81.25084734757365,-52.34751733201399,32.35303094547916,7.466964968615542,-25.029545440639083,-42.23411401607826,22.306318922954787,-23.225009313144483,-43.13121803604134,-23.62564955309992,26.741948684622187,-78.95630517163514,-72.32582763727235,-6.952136964012794,-67.92817887921996,41.20819679163367,-3.6589040311981904,15.92611404732267,-85.81733784280179,1.6572879449848585,8.848924196722919,4.357882248893176,-33.3591535748282,57.544157459221,-53.02525978249992,-84.50079566765156,-12.746143991482157,-57.0634616652985,36.05452379316057,-61.179246566578385,-23.727204963686717,-11.464425091171691,87.22520417636014,26.597294045721085,12.524100242822072,9.242499895355934,52.09134790803918,94.24103223807958,-60.09547181975417,9.32740375898031,12.392359646077765,-46.84074772795632,6.60657698781533,-39.68696211808318,-94.81232875026224,-81.55607255145762,-79.97017233750579,-60.574249671059576,34.31481266204085,3.0160309910885417,0.21040004709267635,27.732815431935776,20.702358162825945,78.42292863369403,-55.03758184437044,25.17242602170002,3.227087212984344,65.9549282848186,-91.13134522742799,-51.92291288574407,60.89078466572454,-61.81974066406512,-59.23775450795501,-83.12781301647846,57.5238699352272,-48.24157986693509,30.17232542273956,-53.45217746762718,-60.92585309730547,-2.417863744397849,68.4808856049905,-48.59025372004109,53.06875113918338,-55.49461321128162,-18.70703471642237,-96.80729914593307,-70.06668059712572,-93.202971475065,1
-17.92341539287405,-58.7332563188415,-20.751596219468254,-86.47748728155702,71.43585139975059,-90.62961829447937,44.68956357000019,65.14219031213341,93.06054472607997,69.22484210604631,-26.640335870746327,73.93917697032677,-1.3939749682395473,-74.18697503418741,-94.36173191055556,-62.4192822403167,-60.29142822635967,37.49296080994563,-71.05787277269602,62.76582631856863,-47.759965745217414,29.749387447330832,57.86669646811046,-29.711665305863306,51.78638972293629,20.728904901197566,-22.55642858415905,-24.369036287851657,12.554014160306323,55.778529020514355,-86.01119797227375,56.78338576930969,-5.598503576534128,20.352888422093855,45.30523872198458,-85.03143570571899,-77.63203903167752,66.80138261467715,-29.173872730460943,79.27291241621936,76.46952236795076,-96.69545404269468,32.72979790080771,-2.0688284256603424,-87.39478603369236,65.56063665965047,65.67380144603953,90.5649433872272,61.62113290905458,-8.85359174398232,-84.16659990492758,84.10052522672365,-98.92813907488079,17.228286648473556,1.3298483357410191,10.651837432385975,-12.701334611350461,-51.727829030585745,21.41198047821547,-17.413420303462047,-95.149412791349,66.89815917410402,96.52198140251122,-24.226664171170455,-69.2708390023322,41.167354753342465,-92.94739637897062,23.92635026371049,87.49933050085218,0.07291528875745712,99.28928346962752,-65.52131115726868,60.63723162720643,55.669481523545016,63.28095659854844,58.39260965090952,62.37551171128675,49.38820973266627,5.776117553118667,-15.986880226610282,-26.872433818448656,8.087586862877643,90.1561449629819,62.49822752185912,28.83878512556433,-14.75573162715638,-46.16131591010107,-19.192804392504883,60.49122082524616,-66.87265240629273,-74.4810212697439,52.4928094985014,-35.729943878812946,-48.762976942836225,-98.18408161566481,-40.344441891644635,86.90983969280427,-19.97223897000255,-51.2675906480299,-29.362273595401376,1
-76.49475064457903,-83.4402664149747,-21.227118869168308,-76.33276181532253,98.76967777993963,-60.95187940870159,-44.942357309627965,14.789973213802085,-19.452103050633852,9.139193762605174,60.027516550415186,-19.928674632033875,-46.95429549946508,6.267990647321824,-4.109004370046861,75.77622918257043,92.43718189836002,-47.08057762379401,36.739909144924155,17.617249170939544,1.011560054081741,-36.98880613626911,-52.460247938754236,93.5624273983046,-65.55633555859346,-99.29906729378834,95.10863874479068,-45.32321637724428,93.80259270059997,0.6409340149927942,-66.0884011259729,11.101470465409122,-91.35601254900855,21.575928774710945,-70.85176482520446,-50.85898150306487,-74.36900308737347,27.325823689009738,-32.73187229584664,4.416761832455293,4.720114611847464,70.94491882368712,44.049080154996375,-84.96068915808416,16.023406608406148,-35.85918132728614,60.87392500164805,24.04096638817184,42.47752711252963,-82.3989499388597,48.23053465713173,67.04994080324673,-4.577393664514233,94.08056013658137,-36.334539228841464,26.601558506407656,-16.412458614816956,44.08806276842216,36.72493799822999,-87.63619139771617,15.421929892756452,74.95035663074498,-92.0195314913823,73.03419716100424,52.444325433973205,54.648500655763,-50.82256998352284,-63.589190268954155,-78.94794766024813,-64.00273719886928,-30.551107667543192,-25.172661252384472,-7.872016906563189,13.231156361129308,9.699468221044498,25.601835783143855,-20.599793445188453,-6.1464151025495255,6.744683004072698,-82.52300009907515,47.92130658931944,-38.71022078144188,40.87219396360874,-77.80973805050118,14.233779058181312,93.62396030548612,-70.92326900982806,-67.32132186830461,-13.558528577828113,-43.22137179376835,-36.35976681138678,52.737201951291354,53.35342315070136,-69.12304195448311,-1.9793256750976695,3.87580461456929,87.30623266847778,13.894797076117442,89.89887504720414,-94.88459579243892,-1
97.20021276457419,-72.62287398623855,38.52519044523291,-11.960200408901883,-48.13302053658111,2.770892841353543,60.882811935494686,32.34373652879131,-63.821619724220334,24.642074613601395,-30.435530513390802,-32.29862411490542,93.7629381155609,-72.69939758328357,11.48494893402841,24.988754081566398,13.01445660733873,56.30462590661344,94.1146665254721,-33.82258246124114,-21.148352900850952,-88.37324179463428,79.20567306499862,-33.18455651643055,1.5724075231987626,5.581965588784854,-22.483666512633377,-84.37806224976876,78.81092254042892,-90.16220195359558,-6.437140763805658,-52.49539163038624,65.33726073429028,74.0607556999685,-72.07232015401755,-18.597841552535527,-34.19747724321347,-88.63218778403608,85.62904417912841,-44.09442291763621,-81.77356535324006,98.60160725683286,80.93468750634733,86.35953089319972,-64.92193300527748,26.776768043922303,3.650462282641982,10.473964321825392,-12.101626704372165,-92.35984100216406,63.612312054451735,47.096881165742985,27.620601827452475,24.622137517611236,80.48249971581006,46.14938336949902,66.55666283769764,11.851602607868642,84.87279233713795,-70.95697170929687,34.196446477047004,-82.27248602695303,-0.1026453018554605,13.517162968735335,-46.84110530223216,56.76304892604753,-69.01761192650685,-48.01718758288982,77.45466432851177,-18.431537730083505,5.186702934562163,45.19338951359046,14.635398963099206,-20.35415150641515,59.66779905456988,-50.62595069377198,-16.921973887304944,-88.65448327422956,73.0621048346926,-72.78786989826602,27.61101929972874,76.11909856395272,57.389405643485105,39.815725892799804,-82.69087652010816,-59.0443516764674,-88.98582834140518,44.65259857755416,-28.019822059590012,-44.52878319407772,-79.3448741213423,-57.27346786926522,-50.70643657629497,51.29396916852659,-59.38101473760133,61.84483827172923,37.42621165629424,38.0585575677413,-90.90033882800304,-11.282189293733367,1
41.248445431299245,-76.44978342197177,-59.629309575410325,-0.3488635473092785,8.281521469517045,90.44435713951893,85.6364196227903,-65.81271951583034,98.50292403239428,52.43491743632893,-93.92923889339914,-52.200463957689735,-74.77246839676958,-0.41028148354722305,-44.07971347097364,-28.13220189684256,28.142044945444297,-22.146720638190345,-99.81883295078195,74.9010590076154,-8.810762846267735,-94.83856636175378,77.99317374933631,-81.31362663150014,-63.70047434583177,-66.02342496783501,71.08323092623601,-14.131443325845112,31.04649691526882,-26.626321142754122,40.13156577757081,-49.556321346325596,36.539700955167376,75.11527333354286,-12.230438057727213,92.89185365590248,-9.449869628392833,-93.23567165616015,42.02081891856625,-28.28422557861765,-66.83400479210124,-84.93599149108917,-37.84867835928844,49.34997650306951,-39.56574733894242,-76.17036130548121,-87.09043899522335,-43.54578655017991,-90.61871792376989,-65.99002141966815,-39.2520354740304,7.831544673769898,19.901965884378868,-5.151697645939009,28.952143045417586,51.28490726385019,-16.184293990923166,3.8974063481249033,16.383031025315546,-62.522439980777264,-90.40406775766898,-42.751119957568264,-4.526529230681618,23.90906802431158,90.81351023642964,90.40384808113905,36.10027386137952,-26.392425186297032,-4.803401102548094,-42.02773426008719,83.83438013926042,50.67260457292676,-57.37100235893049,24.00800734457684,17.930025580003075,-68.10613093583511,58.328155511946676,-44.19258498374088,14.502426608336762,-73.54517244449126,99.16567486494893,57.670785807995316,-82.1417754069872,-24.85656060321213,-74.5399527735171,21.43898820863373,-21.23753846793737,26.331662511188497,-58.31044685832587,38.708958332592545,26.78826791379025,-9.69000034736149,68.87912256787848,-63.420168981359716,-83.79981012357248,-27.36375480961439,54.688312219932214,97.09242400953352,66.73442842152991,31.047681958519632,1
14.012234017872998,78.77851661019153,-87.15821258497319,-78.0527602644993,-36.61068244177614,41.5442700535055,-21.628125362394798,-14.00847604403566,-29.05428865395747,-7.853279951665229,-16.567144204859588,-12.446989002374309,67.25826262049199,99.84145978868816,44.07464254644057,78.36404228132255,22.74159390874945,-58.02143153900057,54.97168043639118,-60.51925325389149,74.67683287420951,-32.182477347464,79.15977150176832,81.94366238155519,6.701717226902687,-57.3306850879747,-92.68603752740836,-63.2105164305232,-69.66660792847594,44.749277081557125,60.03164733295927,-76.5917034623113,-95.95012404198158,3.8526828975688545,61.97631714114215,-76.0443240232878,53.17319738776163,17.35335276560548,-69.82439063507911,29.759724915777724,14.721157224760645,68.52452349516403,2.2208613028569033,-87.34919382514153,-78.57749693697527,-98.60184292016518,-72.83857888616154,-38.14132439651128,90.04492111868646,-84.59901335956108,-90.12919136016704,-25.949043215513996,12.305814610888532,52.200525552004734,17.525135689552428,65.59498321560758,-8.997642822015806,-3.484763255798512,-55.70102953423191,-47.131267472365046,-7.442586022225939,-4.708915354935542,-27.969533708982368,-33.94087540637449,-30.474678146204283,73.84350643323992,41.01205473740214,-26.769598552826608,-17.771109429899212,-21.5559166094138,-70.11871102266105,7.968687196370183,21.844899984700362,-52.45934320822943,-6.321481765790168,-11.851892399327468,90.59088518344339,-11.824599830439155,-8.625095601791259,-10.319874917051777,-22.20268250571978,77.65549942874924,33.53068551557615,-19.090197553419472,53.717200994520795,-51.38842163853712,-29.253920488563324,91.66798367777884,-22.074732711873196,-65.3666105693325,-98.38493424550249,-30.724202539908333,-21.090499103026005,-42.65232936022743,-34.751579500172625,-55.3435196038925,22.973972979763914,97.6792498035363,-28.937926644838896,79.80849370023935,-1
-41.110221586082865,-76.62039185832718,59.307458195235256,7.062026290518332,-81.22854303532876,-22.3668587746009,6.500813283196365,79.11256962636776,-24.432157254562668,-31.75111004845587,-22.78981286963284,-51.277041603561145,-7.238035065124748,-42.51949323090349,70.67914670738833,-68.34338986012527,84.29154724330607,21.94163910735196,-91.53310149633933,-30.9640323408739,39.805482808419015,-14.711238857139364,10.754790858887617,6.667622978514416,33.57204444793609,-94.34301434180405,45.766829424460695,-84.24358579921713,-80.54915682889352,-51.17263583861873,-93.3624739549997,-8.636734758736026,-32.25110115126557,61.623750997064235,-63.87125335506101,47.71140812671132,-65.56229448884744,-89.87783184856531,60.17735409583588,92.71002763261095,66.73944339880524,79.07230857051701,57.78438648282065,-90.33357204220178,87.83184651102385,54.2402058073267,93.53283962928415,68.097911321737,15.618367753736933,17.440425975362416,55.56599582804077,79.02619396309257,-91.6144966070984,-13.997639769180537,-93.56197003000635,-79.16438549839862,-66.44405877911538,11.781957374805955,-25.311947730332633,85.79013394981715,-2.378881626235227,-92.12492612940244,-50.63634883101109,-41.745856832997674,-93.95882659778097,-30.951013768517328,-71.09743743838071,64.1869813797729,-19.704403478208235,5.689773469215126,76.69838303954955,37.32976961340677,83.49961929641097,-73.0660647441703,8.072974514785372,-18.96831911999284,-17.012795818166964,16.727695903529337,12.950312725656474,19.02885060777288,23.120587610141257,-70.24313325245797,-60.186317885546245,-98.44987982688471,77.42532250232571,95.16877260708915,94.29361785560158,76.90990426225767,-51.10563116255673,-8.26394422234462,50.757139729916446,-15.781143169716088,-44.37127820429343,77.24902978829127,47.007263324838334,86.73571726936575,33.706346098840584,59.04784356204402,-82.54584052229524,-45.05605827721209,1
29.992786155553034,44.45051367861325,97.3325186534293,-12.479375188921608,1.2532118990405507,-66.8500440359688,-2.9810680040919664,13.321051781092592,-32.38311812674772,-38.43616999477617,-33.45410469792418,-70.78068689173595,-27.086714496027113,-9.31675387514639,-81.08873104512236,60.66091470360669,-15.510841993824172,-53.87227195714721,8.237611171404865,99.03188204002424,66.03659332353877,49.78352809570393,20.84790206642846,9.112508833551587,20.294220176241467,84.88601835685245,38.184114014239015,13.753820504575458,-2.1965239306811526,-96.62132898569631,30.114958221869216,28.54838008028503,6.406937366678008,81.65772469746577,49.22297144064726,-97.37332525801325,-30.774291985682424,55.89766929430675,12.000872815451771,3.7036265219425815,-32.820345976598574,-9.266030606580514,18.986968699474602,4.612181794610379,99.42272680254786,-10.612392526982333,49.21726456432549,-30.512327350306663,-67.3097782038146,-7.860197376699489,48.05686805256704,-17.8801156620451,90.60083104194408,74.14002217968414,-18.817131374515753,64.13760164292384,2.6813468020866225,-54.53535498210387,34.837482161731,52.174810415454886,67.2712094454242,41.552672759368676,68.46552145206596,-62.59355399883544,9.808436164452374,10.616690279598402,49.66022454464442,34.55773878286686,-58.70679957231395,44.20641693029262,83.96240964204785,-87.86807243446441,-79.1692286804975,66.11335626578514,-94.83177218559536,-16.23412411945344,55.40739638793906,-1.2847597885609758,-42.63206779339463,-35.91823498955071,-24.34386145417365,60.02509750227429,15.528366665197566,-82.71758957622635,27.323317769512556,42.75746519862679,-34.07343444698432,-33.04736530308358,-1.4744935399041026,14.430538252714939,-62.63605729393815,9.782890649641956,0.2357460012831325,-95.50378002627022,42.72792535544022,96.74672612476877,-41.59161878456554,10.041336166895178,-88.96954513800404,-0.9627390483831135,1
-62.37576805524774,18.046133373817412,-85.36081524631128,-72.92918354446289,-22.691898635394423,-20.689263602007358,76.58296330374444,-89.74123020375688,59.24872189127743,29.692911380047406,-45.06682604241892,-0.20641115584139413,-56.46004022855351,-83.3241892462481,13.896477627318362,-37.03176891825293,87.71564791720661,-4.686411283996293,-64.16406507493548,63.74759809093041,-72.45433969657178,-3.946614866874512,57.39136209580829,-92.44315563755075,-73.15231618125128,-77.94465434468663,-10.913264942793973,-27.75144119179791,-85.6201162685008,-20.274207671184996,-18.512869446771248,14.336465219854205,-36.73321816228956,-81.41766773405934,-89.12260679968553,9.05068925239408,29.393136804261758,5.408799365736215,-37.04323683743789,-1.4671548338942557,19.100843057220544,-93.33126042820832,90.37676115222612,-30.392211315692208,49.515623895195006,-78.05251055751,-13.812653643070476,92.51391747552645,-70.50309383905831,-62.10407598089655,-14.32093021486827,66.39552974976743,19.289117901572766,46.49278258680701,-47.20128309189813,-22.910809816680725,-77.54105571802046,-75.68539596785143,-36.048575610247326,-75.33915888239125,9.100525277365023,76.2942779786882,-95.72941734909716,-31.397646743248615,-29.33132072748093,-59.21548939077383,-42.4665043593506,85.87542197487579,-78.70058259099429,-31.456364194620235,-3.2586342200112313,10.172599861661837,-15.67827859990227,-66.86522040847518,22.49405629124186,60.131581745023055,85.68215480765525,-5.564423470498298,72.94459313491907,-9.523861893477331,-89.72529913227116,-14.6552150797272,41.93338991686207,31.54048291144383,19.584908046758315,17.061759131948236,-60.077608091423485,-27.50628612918989,-65.10122841872735,-74.57758944581903,92.18960919755841,42.75583383390139,-53.2487298205585,-80.45215293874517,-81.41650968337153,-43.45772605566114,-44.60826662050428,60.65239884713799,42.34343707583986,-51.754609109333025,-1
15.656028199234797,-63.68045663971487,-34.70773835120163,31.87078444115653,-71.99518048933646,70.7569843409334,-6.738048771965978,60.19614008067299,10.47322756344687,-16.521043534170417,-7.928925373034616,-96.61744001567854,-58.4977009230242,45.84804981951359,-58.435231708232834,88.95001604204236,17.559081013274437,13.288737017325317,69.26360255617473,8.471790098464282,-78.20000202740478,44.486684604482605,75.94410661204316,33.307691059537774,-41.63536248520654,8.540249451329004,11.503652933455058,-47.53682996689308,-10.108161363251767,-11.078880152779817,7.286079357898416,29.186836960187634,-63.837872992472946,-1.1371503899880793,-35.169119407565375,-52.80488457610972,71.33964462551376,77.25227690596265,42.65060625025416,10.54115323257551,-56.17100635348393,37.77862160648945,-40.86828563138036,45.88399865085137,64.70567519624944,-41.05354484466173,80.3290846510177,-53.18041619520011,-19.537735765167596,-46.25867599265996,-98.7998436652036,-96.72644719198344,-43.89059534245621,12.703203841391968,-92.14359223131798,20.0931626352492,-81.6891545471236,-25.212994765722115,-63.69547330920842,-89.67832916989435,63.72940712015907,23.848644076555786,40.968513894567536,8.742052672206626,-98.48617984097162,44.019799125137524,-93.92124123342896,-90.79816043405462,68.42524990172566,3.404086215692274,72.11644520915584,-41.59025083998837,33.73918589494474,-84.69869205609184,34.25969610403547,-47.057887210623136,67.12918755157403,-70.2440528955387,-15.542879106807362,25.149555744174165,13.48689428485281,18.891580921328014,85.81696410159512,13.991422643417934,16.281939179691292,-36.3603172429356,16.56818839881666,49.51186424050499,53.73321120259777,49.53658241023581,54.723483290671425,-92.58238434775537,-5.394287949323058,-38.969924464255136,-56.00540012236266,-60.874070259321456,-34.209985844635995,-78.77334281852843,-32.04723712263491,-22.382005688388574,-1
54.46367834712785,-95.74611782992257,26.630275118804462,-83.65493085064435,-86.79803117195169,-47.14474736827214,12.68167289677082,-59.69432439873743,59.73115607132732,3.8625385284606324,-72.86770656792444,87.23260831019931,-11.586757376384995,-2.5834911352844045,40.78733340690309,-72.26949417733925,-80.86197678839977,3.3472089880128806,90.8895389705977,97.04146518221876,-68.1433925301083,-66.63235311583307,90.63550765262784,-68.01183952661427,72.22604860895626,3.6630230405044557,-79.68557127106774,-96.14017355460305,30.83366239838645,-0.8677311929823333,61.74307937708795,52.88657247403842,-81.71669017709647,-72.5874608051641,9.230918241439284,86.87490807650028,-89.96623130026227,-36.48837207606306,51.03371845906554,82.04543985648945,83.69033438542445,-95.32448492091117,35.03248581953338,-84.7931873382731,-21.904311894778658,85.96849872674125,-10.035344856409552,-45.84094073051732,-95.87467359724712,27.47083157367858,10.573363907375636,4.308606553636324,-73.38034623411782,80.97042036002588,41.979959545574616,45.69533682422656,61.75630922793886,-92.08985413274895,63.488757287383294,82.98892576950217,88.57775921128083,10.704790832469442,-64.24532241040595,2.220955267915798,48.811447407130316,-31.316852547622815,52.90994719380035,42.19890634784676,-95.72736738060752,-20.51132565552558,-40.18738035666394,49.23785849286273,16.753579445067118,-72.76582146258544,45.64670475262332,-3.1780403210915864,-2.1547826258729685,92.97320232020903,37.03262442818007,-39.944649890562744,-49.06567289057615,89.43612996526628,-30.19880312886525,98.6696921270802,-9.010767000513354,-32.75157438928393,-11.298655338924334,-63.113619627728255,7.970112626069081,99.27149234295848,-33.8416060567599,-36.02280636533237,-63.967973395873656,58.026713883034546,-0.8248370094186015,16.516772619610975,-20.791726406774075,-59.29833425949755,42.71945188499629,55.34276058885169,-1
-42.0497094172464,-92.13757203178021,63.16662499812355,76.01581751229165,-71.85769439024831,67.86769847120047,27.5376493791871,14.252093987419471,12.783913351124738,-32.15186776523274,94.01489133334138,-84.60616339839653,95.29793222957744,73.90823377184367,44.06667383319859,-37.36358985927297,-0.07631760024760581,-16.373680041275463,88.65967944913052,39.94261543086742,-47.4238596021348,7.310934202159871,28.323999742881796,80.71186073945637,-77.78951112437812,-45.99900070699721,-55.39747171762439,11.469012943293365,65.88932795233288,-21.83329014655564,53.08644334895433,12.715668555309762,-20.407924710977028,-30.762938457272227,49.190923580799904,-90.93373959040119,1.2147796933420238,84.58555303479366,0.1411180987770564,-89.40424133948062,86.59120842841568,-27.16105974162319,82.53847468888316,40.03734420238638,-25.674476312319584,0.7374071389467645,-75.53913674125523,-96.01356657605609,49.77625593318686,29.880093475498683,26.182585293164635,-48.438190306561424,65.32219327039331,45.24514093877815,87.6570830305221,43.049685201154574,69.53783887292911,8.583269986587965,-29.966728628460487,4.138017508810222,-91.19033276749005,82.15484882747097,-55.6933988928374,33.239321501441935,-89.54667286715419,-34.059392606372384,7.734345071343583,29.488048391369176,9.71752290991978,34.28261993441896,-49.379548947020815,-43.142679303871745,-16.87636272626915,-78.41961610368453,72.23092322531741,3.690859014450851,-41.58975411660442,-65.38103920809841,31.640798018822608,7.812378073136259,-28.467448980358228,-69.81409187741612,-82.7042791287858,-55.95679813114991,-31.183559615308383,12.406653141355136,98.05373937801193,-52.97479147839621,73.23528030813733,32.8382161763615,-3.3322487857376757,-89.68800341625831,-80.82392496822173,39.44825978822104,-94.35726273744756,-49.02456331959462,76.9785851292668,10.758879651639958,3.4067696750997243,-63.66718515971059,-1
25.879727627052503,-33.15122183660783,63.56684323500431,-62.779716430744536,-44.84648634972861,-12.46773437035931,-69.2617914311591,66.472707932199,-67.70843318715198,95.45676463538587,62.3254028889707,29.030016660180678,18.498695835281012,-61.17424591080556,-31.40669605998437,-59.93203578071154,-99.39582572876775,50.97450578171211,-77.55178560168227,-29.218866557636588,-49.697392064719836,38.52268868502014,20.68351569445666,-71.63423426246503,66.02778045533071,-63.25221483151442,38.934400728839904,-77.35587001331015,-83.89668828169764,-48.18035892357775,21.20669050407568,31.494273771230695,-25.515260764998587,58.217144305605984,18.23100092454783,-7.616141317872518,-20.6297059316272,73.0751224204219,-32.1115588525231,77.99202432306365,69.04842076816641,84.05251959899078,-10.177911826949511,-61.77871238130421,36.07043843037829,45.94709998367904,-93.84383364929538,-85.43690608431555,83.09027372301966,14.900865500279565,-53.16817098872835,-12.808002174247179,94.22074879783185,-95.63858749697864,-77.76669976481254,25.526564427773593,-87.00951318356165,-6.479297096311015,-50.692160424611664,-55.36845431941468,51.35826854905906,45.992916284090796,25.175194537314823,47.52779520390476,-98.54426720498839,-12.87232232677195,31.7676431532324,91.74174670724818,-70.13018690201969,-53.622475798554746,-71.28294597361315,5.96520888275866,86.10520014166661,-42.33868152479816,31.5319021697764,-18.767701359151673,-61.23717710829435,2.3121814276371566,55.47858374095662,13.856763527013854,-98.08944467660619,-76.11755151867708,-59.96918328623546,-19.097684243569233,93.36482366735513,14.766463517435312,9.833196471550437,52.24869192555818,-82.07301408874976,53.451810528531354,23.40091113225138,-41.22285348929016,-11.497329277088525,86.44351279220837,-54.09833169880365,-36.06219064038336,43.89462421375072,65.89609512269689,68.39712366074323,-57.25544601315964,-1
79.71083770541586,-73.11706461220516,-35.277956170091755,1.228372568048826,-91.59506496571895,-96.6104670220838,71.76335423363093,69.62184700312602,92.6959894948655,19.073274031374538,43.535231558699905,-49.53545114725095,30.05101421873232,-39.44647847651499,-77.47815413015587,-28.94207135613624,-24.549602856860915,-52.54912726857255,-4.732341301126766,60.010881590274266,-35.7075044104391,96.40892455727678,51.06778590079443,-30.883825330260507,52.537234090921714,44.32592720093999,64.9876959634795,-0.11908772395108258,62.388450260361026,14.733319509801944,-61.60489882815243,-94.29630121774149,95.07969552104518,15.357941699447267,-23.701741351554546,54.912049982917466,63.873963586871724,40.388964914917636,-91.30632013525704,23.83031031486547,-70.70584798433661,81.25504791787066,16.888292828127177,-27.359411044669017,67.16860497363103,99.38217785955453,-42.139136579189355,-43.78697021065297,47.38027443434157,50.36241526553326,-56.1206578872848,6.540661410342281,-10.551858354298176,-54.7776178731483,0.6396655369966169,-65.73684923344037,57.91012031595335,-88.85595360425735,-29.544021337159336,67.60712036963491,24.313446896341517,-60.069997698785535,90.03647874633381,-79.46940359763792,-60.21397557499346,-20.36535546292417,81.89738722754547,72.28729269665325,-22.92186135500063,65.71185977487087,17.554898033785136,-52.82365953123871,90.9209405560662,-50.50393481177879,-33.72548077080823,58.08762050925088,-10.17477091619466,-53.68650434421458,-11.67957189163549,-73.37767735552825,17.861628905164054,85.29008292940782,-89.20567270100075,-73.26104148356931,-58.602955342743556,8.465205447629828,99.56788662352812,48.39054528412626,25.07096965541338,52.24103418953476,-88.15054745035083,-90.64230675794049,87.71411300048803,-94.23452896550137,82.3101266902517,-48.278555530765324,-96.39616181854063,-43.04781974054694,53.255571311430714,-52.688800297539665,1
-77.30529575188218,-48.419434591012035,-31.625566792262788,95.12204017198297,-57.471124725780776,67.09604514843889,-42.162510740810035,-74.90274064016987,34.50145253472982,-50.24164225216459,65.91316628567373,-1.1258377908483794,-57.976444811957094,-53.36248911567674,-18.087814547498155,5.9751251036412185,-69.41136270491477,61.63140980484255,-18.42301462992822,-95.20491052469366,-5.8998561820635445,90.86919032466017,81.09373842748312,-52.640393080776235,78.06289124273025,49.555327654420154,-90.813993554182,69.9035332385356,-36.96254196920723,-95.54992961473381,-64.8284237367615,-98.1049737476607,81.91378866891753,25.260218954773165,28.402716935048232,54.66471054081535,-78.48425945722745,44.331709896831484,-45.64389976176055,-47.89099717805243,33.896200978005595,-19.852948977263267,67.98079091131314,63.942324550665006,-4.280924280808307,-68.93400653636239,-16.832003713886223,98.66143886155959,27.914774666416207,99.89010459839272,-6.938560716263737,-48.077438081280846,20.00330161759618,13.60932835750306,15.686487604039883,-70.09933688395434,79.8874924789433,-20.865078008253676,79.41958624128108,-49.644813554566,59.37859294119997,-85.60381366985462,18.991324111653,-50.67055273303447,59.91892416584068,65.3732079111102,-46.34435749745731,-75.228278706731,17.553728593633593,-83.29084255675907,-56.20757500241969,9.184090278494224,-9.332200256740634,-71.42534812836581,14.837225454502388,-55.94028163655167,-94.70398438939134,99.46430954458461,-99.68183469684526,-87.4128091195117,17.42324288369346,-66.87369583468549,-45.03882651560491,87.48971214803097,60.847299395988244,-7.689295078652478,76.08440648398067,97.35701576331053,-90.81323858884302,-37.381985457944424,91.26299999314483,-24.89215990944342,-20.583228283961446,-73.56677872502806,52.4360856472218,69.48561621619137,64.41848007410039,-86.74376522863419,-22.501902290443198,-29.04289745630686,-1
-27.2740795241412,-46.15135381012381,-3.8826845346704033,98.49670043167504,-62.517611180483556,90.15454154626761,4.289804833376024,-41.70781730124122,33.01119780132623,50.36502919133622,36.6228571446093,-96.50035720252228,27.48049624184432,-82.91950314182523,33.81070306338958,-88.73334444015204,7.796174890024105,21.302445064643777,-3.7452096344789965,-12.44454562208621,13.432617582678446,50.1622762748878,37.63488734445269,-3.6600323975318076,-79.48308793379584,-17.620504327577763,77.08775287246115,22.571072313063766,37.36424319845918,39.848547049094776,-46.13082418777914,66.88999146955263,88.94181016508244,-30.30093035079942,60.286076441728994,-2.2972720008493894,-54.46025731483481,65.43574133160254,82.42718038463667,-18.89495570841129,54.86002355603017,73.56558274627389,-67.13187975434644,76.097436529388,28.081223383934827,-37.19705795103303,-20.961751137489017,-51.506151339388495,55.042263446834255,67.26863915716748,-27.843071681694227,-94.07208336479249,42.77460905483616,-28.200416686077133,-6.5409522743100155,66.4295574687425,-78.89017265740992,65.69731627792618,-22.41747392257429,-42.502927371496945,84.73520900214257,-83.66297088267847,9.092580191724409,41.23340864503726,93.2750695988799,29.964412393564913,46.396321854721435,-88.71530491651554,-79.95566306626982,-87.87915692020691,-96.9415371864981,-32.64495659883018,-28.785335239801,71.07871604675708,10.982869085590963,-55.80609951129287,-32.35334335345574,-29.089665422307604,-81.49403449570826,-13.584436150299524,-90.28695368797668,-51.155664201548,-23.522998340409387,40.598636844620074,98.596789781621,44.40921463632702,-78.20804801687149,37.14772698928584,79.84748037083656,79.18830292946086,2.1209324679601878,-89.98278171641996,-33.91710580948384,63.477897719394804,-71.99758876929951,26.75903960592649,-28.123582179480408,92.34830998800055,-21.762048020682315,-78.888890611129,-1
26.36744243395985,10.409436170396049,6.233905600206398,-10.277873809091489,1.0910235820899885,-55.14130334299099,56.74765021504729,93.1494419639495,-17.842238000077643,-66.75412758966826,-90.14110144711671,3.4544339508621107,-60.1686204805866,-41.62656459272005,-2.948879170551777,-99.53050522650938,-73.29688972943609,-83.23916818098785,-6.439517592532155,-9.700812176111157,87.59757309189939,71.8092659413312,-16.81669341345679,82.98638035405926,-71.44302997208706,69.9087519108244,83.46062909281011,-5.2920706202219066,22.610405173895714,-21.574429002642347,38.39850441134885,67.26197500313432,12.78489158419265,-91.86004094923848,-84.68627163597675,-78.72717339456688,73.28975612685284,38.852986012522706,6.933350978576485,-82.86992121691796,24.804187998892772,-0.7480043916322501,-96.3300247091813,39.83667499805907,90.12489385406332,36.917679530616766,15.064915748612734,-48.83539499039162,58.78545504699076,38.717216452833384,20.632232027375366,98.24568921772487,-20.97039835326926,11.434633310988104,56.68709383331418,64.54544424946943,-45.48138880328088,-23.19508360474201,12.202890605986454,29.68837859668568,-89.43886401671226,10.315500471691095,79.75943885382392,-10.669713898772088,93.945668751998,-63.57874933252907,-80.13578704364667,-67.90017622918374,-34.18811717975852,23.8864500062476,-46.79945929204641,-27.584265819994044,-27.081082134883403,45.02197466837694,-17.883068735241764,33.34140694695597,-97.22326806173585,-98.88622787526775,-37.75896521514368,-77.10783281505971,13.52404549256569,-75.46309239332889,-38.9132416286025,-47.31167906261731,83.6561051991101,-68.18981427941178,-39.01676046925515,-61.20147259479087,52.97408385833603,60.39584781511152,67.5765242515696,-74.73489900392534,90.69677757558367,90.14486140487722,-28.213419352493503,-15.114855712098759,0.971950194508068,28.532065443283614,-7.556045901529032,91.93347619233705,1
40.49681679742184,75.3531273523499,-4.0122330565752975,-4.79637412624669,40.52675461710328,-51.62134117742217,12.13565898778998,-13.23121542895116,-87.7107419738425,-80.52662124175578,-6.118631602148383,-86.54307741569708,-80.52465417839916,-53.542069180709476,-22.752720940182087,-24.395010113119596,-26.981215953638824,-74.56376215662262,-43.97317624492405,52.17829459224802,-20.409388759733304,-29.29022915913258,-59.1066559604849,-89.56298844064779,-27.35076428756456,87.05006287886658,47.73053011762843,18.48908815808285,-87.84376627411932,96.30827860886257,23.317567614249285,23.157959796024883,16.046257411991192,-51.86301815533183,10.267508539815225,53.65518955990453,2.850855812395011,-32.39151680059204,50.341192035863,-79.93610016134411,-29.18682764128326,64.31114009159847,42.50821110872303,54.94299560223823,62.63693403991914,-97.7891202605981,-60.718806470185726,-22.58891747958269,18.562413070299954,37.282468748233015,-65.90809421067428,82.25643444069453,7.7263295064608,-26.59965157382325,55.71945590147547,-35.776773140163414,-41.747792107754634,-33.472750618184335,-40.34146431384467,42.06370483820871,-31.21935988338207,-51.807029756056465,-10.117594140710693,-94.73303613860176,22.427926912643414,80.21688484213624,72.90159561102791,-51.03633054759349,-53.04984799608414,26.09825443745251,51.017092714326964,-40.36738956664523,43.546344256973214,-50.990543772318794,-76.61281234986761,-86.77912762235249,82.71173883804869,65.21115009769363,-21.416387736117997,40.91287921731788,69.08958766663912,65.72800779721939,55.79416380336798,-99.30197882961916,59.01174802574104,-29.99382651172327,-15.674739584993674,-68.81053092301279,10.35245933536666,86.05922029425022,79.78759917656373,13.099461041419119,21.511576488498847,63.66364407949678,-24.833760712443834,-21.129534508796908,70.9828360222717,31.767968936652636,-9.222099903063636,2.8570787309417227,-1
-30.348906595339926,-42.55220166918365,-9.646464252554182,-33.956987025700485,85.84561072637078,35.205257610509506,72.44059473163776,69.37744488579057,71.8223515293833,-97.5993945454635,94.88786212769506,-52.23096791927861,-15.950079638491616,-63.41541480758306,-92.46052191546588,14.132915796157803,-45.11747367286365,-73.63792530050816,64.94463281538404,78.81092104077732,18.05981435111991,6.469545590925762,50.87519110498192,-35.39128307627952,-73.96213015983952,34.888214273373706,70.09058355675808,-57.87088047289266,-17.697679420157925,89.03229143557937,-9.365317621223525,-87.36645381939378,-40.2359530377165,70.0237736112224,56.18305043090521,80.24174716832249,1.4087073873419342,-76.36063789700292,18.219759854398518,18.91969078979558,-37.14598035581549,22.323576550832612,72.66123339558959,-67.75751721632602,-12.486934970571468,-71.57072590869664,-40.81523778747336,0.575095531828012,-55.35401394121242,3.2035086835259676,47.05920960410225,77.43935334443125,40.09700200996264,12.107717610349937,75.34213653195101,45.97733290454937,-76.5421085549056,68.57853478937935,-80.37478933063451,95.2718199262612,48.68721835552583,18.965741241122558,-40.08205817334578,32.70294855866703,94.44531959429116,-17.662475097194545,17.258444049128556,45.61628257251874,16.210943787126013,-18.99570083447395,78.04886248968265,-55.77611508693931,46.614154702370286,-73.63150844154545,72.1012517628806,35.73404002248725,29.83787027133036,-87.63978144408392,-60.53072070877492,93.94721645748584,-16.231804992375757,91.31576197894847,62.41863602935899,41.3453522498078,87.6904167561186,0.6986171145968001,94.21825304499694,53.1111442082522,31.253989945405834,-78.42109570113678,-97.36398273881643,-87.10297705243994,-83.07573157148447,-15.383067687172769,-68.32776314388607,-28.456056092476018,26.518630419888353,-14.103450183773816,-75.30097214375309,97.56421452645259,1
71.68255036860236,-41.370453947797344,-13.822495267638814,23.197090052035804,-69.10805055533524,7.818910547201739,65.0831328247896,-70.71274867943677,-40.67750356858137,-70.56734978101093,-81.51009659258668,82.96842997033093,-0.3621401652041669,61.34156154901228,-67.5003169051117,41.21162292760616,17.945807215293158,-35.58388493674684,-98.14949551281953,43.552108963246184,1.0664066671760537,-86.76625565496383,52.72638310942682,-86.59438419249545,20.024787987899302,-1.240220856850783,9.743921116609883,19.347772555981592,85.34256906155466,7.476768487873613,-26.989869178893827,36.05312574571491,-8.15252172718182,-86.2438684604682,-24.08127123551202,-79.01912273013774,-24.9097759885575,29.016900705965952,57.17432511862111,-45.89303117320218,-76.48658590535445,62.835779327476104,26.081303712208978,-85.46159881624071,78.06590506847374,36.795735364082134,-19.67628518415259,21.361566920486695,-72.51802595320163,13.792627185058606,30.69450459191222,-22.6899630550123,-32.18598277621072,-83.7383853393363,-96.25476946802733,-27.50573781359887,11.203655292190433,-44.852738672893544,-14.483852605390538,-51.40959996543466,67.17216223717622,58.20207562845499,-15.450239205876983,28.869867198107045,64.47313997225893,-36.35538494921609,79.67835004550992,64.60931496577126,94.0475649451781,-0.23028958747539718,-62.4894625588692,-70.20081968580791,-1.8881250371277645,37.91969911838328,-18.30233908401719,22.424425139833943,33.876278814909995,-84.64425526270661,-56.85386233309509,30.453933805020057,-45.97034525801127,96.83055306346989,48.02554204554542,49.78963765053146,-44.41210798139012,-9.606882913301092,-41.133407099042785,8.713354859034084,91.15532484830766,-1.8457968505001503,99.83142163885472,-82.84131089741086,-53.84569110719022,83.8027263178785,-29.854043164027402,32.56224058242623,75.38031677402483,44.76627784670367,-67.85000900560827,-92.09593231991533,-1
72.47274174934904,97.5444779472063,-56.65203998184487,75.91637099030584,-54.794200436800054,19.53365654054062,77.90386220875263,36.5064919075443,52.00110899241969,94.49227800558043,29.468426874618245,-38.58245132795026,-84.42420218174185,0.7383522474889332,-98.32905916557229,66.65425640716958,72.21258729594388,-26.00022280800451,-23.96997160846601,96.58898432404425,81.19038383892888,-39.954577691722726,56.298048651714396,-19.137513756048236,18.894770982523795,90.11007438875126,7.56756462986155,-70.78186004538279,-31.580998848114845,86.35770861023482,-66.6052252654892,75.18678508906495,-78.87143022595163,14.04962498947991,-8.174018444912718,-87.25533466225635,-67.954244795599,-14.16559444818759,55.02855280906775,59.856761533529976,88.47627294684108,-51.323344147878224,95.9880477144892,74.16546205032691,-44.235972750660665,-0.1075731654172074,87.52739406331614,26.042052479856963,23.761261466084733,61.633662182507834,-95.76691047758514,95.47258158172724,96.23599063779511,-55.75121111759023,39.54510380338667,52.10627299396023,-64.69417918946618,22.69352011041677,-5.796217996263536,-6.553809449837161,6.827323827266568,9.343189188944947,94.73447964159729,-42.531476351248784,-96.2385274740402,-64.33652798656813,44.243601278479844,83.25224301864387,26.19876758873916,22.745149212795155,-74.07619603101747,-16.31990419754743,-68.2932590205121,-2.6928304360218647,75.44315078708118,-30.557530082058122,83.26276844526427,18.426170268859707,41.0590435879283,80.21797233195895,56.213907381042475,15.880565993412347,-39.80047046326671,-89.33045511678172,-65.61419422815172,-44.830042588958065,22.83830928324622,68.55061039363275,-56.86167952131518,-35.79468603330929,-89.23600057448337,54.78621404289598,31.448312027234692,8.438306415767642,14.744159539319355,39.51851313777732,-28.590382116674817,-35.73121195446802,25.908135523095368,-63.61714125217857,1
24.578095163800057,39.33016477537845,27.286049908727335,-85.74865444694828,-78.39484917386173,96.2355673524589,-24.906214306699923,-65.49522461072759,-13.445703131636222,-75.50042760680216,-14.329639886230751,92.87064680719729,44.91158183176364,-80.39109237781204,-27.17578863169892,-53.28391315552816,-94.33250992332307,-74.69093776072455,88.68562145305708,-17.052839494001248,-90.90269170554508,52.729406504643975,32.86885829294289,-73.48356396376417,-80.86625791435746,34.80523582522653,-30.06932390755246,81.73111226807194,0.24654533568160275,-18.72002942910052,25.099367423340823,-73.64266627317795,0.5298669244564422,-90.88549567723594,20.312413764380068,-36.28738037480208,-70.44317330433645,74.82192554363013,-34.14485415550847,72.45850591084229,70.9171537618962,37.203347195991,-13.254344045078057,40.41285160545729,-59.23626396302335,58.5062117812941,-49.35533849732208,54.468195110768505,33.53386295424002,33.96850174052233,-33.16845483057375,-59.84547032911498,34.053068942756994,98.72939358371335,70.85208741862115,66.64268363416068,-70.99756652074294,-90.94097423149977,22.872188741702274,33.63008642324158,-17.00925366557628,-10.98949618537523,-23.39300879604498,-79.27570741500523,-64.1614754289276,58.468582362872496,98.76236260700887,-60.76170125158327,-0.8737316193039817,82.25626748512343,-60.59318722257634,49.18331895108204,17.73425119781524,-99.07729280301587,32.97209818267598,0.46506098551442676,71.59988623608427,69.4923733829632,73.13477647088894,71.20353135016714,-48.53524024600979,13.560160087865782,-92.09855610920903,-88.31825238188648,33.58172085018603,-3.162344785767047,-93.87704705873263,-35.64426097234781,55.68865493774038,0.36630431366350535,-39.45034157896568,62.523562749437815,86.7799394747745,33.37605161811268,-68.53150588781187,47.85490063103265,-35.91187537222092,-32.59164765758848,5.560210293150064,19.19212690235217,1
-14.201194524996325,79.26716370422395,-50.257145482474016,-62.395053076916774,-94.91044801884982,-43.50551472599926,68.97426955104581,66.5859431148456,-84.56249395470641,-40.40455290083125,-8.419940974585714,-32.91863730073061,-34.09391724520066,-99.26873773107015,79.00677177068738,-1.9091182960430615,-10.017443782898923,15.717069718589954,-7.886798487548845,35.963625043994,29.54181495804596,-56.81235919597298,37.59680430473395,79.14383494960029,-68.74773203772888,74.79960232261664,-3.7865618305052777,-75.4519890650759,-93.67699774575158,-67.97435196307195,60.444263794260365,78.16237886276062,94.78815333335635,-27.588829965501716,27.725079820485135,74.42208175860543,-29.365307558058902,15.564301254322771,53.81229467623419,25.72624311377858,-16.631868147926454,-78.8253488854958,-97.12652816332208,-91.70402742110953,-98.1492159566073,-41.00141060320406,-17.349799353344736,31.389347842270354,-12.154104566162331,11.776222820431187,-16.160058022010148,73.82319734219644,2.624512561091578,55.648152725289094,88.58999894400165,-40.135978172152775,98.58411010678742,29.265889099427966,-85.37207579724829,-43.83749056335249,17.95859996902503,-95.52172613593027,-80.70736917102978,-72.44070644525152,-57.191968511247815,95.58766250919163,-44.162222687025945,48.4332054200253,63.071895810057555,-13.767055722217663,60.06371371985006,22.092667793695213,-52.227587666414955,57.11389393478703,86.18025591646236,8.025760412982336,81.36825788857692,58.010453698412164,43.344656677024176,-8.888302181061476,32.194586589068365,93.83285212556126,-51.59780225070452,19.678212787833843,-65.97874391083398,42.12406079282408,23.0694745999769,-37.088708936116774,-70.22155973252116,80.03978038225944,-18.931002138097952,-24.387308312617307,51.1634393329536,24.10609729921427,11.894168091690503,86.7318362943989,-38.31126414077768,-21.02674675492699,38.55524234136411,11.817739773470365,1
-24.707326624390078,-63.88493097453329,29.494942830920593,-30.53133474823146,-96.17678111404719,46.53981011805607,-82.97930277604293,77.21722176270328,4.275404294748242,-91.70053489801873,61.59146562180379,-73.50586873161468,69.06599513774535,-51.730059232500025,-42.95113153864669,-5.3573626231202525,91.18375999240885,-79.24505827305185,-6.113027569191232,-98.60848253934176,24.055763420168574,34.0831029317913,-24.870252901399837,-85.46353688203703,-6.383187962470657,69.40938377411098,-6.60170921963703,88.85323193111017,-1.0176790446679007,2.3039114925747413,-88.61041026031036,97.46310983972572,-3.8437164101773362,-36.11558025715911,47.86723917920017,5.157768707109284,43.45983033750687,-98.15554528255461,69.05035915143628,48.36258185330303,-37.48394822804786,25.346017337757047,-60.26787296573639,59.44131434120649,-30.46941048334064,56.975981899856436,17.180847125508777,-63.34882706218756,-3.259278336965423,77.4592021008416,91.6301495519763,2.466051053916601,29.127943952595643,40.61440438142918,-47.08010917005663,-8.967350206480717,-52.20669328228071,15.597722272554293,2.5489485920149804,-94.82658365491596,8.576486459585993,-73.65508052778924,62.87662152958751,70.77038162664292,30.25083718194759,22.979327752946105,78.57442795042186,72.17908974424597,13.879145227470403,-56.16972551120296,9.333660499715094,92.9979288348479,88.10179609991968,21.514249241097303,-74.07400196582212,-20.511614548565674,-37.82748285347564,22.33832450673185,-26.60739160590768,-13.357919657078241,85.58950444883112,53.00739300072553,4.4202917894141365,10.304242942999082,97.13942499496198,89.59260361128662,74.45347672063093,-96.78105769855509,-84.20050555748118,-38.047294321583756,65.8736369236594,44.834659108888445,64.04154530927244,-11.452710820733827,83.54504259686547,-27.967889893325193,51.70723590806051,55.20271107928488,88.82282958136909,-35.36815931328469,1
-14.363170336537138,-23.221755725357724,-73.75102446352248,-96.16154463538867,-87.27181814267153,15.659679884072133,0.02255041532539792,32.70471878269046,-49.82418002185995,-62.024934180816004,59.560936268214505,34.85871474000493,-66.64253296326517,35.834339907598576,33.70933902279708,-65.74531786675209,-56.77283753781586,-70.09013628861109,-2.1606964038768837,58.49133382785266,-67.98517890265387,75.43098007423885,-5.125472005076205,-98.8811688236261,-93.36516844884524,-81.73822448436785,-32.784322451552384,98.56289245110773,-91.95104587614986,-8.540040400620413,61.60294981255669,28.194264824427506,-21.977357313213375,68.49442571867158,-98.04555371610375,97.35511947711154,-80.29698530629324,-99.21478860214692,71.52224706511149,79.73127675088912,5.149582819052128,-37.647189669574075,88.20686075790894,-41.650966351766485,16.55302268870888,77.413952583147,-64.24829930578713,-87.36439000923613,5.605470146044198,-91.83191141000233,-24.648131334769957,-80.72178550111332,63.48920046506029,-9.82326071447713,99.8821175713274,-70.94777712503384,-62.0392082667224,25.442383809070492,23.27592092312767,-22.22271256483917,78.96878249226017,-83.58105468184519,43.1568606559031,-16.359011676976536,82.57812309642222,-51.07106435790427,92.80568119079675,46.88663774959787,28.59022785714714,-4.4829216919801524,-68.82236736259033,-43.04978393530801,10.229238511386,-60.321809702538665,28.687070787870255,-8.970751802693243,55.402802612363956,6.178324903615433,8.66254781950424,74.93578077963508,-34.369076104714935,98.33754753122508,-56.14772455693635,92.15063338969924,15.598441297977544,-84.30819989182537,-22.679479349188327,-49.429880064589014,-23.72955623475302,-41.310005943372595,-41.34597567626908,28.41399991974589,-39.02613274613809,97.80015748254209,87.42765057065483,20.01138513069624,-6.222141103408887,51.92512687862495,66.83019382848494,-21.300603782614516,-1
-44.523763403773465,-45.57097255400746,-54.546074547369706,22.04502989552826,52.35963827553945,10.54141514370906,76.19460112793149,50.49366751729886,13.47818883121468,-31.67177746187963,13.653723253753668,-8.087404498895623,-17.836720886514442,-52.01021925527374,-32.630459710569454,-45.19764392289049,-6.269672600722956,-31.923032464490177,-30.30440484086894,-5.77792900044922,-52.90571659782457,69.84382893882096,-16.859284343014195,92.00253145054373,-32.817230978662096,-85.01119746030064,-46.89287887724758,-62.13045527402827,-56.1923276715883,-52.50621855545086,10.541914033339594,92.96462509444956,-20.975023045086544,9.66639970595915,84.37769711709143,-96.33476629096027,1.6694192027272976,79.65461302202539,62.939569224003066,-82.0968600410229,-86.29940737957382,52.54134464465673,45.17294216529456,-17.15114969579932,73.9547599167044,-99.27682764568647,84.59622654682954,-60.899481960689286,-93.17401918576442,83.15843130939737,76.0344361281513,-16.226056054555897,-84.67242496908425,71.5839096920813,-52.89667628298223,-58.30544421985684,32.26643213993418,-79.28428970584113,15.918839686253719,-68.34808803793607,-11.983287421523997,62.03064197923433,2.1897626439260307,25.87011820550906,5.823736210595911,-13.602205869916276,-72.20082317270524,41.765888742045064,-78.88783574394012,-37.05758330985085,-85.38258187165866,98.48374037663515,79.08747710006304,75.92124041223622,93.32135437089067,-73.81861263052521,40.85868973854534,49.06777859997305,-9.022067506169279,11.829765698059987,-74.04384654011515,94.10592014702985,10.146429134389905,38.43367874430223,35.026008017358976,-10.018306192986643,73.8258868591158,16.547786282957205,-68.71847480723008,92.88014034811656,89.42603204233964,23.425408791786168,45.34733378806294,66.96628621903105,-43.72170447275403,-64.93220279254766,-74.24613682001055,-63.66055187554658,83.17614494528718,11.92770040840125,-1
93.33096380873391,8.710572222797722,-93.49476410174961,-48.03735825099316,66.27470287714198,-70.60745808235806,-17.60838099317961,-17.760502223490832,-75.91053200068691,-92.20843073030716,72.87325329119466,95.9910894716557,59.484110788332856,-85.18501855791045,72.55415549184511,48.32756372352418,18.174384594851702,-79.23212277781448,-9.94696130067237,-38.641143377979745,57.465167491479065,73.54947801634611,-29.771261888637596,-91.44334635054642,-79.09848747145517,50.00303584573905,-66.04461204837557,35.685333401747386,50.64728286175216,10.188838768120604,-47.83378399499825,-87.8779285764373,34.5134390189246,-77.77043450657821,56.04131444023818,-47.26034890978661,12.131370700136372,-27.154423770757788,-87.23380159477729,41.827398311885105,-53.29762828134707,-62.74656353742123,-63.82519235571769,-11.804922310718254,64.22842537973591,-50.970396020509746,-3.3527687509696165,77.69017298647728,52.347380442503606,52.5657732788589,8.128649590470076,59.78263355717061,39.06979930166702,96.66431952744713,-72.30708078606483,66.15590655738376,25.98939213966777,-21.173830245474704,-36.77858897443371,-65.35002245522281,-42.1983911318097,-78.1309585372994,-65.67833005050478,-72.6396038593716,39.555419196197704,88.70072063404467,30.61320057498267,-29.828671311532972,-65.11227869271288,-32.587252797618376,67.05111884174806,0.3533841568007574,-37.84837088337398,72.36150919287468,18.701428051739995,60.74509946321746,93.80810888282974,95.17609410964269,-3.653294421560176,-5.662102075736513,28.82478402882043,-62.590230632583044,-10.490193090211264,2.444527981473499,-66.02918266971515,1.1820955571391494,-44.710151008367795,53.99632659430941,-68.24183968496783,-83.98765645588276,-81.57531703424641,-33.62335241593108,58.449646862018284,29.048668473347078,69.82685941478812,-12.126622806327418,-87.50776232953828,-93.30276984650045,37.37481911526811,40.210992854726214,1
34.31463911855991,-95.1198436886924,10.045308431252352,41.56701944595375,-18.491393793513836,-30.69516640945635,-3.092400983997834,12.846363336907203,29.87576404732448,5.731320797855119,-90.13820257803506,1.2279705389288722,0.5566883693361149,-95.93178362356447,-49.48279866305516,-93.76501817761576,-25.26994072540316,14.264003086620548,-93.31240288778046,-99.81139149450193,73.0858810165372,-22.716887633883758,89.01011067892071,96.64828729447973,35.97457478943497,12.104436979017976,10.588149637850421,-61.660145767673114,19.928028813793247,-10.91891428443303,-51.25657356649476,-69.65867689922032,-89.07569270219236,82.8376848267022,-1.1799168483121178,-72.29051151106114,-12.469527055115549,-18.367067019689017,-15.974384200876386,-60.857317014346954,-93.14297288135924,50.65534542626071,63.57754842574985,-67.43357083410743,-10.568608645648283,2.4537501568903934,93.50383756104813,2.4446114895077926,33.069926452713304,-19.8273522390147,83.93233141750045,9.810587971533806,53.86611776492697,-21.24791992408734,11.745453745151877,-62.18169589924392,17.326691824676786,-54.28558460241797,8.926997479265737,53.310674067946195,82.3310678327586,-87.32302074009831,75.38972336049937,81.82305504145856,9.045977193877803,-39.45541510680979,9.73239915231099,-11.00961378611656,47.9539263284386,-87.7322802241496,-10.659632411159947,-91.58637154800866,50.82153910203644,-78.16665082438865,-44.219589855635675,73.3885012691529,36.75169008639364,-95.04576487337033,-97.16674780757302,27.719336938118346,94.6678532393183,17.673197325054076,-90.79772847371707,84.73459839785946,2.431496282333029,89.81436532885215,44.62872688542839,-77.17734696054637,-74.58935534166673,86.95013625193283,92.01515921886585,-75.12835572636725,71.24448133828977,-52.868968107126044,97.10116296731016,35.5240713294273,-39.01316695690959,68.57118124143781,-52.10639229678738,-15.833242799883806,1
-64.51209124405543,-52.3634437906547,-73.82526785633004,-50.66422709567539,20.214833360046597,-18.11758563659633,11.467433914601614,27.082871372381973,-90.26103032001404,36.774024981806406,93.39370292366306,83.35120062374935,48.5271979363381,-28.35619175138544,95.17417255670733,-21.18327029799363,-33.351651889854466,39.623384816704714,-46.80518706917758,60.77694174705067,95.12099371782242,-43.09187794558878,63.50648319162414,-40.424733695441326,-9.73279345214226,-37.83076889652135,-62.96699091675948,-97.31119120331675,29.01653839335725,-84.93117648536986,-49.651107143493924,-30.14701883047222,34.45430152683849,12.038510846846663,-4.803389027890589,5.282722078975638,-97.36744571362048,46.861933321720926,1.5319992902461905,49.534354016031585,14.982516835580071,-60.7384400209184,-99.12587104279756,40.05688641385947,-51.431139399910464,-84.20903461368636,97.54116194323959,-74.9936768782755,87.68636308254861,-98.30711567653809,-3.2413533890972843,-37.38866255672206,-64.56975609879345,19.626565950627935,24.24797856187378,-42.826432870744526,-58.85076359078249,-45.02485585532121,43.11432204049365,-4.964805414636842,64.76329543344909,73.34374563128975,20.485478390837585,-35.03294843858697,-33.06300977937644,-76.12658601691982,60.52935187856406,-33.39777613158547,-85.17297708937164,20.26893398141621,-0.1964332342082855,50.260940241958764,-49.655304348017395,-48.522397183223084,89.48086318714908,-97.46471648830186,92.72630241596747,75.76603201979731,34.781822291029044,-76.78907623951837,-58.398580508998556,56.378541698065504,-27.012226562963804,38.98928627396626,57.04632116846173,-32.72140021479177,-26.56079833360812,91.01437577692903,26.978815585350617,81.16221647665728,-71.34895912184429,-14.262244077521302,-9.795213647209906,-94.18123139526048,16.84670994183604,99.66935627772457,-3.2455417324005964,-50.438238022336776,-34.08400990762095,-35.08223417000322,1
-26.456839388113295,48.22412985801182,88.72318403351977,-79.79083779787067,-51.62123434823221,-8.400848199285704,-96.1742067125426,-62.85338559896287,61.98488406057987,-16.260971334463164,-29.04054206872226,-71.72328915673197,-26.655618281240194,-14.46618283516618,-39.5446599007103,49.64776123618003,79.55916127840518,-22.293770398791594,-46.72447171399523,47.187078387489095,-47.92052825098567,77.56362299299974,83.03526743731956,14.429375557280053,-2.949349081354626,81.42348383602649,79.4408261863583,-56.01509039212515,3.636988468621965,-49.77754263619878,91.8386972917043,-85.74946293572701,3.409670938026636,52.50513541879519,19.27596654047315,67.71553327428498,70.52448749522338,61.309044924840975,92.39437395481417,-12.673735821167952,63.45885231773096,-58.10631363895289,35.665240926252636,53.69624585746121,26.249144152323822,-32.265615022500555,-55.9260618867017,77.62273103607541,72.22383367255424,-19.061455710424596,61.997575003418035,98.59256006264624,44.13685005426305,-47.63655634656436,-72.39707890486676,-42.26663446636676,-39.495235802062446,61.38403070813874,-81.75039462019953,-90.2156904050001,-86.02078851782598,54.81226380998453,-55.11462375823235,48.52796662918615,-53.67766392757436,27.844089376707174,-97.98731952396534,48.22155940377695,-71.09068200433646,-12.14965435892043,59.36247231726159,-42.23852898712443,-92.97315937155692,-51.24668566086468,75.41491633212377,89.44091794963583,41.33668155173447,-39.131094967636336,5.345788891156062,-66.05465546162458,76.09152029029704,14.847032178799054,34.02484825674338,-88.4849021969832,53.52444035271776,25.36904370013262,-32.405406715745826,28.094650062649038,-72.25863325903632,-56.4784559721504,20.83818244488836,-20.698200744475443,-90.12158476382488,17.580513838456596,-14.482385270535602,50.15394998241632,-41.19718267597965,-35.091674030390024,-77.39454996805213,36.13924588380988,1
-55.28083229610947,13.280928059379434,74.15069006745182,-33.09774225161357,-4.8907925026346675,89.41813342170383,67.47341595403014,17.67044419663067,89.85462124912337,91.42696650795924,68.9728170821017,87.29866626204515,86.80659822612787,32.09394427288623,22.83377006377853,-15.932922160900205,-41.01377283922714,14.267905690615422,2.4339911867774333,49.925150429804745,59.699192720782605,31.498845996988393,-57.52586893950045,-48.45198773769628,10.266109938460247,24.8671053102411,-53.01028743332146,52.44651240883857,17.019979708997226,-17.735460635346072,48.16353158642306,-23.764999806963985,45.888797665309966,48.7776288237238,97.10387138057308,-14.030851258729953,-25.44459084214266,7.274404744825148,-19.821336346674684,24.77250832346587,-3.4579907521716393,25.36072604909461,45.77405861943268,83.41031840807591,-32.21835934325543,-61.803593891959416,76.87723349077166,35.14773293070837,28.618711643799486,-24.77551381554528,52.34969938577706,-24.378339106882564,-40.97810642367903,-60.17057669597672,35.27536713098246,30.883967107944557,65.35251639673046,-37.53077125628164,34.81357880354204,-79.73832663541718,-23.107802149242104,-70.94052926482463,-3.4223915979196136,78.10831702611935,-54.77064335423974,81.63966789160366,-18.016231026582048,-20.181053161049164,-43.500551960961495,51.84201952180348,44.20916726021568,77.76329210616623,47.084409096957785,34.65186144935538,61.532763138924395,1.7497065897471629,92.33682951519583,-98.60076290470265,-97.55299542392063,-61.843027288445974,37.93798943049879,85.34220120443587,-6.818963599172207,19.63698294533924,72.68920603447313,12.676264125399527,-69.32089090466175,33.20816083093686,-19.81068447754373,11.964350171088768,81.03428370442478,-26.93572225520259,12.732896139154633,-37.927425665361,-44.14633355893387,-99.71423916660515,-29.699384352002653,-64.69504761056204,94.20166038696775,-28.115114136739265,1
45.191135774047865,-42.273889351948846,94.69779383547939,-94.83761861010261,-7.928345759614743,35.50845349179065,88.2241625067347,92.29846491482243,-94.86207102611837,1.1041583446980638,47.7092106793927,-10.405668723562016,-51.31147664691787,32.37206244300111,-73.78402765905938,-17.11403750659268,35.460791859628216,92.57409880036192,47.755605783719545,-53.81166708025111,43.48689017565073,93.57198481628319,67.0491095476005,-7.146715942812065,61.13695777537848,-69.8414368335297,99.19821018922104,89.37347949919297,-69.27369592134667,-73.6458222805928,63.621956948833514,70.47002333676681,42.02217838124261,36.641661909517296,-79.36003761883279,-75.03646619163146,53.74584560241627,72.38198966087589,-64.5572183461812,29.2937040863099,6.724917545323521,-43.827866664197536,74.34927543851146,3.4592991780146463,-76.81329786849872,-84.74129133721735,-29.480264291049394,55.38285985090127,33.07784743360352,33.539552341294296,-95.15553231637259,38.90489935711528,23.715583173101223,-84.41457342377596,54.83337701374546,86.6602096470389,7.982659372391794,20.764674445636672,74.6906267132681,68.43502290889126,4.3055677108742,87.74658160867503,59.98078545517734,-33.109036956988376,64.07570277887939,-86.59211078959332,-65.77567554907564,27.71731004689049,-14.672935070948583,-75.21202321743053,23.410249557550273,24.192522926275856,-58.16491655343583,-91.50531501055161,-27.831996110040677,59.7353732620721,-32.508503528320105,-92.09288136906164,-87.77712752870745,-70.24510428320032,-70.94655041457443,-66.24995915538457,-13.510651437089692,-41.19976035791557,29.306710479430222,37.682365456411304,-15.715980772582895,-76.12743812469753,-91.20079398544136,60.354493215206304,-22.166205028558238,77.13504421977751,86.13656062503321,77.42185500209646,28.299416341031105,14.464428489247851,21.566348664711114,-75.49791030737188,42.42642203565933,50.07619103186525,-1
-25.968259948911125,0.5440780184958243,68.95664562337754,-97.79374711427056,99.08750323826197,-71.83941022146479,39.285961407221436,-88.87889566390788,-9.163267452658786,98.86606053714297,81.98603163194372,98.32486859224562,48.10190424366371,72.36876465896597,6.386595510558294,-39.75374104121836,-17.65046648195137,-89.21348343182575,40.787181465566164,36.80497233841436,-36.36495809825937,5.328452705039496,-14.82628782337126,96.98757379417268,85.45297404139725,-62.687228073068056,40.407133696428446,30.760931876866124,-13.326610260633018,-14.513785767957145,90.9234743008108,33.35121226147547,-59.92793919930995,81.81450527225891,-54.921221136634045,69.02112819605236,-80.61831306443779,99.0062450012071,25.843794417722705,-9.329292417160943,55.82745135951998,91.36520754985611,-29.530717634398115,10.415339256249553,41.81733628476991,22.3294665475197,93.44069116843869,-55.23152228732033,-53.401589490812064,51.30294480981189,-17.911621932176743,-30.2181546088254,54.236339223645615,48.58072057647988,92.84976820724583,64.76530236265805,-32.911318699952744,78.71996373640224,18.781252045119572,23.22284716610477,91.93544681385117,-54.6020135304478,96.4096797981505,85.14378803343266,91.80140213735501,-18.439397380674933,-80.55240618088366,34.9268887910379,-42.79923663154746,7.430151288821321,31.62589429744247,11.830296987851057,11.718346171128857,-37.15918450715989,49.067782488612664,44.54463008178729,-63.17058704305663,83.27544090274839,50.67379139554549,93.83646078754785,79.32395754253102,-46.752918495163144,94.34515637271821,-75.77769226133964,40.21916188764777,-21.334590293543926,-85.55386533727001,30.223575620559586,46.62653815001187,64.65234888569799,98.32180344451027,81.84540769578999,-28.360155285214688,34.41254284224624,6.372144488615632,14.083076241622422,-22.58013091801392,-67.18708996151636,-24.84737671198465,0.5988384257195492,-1
-80.4331678697997,26.45285758390608,-93.86949955883878,-55.076877631229614,-16.210441962504916,-25.655186719531358,30.82654740557473,36.773290367068654,-56.733444473834595,-45.202380106005634,-98.76323547182066,26.003736123765478,-42.74402757761182,93.60443440914773,6.723386261842165,73.81981374494572,57.014372312702534,-90.16829527571448,-7.806081557492078,62.20307498641387,71.76278293497137,-4.950694682559913,-19.295446698554116,-65.46851978048204,-69.96927116322496,-45.85544836080333,-28.68875526232874,47.497896891983885,-8.474673482111797,-32.28280561168529,-84.679276737258,78.3736408762652,-23.299623776818578,71.06953373672454,-97.20131796590748,43.05642626543539,8.802458272621962,-50.06998144833945,-3.1479141106774478,77.71027654067359,93.90531212797731,16.85258545455872,6.535545318249973,-2.2837710049909816,75.68898259021589,-80.33526658160724,2.351177511434898,-15.912164144092628,27.31880552366009,78.54980090407031,87.029341250074,-35.56111520474255,71.17626189258809,56.15255254968062,59.2710453586364,-74.19422063218633,-19.526400995127545,-92.924156965336,47.650408715384685,53.41657744585811,11.296461218012638,-18.23387669690422,-40.52534158509526,-37.061027339331744,-57.59378792441445,34.09465996063773,-87.27263315337663,72.74328292263073,80.84190960265286,75.05551255917814,27.0492186907979,15.871646286465307,26.921623296234685,38.08713890897738,-45.711689900621224,6.269488117118868,-2.1675053516346168,37.76073281410311,44.62724440650243,78.62177530997573,-89.31098609988663,19.13783945250232,-44.54445450646729,53.609944853841284,2.613830543812952,2.11006064560344,49.34902577635026,-29.09200804961054,70.02737782468017,51.75766843049257,23.865479431447568,30.824073067603535,-65.32361083541736,3.7180568061504005,-96.33851383597126,-4.080999440179966,-6.541101346040335,37.03789113813323,86.48726389267995,-16.331537565477916,-1
-54.271438899307455,-36.249499413586015,13.462443925780704,4.6781822748732935,69.18428793554642,-77.33929905450717,-70.61561528324584,-6.4637575030245955,-57.20106426033729,-61.59532617273109,73.59991837901799,-14.491628928057594,93.46562227069396,29.2093888193192,18.183218565445358,-91.80435555002191,60.85223087569,95.21411720638088,-30.406266768956698,-55.02063885391855,47.59062405058771,84.86327100148583,62.01386164584554,68.88112245841316,89.16888181254302,90.71444476703175,-89.46533363406057,25.370724250706672,-63.28741837601826,-68.28039883239154,-90.29330985406621,-92.90608293166669,51.711045693358216,-56.946245193428034,12.415627513129749,-10.214658146221112,-0.29850669517972506,-63.953269636307766,-79.0620863432691,41.87558606197783,92.94751192039357,97.24997129437688,72.00997593924342,42.82456036554825,-8.815345259924953,40.92796388814395,-27.45323635661117,99.59134310045718,-80.40618192098654,5.383873460886491,30.975347766277025,-49.8320280556571,82.44045760498648,7.241834213666692,-4.082283056066956,-18.032026340090795,89.24004239534688,-14.681810962813046,79.0703734424524,2.4335768335203483,75.48638979128611,93.9150576962785,22.94747677516453,35.18214636046892,-58.43322065011236,39.95885641949434,-85.89059912629374,66.89428859388698,96.77459690896214,-11.943257272003535,-59.25508797177332,-48.30096089297216,51.86604616774028,58.717576771337434,5.070767986622357,-16.743821244602387,64.97936144175986,15.86782215914954,72.91982927965546,33.61205813979245,-35.046677132196265,69.34592834155177,56.87635158437115,37.64536659450857,-29.435361706659364,-78.43266603495162,60.62037416108683,-40.77167057261843,36.5616155637334,-46.02965193086308,23.9305043809412,-52.874448742890046,-9.573368332020536,31.056075045658247,38.659319444001795,68.47703492670257,81.86738359584129,-8.45409345756913,21.68684702092645,-94.48871702683692,-1
79.42205199051543,16.24764428452245,93.77557105713831,-72.96674216903546,72.91272190453398,-37.62722841662336,75.2638866284623,33.57358134016269,-43.091722864613246,1.5515676377137595,-87.24108874928042,-18.90566473391631,68.4387461746229,-28.894040569598474,53.231420316555585,37.906841781083045,-42.083459065854576,17.894160618649366,91.9833379284182,48.700507155815046,52.53069798229686,-4.421867810850074,-34.58169879967228,85.43496754719777,-67.67678785394051,67.18982218231366,1.631461312029515,-41.65522256392782,52.88002227786123,-23.406597787137343,82.57173799287747,41.50769792293474,-88.75808842675556,-3.689320574548006,6.608657577716627,59.31924828158165,51.5626611388532,-33.82963902547101,-34.80041629287946,37.417694420740844,-78.90687399811611,32.66356873489619,51.50987142877787,79.21133749959694,-22.52830205840786,85.9863197963291,45.70851973238882,47.49529437979774,6.2620873778590465,29.592860981081827,-30.62762587054317,7.276257155487272,21.88995167605472,-94.86302493905796,-74.14072576572852,27.62787979376391,14.763752006749328,98.6048880339215,-57.5738848267324,-40.767453947849866,43.594221348205764,-61.052628799409135,70.20251524349274,76.82759265766293,-94.06296554210596,14.627751279226104,-99.69522122333375,-32.93757174807581,82.01316910701382,26.832496864283655,19.756623795450707,75.91549480686541,76.34130820037097,67.58303598385714,59.598554398280555,90.640415750621,-22.304449963180375,31.223126811971724,-72.12436276169223,-75.67963122232908,-35.49105164285436,81.30151386058341,-83.85983572858092,53.95674911408048,-94.27107040606882,-52.71980003490844,-11.933086767228886,-26.138562600336115,4.540340847873111,96.07085796334161,-50.767632495212034,-72.73965531483806,26.449786887289278,65.83053201488443,-91.88407721895943,-9.744626467201229,6.747869512090631,3.686749165079476,-83.7039886204,14.606520073052295,1
64.5074485846338,69.83913031306386,6.720509345375689,55.34211139103624,-12.170036673250337,-97.56864570452264,-6.998096494714474,-18.308883718303477,-95.2107469459033,69.50952661094726,-35.43804131042994,-85.420309625669,83.02776408097921,-99.9517990629731,-34.61157994906101,-48.52690831967319,19.236533880475378,15.645957233902735,21.7998222103857,28.77358551102526,2.576520501914743,75.3837863741694,-67.92122499877095,73.96247316278462,91.30978174584129,93.1251445675185,59.26915509592982,19.282005316929258,-27.681946715938068,13.080678390100857,-24.172136845481518,-87.77247399755528,-29.849357050129015,-23.77133694140427,38.84637576462745,86.14787927248253,7.90071809000122,36.45742435273951,77.86752240428964,-76.6906624569605,-62.956856369887795,-85.04843065564394,38.29583644831581,81.38920062973278,56.365855028662395,85.32426971438446,38.63740075747887,-9.940274751250655,60.68156531792715,-51.04141871684587,-90.44170322597571,32.09838526424775,-57.075945065755505,49.96724467688094,-78.35591528651892,89.4697992709068,-66.08550869363161,32.12146636219552,69.7341397748281,-18.60579391439859,-38.36118126810932,-50.4588224018484,-18.221633058921725,41.21052039107616,51.951475633613086,28.918632602200034,39.05784445412587,-53.17487181628413,78.24572272220186,88.50584905302611,-87.18450137473066,70.6646565675876,35.7627938088427,26.1473758734206,-31.49054709818199,-40.02714731331558,98.81103747394997,72.60729864885022,56.372456299878706,-8.856730902492814,-7.550508693547499,40.68241410561919,-53.082795116286505,29.95074101934904,8.748081739983931,-19.652399239912597,-61.479086138507014,31.409011553723985,-75.8689296379484,57.30355677668172,-53.246327764098524,66.76501758599167,45.00128762063059,-61.60164357413751,-34.48901272795028,28.0587833902172,-57.39779618419316,-65.37198017182615,41.79237882491773,26.31679790319845,1
-81.2650464343815,-86.70074652664451,-13.533039791479624,-39.34497048648089,-80.69310596091184,56.07522471419608,-83.28913249786206,87.09690270549913,79.58705868874739,-59.15157872631423,-66.39598956146429,59.115675251517274,-61.92364274059305,65.51624349614042,-73.68693867212907,-98.93020226115543,-80.4762478929702,-55.98674904306164,6.423594491756532,42.81740453700348,93.00632458198376,1.8006890965236408,52.9695786439967,-1.3111441434522817,-60.83215162115325,80.74915412178834,56.78330193584057,-55.667231382522345,-11.698651342165789,-29.086435776769832,98.54492391872557,53.50133907907281,-35.022678703756256,24.127390424151912,84.64517569724651,-62.66114050771758,66.3442240559836,96.35592065559788,50.61727888826587,-1.2845122655635635,24.36481726115494,91.52725879968708,70.2206891930291,-64.95449739659401,-89.07474224670308,8.685936251718545,-81.1706495433553,-48.51902230412686,-39.54001917553083,-4.489868920565783,-38.49944510731398,-57.87169152904112,32.62040700903381,-66.44014656736832,24.89731122152415,-19.251840699702697,-20.250138149788285,-41.84396301338926,-58.21586446098242,12.79815668832262,52.79521692904822,-14.938912504483383,80.92067470348874,-73.07446944251762,-97.10629278537107,-86.50075094015403,-56.047108455433836,15.126178018343467,-18.11314620954623,24.60990001600254,94.43553749864441,-36.10489082055297,24.803604231097978,25.09469068332129,33.59387343488615,-58.23876801422594,29.098538472287515,-76.16385615352735,29.00093421465718,-46.70022065881228,41.304592632083455,57.54949031775294,-55.27068303528158,51.55949294645205,-55.85637847204228,-6.352111174326552,-38.03799017390954,25.88873339633075,64.02941312688847,28.54307095441385,12.258292319157178,-2.0761911738117647,-92.02700808239372,78.15850080810023,-4.305875825566517,85.44415876781966,-46.13573595737919,38.970626974063094,31.20526390358083,69.51560624347096,1
-81.2036120318262,-30.860801299216106,-98.04583051616326,27.440295361656084,-90.87025089952326,58.62857479934789,76.51197535446946,65.31021483829284,-88.28693894309323,-41.7277854324511,78.22801835870189,-78.50988947421837,42.721473252694295,-36.812835522872646,24.50987924262276,-97.39795731482546,-34.12438659315646,31.77108084536843,-82.37468609988845,87.5773952189767,65.78597823860241,41.35305637232622,-98.35275168160797,45.620898473548465,-16.428762695573724,-49.92538985860446,-52.93488980805008,-43.79441474595951,33.52144594540064,16.00871105961967,-10.172062308121795,-21.603777418607976,-7.24250884892939,-0.31163191300112203,58.7042529280649,-96.47669857177854,-4.885984649269275,48.67225009758485,27.13021423178776,-96.47303418953072,-54.63058089978872,50.919439711558454,69.15252922356092,89.07359496240053,-3.5001250268507818,-73.79429883754021,-51.87495465412286,44.36854995104795,-87.5696145734865,-60.07387026536575,-44.14427242030157,89.55750295759071,-15.684752525872895,-91.92220181750083,2.6804370651242664,83.78291939919924,-1.5795788722140713,0.2874720422464634,-97.4385334739146,1.4559529098457915,-11.296023904834328,-91.74896792740867,24.959200258428666,-64.60796639391219,36.66376777610577,27.265245203945582,75.72822359785147,46.60764272877077,17.09281891858845,-98.27123570061731,90.88981733136575,-92.6164713845314,-89.79706341572977,-67.65361266469041,-12.43330530879976,-73.22922135246893,-84.29081660537668,13.493132153980113,91.29500495422621,-40.84428880212625,-93.52487267212688,9.033449635871222,-64.99401185522177,-69.47934179814229,-96.55336344882541,-4.422301704333222,25.558495640068074,-16.320088072734393,-35.71337220049526,98.15625199334758,85.33775771574946,9.431310642215777,95.57330559009941,34.94100863662965,-56.234038914747764,-0.8606604840342129,72.06577830901293,18.43699802598823,-14.45407303722277,-83.93834758931347,1
8.127024322021299,15.257672033362638,-89.60574326970551,-29.349718299587167,2.533545191283281,88.74031856404417,11.811856989320432,63.74804589681017,51.02672348903917,81.88590073717529,52.37797887549681,-45.65648022036406,-2.9466515314756805,-56.12212216075074,-45.05899343857127,97.26998458883241,41.735343993101395,-3.8427663640545404,69.30689862468105,-73.83152773023605,-74.41001181604703,-86.6405845475656,9.696717149824892,-25.30715664145559,-31.09962897150767,39.25269506010662,7.285909179671563,93.18059837316218,-83.17798013806285,88.06967553403834,-54.33596524061146,13.745588329631971,-22.828924655652784,65.6217018536615,-87.58597265829778,-46.803492124011626,-65.85358477739007,-14.54365837453446,99.42988795163336,-2.758262296031461,30.971133433636595,-99.36653717231994,63.85700814840442,-6.932154653589805,-2.2388184530116177,3.482837763379635,-35.77559338837217,-38.84263720207797,74.88799708007659,66.31729713456559,79.94821819594887,5.331123232591011,-95.35465730777646,98.89279397920029,90.77621921963757,-64.12806208993408,-33.48354190132771,56.396770715341916,-27.76731954578014,-97.74989553040949,-55.93781310764954,-64.25579280656896,23.085515266472044,-18.528595112475955,83.38877843390188,-40.30832109757636,-42.88608669407552,-60.194940113394544,-92.67415552725507,-25.027661235520227,0.8249831075725069,-76.5878752510448,-63.0340752693801,-2.7617262456165292,16.297188332634022,95.08575233312783,-65.04341150713898,19.079181374639802,-35.15518312552413,97.09721152254073,22.789611338703764,-31.833074506797715,88.53816530941077,-5.5534914466979615,52.60004969080779,-13.73012442673354,71.54022441053334,15.801249190495696,-90.69978721492664,90.56639936522393,46.20221011857956,-81.84546434632998,-94.71552498120481,84.94589978070113,36.32740594028135,97.08449819178901,-52.50027835077289,-26.565685783844103,-56.07859136308224,-98.92680175653604,-1
27.018730173528766,-82.93006638427123,-30.81300149060742,-75.69972473981639,35.73399133451295,57.509817171755856,-45.81146033672692,94.23018147365715,59.956672889156664,89.55593959384595,-97.16067310565526,-57.69865014364639,-45.266723015708465,-16.743014291129057,-9.00984463160006,66.43249074582366,62.23252077582643,86.6226442337306,50.480490743893455,69.59433866251808,-2.381547947004819,17.483032758533355,89.26177984167748,80.60021703029923,-68.81629806743459,88.63262557066983,7.989645444276874,39.797021634897106,-69.93082505364669,-27.099807090241512,-20.991892863700315,44.38479398578667,-28.00529636466611,61.279058666996605,-12.046299222371289,-5.692722484351037,50.21790608847718,55.179416477836895,-60.07039616373318,-68.47315365663644,-22.979864211896597,62.22552081279474,65.89852729700459,-15.914208771909728,-71.75409508055155,69.8823175898639,-28.310110573287275,-38.98100376929747,89.72203395818866,71.57119716293491,35.573906803490786,20.030529614722937,-60.789129709059544,67.58001017219758,-32.747224067497015,-95.70891754259134,-47.282163825329924,83.12475621335699,-82.4331369975319,-0.8832488015267757,-28.91148256476069,15.119869373471161,-72.72540380388419,-44.108968935973756,-83.70348763072634,6.0048851054334165,-77.97361233291016,-68.25263188195905,-59.02011295712239,22.385832383045653,-48.562157644651414,46.5047494575044,43.42356412252764,-36.34964388763113,59.80612301689149,8.99472615813795,23.122858360839544,-29.478003374785146,-71.63263410299545,-45.699430940623856,99.13508675247124,53.41533150717555,79.15820051537631,13.855197436479429,-2.4167978311955522,55.00411485308027,6.9140416730943315,54.33288297351808,74.474286577107,-34.70791898008355,85.40509855124617,-87.36834322446578,-83.12127339762378,24.941805452461765,-40.11810142650438,-94.52719930979372,-53.17589706828405,-86.08178111175016,48.27414756632845,-80.7853189487567,-1
79.10464569924011,78.53434221539496,-5.0738248500372265,-59.50388796695252,21.155849890538065,-89.07311599980554,61.333010605363285,-3.195885498119182,36.86284978506896,-67.66108934520263,79.11114817477701,24.590808836676345,77.71985608743049,-89.53056431373739,-56.63714481417834,98.41843740576402,-58.14244769397603,25.356763410368927,-18.56525228022494,-21.70405393319686,-69.37731084556032,-17.643594502845076,18.050673051938887,51.26635729603183,-85.65789582301346,19.24621596847001,-31.025243261358042,-24.60135292667303,-94.1922434680451,61.78546144355829,-49.88574171557043,-73.87520662614165,79.18689925838044,93.28696201686392,34.35454527244596,86.23161822212447,-89.87093471125473,-12.232652383173814,-45.69668445338573,-13.599082238169217,-14.707039954589021,87.11311204044392,94.52389264459461,30.57461859403196,-50.973567033097275,61.850645530130976,-53.843215497264964,-72.68221232471521,89.09011002355777,53.825780324355975,-28.16014087135838,-73.73751276428995,77.59705980933336,17.078442207328862,83.64172018175483,-61.579763880122144,-37.1708769698788,29.062326507177602,3.0193865205917945,-16.407970186570054,-83.0571767258397,56.61856915217817,9.691628407378687,-62.835924896182945,96.77960727200352,-33.17427122495231,13.286179826712072,8.99645616995808,-19.909297353022353,-60.435862147577346,-20.882011825440088,-97.46432458884743,81.23804918519912,27.443823361583526,18.449763077870188,-19.473663177863784,57.194768476462855,31.920099570854973,-95.93441997088203,51.59401049213233,38.272578742358206,-63.89281748569224,99.5450196211921,76.80357195803666,-13.274783291473739,-78.79712881550635,52.99012263211168,27.22760832274227,32.83646388712742,-67.87976414568331,64.54584325823197,70.97568319501556,-38.63301519182127,-27.473448294293505,72.25004800018564,-29.422701861923997,-37.368033203985426,-99.97905784037128,-94.46508902657307,40.62530893463352,1
50.17421355829947,-97.39961529785279,23.428997320806005,-28.92308626285211,29.164477257296852,-14.954362912461221,-50.19825277818202,8.059306358061448,-66.02258535618854,-82.04809988796858,-21.1041218322285,90.45280290667446,-11.879377188165051,-35.988087163283495,37.20484478717822,-48.460870362164066,71.67467595221248,-84.9812708389372,-2.3330173991330696,66.1844981643701,0.5279609951070512,-74.4292364182609,-35.43710045723134,38.36371722501016,7.10517653911991,77.45820035546589,-90.8295963250597,92.62293187697597,54.67844492575446,-98.4539465319302,5.896576475878803,-91.78672525067768,-90.89915244194077,87.07645214655724,-67.78516438610626,3.3320991603880543,65.39537544418945,-77.24765565782468,-29.936494825534282,83.48138521854969,67.77031685287545,-55.59281872590793,69.59251825783997,-79.6468406897269,95.25396100659046,-98.20114143651378,-1.7454163791056345,15.641333059603667,-70.69268984218533,-76.1853148034518,90.24474912792104,-92.21046822010439,27.568835977545376,-29.948621039309458,-34.121981636546224,26.899845867855348,-70.99550654596167,-59.15058273109533,-17.84060029113057,19.890754664015972,26.501529865954467,-75.12553124308243,-66.22358268965334,-55.335352231965686,-94.86394722819304,95.6057945906339,-95.39609676444951,40.893826765853845,-92.94436664979872,41.17437135350659,-16.574062165424024,-53.68645754670054,2.1436555825729613,18.665540552954013,-82.09298057543226,-86.32504552140303,-18.12268333954414,17.062252790045846,41.55865604835057,-23.45791442474659,-53.9291880170141,82.75210484641613,-79.29196761545249,-84.78793380907197,-39.76869980465882,-86.43953005626418,53.77688377262086,75.77880318485731,14.102166461883343,95.99647636730401,24.047021577245104,80.71218851370051,45.583212999865566,71.34861631119742,-77.21498872244005,-12.242801865173988,10.295409838154399,-22.448978263214485,-99.35638317766325,-26.379959097669996,1
11.680849947161008,33.007334909251085,23.569448040242776,-55.87760945775775,93.28347717328148,39.44187638192736,34.957260433482105,66.98944113888075,15.671952623308002,-89.74730816480036,-52.249645782795184,-68.06673012656985,99.36985685628798,-5.245341497115419,-12.570378990993063,-87.34746563586503,-76.99781263438044,64.81889809687485,25.248964552606594,34.542722300087235,90.49826008686489,54.3092914624755,24.37639277807871,-73.68585762421475,56.344453197591946,69.884453890978,19.232559582135494,50.677622983967154,-66.10665822231209,-70.00459516969107,-52.41516755100331,-76.83902213051846,-68.38773994167013,-83.36765337350703,-68.65913044081037,6.2934991914825815,11.801307797178026,-74.06991990177427,24.65179513855989,90.56091711278816,93.75068848856063,97.65771787078123,45.75229166647671,71.35277750789263,-16.008915170442876,7.159813113129033,89.57876453693501,57.665479124235475,-27.1080304120713,89.64388949900652,36.48991727015826,16.659159322002708,-61.03679334746304,39.39803084435849,-36.201245165385586,4.50704711702366,-68.22419716091919,39.549599936170324,18.12905019753171,-35.69401949719176,63.28118550062703,-21.043586745956347,88.7853276197759,-75.33977559069412,57.18818357274,63.635929944348135,72.86992541212786,-22.688366258073756,-85.00933116104785,-38.46040962255199,43.8378695218845,49.00250323204912,56.445772038555106,95.1936233231603,39.03848896311797,-91.72273260180286,-30.093491824183502,90.67716705427748,85.91936334855032,49.21851362672734,81.42007228996516,99.23918247496579,31.03159345810954,16.99369506526736,90.50163115392508,-42.1158680511629,46.204103732162764,-5.482044116886769,47.66049412045308,-40.27277628920702,58.39656644498007,-54.768569315007575,-94.88250974961012,-27.95477387520866,-15.675987793009341,95.06876160351169,-39.760497632678195,84.41639615374513,10.967046789058202,41.59314167867606,-1
-90.91072393170842,37.68047928554722,-20.765461678148924,45.58786139475305,-3.3185128053706734,-89.66625566840779,-29.015067824597992,-80.92781574539929,-94.96018103578608,45.62328746723327,-54.96779515681362,13.37168665881893,90.10071231782698,-14.110420584259487,-15.820694248154794,56.7905036195682,-81.70340841407058,-24.79164177816871,-98.87373745038926,-35.040216923927886,-98.00805175913933,-92.44340638708097,-31.313882396101377,-44.86282061945994,-21.312902112627953,88.97512838210886,6.239758848302301,-98.0828719711211,-92.01356214687814,58.66896557219519,70.71004559166335,96.00008311986628,93.25525037947921,-40.668564776387825,-9.18477113753164,-9.251648181139686,-63.020520955360126,72.07006696171129,94.36941085615771,-14.836570697659695,-32.23140968339584,65.0429989809146,23.59974569939787,83.01998152157256,88.18709522506288,-49.52550469570583,-11.903269732064373,-47.311318502491815,-55.98645704902763,45.544219265342036,3.2889093182608065,-40.749510029466094,91.50834107782796,29.31833675805194,16.149755261396123,13.24240898212068,-63.70702934799346,99.58808325682719,56.83413736335797,25.72813033476187,42.68161274218383,-66.06113830113807,3.9428581772575484,97.88325821742532,6.934941636657641,16.89736507690536,67.56788246177109,0.8781166509248379,-31.71806868354838,-66.25790864861028,-78.1639642231703,27.583480582292992,25.42446081373278,89.72142612901999,-73.01308313270593,-95.05221849242338,-38.34777621946166,-99.32127035702788,-20.26778671176737,-85.11293546054044,-88.60116309594666,-18.88145395833331,3.1890056452571542,-86.91849083181786,92.31000121676416,73.82359779268208,-68.5991877132523,-33.38830866737969,60.064765430734695,95.38827005923,5.5849891564052,3.1419877054256347,-64.80825238843585,31.085819021312716,46.755181650923305,-52.62669923389778,-22.323321565524907,71.9290887195246,89.6239470963682,15.641328264325821,-1
-29.32955439478944,-81.68358533467317,33.64255971100326,31.39103125342791,-1.534903999763614,73.05915178178248,-57.7536337054138,-11.578593064055994,22.021584407246934,79.47946366431725,-33.244680586040445,36.8870722138615,-73.87312368852805,15.947422987954397,-84.33235644759867,-45.368075926010974,95.59868474764693,2.9858990784965584,-7.145526135132002,71.53119764836546,-66.69088228123974,-28.11099476355217,9.405629284889557,-99.07110338300225,98.43434288968189,88.04683857457789,-24.823209040865237,-15.132372040744869,-21.85948986237814,30.176697024773915,61.95074348713277,-98.48171676521717,-13.467978461856632,-36.58351652140988,2.9975709455665793,24.37121709691516,77.84537831699743,-88.01905979932725,-51.53886326671573,75.4077258086609,92.17722584499478,-69.80700137394102,38.6419555963617,-8.372327415172066,42.10583452999242,-83.27954379511719,-56.867837319269455,82.66094299175526,53.52382456531933,-34.50259822537383,5.873197499552219,-29.166064295948573,37.15248835201123,-34.27394833689948,63.89335029888434,-56.802361312848994,48.19865031699473,33.44141100430991,-16.265392145696865,90.45509006931664,-31.803546187181837,50.648239428224144,62.20858836550252,11.619314978129964,36.43570521326808,32.602200698804836,-1.8913687686554823,55.17211507587933,95.87354674495373,-13.119285576193235,86.42792628316752,-51.92198736445928,-54.32299265462759,-71.02027732678,11.876434802904015,-79.14942685507714,45.40791155867123,-59.45858409163163,-50.71097207477779,50.80678182483206,89.29292308555605,-41.008857655463736,-6.364036746027864,75.10470464409366,56.56452590290334,-6.883504343117579,-93.15018592882709,-0.8260773834764024,78.59596118566742,-61.31633239230825,76.28743498846981,43.66112424985184,73.76643660007522,68.11050981365793,-86.78524189776901,15.23208220309607,93.88437381568673,37.3924874656646,58.10349554934092,24.48904020074562,-1
47.014208760777166,59.98321707463788,31.347332908258437,-67.9856730090854,-36.226636335772234,-86.19848147743674,-93.2647192251072,77.23635442586902,75.6067025688914,-78.0273772518434,29.65950545976031,-3.9632969476224247,-8.077049653414718,88.63916993869015,37.48737218817345,-79.06787321842074,-48.41209864261988,62.08658271463409,6.974551151751058,-89.01902181784513,78.68869307525301,2.730534364265907,-43.53472985361151,43.647598996256846,-8.77892009655747,-77.21236337440294,-10.80694591911886,-49.29876221499707,65.90463310015093,-16.032243528984665,88.36425379294533,50.01681498973244,74.6318574765653,7.883638550693405,-29.95961493740633,-62.14529996642491,-24.3292793476176,67.34347309492455,73.72545309590635,20.760153602437796,24.538648523995093,76.42313743883108,10.379027899829168,-70.89807087093578,-57.37230492819136,99.36695239223167,84.10155789731647,-67.53843090070784,50.787308853273345,54.2088595877963,12.33459176778888,-8.530594810178542,-58.88206775055129,26.948903744648888,84.43121856883047,-45.36726191618896,21.725239859737314,57.20505440989376,10.33046476384716,-71.65837809313072,-28.605240159743303,-80.90653984119058,-20.552483563416303,78.7662453300525,37.801502169015805,33.402979880397254,15.761379640915067,13.793014509986818,-33.754742115270005,17.724827985462838,95.12402314317285,95.37342059286601,-74.19571618864097,83.18055551842022,27.47227823518176,-81.7278777770087,-47.847844046397725,-95.630520622074,66.53124527594653,46.385271501398734,-26.349673560104847,-21.493717064357057,-4.495684451496658,60.52731976257252,-39.3727193779555,-74.74519028001676,-36.005503497133475,-63.4644236552661,-38.2905805677658,-12.743221766367412,14.284242869850146,-94.51621691961955,78.7568078593927,33.08465098209203,62.462865430452126,15.132994076838813,95.9517788032021,6.251883983443122,41.550053921398955,-83.58239685388622,1
-51.20207132418329,68.3657553516544,27.705189532817116,-87.54164037398746,-6.24640690709883,-39.41685423336148,78.17110699662933,85.7261124230788,46.04434355144983,-99.9545923563489,-88.5216312623453,28.685789903466144,25.641319418608788,-82.0695537528642,94.41069492469765,-72.05588660420918,10.263478132562824,44.884468053863,85.4732818923107,93.23560496690735,9.121692885430122,-21.07418601879361,-15.282834624184233,-17.901377091731646,-2.900821766825487,85.23778428789001,-53.18475920317696,90.83074542383557,7.886871097587218,70.50212725784104,-90.45833170922559,-89.80519284166772,89.07162689130652,62.88471341583039,-72.7097763459083,86.16740631198209,-2.7428855297306995,-42.433131939697645,-67.08742467603592,40.078715927059534,-15.21009854516997,74.48530859808372,90.76679437499166,1.1681724918118022,53.781887909495026,65.29678819621427,87.07389988094582,13.32934367083341,-67.21655941128301,-91.76454020739683,95.096898670076,-72.20834712329636,-80.67570609258135,3.655952489838569,-97.30800941370575,-86.34280325471597,20.906925216899296,-3.0925314622895144,-29.75491912516901,61.41658396052409,-35.244884146946106,-51.07876037152022,-71.64309792043213,76.69298702241855,0.480067898242325,-17.77877554286269,45.292314280723986,92.93951208884076,-9.246872154318524,38.122241625779964,-23.7456354109504,53.63944964460754,76.96070723726646,-84.95488219177538,78.65382308353966,78.30908999946772,-68.04901155640306,76.03803886721494,-56.01131253340284,93.36328516795683,-87.66617347705645,-80.16995837110572,66.36851260884546,10.239449026140818,-72.33115772939884,-62.05548305402318,70.12850962946987,92.9068843615187,90.04927480310485,-84.76444628869133,-83.75466828004336,-78.68813571378618,-77.41783258577719,34.646879499048225,-74.39212985648174,99.3177910237948,-34.393603223139266,69.16701013073629,58.533237009927774,38.41820780262944,-1
1.0504744895714282,-63.712912982040535,-92.6657146132914,52.198152005618766,-18.0742210209536,-99.99767304892677,99.77852240665811,83.01214650344448,-50.83051150131994,-75.3505083734897,91.62762396089923,-74.12387660665982,-59.29777833362271,-92.44309868086407,14.481545193553018,-46.17604947239793,16.666581997703503,56.10436055140434,11.978620307189885,-70.24234323016942,-68.22946161120885,57.97362147594859,76.2394679111282,36.234510087900986,-17.754527473667906,-92.20552720631538,-26.91877381968864,23.719392300220292,-87.38496513140666,-84.61787225293307,68.95807205791235,-47.013822755518795,-13.921476396784911,-10.182408566284579,-86.84465931777108,80.64133358315789,97.2197026960398,84.3732871030052,14.1141418260776,-73.90752771605477,88.87953900202831,9.533646902469272,-81.13518066964556,72.04112744134531,7.621131711846374,85.12188967138749,6.3417993162104835,-76.4133610209651,-50.217256906546794,-83.63621908705238,-88.39388762327589,69.5588446056033,-0.3471001409964174,-50.701494985943874,13.234908351095598,-70.79792657786514,-41.12392822441191,-19.786474488771802,91.84758093668023,55.31891792105483,-98.44914436536729,16.85558447153312,91.07345614623478,14.042061214644576,-56.27350383342926,-4.138597134499975,-30.600064062274868,88.95896024678615,-84.09693916711723,31.98366662851788,-72.63311774348087,-1.2416644797869907,-96.40335408838321,-67.98953645863,-57.251098277835965,-11.934920370433957,-87.44000153542181,29.684029597699833,-27.97931063789656,-60.54023202030565,97.04513354508123,-96.54869889064639,-60.38039015698045,-3.5472233374248106,19.687476690556352,-3.960202145449827,84.79919612556876,-41.65163947704518,-75.27663300204257,-48.10519482899771,-42.32460520431265,-59.40552446318834,-61.691174638437495,77.48013805128878,63.38818469233013,-22.344804058783524,42.27211815513195,-56.96145353192228,60.752868948769674,53.57027016114836,-1
-44.01322061081143,-20.366261281811333,-56.15720252839114,54.92675612755761,-38.12545642744358,-55.58482586133589,16.742717546272786,-34.36410344047761,-3.7444097561526064,-21.335865922962256,99.7585871631309,46.37454745730017,-28.11523463383658,93.15408877685744,40.57328881002027,45.5158644269888,-11.75406618165664,-85.53032323278853,-14.254971649703705,-60.317979761287454,-94.27376123286943,-74.2845478406243,-90.66043642297738,57.982400340569086,17.473355891497206,22.242866239766016,-10.524035472386515,-20.569500011415926,16.474112631669712,-44.2743333820486,78.5022838188303,14.928414124367805,54.65223041599771,-75.86230643075191,-94.0456185185736,-13.865285703508974,-52.19281137003877,79.72236152684445,-94.74111186632265,2.080937743806288,79.73455111272759,2.2717577466701897,93.04553190113813,-87.26972593307451,27.289005569751424,49.71714534236054,37.91945806554662,53.360733041391484,-17.794577626137695,-39.633740425103284,-5.217049919595709,-97.62271823052326,-43.328200607524025,-90.07312919268433,-32.267610752705494,70.63247841003962,-87.10549106672978,15.522180914750038,98.11297497833897,-51.57584787419254,-98.57845058242806,32.312666348107484,-68.51918354292717,44.70227180596271,-64.46812637164263,-58.43423914137604,-72.1559553272619,35.85372500900297,42.5423864250553,-41.73732176897307,97.18277716539455,13.533576872930581,64.6314456145472,33.145002783156684,73.31749147430378,24.321319517416413,36.99348727724109,-99.49824503154065,26.142734024222605,-2.607646592452582,64.86265662858887,-12.021096039730423,3.761620248724796,77.94089035770241,0.35183467371035704,49.99657930452332,-88.07324352052079,-83.8467134964921,-90.47355826432977,53.75968042113794,-7.793327231197921,-74.46245764456663,63.476079104007084,-50.48068728540207,51.921269053588816,50.908303893834585,-84.64557566934991,-53.52955099216248,76.21920952162526,-38.65472472998606,-1
97.4552258629889,83.09765951760838,-51.30354068474014,-95.6353206449021,37.54440848611213,-86.32935993800828,-85.79302219119958,-40.5425591437347,-60.741139537786594,11.948932266734985,-77.20682257615177,9.249520026170188,96.15223487777033,-28.719052830067056,57.39515987624017,-8.734815235520287,-8.536678021435932,-92.22526059666214,5.887148108255303,-79.83856057218296,47.959274387219835,-20.424282504526303,41.86477055519347,-65.0908232993007,-14.93836993976933,-17.144630482023487,-48.53160236209355,93.07774073268592,91.25183960547625,-61.449597917457545,-7.235656246467386,98.67350017641778,43.93791920907091,41.51067118386396,86.52340343406675,-34.03443411502414,-53.48128020484819,-16.099851957732298,-55.95061191372564,19.814302067048104,93.80037482843059,-75.15934120724523,-75.35074554994188,92.01165515295469,-55.26488037870927,-59.692412602466646,17.477894891242613,-48.98271377614134,67.95680712347809,75.5638345140143,-21.976704541146376,2.445705073106552,82.2470726516296,-69.5251873169094,-80.78954728323922,83.30745612040502,-41.69897520908521,-58.34696229305904,70.44959439660258,32.27474727507223,-71.32593766093578,-59.14727957942525,-7.182013821727324,99.67630301940252,26.23161567525021,-24.392419079389583,-55.59338075623603,75.05736096325774,68.57742338850358,12.57441509880141,-2.8702934992013382,75.6337542439482,-59.181664251867815,19.092024832415007,1.9766628218012698,-94.2363249718273,11.22598668942905,47.81463412535166,87.14290920570667,-98.21882668967201,66.54675715650228,6.538671923741134,11.871273623285461,-88.53304795549792,45.889395688805564,-92.85547809761792,-12.637148284663027,-20.079531545772895,34.339256954459955,-64.77427866201472,-97.92368533949076,93.55733746423354,54.85415599743695,-74.89908078627857,-51.85523292624789,-55.075659444314404,33.009626802337465,12.567264088073784,-27.110575784368265,21.52815652307649,1
-49.951420367080935,-32.96055167081981,-87.92958320188724,-23.61207206942082,-17.795784946890848,-28.59413120599757,54.56191465806748,-4.529920375519737,3.256659839534805,-60.1560628325847,15.965915209545003,-0.6513143988031089,-94.14011137931632,41.957010044794515,89.78324363774303,13.361221002093203,-1.0034410575077999,-31.54688144205076,45.07792033236652,-29.399049805632743,-61.83810171073858,-14.050923784866654,89.4175093951111,-38.089366119469844,94.01147200761389,2.5367906899885497,13.278144126219487,-75.73905908696727,-84.03378668742532,4.4190473829578,17.222107179627017,-61.541655353784044,18.89967314995171,63.48953010139064,-19.70979847752561,-54.02608175954913,-67.94668019188262,-78.77106943572163,99.23015810602732,61.11684982872549,96.9808498269825,-58.074022409730766,-31.01904100117953,88.89379056230814,-59.02255426164491,81.35788077720503,-41.438800260979434,61.103325736612504,32.00259884169208,-18.341321242156795,2.678814317009497,9.796529804973872,68.96964125372375,44.38266986236715,58.672002447335984,29.75923294728119,21.30017260202635,-9.870350779815055,1.5297659368599597,-52.412663655720436,85.4214921491174,-54.51188213708447,-86.4747344724655,-62.52071073198615,-48.8191914340689,34.645162801471486,98.73396911303308,8.022588560746826,-6.958664079997519,-46.724030873884324,-94.13730849048858,70.48953357139871,-2.6593048147472587,30.091322360889023,51.75118568702945,-14.948216279430298,3.1172333783208614,27.411378980564336,-23.595072452116298,-81.78384544586365,-14.660776257289896,-10.604716636215954,0.005070512539106176,32.93123981778774,-22.552948727038327,-2.5111318021277214,12.83299647572423,-20.0815570624963,89.62475635508213,-48.24794247422499,50.56701682855552,70.22826384818066,4.850116717114901,30.35492730902331,38.975541277177825,86.89371193096892,90.03981137919996,-48.794157632512736,96.88009986122037,-63.630973934196255,-1
26.22772519945258,-67.2688114268591,-18.133198736991403,23.04388764620218,-40.01617769860306,-3.1845860579596774,-55.527739050365945,19.042566825374948,-62.012772708487816,-66.43708087079428,19.561602680302798,84.74627917535523,-21.952290083200992,61.45232986525008,-15.328394529842797,8.477312038087746,5.02817035392593,-43.1791701545134,47.36336636594004,-74.86777088408346,-47.64942619259527,26.80015348319762,-11.97115869241263,-79.2252419442379,-45.74628270336465,-38.78816035676482,-45.906178876698235,-57.60369584014773,-80.46673637477542,86.48555659576306,78.5312390670961,-56.55330508151306,64.52498553571203,6.615764464926372,-81.78672880250548,22.886730967019048,-54.36653312388311,0.7117092651044885,46.64391391628203,33.18600624413597,98.06521890537311,0.4560258537055688,29.503797459809164,-90.9081548819231,-76.51918752728002,-72.52626908501945,-84.1934648534176,-18.38635939281383,-94.50133367448599,-64.47275469114082,-0.5134264733847687,59.43640568157852,-88.2194969576044,94.14281088426694,99.46390543234921,-29.324022613559748,-42.858151027534454,51.38527752549609,58.2251180420017,9.967824230145723,-90.714575518788,9.734784686604243,-14.403588839638218,-64.67309615401768,-46.71632581264462,-74.95481975935867,-65.65707653865292,-90.97158522757623,-65.79899666924354,-82.59765483853147,51.566127486762184,65.32532346992156,-91.19299803700547,62.06970896753873,72.44171435258798,97.77001630165452,-55.904080926442965,9.609230832656195,-50.73895511520878,-27.169479097106475,-90.57369517373883,3.8199869299096747,27.633780124726854,-74.27296562020011,-27.141528516925632,-30.857342211061734,-99.23490511065467,-29.38506247803312,85.28627298702517,-14.338604017817786,-71.73426567452455,-72.95144820702322,-30.849554597858813,93.36391079115725,52.99167897977637,-64.96980111506873,14.082916703190278,70.64054301198652,-3.33922599672664,85.5489645886228,-1
18.826143070427023,39.48405344936799,-87.94652194208783,92.67888684271009,38.506486307421596,-42.8483350814588,-54.12684459246553,-17.73920558675374,72.33297693982018,33.38548949173614,66.86495914987972,-16.40318289861729,-54.86708338958899,10.138108938958922,-26.123470483482976,-0.4261638971361634,-9.535304473140798,-45.488450236919896,-35.53230838381127,-64.59134109432051,6.837978361723842,40.55657543319498,37.170898480298376,-19.956180892237768,-89.09206786496986,16.424274163967212,-17.730750223699914,63.887616358653645,57.12536085759956,-45.5230841473421,-98.70209572260056,-2.092091581169143,-64.45910776063718,-42.908455942569844,12.241130619773884,-4.804806268050783,-85.8070733428929,-79.14444843369075,79.02914736491354,-34.46899401567143,-41.95990089868851,-31.791172961958168,-93.68809018773328,48.91343904206329,-8.709319360854323,46.55237227633657,-5.365348395729242,-24.402149886152984,61.2657949694717,-84.82924284101585,5.031791755583441,25.562859337508954,-94.5366854549126,-15.85878592136028,-18.63676959378286,-11.111713164600829,33.85868498935778,51.79245792372748,15.8766167582814,90.27724368009555,-84.62435734357496,-91.006698409739,41.101210838658176,-78.10205831628866,-22.014487653072877,72.80173671249611,38.38904717950973,68.598470909399,-74.19747683315039,13.912548132983261,-18.52792926327318,-49.70017258875225,71.11263863510104,59.373753244980804,-52.57336870898608,-46.201318673018044,71.42303000502125,-38.40020758117957,63.661008840152505,-77.68813568921944,-33.863842888704625,23.85677216335813,84.02374583804743,-23.60651340439908,73.12359565382741,-75.36131902242445,-94.2343329689353,-25.99849110683195,19.26364681708617,81.61380887690848,62.71648660358696,-90.67684703086502,49.595613752249506,-93.23823403156905,90.91686676410313,47.412660317190785,73.13771405453056,45.606050241092134,-14.662879192722087,-28.74140793378581,1
61.366947853452814,-51.365561800109184,-9.242091723272154,98.36199026987268,37.68100369842736,67.16518558210319,33.369478261131604,-19.35787336323544,-91.18682768592372,38.00937768188993,72.6863155578769,-9.773986040431708,12.990521530494647,1.9970158626994277,-15.238362965285162,-19.9689454269202,-81.96085995995112,-80.06721558464483,9.82880304829024,-40.81473020394233,78.64722944198934,-84.02126244172783,-18.624187475065824,-20.40854454084615,-47.83831456144474,56.72454848868597,-65.24022857295206,36.5674532057798,-39.1859430439486,84.1070462479255,79.5662159202839,86.77340797026397,-96.48201675749507,-53.98184159199209,-52.968885998316594,53.782642018252346,46.44351201057225,-81.38080029139658,-10.1126449383909,70.16253329402446,-90.71912828416906,-19.827364102723905,-56.56929003296251,-63.89857603112057,-97.81860093644103,41.71231371639007,-52.35718943417047,-24.80266618591895,89.37708887492337,18.429119997772773,70.6846539018286,-16.27700280502893,-78.48231108002513,-47.86169036937724,-51.93580894147893,-0.1102561348714346,-54.48796738092969,-60.6063793821247,86.57501594802491,-31.86766169240923,84.81802598605395,-21.312327353157443,90.25675925706182,-3.8240328342600662,-87.00521150420492,-21.27426315768983,28.827874746994382,63.9604663179567,71.9234919201246,-67.22833654625606,55.21764948960683,-96.5549345264148,-39.60347778806257,-59.469645742553645,-56.62121175218844,57.50462818647077,-97.3860453882252,-22.73815317691931,-7.164804041608193,-76.94440174364858,-42.93529474600775,-12.813019043654222,-69.10109993323698,86.52884926329679,-83.4560797905067,-34.86343369179647,-14.531708441001172,17.543127571711125,-67.93206503200189,-79.18709828225053,-49.37395927779764,50.99347952119271,-57.801315475816416,76.50980784316366,28.901415690234614,66.53480343819967,98.57447108671383,-93.10366765498819,-27.0666941050288,-12.373703039722699,1
23.625648091579166,77.19554964723741,92.58537504751595,72.02793866988699,-82.27905720606418,47.57699696692123,72.93178437162803,-17.761904826101784,-19.937432765401184,24.675913191981408,25.210941796160256,40.06957777331391,-1.034809679890742,86.52962010849572,-66.63405900994744,-9.802699470331248,-20.389031864212456,-8.774558210673348,-33.172717624765326,52.8186000425963,81.07463765248548,-26.325098483053196,-9.875314978366205,45.28827162148335,-48.65167973169014,-14.79983789951811,-56.16313086953366,-62.06072702997434,-16.673629976117695,43.39538021277542,49.21869243884535,-28.00769502336891,30.295217585813987,-83.04387525404913,-8.857326968634325,68.91127514243206,-33.024741304093254,1.0127568359991983,99.76521190284967,-87.59502492944338,17.992129295217723,73.90521666346598,81.98821067847376,45.5254581142018,64.7824254913258,7.968704508540455,78.70415091780819,-24.951718621950292,-41.33433335869796,-85.58018616996401,-68.83220303917632,-22.814296741367215,2.9197447748582306,45.01862221391298,-93.99790244517176,35.04392950792638,-87.31573508393387,-78.44089566405496,-42.52014533610839,-32.874201505176885,65.7907868613259,-60.560827093921674,-26.942547944011025,79.24552703421134,3.915697020243769,68.74301012610792,4.87104842883619,93.73175946690196,15.557260646135347,-72.46277365601166,-17.593271209907968,-68.68472342818288,-93.80226834986405,-59.38439036010416,-95.27063978596392,-53.44992542330007,-78.2955192879806,84.86899110062026,-26.587311624727135,-87.22093028013134,0.9893985993052894,32.914771751169155,-60.34096349594407,-76.78199512090251,76.40999608159095,81.55293032743364,30.439348451174624,-51.13765001327231,-56.72259867158998,91.41252643956122,-88.50667406256589,87.5778142844108,83.44986416382704,80.80184262543543,-57.08114535367423,64.28433564476597,96.61104787149836,98.61426889388972,-40.260623294789056,-1.296217008784211,1
-85.24068705292022,19.01558614005097,61.56918838825172,-48.14064822684525,-73.86953123530742,67.79946554360214,92.18402938576494,-25.055605898524718,-16.322093324333295,-75.31002683792897,-34.12414613958485,-90.02797072016715,3.426378402127611,49.73443505019816,33.4831061067662,84.34533389033228,-82.95990448806761,-34.250802330078685,95.77120303564692,-2.9310205731163848,-41.070219387499904,87.50519735191659,21.97374699710754,-10.491552906745156,-57.475362076137394,-87.51012886664364,-81.61241281583247,19.937262845611883,82.96319515299615,8.914418297766844,47.18944034464448,-6.57926153714601,-83.55968210361326,-51.152106382364806,-27.995812429099303,7.904588702529921,13.238217479481378,28.804643327109574,-69.54797397762466,-95.96772357642118,17.193835739979107,-79.57526039595733,-36.334957388746545,-59.93012723027944,-54.28258825903662,61.43201565843688,-37.95071506247789,-38.35278981401162,44.74993052685866,-86.9476525874682,-82.13609576324754,3.514483595839252,28.747798919984092,41.33991780575258,-17.14357728733644,81.10407570093736,-7.025511216125466,-86.06084408617083,67.71172854922813,-75.57875915384113,93.71173830546826,-27.661536420257235,37.27527147329059,-5.563991038801404,-35.41284775112223,-51.094713708230884,-61.87146443933103,-76.86299595640567,30.981281641547184,74.10887818026583,-47.12911548658614,-91.16712227520468,-31.08143795336653,17.262196999987452,67.23336305409569,40.50923458876244,-60.32727875198307,-21.724341281791553,-92.61106280966737,-33.60020624390525,75.57428553527674,62.35610465316515,76.81530620090808,-63.074291337055065,-92.04127543091654,55.6188790090458,88.37293809996251,53.07594186373038,-82.83670586591332,-31.04721803741866,9.34668733134319,-31.239982433297442,-93.10248271360658,-4.393895415313651,26.623448991277982,-6.871213172702099,-19.26805682272588,-49.01784900624841,31.159941863982596,10.011239937121857,1
-17.476464617714697,71.13929362125714,-85.30065053399747,-19.701136827742346,-66.62795966024945,38.72361149475904,79.58383739153317,6.258803670186381,8.254022188335625,-88.85182928251166,13.841292625885544,17.247099756152323,-17.266895283358608,80.1520324901465,-95.06054046277774,0.714014880710991,-82.07364533907642,66.35706003703186,99.72346383287694,-83.14588816384689,8.337364806745668,-81.62078158457875,-66.04147208981053,-88.87226813425946,88.14341592782168,3.529617803521006,-33.9284622601878,67.97191453480838,66.72151173764806,-6.42149437359501,65.1947339166974,0.0529014954923781,-38.134645156637625,4.5655054621857545,73.07486241856486,38.85542341592782,91.33201768484267,-7.3348121766613446,57.628802793582196,-96.95669406180455,-95.43846786247539,34.33310996073902,-91.38651473878056,-88.17211759688155,0.9753602871199121,-75.08892232010214,-47.1429557575036,-13.842906294246532,41.1250440488503,30.276634231202905,-34.11342388690264,-42.93612774239253,68.37865720013451,81.92490588243629,74.55454511068413,50.2362322998317,-99.06888368664355,49.87975886538274,-37.949462749901855,8.966082665957018,79.42555833383892,52.42807091180791,-72.62662842324134,15.502328559439178,-9.156158643017577,-36.29370627403357,43.16546739719277,9.662824265131704,75.0536407731233,-33.30629204303844,83.0341257890926,25.037043752240322,-44.47371019965396,-98.8320168532004,49.78573397618271,-77.85409779209682,-42.329486289760986,46.83576318100296,11.447663572653028,-97.76029492381495,-82.6941257204441,91.43138447360138,26.155707452527707,31.298054488600457,77.50398387530652,57.254662646241826,-94.07720650176361,42.19124455354677,-64.14409806969755,24.596209230063806,9.706181871484304,-21.05417234568236,57.088586850553526,11.792590221461111,-41.60453022061512,1.668265617311107,-9.705384213538352,32.07320502268419,71.13817096501413,27.26479916405971,1
-1.4749791418281717,-23.372294350100503,86.18973910139556,86.62266626871153,-72.1606597308609,38.919085450657064,-66.5285935526438,73.6819047893868,-88.0765349310682,49.7926301720797,-56.509413556552815,24.509398092456337,-61.75157418477573,-28.035019872686703,99.78093995261534,5.961811414010825,-71.67772987642013,-35.46325858443595,-48.74901522218549,-30.105176093474896,-8.168173924817722,71.75025183817837,-79.86127977923938,69.26975597328465,-70.06530708327978,41.33887606850294,66.5686185733675,41.45414518889103,-25.685378296759993,43.127847213391874,-4.586650086545504,62.06062746669417,97.70493346518433,-5.755333819251348,5.505184734919723,51.04730623999038,-62.971822991592894,80.33382912645868,-51.633001009106906,99.29777323536408,24.56378457163946,94.12416913736914,-93.53961741693031,-65.77551560388667,17.795086952304032,-4.949019478394277,-34.30021606043448,0.41432146396471126,-94.08316327239723,-23.855823752904953,-92.90331897086051,-47.7306173631328,25.05260550866683,62.19371969400794,57.7643442184677,-40.227568294671315,74.57586266566665,-89.23977558056195,20.34085693111396,37.8774099125138,-40.811249068101276,-33.05104682818924,79.0436973445195,-11.233698941586965,-98.19985882725004,60.86604791011675,-60.37846709031329,-7.472157182076614,35.9270707881667,-1.8913382856726457,-68.94663797775976,-98.79846793234456,11.794440184971293,55.50937273007423,68.89797802545877,17.327478183609884,-13.68818576578326,36.59121119262741,-47.11306200891454,18.917662429094435,-22.999406378979174,-87.86637192436324,81.04102636351254,73.7203756064487,51.21157731324308,34.93443264091104,57.99052766941094,81.69885026732723,78.20721343828225,-99.62732293252729,74.73047085985513,-73.3200299276497,-15.77490537629231,-83.75302093383605,79.13056917121216,51.384831332483316,68.67914760992025,-18.219800924945815,99.58658675363458,14.432174045150205,-1
-31.839291949396426,33.617027314129245,-32.599364713742744,11.016989860457244,78.01940703676166,-69.68098503998013,80.19217913809356,46.299292808627825,89.19417796911986,-22.638551589624,43.6028356254003,-7.212747309021822,98.1285474344358,-1.6524113962021119,-44.35656258623557,-1.8772848203601882,57.631957627141276,-98.05992901539156,-24.393787553360966,45.921329847068506,-89.75873016193418,22.441812651443158,57.57294391710877,-32.60704243063404,65.49619195140122,-24.991860351957996,-89.00930922627468,10.589378715578476,0.8149893680176774,-84.9044171151942,84.05423952030773,-44.62589660696867,-17.3891304093204,40.82447084648692,-18.397166600346253,-70.31797532347257,-77.05280774781707,-39.87461869227029,99.18132807726846,-76.91327200329816,-92.67805683155983,-50.896521902308066,66.57320248070059,32.05455655243426,-1.0960874059431092,52.05424868056673,56.852675459056115,-58.10952499493198,-45.703130636177505,-73.71688097174757,-26.933277290502943,-97.30054582314587,34.303048739277216,-92.92983579186117,-38.4413586749504,-42.36564669051326,-82.7251240954411,35.72477134805567,-80.19193363156953,-79.7113005916431,23.89162013154153,36.123261475588606,39.44121877325887,87.23904592504383,60.04203657518747,-73.230242083941,-36.98270914624613,33.313218856946605,-54.14902540397699,35.298522684672065,42.35482676609354,2.419391491026772,48.72868682164801,-18.480093963595735,64.99557052000597,-87.99481011286683,-87.41229971221043,49.421481716710076,25.776849606743895,13.577660825485765,67.59984447514853,29.1004443677065,-86.62944928678024,75.79042461642246,77.75476379422142,77.16822061820173,44.35644300725011,85.611994553757,-42.159539604785046,-11.38366357530991,-99.03831369112088,50.709869417549896,60.754460270459134,-16.450376136371318,-91.05347276762765,-33.19311422414482,4.104594572574015,-97.03251729904459,40.063488723122106,3.1981557615526413,1
16.731222370174407,83.46271509244855,23.898069201922894,91.3229242166916,15.455805846626248,-68.54535836405694,72.59936627177441,-33.119764202250266,-2.364464937837198,-76.12379773236064,15.862680557692173,0.6440829717268883,-25.632643086716115,33.40737142507078,-85.48504039105785,-58.096155137493575,98.85759715221181,-66.92591489736282,-0.9364706132182476,79.50176702167079,5.725967507323858,85.3415008678181,-89.3319673989633,74.73373113026628,31.118790248967855,38.581830313616166,85.54645595660077,83.13827001032752,53.21599982364424,-64.44033228695025,-18.480333233563755,14.53411663822419,-32.376845668087455,7.211270865417461,-4.014862199121197,52.10644042088728,97.91265636582796,-54.50837790541587,78.1515934017983,-90.6372085531545,-19.010843840227693,64.71485547026143,-47.65136556337952,37.286826380508074,73.5377754362284,69.18033348742259,42.87303238946572,-14.3053803686836,-55.446824716610024,45.39326889220797,29.46937169114068,90.4048554339146,-23.700997990609565,-4.035963718511979,-17.644541887528533,62.04789257985354,-55.03661188210691,-49.898728937633386,-42.63548480795769,49.56484223699326,49.77804546375461,57.755966323412224,-3.2616089704878846,67.85668038436862,-44.310677862743475,-15.33200587576708,86.43322298849984,50.15584843175978,-14.767068417636352,-7.284674552265599,-15.779081384566254,-93.18072860966764,-17.55733719262571,-79.16423224810035,-44.55916286861144,33.558082979804,-22.538160388522343,82.6831667959195,-58.21671663154464,52.90538713638878,66.92494798172771,-98.60481294298798,-53.32792598387868,53.96106334974945,-12.070919639700776,-28.473561317143094,-96.20389698041927,-15.254991976308887,-74.72889639712804,-36.10969965745014,38.48550274343435,-47.06363155866335,44.648748903281614,47.72469662274935,72.19673983564789,-84.85071954572663,2.923693308219754,84.42552373579392,39.17235156045854,-54.76128526655359,1
-83.03245718296162,-45.1889558625588,93.98240922145408,-88.28981415120415,10.742297071602238,-46.9347724889066,-31.618944378901944,51.45659565510016,74.86146682741611,-31.63019161654836,-7.934189871446989,-17.774544348124152,-46.227691004198675,62.39354847816034,27.85257663627256,-27.29710852614666,-45.988306779688855,-7.527710550452156,-65.76305123297495,87.71711915570103,38.74825973966571,24.463071290852852,-40.748849336643175,-81.83236378771717,66.56980831828852,-43.47487880970138,-24.365637109413754,-69.85351854070593,-35.488152673346335,-2.9254209661611554,72.46104731533413,-12.790155875621807,-21.029265119264323,45.850394625682924,6.94794308270221,28.886098702923704,-14.908333473113203,35.831080547926035,2.780942509934576,-81.60708653649729,-61.679328496293536,63.067295498219806,-4.903238763342642,-78.36266853506788,20.610853586496347,-35.23629308834499,94.17825181162371,59.55806120124987,-48.46761603266294,-76.12329922826532,-5.69490290958403,-18.863619899573948,81.602325492843,-66.63234167167514,41.85390883444009,-64.93446749267417,62.392921741515636,-78.2576521446035,-23.369368804385957,67.10198557589433,24.733381651324976,64.06523907074836,-72.90610676791538,-28.20781707314255,-39.0309513866455,21.000343117065043,35.467595000325446,-15.332227667359462,-93.97944173760192,43.5601268918588,69.20149542235515,35.05349237327218,-78.66244752335541,-22.90156449152856,-73.48649222746837,-99.72143109617286,36.08087334777392,56.11505464876933,59.50435820995338,79.56389836821216,-7.173944156148849,-53.476601104554874,60.843850455024295,21.036684553383452,-90.73661217066989,41.542431683764335,14.069934249339553,-13.148331155285348,-4.984886241211356,71.29902162470603,92.21032998016406,-76.8298955043459,-45.37019227161308,43.45377379649929,-21.559302550081824,-2.6017286753249067,75.19412133690452,55.43953130768696,12.774441882307826,97.73013964573244,-1
30.392251900520108,-5.684762289968319,-67.27523576166617,56.15231721368795,-96.3986888799091,-30.38088136634238,-64.14934885214385,41.24923251105244,8.868977526864214,-48.67055856278084,-34.75589860381369,-9.423327916897662,-19.805934662329648,41.7800012503165,-46.55802090278518,-52.585921765164386,-96.83238581102516,32.82514785667007,-87.1361553612833,-48.44895687437807,-76.26885936074954,88.03521266021133,32.22611736514335,37.91288221039301,98.31955510599704,32.37811094018005,-62.04728837079783,57.0663382277568,-44.56787723116105,10.098493893183559,71.56018745651812,-80.12344420982798,-0.4506366087247926,-1.3471131789787023,24.411901856421608,72.99371188609604,-89.21666324204598,93.47719753273864,28.549206926722576,-6.748651776525321,-51.85751404354673,-12.876037446010116,41.20048191343824,69.14504658242441,-72.44004559120185,81.23212690637865,17.221423587444562,-2.287389766924136,45.01150005445879,11.813545521847473,-49.54527412100791,-68.03130239995392,-35.35328458642914,3.5433332605042835,-7.16082667101054,-71.18296778970748,-76.2482392748499,45.77847522994986,78.17027747183658,67.77327315287926,-18.950734418721595,25.44178168871693,34.56033874321952,-96.20476995831919,1.9983655592565697,-49.209951627012806,36.998944529517246,-63.02216088229944,80.15075508043554,68.41355299750188,-83.42230577093554,61.264814697705845,-67.9796888596453,-17.00540470293599,-52.755974633709116,4.641265393726471,32.562187249952956,85.55807429278528,29.427276442492627,22.419797136422744,91.81185473434272,-79.22741465981078,89.73246742465409,-66.11525196051788,39.301994734799194,60.93695929061042,-85.9620718844879,-47.45008435701199,-79.52979393485788,-93.01020392190595,1.3489159675775397,-19.838142331743484,-43.488997927275584,96.58041523359617,-18.577856905623108,-13.8683842834904,43.87118237503046,14.187145127632661,2.050026431197381,-84.79438452611933,-1
59.158533887220216,28.22952657705946,-0.22236930972879065,68.17431588518451,-85.81355677324531,-58.162906918414436,58.311640518274004,79.67729331680698,-21.651509887544364,-53.2865277862778,-31.394657481995125,-52.99374023761627,-61.011446205968035,-89.05100354808097,21.202766387216258,3.6436631271854907,-94.7106194804665,-32.206014765435725,-84.04217527319993,23.08015094184796,-13.91561838240662,-59.506491580849996,52.26993124057847,35.61207535753505,-22.167076697303997,-3.728833578429544,70.80310609109185,39.427962789156624,13.794006752248194,71.78246521912828,92.75352998846179,99.35251699728181,26.99901404418472,-37.11799472524093,-55.67816235216982,48.56333811546634,43.8953786352929,64.42897591407461,-18.427407314867622,24.53756273930965,-94.54246986988689,87.43060126515317,-58.3334285022928,-95.58125057904503,-18.312664621588695,41.594301527976484,8.118930792349772,11.549028088579178,-26.492082269563525,7.647889649426773,1.7506185252293704,-25.51908735488921,-64.11026742387912,-15.410877988664012,-83.88784011900425,-81.50800681544854,29.820726972919942,60.14241184369695,23.335120586004024,-55.98201358261663,-84.76942132447955,-44.402616759763646,99.21475775141593,-4.665900768078274,-27.092212976362546,93.58948043325574,-61.37784115812737,23.07847693721466,16.601698746260254,75.57024214521678,-97.83433986784154,-74.59482057257192,89.09990280290546,37.39232037732981,19.478115808145475,58.76671314967504,-92.17750238778632,-13.822476289570943,77.69311177398217,71.69745878428688,-92.61492623077383,-88.03079228275061,55.7131650681107,-74.26577181987098,-44.02117966501997,-53.41834394012881,-48.13446002636339,-44.006361792292026,18.601845614930284,-28.12667982319988,41.38819881189767,-9.955881306853058,25.748049131811385,50.5408288957928,84.85921936777063,68.49011423724937,47.400934644454395,-27.74645582066462,-18.02676424113632,36.70133693906226,-1
-97.83246970394033,-31.6365296604248,61.13403059001064,-26.411849739583104,-56.42148914900198,-54.774933750065614,99.5256594804313,-38.3063437021032,-71.48868899337688,-58.841124602115656,-11.312179432791197,55.596994314187356,-37.082473317186704,60.3827905672253,94.1336055587741,59.213705079387466,-51.698754628787746,25.74427740511642,6.960195383833607,-99.9518250964267,18.117931547716992,-17.095834121963776,16.221248939579283,-4.424538869388471,-56.54851990122709,62.62405452428388,76.56235977347416,-92.74953649704103,22.533705947895882,1.3107631762835297,-43.06892130128159,-71.16210721876939,-60.151624283076366,-87.5551654695516,-2.0619915678236964,-14.364862507569924,68.24282910221064,56.012184643633645,-41.64107065525495,41.3121628645996,15.280938687078361,30.565679644400376,46.65513916679538,-51.36648529485419,10.705792423226711,80.09141454959646,59.46282881732503,3.7962507046557477,95.25401264822437,-49.20251015899566,83.01568036340333,55.71465319158247,44.52417499770803,-21.409672828221616,-48.97672707204839,-38.06409969589271,-91.60908574187421,66.61289797761953,99.42309434242031,-29.976384107775004,-53.89066395566964,46.05656147078898,23.113916426389338,-7.746927941580168,38.211472824684364,-23.26369553444006,94.30803886170304,35.54737935337684,54.28180236863619,-67.5361009355945,88.00530440621102,22.300788635929408,-21.14345719768677,21.318766254682856,59.01921247405386,-90.25772086449166,12.296913266463775,6.235955526659325,-73.9434842704801,2.962885885579027,98.91907120810919,-21.335137781316817,72.97069882855419,0.9233765280251163,99.39236924224792,5.400793910839411,46.08435860255497,-6.396619998848124,49.25217355955442,-27.05907355538713,-86.57669234791486,-23.11804056628712,1.0142253449711802,72.17562981845802,-96.05145042042031,22.457817449275353,-10.916679659730761,79.81894965335158,-66.52744150336804,36.51419099404393,-1
99.32736741478107,-53.99823254245939,43.23013484463871,-7.213502662332758,-41.07612073076137,50.18795967266365,-34.749216391770645,-83.75407303866547,-50.628594480853415,12.883317555949532,38.32868039466365,57.78279259317341,85.23859728292533,17.155654186209517,-55.083523469219784,-50.8736851902371,11.409517238446824,-27.22011870093351,-27.373481948107553,75.56652071516288,90.62221705638609,-16.85773817003033,80.24480459555784,51.40237354947206,-89.26056241212514,-15.892461986224689,-21.264763222195725,77.63558207567652,-88.00414556169672,-91.74605052507563,82.24903115085996,73.08317635768876,-36.73558859810386,-32.22362275026515,-6.364447423959945,40.10139913577606,-8.863266699736712,85.3881325564079,-31.191842277054434,44.845647461367236,-16.013232305712847,-56.52297914454514,-64.7807039465082,36.25570606295997,88.22898944077596,-70.71469167021999,-53.58418236239557,-70.97823657494035,-6.99116928834178,26.127457791848727,-23.37916663115358,5.407864983519772,50.616691934641125,-22.109764301615257,90.9123490696476,-3.1347395012986823,95.74342741116274,-6.24784150495519,-39.1361304949122,94.27053501721099,-46.16872447771448,-19.471782982710437,-60.73395520168789,25.376184751708507,-8.086538222490347,38.034149949420595,58.20966291095863,-43.369765984736475,-65.28507563047509,12.27100566870807,59.79841770666917,-99.62613097408747,-87.71515109461154,73.05436670890785,-31.25371645845418,-75.34203764899439,-84.40833117192155,-35.370524045931305,96.5635446990473,-82.4418748562315,-72.96276358929437,-84.33493617951213,-44.215251060614236,-17.33115381346893,81.44197010610955,-62.859870762924565,-53.79736659271015,-82.96947712821694,-8.860514777409236,-78.76722448345839,-91.7152266485201,68.135098312454,-89.82871525426457,-75.58098889317641,59.867322593112476,-1.7222368005094495,-71.29677330558562,-5.34525116424814,-99.90053698937538,76.06243934996343,1
-74.22405561787016,-66.59321078158496,-19.136246379141568,31.356020944858813,36.52344424468049,-96.92102166173831,52.48939173497368,21.199393454205094,-73.85653528204854,-87.61069628420242,-6.195012056423295,-58.80236316230536,-90.17032193096459,23.71702981442307,46.135802305678055,45.935682729448246,52.559810575161094,95.98288655647607,-18.6864384189018,-16.650187875189374,79.1302460803837,12.000797845783666,-91.08867367646936,13.237196863475049,53.01268627311279,93.77186709355769,-66.05731672101787,-43.67987795294972,-63.84601613981937,-72.95203440305549,-20.68725664058381,74.20285747874985,-45.82278899472505,-48.70389472637881,11.802178519368354,-52.044052231190506,33.70263629356435,79.05896283126776,80.70624518255852,-86.58687429172487,-25.10662217388932,74.00450543783435,29.696668374025563,82.10320198640127,-18.122632636710165,-17.5901548221228,86.16648316349756,50.233302159124776,-91.01598895157288,-2.7809393609953474,-36.91110678362044,60.965072723095886,64.04423954830563,-75.33719754493109,48.18289224743617,79.03008001805605,-6.750374431339708,-68.12137830763245,-38.9097453290814,19.295135879008825,33.83827776152779,-27.83628309133394,73.19618579566969,47.88115414365021,86.82788761662889,-19.295309613568463,90.60069655920142,-33.894353062598114,-45.223765290056626,-61.43523654733065,-8.112501307684198,-97.48350597969218,-62.49377059478982,-89.94622976507738,53.12656297982318,21.364517977139343,-41.245280991626586,-14.403528054950044,43.02063571141838,-93.66223009173606,-52.27521009561904,-91.70454261000798,31.515250301900636,70.69871436934972,-49.3608643088419,65.93259763253968,-99.71155000300855,97.26599586653114,-41.51339180732971,74.40956999412401,94.184144217072,69.28081688392683,-22.812069712566398,42.07979303858443,-69.94120488059865,-52.95068025805705,-5.344122422444045,-16.564117952656687,40.689226005595,33.6746811970782,-1
96.00651505709541,-82.1177995375481,-21.81880081889706,-86.95908174790159,77.73181605307974,76.59876496595462,67.64608421636012,-53.333435470134674,-39.322891274173365,-78.76792929050656,-27.541301999959032,93.10358364695327,88.38111745208403,53.02131832662619,-21.131770729867142,-71.63112047660296,53.684214223448436,-6.030913003265013,9.522396828561881,11.390418332835054,98.16027118918757,-34.09157329522358,-49.85363479958911,25.117916693950534,83.01535305576121,-66.06778374865623,-73.35465040312934,60.12473128256309,-91.50581790231773,-6.022018391712081,-20.348718168597685,-50.42488553520985,8.589316914368254,28.564737655086333,-26.22041129588129,-6.444747002793051,40.07702662865867,53.281004713688446,-1.9818617571277173,1.4427363356179512,-55.053671165660404,58.25696578508018,25.128413710375554,23.3878276096096,53.7623312476434,57.843918285518896,98.73960602543167,-73.61921223383982,-88.06755533387903,95.24192115928659,64.24604253385303,-95.7400324146141,-68.84339041212675,75.40331232353424,57.766930705036685,27.18008388314375,-53.51623113112463,8.544659740995343,-22.519455881147337,84.85114528760016,88.0792865148344,15.062871301061165,23.920664083457098,97.62351541251834,-24.529077027958863,88.23608398178095,12.08736856960249,-17.49696924647452,-85.5264108489846,-60.97841365487562,-61.23101386968823,41.80704826515432,-1.464832181298675,-56.0637098853729,78.57733454293111,-14.010788208645437,-6.5661378135740875,-49.21963899875712,-62.99661134124166,-12.020098083328918,-9.91683225323115,-84.63540335779109,-15.91358805965855,-43.73740398988837,89.19712676691705,30.232879332389444,-50.0386397474724,-10.750402137165423,77.59310384677792,-89.45242074218564,82.50481707704523,97.68696945482168,57.42766770700595,-17.890927960031533,-69.50195678424207,-2.7096932083219087,-63.900986851231245,-7.185810507953775,-83.46644060342624,3.0418782929405523,-1
93.98287956292063,84.87923907530609,-29.675462552073114,87.36449240661835,-40.12088232566376,37.08877664438032,-46.287566509271485,34.47676865834072,78.13169109236847,90.62402287882756,29.28147504561781,71.23072439893207,58.50795352426735,91.9184295218468,12.069734870064678,60.270411654049724,-68.64741048014108,-3.001543084500085,87.82173966204812,81.86082928120987,74.71192045452256,81.37456636381054,-56.75342112180175,70.9833917119542,29.63360979590871,90.658479273258,-74.1632164382501,-29.859534513854527,75.3977661947971,-83.25517337821802,-27.212223319191423,-77.91137461176979,67.17026423599086,-6.221402898243227,-18.004054822686626,43.045857955259635,-7.851556547765682,17.094005804577847,-17.30174170126398,-34.701134467349675,-73.50864182662431,4.841543789539756,-60.29426192291718,-2.8023010868188294,-45.34750908888354,-44.60394800501317,85.45428890666369,74.8202126033132,62.409047710311825,31.542133831068497,-58.65293887168524,-94.60904804037375,20.577477800934503,-41.292332252583265,-56.901310991806106,-28.303225368315466,42.031556253446155,-51.19189323155133,71.20063316576969,-14.127035922164595,41.386405960464714,26.274815993821775,47.10969740610628,-94.89848040925737,55.888682631248344,27.027409623165283,-18.37760958765351,-39.22937022501167,46.405717129598486,-76.89519753845111,69.79840904758336,-39.43556976509734,92.87891766785629,-26.58837569386077,-41.5809301002722,-22.728895668493834,-88.12487161378107,89.39113933599953,82.73557880549274,54.59169838223633,33.36313500313889,44.54094252139157,-39.61512910176015,-4.385619110428834,-15.265084823409182,-25.326790205826285,-8.64295932178105,2.2488633934889606,-4.404370729189196,-69.02021764834028,-89.1603542235465,12.721237227205862,-9.838084859312218,-89.08284395739531,90.84448768154729,-23.045870935611433,24.668948966529953,22.318105370545837,61.20588127236479,10.011863024576371,-1
-76.78547189861675,-64.72260269875534,99.26678321134838,49.61463588590641,37.31798269852135,-42.223012218166865,-61.00496001994215,-23.077784804246363,28.791315889522707,-68.84534788396597,-39.3560432311499,-13.586542986676449,1.7411968432533342,83.70430608862424,3.698594988448093,75.31209815774352,-13.63897984281759,2.307238846958356,43.295252528433394,99.10328971806496,38.79842167785512,-48.9143437907819,45.954527467231486,83.9061257825665,91.31278571223379,-16.495438778493934,72.60538962992473,98.5806981798529,-51.89759151889262,-14.4597658361523,39.83863959627527,-74.46667300353893,85.52284702961131,67.7005050647274,81.02677496883715,-5.671380579655278,-13.591457294704725,76.01534177676888,80.42129314366258,94.27925339789965,-28.422293854862147,40.273972346522925,32.463104888425335,99.93126179126776,54.10979613871359,31.559253005149856,2.042640472862118,-90.71326892179042,29.720424527455805,54.51042685324052,87.84249865799174,-71.72855137357921,-89.20977354517956,26.209708705737086,89.13877697650508,81.36212099625658,-62.678756467593914,0.6642518490775444,-42.764978845621606,-20.348475980668738,-11.30685684864443,-78.72665189546031,-70.07942817182851,31.072023965910688,82.15629146228758,67.93679409440665,-95.00579503206352,-46.72056920466201,-6.925176250268208,13.559399382581901,71.43383286190499,-91.7978453098039,96.71440035440389,56.8494008081864,10.090910686265502,-34.69774539397963,73.78176878029547,-5.212759300102917,51.27022789977519,-51.78197009252905,57.81684958624032,-34.76057623867024,84.55405166736261,55.238394337261155,42.19711182130226,-71.27611114507366,9.51696211263311,-99.71110681693574,-67.11229301290649,1.280145919544168,96.70831570430093,89.6043675816384,59.084762111940705,-18.833299273639398,45.1408123033049,-47.16209784687131,-36.63993127023766,99.22619521468374,-92.33895092791839,60.659094763072574,1
90.012393410161,-46.38727183542475,-77.61607612045442,75.33015236564012,-71.88940648432785,-99.70523558273771,-73.9838660342106,-45.60027893112879,-99.16251127440843,10.798651100626188,-45.30509692500404,85.31707664367622,-29.553804985850945,95.57073870035634,-10.662255651067028,-17.417762082157353,96.12964391280991,55.38927767850424,34.19494189715698,81.63791913930055,57.040573582565,30.263979445247855,-16.65826723055403,20.66157567778862,76.02133344128094,93.52941854656174,-57.00155528232176,-72.16067731662288,59.96589080998032,8.779684142629506,11.363023593878623,51.14282672021696,30.402923067826265,32.91588560180796,-30.180602701183588,-96.28889218602792,93.43281102721045,12.740443883638335,-89.30685517487431,-79.51157675346931,44.71185839888372,98.54746089509737,-34.952353578657934,-49.29226749616493,-83.76108183593513,-32.53643479806519,-31.614739084387196,75.65173828782929,-40.14542145119384,-76.91715218173641,-17.186566684632737,-68.74833646847087,-94.62669556083536,72.96618654092651,-91.47734232583397,-23.912839421603607,-77.68898420715978,-93.49406908280056,-30.153541818172627,-63.8138370515821,-58.47772688631143,32.469728022290184,-52.90384086984701,69.12335337791501,8.825845880836965,40.94799814216617,32.06526043634594,-26.564193347088704,14.348430438499335,-6.296367318984991,-15.990744973813278,-60.66663777046286,-63.77299807832158,85.89812241795025,-21.409912764318918,-90.98973836685649,-98.9326878161908,-14.904778659644563,74.0401062455737,-57.67355319861114,-32.61539676803284,87.28635257422118,-64.93747397495117,-98.36578151845721,76.08260403804826,-30.193586198796936,93.08438436177258,42.57676945555079,-75.68760626165133,-41.09006003772178,-14.511314698531507,-99.09984290334353,49.20978284139534,-42.057908036200445,3.3195742341294476,43.494953465691,48.54455014241691,-84.30732172130556,-7.901090950476416,-33.36587992784435,1
75.47461438559108,-93.29351305284412,-97.67589201837987,-69.99026706120316,21.417915743750797,-73.1450298195449,58.55162271456257,-1.4360830934350872,31.938054586094864,7.678995857391541,94.36906026509692,74.94872993131321,68.50764587972739,58.56800905470544,61.17823383937085,31.884649369983265,63.37559717875655,-67.12146313431717,62.14413458903496,76.91439741165252,64.6175058013761,59.0574089594445,45.34696727066853,-13.656622994677775,55.36627388965772,52.334981078836705,16.237068546422705,58.11842573008258,45.93736115886105,85.245490041166,27.328207071745595,-72.7544443363102,-62.57831541654939,60.71352028006203,79.7413659149586,-65.87128224957894,9.707798414237772,76.83413170217722,83.01114595523089,-34.65526337108034,-87.05244678470387,-27.945256053397884,-21.145793043143883,19.226277625652372,40.16049626038878,89.15825438834077,49.00730682031843,-52.16271021228393,81.77027557646431,42.809759876496656,41.297127001445034,65.3085312144753,9.809539503545466,-31.251683422392645,-27.156591050344005,54.10650940762912,51.38002708574777,-33.37552715133525,-91.23403091111184,74.90041845653553,-43.35687459184845,52.2428381303277,10.427357569204403,47.39311094545778,-68.80657639643803,-18.199771783885453,-30.47807154513751,-91.35139500414692,-87.9870020313139,-80.84737477747206,-13.391360418242073,-74.91694954563405,59.0731450323546,79.31144267665215,-59.86349141978287,33.182866601652165,33.9378386123374,68.24236738120285,61.417499870153364,64.3602905516417,8.25934578443426,-30.431513612975223,-31.2585565789673,-13.550415611115142,-19.62583959989057,-63.50909045483824,-97.99584332195855,65.98704067575105,-96.72805209812311,35.43582948755113,81.48240413495054,-25.657778841314098,-25.981557751466426,-61.148945067495845,-21.83191821341603,4.981045355453361,70.18076639894059,61.194404435714034,-1.0293979313304504,33.54996791017976,-1
-43.84552751182884,-21.510978515472928,72.8716499679274,-10.043070235735499,78.46049962793046,98.26558031284412,-56.08921535403961,32.3827265274023,-88.62372044447069,2.47856414642132,38.34402282693776,25.746803011998594,28.84260319792358,88.75482406896322,22.634072148623403,82.92329090303829,40.54765985791738,-21.781551170355897,-96.22382428475306,37.2733213157359,54.61802832342241,55.230372821124575,5.8206535320876895,24.6863586886722,54.36195525399913,-53.38998029507689,-52.614427697763546,81.90511187246591,87.81626097740403,-87.60499280209612,-24.84101954238855,-48.58363562972636,-78.23852195398689,0.08389916701634093,-56.83776271626837,35.88946716331958,-40.0604337239991,-9.186948733597575,5.118997965674694,5.703034231952088,-76.36747229321008,-9.489067610286426,37.95509119921388,-33.71904705450899,78.02852869597754,10.949260766385123,-8.346903520638335,90.7541480152008,52.84870308152966,2.657672077299054,27.051827729385394,30.447588873346604,-97.81052523372622,94.2877760073184,87.95658928572803,-34.710894971833454,94.97933775112844,33.70400967765531,3.5083610687818236,-79.73551672416818,33.704573007193346,45.96098798309799,-39.91125863116247,94.83038708589558,-78.31506517685798,-24.637027745517216,-30.20181460205538,-30.799669758402118,-24.36688406046217,-98.64101452017147,51.160575855187346,62.46017002981392,-23.56535761234926,-86.1255360121066,-66.65528138819079,-83.5516913422531,-90.99643628937335,-57.43550286956969,-22.220559441965705,-85.1943247253378,-52.20883001090322,-28.734741304916398,-58.72350707567158,47.243029770805265,82.85814177350326,16.028617065582125,76.40667490376839,-83.93433916380712,82.98163413525683,-2.9922781691310547,-76.2941454302375,-99.58959169587176,-16.873114609526255,-74.03007681638947,72.82256150475169,75.62343213697088,5.989118813999667,60.626871359864595,-40.88881588870501,-94.82318603050288,-1
-56.835794500631366,13.026636717841782,-79.08643193311995,-85.58313280026533,-92.65572749983578,24.468652923449213,-85.17891548502658,-79.34699822499032,-69.71089561292854,56.63228618473943,21.1793630358966,95.48763684080245,-83.34846838987357,-37.43107439886637,-2.506432907205209,-67.09492552143752,28.88463392596333,1.3540081435576212,60.28336218172544,29.06912465012158,-28.185844191369753,-30.259437831404327,-73.63267643929717,-4.640955219923356,19.83512704211556,-3.789774504736343,45.448463913995795,16.276979067302236,-99.10366133489423,-62.66321481713666,-56.29030769588741,76.069639170398,81.67650947425281,-66.45111877207945,63.51653756986718,22.156271215589456,91.52087422323419,78.01968483753402,16.113404718157526,-59.40611716716333,7.8708832013792716,-26.445065569147275,-17.130378313674683,85.39471415835362,42.17133469325623,-98.18738036267112,-99.4039738435338,-11.202274606244984,-4.527694607860937,96.7040615445469,-58.18315941101984,-38.03355509217843,-83.62711920103088,-78.13063534036218,39.99320242092347,28.32889941824405,-23.427440661011417,95.72565124641173,-98.04242225875895,-57.15043021158532,63.72298835172842,45.11804846723507,-79.75725140122304,-6.970895675057591,-9.753660278439312,-7.653420568149258,-69.72130716311054,-8.21206781296388,29.64936450921644,-0.06314893670375454,80.32201123766441,81.46145657206486,31.64359871160977,3.759637568994023,-79.23567894875963,-49.786173281270926,8.304676318994055,56.85113797715562,52.60119460524669,42.46497878525136,55.67655958724606,51.59409173615154,-86.95063282237592,69.59408927154061,-79.00173622921011,54.34032116742725,-63.051173018803276,-86.30152062250616,-11.782605508786759,49.08591185837429,-39.176658544824285,64.52514965295774,60.41973092042181,-89.72722350862179,63.51245057522493,72.14063458192058,6.505859749529748,-19.329166012699545,-72.6487512515387,48.059194724268394,-1
88.04604828499151,12.968226652523285,-44.63444055298969,68.3997105780123,6.793494509552758,-92.79623634171472,64.36618931707184,-19.35844877334955,14.321529896588771,83.52945558088669,70.6634373333172,-96.00541348439438,89.00341884969879,81.91733901075546,-60.57879223526956,-72.72577899410832,-89.66286401777364,14.858707941714712,70.8691965565431,-33.58522183523591,-79.9265009809892,62.81338119025338,50.22967356451653,58.44340663107036,-70.94165760684368,-6.386907914753763,74.52733753823958,4.857196674950231,75.285854968487,17.586746606852913,-20.32446486811388,-95.2008108399854,-30.134592804817757,65.40197632938472,61.071534032355146,-18.65152256173772,-68.85061362931116,-36.9868249478172,-35.4280111661095,90.95073578919138,-15.378903744734032,76.43995572349397,-87.46087222272318,2.903999657668649,97.53983855221654,-70.81420408153338,65.35954795270919,-64.0842478778934,18.18979203032025,-2.529125824272853,-34.43980627157808,82.90961582023121,-27.233338431971305,-34.74490176975226,-88.22556498204983,14.831109086473447,-68.37010788609561,-20.429064844152563,30.699013942908635,40.69156862193401,64.3008430814686,21.473670069140823,48.24276194098735,-59.44250034903398,-25.608942534545037,-54.585336663939074,18.8022993944454,-36.46247945057968,-11.962040577662236,9.793951782363933,54.41670848886156,89.66426399974128,-61.39305497749659,-22.549597030863524,-99.32782896361414,88.59641830419568,-85.64424186560022,-75.43106780757604,-3.891828542034176,58.7415665375986,78.68391212398186,53.002472525779694,-52.15680289821769,-23.427172805485668,38.54125069308262,-39.92077808126226,21.151790136120823,-7.379347103804761,-9.585370426544088,-65.37430105629,17.990396619522684,-20.535707208550008,62.59964772151295,44.850191432800216,68.35764996507402,-65.70581081227337,-64.48603229389431,51.61525045625143,15.12742719645017,0.9709497764094124,1
-97.12130227404883,-71.82859592404003,-54.309051733740255,16.484531641449294,20.759090589877545,-76.29947528036969,-66.02379878985295,64.7247221497947,-12.028872057233016,29.106871282104464,-82.60659594881339,63.21135142286471,7.618932824222256,2.305128161898608,88.4370908979277,-58.75945681964423,60.61512846754897,44.08321381846858,-11.759779557413523,-67.48658626730429,-82.19936440346407,-27.321504113574676,77.3128225262304,54.333621262149165,76.47930695327275,-25.33900197542252,1.9785151461743595,37.52028578414675,-77.17704856264429,62.08038817179667,17.25356863865362,-9.525164595339874,49.29195184435551,14.675357600311685,-66.00074065039976,-98.00927485732713,-27.23345794632293,-44.54182874631532,18.214141929541157,8.758037985974411,53.09168944937278,98.07490459344243,-53.464364635582974,-27.452626375824707,-17.3453645242262,-23.209309423315588,48.00110772180915,-7.822006074456667,55.15115812404093,74.07079986112996,-55.39996379230443,85.76919517525087,-41.00352321553511,-23.2430459175404,83.20510387038959,-8.09354539480141,0.262339975004096,-66.84324275425521,-22.36954238220548,-47.439824542372186,-49.601693970023874,91.5705855513655,8.795251591968238,30.40732067873043,9.183738075006204,0.9887261235670621,57.95849767719474,0.14960385357973394,-17.706786749829547,76.40035844293544,-77.5507984910208,61.928908039423135,-50.562904805909234,-67.38654450065873,47.16395380928523,-17.365426950696047,99.64694471221623,-33.37812720074626,-49.876328332821565,32.625180210999815,97.02541385649997,98.3941605530454,-6.7369265609812174,79.85646145487198,-38.42972923724608,29.25406222254378,-40.385379341509655,-7.352130549527928,43.98988735750896,-8.763635768578439,36.320492961360316,43.71121014751549,-54.07327888381206,68.77345705992235,-23.958812313520397,-92.30900336979127,-94.87382999937279,0.6637139807037897,-13.933999492971466,50.03176070007012,-1
-52.550182500639984,85.90582884956518,-55.84607744224792,98.97326343395343,-39.04978092277334,-40.03989448695282,-76.489739969956,-37.624112847254956,64.01350041112988,-35.829091450031285,21.642275353289335,-39.68262602528969,60.63410232654621,-16.978564629013476,22.33113512920282,90.82632831421452,1.3099999817094385,69.04511163214798,-34.11666852511142,-0.22979525114514843,56.81235596569576,-92.4887860519621,-50.25134674176355,-19.449276250511602,-11.425898778821903,-77.46042791233496,-7.493011340858786,-57.69589645115452,-76.17998847812888,-73.14060712096267,7.885302915247266,76.45621900907662,29.106798176029713,85.41382321023701,-23.632180687774664,-29.73689094936489,-34.770056576127686,42.65634447644723,-74.08925244790088,-78.8529464147099,-26.721466657038945,48.75253485057806,-77.82387828030299,-58.64682811325987,88.83018184656345,-84.02011980962129,-25.198960125342154,93.65871165459026,14.648532969601163,-96.5170192117548,-78.47151563330723,78.8983089749583,-34.41226819280239,51.076257769631354,67.32745444298459,-72.24339717865402,2.2977176243907422,-75.59565427376505,-90.68630274524969,73.19132038897368,-92.16212139257287,55.94815435750377,-23.019006267522784,-23.340897836485027,78.04462269243723,-17.853336057735447,83.52520901987663,17.779356302944734,45.33691706276676,-48.05281232510406,99.05612141308535,-56.04937622784274,96.38403590273649,1.0711553060276344,36.753393572896584,-60.92290707703165,-84.80180083867683,60.52815615549193,-37.17329661491902,-27.560171826047124,-18.240836331480878,-70.32104844847623,-72.30088317053955,-11.230131885169541,-88.19388463246933,52.71877272474771,97.19373119128542,-0.5448348066441753,52.337342594149305,73.24356561889113,85.18361773435828,92.60359936152125,-53.5891827274082,-74.30471361424597,36.90256984043694,-43.2082672825997,-41.26573895156651,83.84847638831829,17.427641901535097,-30.66448126847203,1
31.522578460068672,87.66809136420756,90.17271245008206,-71.55012626256077,40.737195492159145,79.71212093496786,2.9866699826518897,-31.322659564471152,-38.44581894137018,-30.996632015086774,-40.01412050538675,-79.06791193070377,59.690701010238115,54.453511367501164,89.21512361376628,10.811676692042155,74.25539762423142,-37.349851902235606,-81.39392505182086,54.01780625081639,35.789084856134,35.75519670408579,-86.87440093285193,-75.78374035170745,-84.94555179927923,12.054015119394592,-14.619582535432556,-7.092307295116157,40.29958011315671,22.698554370395925,73.16829508398843,-19.650958915004296,72.00335058190907,-37.16651744160728,-93.85456406990009,80.08106371301344,-26.386058956540253,85.21227455735058,-58.76703107375858,7.85965276685225,-52.03168838848398,68.40310394370158,-39.56596932833183,8.955119134404768,-49.417081100446914,17.545078538257442,-15.575688589963647,28.890472832947978,54.99812989898163,-6.031235952030542,89.14227299673172,-89.97471353583677,54.37262620010216,83.52429399133177,-56.71260587353224,5.621425195011028,19.583371680248902,-75.27264653239723,-88.76676709102827,-66.28697387731108,48.44447675735992,14.544636902367117,-67.3248852095794,-40.37377518347114,67.55446319236688,1.4016760452051642,-57.3087825332713,-68.43171782541589,36.325506157435,4.85271749114338,68.28413838826668,-61.598405917982355,63.792100588724225,38.69069073887573,-51.28120878855744,-15.03327867785859,-29.259208380504404,43.841817551407274,-42.99251498751702,-99.87022608455514,-83.75682320010158,-84.90194379560798,52.33066359036053,-18.44246950157296,-89.04566415915775,71.19240668665083,-5.780719141887317,-4.388410234923597,35.43234593331351,30.862814070266865,-62.229240855514604,-75.39668280332397,-44.27597048447791,-31.14400160938304,16.971520441047176,47.94628132341967,84.78172615148733,-90.68724041854313,73.82416190796721,32.124492624319515,-1
-83.29985666026624,19.48262043406166,36.64960565792916,-13.196126765224946,-31.51040423305733,86.58497251393442,-89.33040060222046,-53.23743338138718,46.174069155232075,69.00792977932849,-74.8713015175372,65.08797914972575,10.337593561292337,-95.97565562938519,-76.74526394142387,-44.225614747807015,57.133320388891235,15.391830024195812,-36.26054854292053,-11.970310555173498,98.75462055358634,99.93464104841846,72.35476795787093,44.37063210662245,-38.321081606970786,-82.92624413468694,-62.32104651990156,79.73861076043215,91.29962495541969,-39.87361428366489,-28.217401800393873,54.397814050938166,-18.279005855351983,-30.196257491511375,-15.365432094649023,-47.28510235972323,-10.0080847262781,0.10793542642508669,-46.782452826210076,-7.299686766562957,84.37916051532852,-42.21563363683063,-24.65895951681547,32.93188270781974,49.991020220815614,69.48417752533115,-63.58647754439508,81.5012698530793,-40.411908254192184,82.49499714386977,98.63524362509759,-8.786758146616691,89.20872885608509,-78.65647028950822,-60.65189551352801,-94.4414420065844,45.82051572066007,79.35647373261011,-97.0182422233963,-4.967523124421376,19.734051501392756,-92.81042376079644,-60.86379005168248,11.73569533299856,60.95187971810893,-91.7194281631461,97.66091351815967,-32.79988855847833,26.056731164437608,23.678909051510487,38.12207124812329,-63.1727040258327,-5.009706825002908,16.660305810973824,-85.11847970196031,16.32274396397723,-59.18823158029609,-43.35005811708641,36.728486097231865,9.275665313202325,-13.451634867525414,21.435044065801563,1.4477641708751747,24.815857589965276,65.36112929877496,45.058863788584745,-24.602364139893567,40.447659298943364,-30.370130470607307,18.114257382078833,-95.57130696678536,-6.217902963637272,68.90919026845873,-60.19346909165832,-3.4689616373092917,92.37746763835753,-70.38727576170473,-28.606674686712125,-58.64668895411329,97.21666228926415,1
90.97305613263882,7.479120587584575,95.17305116382627,28.780850708226126,64.75807684425894,-35.66600206809028,56.39199543159182,-58.1881252586308,61.93500725317787,8.911064930935098,-89.00673863203559,-65.20725881933227,-83.70522045741163,-56.94619084283315,-86.3979536095159,-9.672200896232425,-86.9998422102223,75.70614984143117,-63.53296328435609,-1.2025639713017569,-60.05434397775269,39.49225344534537,89.0377159519089,63.582925209332956,-59.80519344175208,86.65173351617076,31.82598252463214,19.798018126205292,97.38073328705113,-21.31036935527284,-54.59363314354626,-83.26731798976337,81.19758125178299,2.1993583868684823,0.8296979456632556,-77.06375152426597,-48.606229220145835,35.46431759229486,-55.130562725647096,-6.517899948507022,-51.20730371628734,23.78929922776345,39.59194221758463,-40.80335725675839,15.119549753359081,-69.87994531448145,-74.08356641401545,-93.1607028858334,57.94635266400232,32.16158858550568,13.07969702939289,27.493411762825886,72.16425214803454,62.21595874713469,39.771846105978824,25.45055760374015,97.59424424427036,-27.803694193228168,21.23354026701911,-96.4093058001522,-46.88296053046448,-1.4943435949363817,70.9051288533193,55.47001257680205,-26.552941046943275,60.73179700000378,2.643817820452199,-78.14371625729916,-11.09243870150003,-70.57606317072319,-29.118086597133484,-84.19794595863084,64.91622459305498,-85.33421759076687,44.53362719241457,-79.92266460127672,-5.300892936675211,18.983950042844327,68.9095365107581,-95.60466142530484,23.1119169370658,52.27697705687811,81.98097478179398,59.34687040900951,-36.437125319648736,-87.67724547802267,-44.46164607008001,56.75881866874627,13.677873397309043,-62.56648595616365,84.95684722907347,38.174988714263066,-5.926373424800403,52.39011870149625,71.38232940405905,39.393421415975666,50.330536925962605,-16.086895008219642,43.45225484340955,39.62161078767605,-1
-38.09447674273445,74.58916717528166,-94.87158683871286,81.25091610420733,14.705790291114653,-49.90642024150021,99.44757998072055,52.03218595803182,-42.363094808094104,70.90947864043608,-53.42828862478115,74.47891267096298,-5.109364031095339,66.24916101798851,-74.98221803271929,-80.84916026732847,-43.872884024696845,44.982054367216875,11.368882626912509,-64.76921749942798,47.82493342730925,18.248581150122817,35.2467470080955,-51.5340377092522,-62.6384203619003,89.53033061621781,-67.15660835453082,30.394742784592125,-90.04656068228489,12.533356131266629,-27.126341179983953,-5.5473078409569325,22.409415931551123,77.81498334934392,84.14758713861124,-5.618178017082485,46.662932253181225,-87.00194793224631,26.29982133469953,-30.67206112602277,-87.09747785239324,57.791667002069204,65.33660545423413,-4.590012456623555,-50.4911425963908,-43.74430998537784,46.45885322801746,-88.85862086131517,33.56291456398628,20.838390148732813,92.38306028225756,-1.7473487837576442,-17.847312021848865,82.19940444881291,78.25036262963326,30.829118448254434,-77.32658675310331,-32.09558270522908,-3.8012721158095246,92.89970497278816,-95.96081184529413,52.550877094954586,-27.595094628451804,-55.12490614395165,39.840385849188834,86.33801288680007,39.93973274143002,51.94416061249677,19.154886971844775,22.45206817534691,99.3838000141588,-99.11797320393794,15.535718661353371,23.825936894440773,-39.60557245163079,-25.728514695435607,31.94298662296174,85.98744064948119,20.949592288401448,-74.7281550055568,-29.981076731151134,-79.46703969234875,-50.866134309151455,-52.90054296878599,98.7144342981722,-49.67245123425392,6.741561574334938,52.580166517858004,81.01887419267894,98.87536330099144,58.840135651476686,-60.57645555803673,-42.487782199854784,67.17157076160575,34.07072489771491,-43.931632123554444,-10.318300105729804,-27.22145393680593,-16.927382394545106,-60.906877873562834,1
-84.45307260700304,-72.63627381620772,-7.301191239885526,-86.20839672871577,73.11542912491043,-38.04242815818015,77.21868706264164,-21.08553693621525,-73.36357486649533,-34.43143242283635,77.80012216293318,53.02976997225278,-94.83220555599776,82.3153774526105,70.06354163151977,-8.934250038279572,11.123430936480588,95.54256256509998,-14.461642393307784,89.34158300677763,18.02328446889416,39.73139601624803,-20.280067456308842,-38.53496380245009,8.419301839663746,73.52377323782648,-81.10858974625617,-0.412389320878745,-10.941045524957914,-89.75209177071505,-94.70909890391516,43.437377945054294,-75.47615590851231,32.23817994638759,20.94195877747839,45.138369782949155,-76.83306833172605,-48.124000955763876,82.91165553763162,-39.260306174210655,-94.94171820207337,-37.267818164866284,84.95373728718033,48.39334106285861,95.1304262782543,72.81410062909376,6.801863461437847,-24.426801687655583,93.82832400997196,84.65481727070988,-44.88350716844829,39.813182554251284,-74.45478707537411,73.42035018757417,-30.421211823751236,-43.42566843051876,17.954209130882532,62.62895820290379,-32.14828245310781,-96.10882743709068,-11.540145074088073,-12.436340678876093,-70.79695703539713,52.58178355258062,-88.99725700157065,-74.92582147547162,-79.85985647490274,-35.80427880325503,57.79909073016748,5.933383265903018,-10.647276907144814,45.345724842177106,-32.642038445901704,-39.93691530721464,-26.10449440311264,21.862264671096668,43.5534669403948,51.10161530505914,50.57620020846022,-46.08611364613138,94.95450094419112,53.52340877952696,-33.2856677116701,2.0412683242561513,-99.55563133407065,-17.865041157832934,-9.68665721116706,-90.36640632970338,25.86816860246475,-29.31840405381132,-92.18055601374306,-76.89241535874166,42.538781070512414,-47.48654981296727,64.57201721205323,3.651289992170021,-32.205636484616434,-21.629793512006245,14.851837171715559,49.79901693291299,-1
-21.380455066647926,59.05346237197804,-45.15695953026599,99.33937077059537,19.671496859551766,-54.35292730126018,-29.145734556556874,-81.5278943777243,28.19310561975155,68.7758822461858,76.8686855942575,-80.47799237820168,97.18683372498356,-82.05981619703084,-77.99645577449128,-15.085478562808888,-74.83953273078974,-57.05109951832852,78.06051142270405,-59.1033077608353,58.0814951765976,-8.85283719830305,88.55440022105532,49.026549699679975,-83.52940193264837,65.70771518540988,43.21838356630269,61.53192031495601,-98.24504898761643,4.069267374314833,-30.22758064594538,44.60688617015913,80.60260783361849,-90.45324206424878,59.62500960128588,-71.1497371766817,54.796119253382074,-81.17840625248812,-1.0663435545313291,-89.38544356572658,-85.992954933767,-53.603232586525436,-74.03888826682412,81.92758446133121,-27.03579155649676,-82.8929281401076,-91.58683055696599,-85.19374251881729,36.824054141175765,70.20531926034829,54.94137360311231,-66.43558117541515,35.42319435631859,42.12509047614117,-85.21054110302693,-92.17688423920585,26.139961335538715,-27.606203492850852,49.80773106272781,-96.80057059185178,41.55783138198066,-80.99940157532002,-35.765043890948746,-65.65533734052488,-53.613915078635465,21.249611989309486,49.779159907357354,-34.91151699729305,-12.460170647997444,-2.248317992686296,36.88312716294345,-23.642843947812395,74.02838828189155,23.634904019133558,68.7593137211762,-65.58559329334571,-17.83187711449783,-91.55417838600457,36.10191342606697,-57.2491087072595,-72.47816558760772,1.1385339794666152,30.730283946485827,-44.883155892631585,4.531864599274968,-95.86541071924995,-18.54443518433709,-78.0826084200545,85.86019995079798,-42.7407173895846,-66.97197248553593,27.575221419633394,68.47312857115935,58.342239754075194,-99.89443126283352,34.34114991354372,-45.8483713349322,-95.89604419516692,32.20883001719855,10.097294054509717,1
60.696186076969724,-64.29106758913328,-34.961987155061024,-7.688505116042023,16.439749318822777,88.15690410062157,75.83715452024953,86.86082283349805,11.574735132014638,76.73679353759795,2.218764294479598,-2.822878762077366,25.700780016713566,86.34628495076493,-34.91634386347843,64.52958543877787,-1.6971548336346842,37.94030697237372,75.31962376700375,34.67829580596705,-61.169460676290186,38.90839480745481,-3.7129308084789017,-77.7805582308019,-58.874104893543745,-83.20966770004324,-38.27846367291268,83.79586510007971,67.30403888951577,77.94274402487952,31.11163948346976,-59.109734753493996,-58.8923058609027,-14.538791353102013,54.38124868001785,6.701532503297344,52.40769267781499,43.32125511301001,76.54736779644892,5.944989361733491,-53.83765372801017,-91.95191567787614,-22.32299107065188,-12.729735207362154,-61.81264312984689,55.8089740394864,-84.4429599599064,76.77709264783081,55.88612156066864,-78.67738273775784,-15.820295504856134,32.80432134399584,-43.90448967151039,33.07732475700641,-89.15983823159334,-40.628275006798575,-57.4141834325455,-97.24245909108981,-0.9240365428039041,-40.697529672656515,-41.57122955894048,8.749128962682718,96.9489325663493,29.962406249576958,-4.583873871696213,72.38584542316326,-48.208781501212286,29.07797753389343,-56.40456400960454,53.98165983597457,-14.820627172886617,45.13671077944542,-55.11951688168053,78.37669810305869,16.757123694098567,-77.39139326277855,-59.697307295532994,6.877676702718645,-2.8438783331917676,-30.805354767386618,71.8000565886741,-55.886867888274836,85.7849516153313,26.60600406579816,-0.3512776065614389,84.31251729077508,-0.1830616906645588,90.66386208950229,-70.83616402847963,12.892984030142514,-50.66453795332433,1.6330543708689191,6.522238393948939,26.303720314879712,-71.0664669882911,94.02792863899907,-45.84524077574967,-33.02011439609301,93.16341476663405,-88.75711579864108,1
-16.351392741876225,97.53360159932939,43.624615245298884,-87.4693593089291,76.69295259721213,-42.47345419126436,-86.59669244975801,-21.61788741121819,-5.670101849880922,41.32082579884354,85.54914661508147,63.564414713238136,56.56972359733149,61.181168506688266,99.09672214664397,-10.365830595736298,30.3359589756854,-26.60843363660095,6.462052675982122,45.8067485658988,11.211467038292298,35.14935206943542,19.64755197037931,-34.17265888878393,97.91296164756136,27.460965285664884,89.1475918804588,82.3475416554707,51.43332508250393,-65.71355910505639,55.62513225730436,-32.975146660755044,-11.937404849618872,59.394955779162615,-19.837511136850054,98.15243110787591,-7.603834866718003,44.25365869708344,-46.14309603825812,-93.42745484097203,31.442639933693442,-20.20141666595056,66.01461964111544,41.11364041511334,-27.031787752345295,5.331965222283188,-26.172818407172997,63.676911271890305,30.52592721504476,3.112788944299055,-31.763989079928862,68.1897039609643,18.765019794632536,-38.34659940275014,-29.471038693139562,33.90314152040244,-22.296111924263442,63.882700907999066,-97.10226276814227,79.12542624067984,-10.865004268516444,-82.28914960561792,6.971373932922532,-50.36683135814384,-95.71752087903482,83.20630705706807,-81.54110637223894,14.908602410045518,14.353467604209385,-60.573455628389894,31.891295726856754,30.55904052485326,-27.158170749211962,-31.223840913329553,62.79711733546446,-25.062395854621073,-36.95274879312507,7.807855388818382,-70.55880290528145,10.627944667790914,-9.156448353132191,9.511850555576729,-97.08263514823447,66.61857829009034,-74.89588359437467,15.112808312785049,-66.39523166748671,-55.678484537518244,48.9980105233503,52.24626708132803,16.46641857224725,49.02791248766465,-1.1737896776599541,-99.01671565856034,78.85016275634752,81.31796821367763,-57.86350243980751,14.067891406349347,-73.1387344592796,-13.51387144795055,1
32.70035382161117,61.974889170926986,-10.819458724650332,-56.79236349808008,71.66833535982417,-46.88343340827878,49.67117073314796,-44.507064055009195,8.27488418148765,-60.85747198007019,-13.09380733910092,-79.30498727068307,-32.557501918742844,9.016682571978023,-18.67269462300591,52.406544207810214,-88.29267998398997,0.6438414365924245,37.390488277087655,-9.819269381370361,-66.56082909054632,7.615908574810845,-54.33383268133791,99.34675405887629,16.26784338645973,59.451805129621505,68.06724764421662,-50.616700978241916,72.93555051713008,-5.669439734322282,52.720871832599045,-91.14091380060152,-42.110161139126134,94.72152976013973,-6.379591110078934,-96.9000166619358,44.293907574297435,63.33574785518468,97.09507980088645,-7.146619514777328,34.19889640566319,-10.296858556353655,44.354055463561906,-38.549003774237775,-44.28296543058687,-26.68981236668195,80.64472499418721,94.8999766525566,12.082302003122194,44.835607028090635,-32.78979074988149,-70.0987380252406,64.45246052274223,-36.279113730701454,-77.7948103576622,39.747981465989824,-97.84230074750155,66.75766625972838,37.78712820171256,32.07367792747743,69.59501577557972,11.757165383064887,-16.792600677821994,-7.774330136107736,-55.4388464074665,60.30492582331166,78.78142131549657,78.96315001218704,47.14267009645445,-85.08060813337492,-2.6838876619098357,-47.24783086822344,-50.90034817468796,-64.47220132453835,51.25254219752259,39.98643713062276,-4.053137125494246,84.16783721875916,6.905474844863548,-42.646207886894814,69.90521535283023,98.10716376023265,59.603822413232336,34.19891560167102,10.127202669479061,73.27911604171265,2.1485723299816755,-22.859748249746232,-52.26812907426244,-67.78653381743905,-52.479700212526616,-43.212619293449904,41.68533941705064,-98.22534200251533,48.20662044147227,-56.854020149960775,-6.98602525746162,61.91802214133969,-99.2372889215797,-87.22894772148824,-1
-97.56910506203673,32.73423307252963,13.403252197333558,-95.16164722172896,-54.45005277935808,-23.896458026021094,-96.17102640063267,94.7600826714299,81.40839208300437,-4.979931861655899,37.446868692136576,58.26214286253338,31.58998224091846,-60.214044040992334,63.58083536648789,96.53048229871385,-55.97415116049467,-76.71089518305772,-6.992935053865452,-86.67440031792506,14.41996339432501,-21.85651154907518,-88.28182245797291,-81.00267100453758,41.10053213262745,0.6540896201168778,-68.90954156870855,-59.146489353296026,77.81924854324791,99.9610288267603,-89.05207281801262,76.77522239717635,-31.505488752834225,-41.041663198498135,55.71543738665338,-90.4904782237673,3.493110730745272,0.2994191072127421,-80.38112675180372,-35.61784728363564,-23.153892392130217,93.42312347427227,-95.03311850399714,-51.453489510045756,12.444649968842114,7.734499996324558,-9.353566980014534,97.91643846375567,-25.859563877060125,-49.22423212198503,-70.40129511391822,-16.079595813174194,74.2711832356178,52.46307833416432,68.56027670581594,5.747226959050721,1.7038063225171385,-70.25313338352373,-95.07739887931474,-15.12175830551459,9.073450533876454,55.08344707404126,20.333757469122048,71.86853587040585,-75.26547250902833,12.738983796753274,-43.19609399330917,3.114123043742893,72.82477607092648,90.35709257044161,48.48937176354224,-96.93214411634725,-34.57815668548602,-54.6203513764755,86.26309581470665,-60.13148989395878,66.1035655497036,-27.134915326769388,-61.07733786490144,75.21501642104104,77.71479695205835,-5.992545011971728,-91.89070567030429,-64.60076172191094,-51.1717750867859,-73.52938162854745,-82.93340354016686,-50.126310051460244,43.29307547919291,62.9353859930541,83.9444778843953,84.97426833077378,66.90830309537381,48.59380832683226,20.370506486516078,-28.022734729766995,95.17911356862248,53.28489851680743,-95.91738135496814,-41.66610617032278,1
9.905776464747106,-95.50613833597652,93.02373928720911,-81.40187203537357,80.01663660329615,80.38803934983002,23.90524000726066,-94.84608024712978,-21.370574101196965,-48.58746156215825,15.308997990228008,43.51227652970715,-68.61947517077598,-92.08849868747737,-26.458298374491363,-47.866723487579655,-38.14637770006093,18.866346785319152,55.43718188792192,-81.62993255415981,68.0899163277611,-57.049266834983456,-26.990861304777297,74.1783580935612,66.44515610087575,-28.32647353352033,59.38231314852595,-63.0109325576536,53.875829292634535,-46.86430689943255,13.039504235550226,75.864331853012,36.655322084477945,84.95718194280272,-95.48766984853447,56.39885710221208,-21.177323297454322,-29.25234944401933,-8.594943903812123,18.668731437694348,7.204992195410156,77.49703734146715,55.71109198230769,-41.62960681668206,-89.84327215264973,-13.110809756024281,78.47542291865994,-30.474439712201146,-51.18399790750283,9.97671189755043,-72.50811218292472,-80.83007324625021,-9.547797984951885,-73.22458316730804,-82.11035031503084,-56.785653465325424,50.323252486461854,54.29077062757588,74.83487380873996,-64.88325743015065,16.40871569611464,31.42922313603208,-55.63608544760117,9.36111484172686,74.58545966221493,-8.325161648987603,87.02179726776808,37.418172772542164,-12.95600262450563,60.33774319946522,38.78551629752488,85.73488127881629,-97.20272762537006,-15.171165244099512,84.114398628417,77.7009384782809,-40.507444511584254,59.256860844670115,-64.11818316167538,-78.18466107998341,-78.57571367833656,56.957598588582215,34.796343284975535,74.82382841961956,-3.7004725690644307,-36.873093301343715,39.78101555366683,13.281796593584062,-77.71222022489576,60.58357859204432,-68.89968965428338,10.612455538910524,3.728883793590157,-25.688545230776157,49.43982125294872,79.14381152928704,8.063828080644583,-74.25653877383,13.479556341904058,-89.7612731579349,-1
-1.4964612362272192,4.613084953823858,-93.77318342309773,-14.783323221925698,70.45277487823628,91.55796019764077,-88.45356815497655,0.30359207003327526,82.26783801572614,85.76159213757705,-17.853691301797596,7.455134733607622,-65.10030272040896,-31.080680854605646,8.775584232223508,62.02801814909225,18.085220621578273,-9.166505966447232,-9.180681324492681,56.58683454797344,-5.247969252255942,22.102632818432014,25.54654711245314,-4.95450659965195,-57.574920255612014,-65.46869283352021,-95.06726234039785,57.81479657633872,78.94282095112257,35.34733973597733,-7.25365281373584,-24.76697791378446,-43.94693996511434,27.670860977095543,52.24230303309477,-4.077249167183325,-36.172096893161346,85.635187813247,12.731739927003034,-12.595184780265427,53.79680003528131,-10.172292571106993,59.865033451723946,93.91806729092013,78.89572495335517,-55.79942153507045,-25.987587426004893,56.579353734466906,-61.19401035207916,-74.90838209180362,-14.967251068936747,10.739017213465885,94.9122367473523,61.70796333939467,-73.20182184854735,-67.40398075015572,-33.94125248144999,-57.380363770304044,91.3997346279595,-73.14440662760333,1.4321181851641995,-0.4050823270709998,87.90809020612366,90.29771850982621,-81.94944766335652,51.525826476950755,82.55475358475405,79.18506300770761,-1.576648761733594,88.11225749452723,11.588972741793953,40.99837675027507,-77.46176663125024,4.274915080482671,93.78181752373106,-6.359380685437529,96.89240098958987,26.180044079325,-63.146912694834235,50.23067363461976,92.11144478031835,-91.04698292337672,17.52730293764175,-37.736669144829605,13.193364765709632,-82.94984943860902,78.99931779888763,32.36839696758051,60.89375049246732,56.575863237752486,-28.233111219483305,-93.38307310890164,14.38279202635178,-91.10589820562112,-17.48536013698589,-97.6456374487376,90.50942161260141,-52.07723206622017,16.548809769682066,-56.55578897428135,1
10.381367754897113,87.81353970257925,63.83777188535805,-66.84509196734484,61.647042001844426,-46.293248786478536,16.139816910856993,64.65464253600604,-69.24325889735677,-62.844609060258435,88.59655681422714,7.137794091205961,17.13086708575983,85.97409645877582,32.39396789012682,92.05327169841331,29.641835489711184,-91.84299731289639,46.67230294641871,80.75345227982132,15.14386106624086,30.92429915941102,62.44790772174943,30.073112099089144,-42.11897385911747,99.76896543692624,62.25777078920797,34.52974788647424,52.16150828621542,-83.20209972216821,-79.61361864388599,24.94789198129162,-68.89198169990254,-59.241232940015664,-21.31728472991516,64.64198843612715,1.2732507123578216,94.04701248560411,75.95904149869193,14.494645587741786,-91.02650738748004,11.575263173770082,13.772159472235515,-6.314011900949865,48.615226956535196,17.1114374639737,-25.637425413867064,1.7366655375458606,29.27861030161563,-5.604559412469172,79.75184519599495,14.524564637983019,-95.33226343387058,-20.670838828973757,54.03743022096495,-50.602200942864094,-64.57588086017903,36.66915501586331,-74.99490021602128,15.165529342804646,7.91893074700576,89.1538591357394,-80.91200807493315,29.439434458822802,-28.99091257540421,-36.848537865209295,47.87560180382283,18.846425048248832,95.90395214817028,-6.805028344317776,9.215766462928883,44.6584247684892,5.544160273890597,80.93263394638586,41.985313339080534,-16.647884479793177,-36.311796408068275,3.8518852827556884,-47.77530630649536,93.98628887513215,-3.7070163666306826,98.80829050323035,32.262188559715156,51.64556551031808,81.4622313973322,11.682118455142287,-84.55595194170581,-75.04802879481065,-1.0529185195659636,-57.41983179712371,-91.13350399598401,-54.79142844141518,-96.07898051885064,-46.55960174924374,98.006951272924,-73.43575081336655,-95.05636226152627,-82.73334718952844,-45.51742269022172,-48.39129966231239,-1
-43.031901124506476,-76.04757363614976,-46.59434596611574,-82.17511357679668,-5.766420213437073,-90.36279752134075,-46.229297123561295,52.11512849105645,83.67950841631159,41.00818127071855,-18.716692685196264,19.269299499355185,56.632005805580576,-46.46631256114049,86.71862874025032,-67.05645061140382,90.18827037316686,7.238455856440822,46.784074057540096,-24.722492453104934,24.98449395769127,-57.10835413516768,-95.95649597044051,-46.0876613495081,-5.243327538435551,-30.920667587280775,-77.54544833421808,28.788461067182084,2.264908732225294,57.39801667696506,39.78553218904338,-50.19600757864584,-4.259663621929974,-0.3296217379078996,69.85375008763623,91.65969661426013,-89.40671887805797,66.27525674287412,-74.81151672949547,37.895918745719484,30.39817077317096,-61.3669577756458,20.701100689923948,-56.181035459976925,94.29841129464276,43.87116635010463,73.75148632101116,97.68093843118925,-67.64228299527394,-27.801048241506578,-99.3366591190197,0.16625325732040608,-43.732851838717025,-78.21839330990235,7.6673025888530475,-76.58118377200039,56.80381075424185,49.04677061139782,43.46074754100886,-50.15269109423666,43.8480374671488,29.31565609156337,47.545186926969194,-97.35378584325909,66.48417108494192,4.298997879193948,19.47453295950376,35.66523595065155,25.777567605346505,88.77976198963293,-24.563171115369926,33.149744463887004,-17.289688153022382,-58.91321300385102,3.924187579265066,-37.45437678654111,45.58281931438813,35.1657862642316,-1.245215886268852,-8.356349002472797,-67.89570288884643,2.9002555250919926,-38.63187940434689,11.173573535745732,-34.10682923110238,26.295877079758313,-40.607329385606185,-65.41072123855957,-32.26509714013699,-41.41462806338401,-94.97452285128776,-76.03354081630933,-59.71000873374421,70.45506389833838,-66.74796380658884,-78.92081759525449,-52.11578237559087,-90.80698405212797,75.08648142953959,40.685110489644416,-1
40.81595361984472,74.73542283726775,-29.31572413945638,-87.54537882362288,58.903108898149725,-40.541841938533274,-38.707306391435935,-41.18650756464444,44.031492186188046,86.57353802532663,-31.807605271402295,-19.296001511957755,-51.969680795597164,88.66202237482995,47.10414115871623,26.35496873055108,-65.89392212124494,84.49977926050062,66.55581420465893,-48.36836646830434,-76.42797826404598,50.99574662983264,-17.186276111911496,90.46027692022133,55.720271740111286,59.3097108092997,-87.22484322762232,54.09787170025925,44.29541654680341,-96.62742598357912,5.4449503200791725,-27.476609682907593,-99.94950910188759,-55.158037558231364,28.190443969635112,-83.54562186475871,56.040699371352304,26.01044042992568,-29.72819713364383,-12.402795687606812,-72.05796187016833,-12.37986224179022,49.60072979377381,-8.013560674922246,63.67461077397894,3.6453786949755482,97.47204090706686,47.774845409274604,17.27250090519574,-85.81378632579815,56.00602151866747,-7.8926756326048775,-61.529505453528756,-7.320670678799999,-92.72583325055346,-35.37101111292395,-93.43266387397533,-8.66685725133209,35.699439494392436,12.207745044614555,-16.18560837613225,-22.743602678076897,-46.682518038813626,-60.79405185414082,-43.45390600161223,7.8010089651501175,25.409883479529086,-57.71021211888736,49.34702394827761,-41.74064840438299,-49.90665243690844,26.399520988646728,-48.859773974355946,61.83614134027678,-64.30046400511624,-10.42016149538729,-29.807245789859692,-72.43086740733733,37.434571124409445,-37.59785686133199,40.96294484629249,-97.30711875373643,-89.11823443682496,90.78449547236121,-86.11990066152886,39.45561876399475,-47.08715451703491,11.397479096327885,92.26684526552347,-55.86488054155729,20.614940820848716,19.022561794533274,89.20124485252336,10.714486255918331,28.10569627931872,77.87841546105969,8.714318301228062,41.07273415722457,-41.66126781596826,-33.45669131196817,1
67.0604991178476,-69.4281721631336,63.59340482381245,70.28499154901914,95.82098760303091,-40.93970448563344,-1.7808541233669644,-12.364277350331093,-22.254730424690663,41.87776436487724,96.93089551816792,56.29241775094184,-2.209814712309594,51.357844580479394,-89.60678037376395,-44.51465303980417,-27.362175256754995,11.768174190933294,64.092258031663,48.92073580067603,-74.87745929593959,-72.1624394484026,6.791309386986782,-28.932058356090607,22.80623968973012,-30.684402424844166,-89.74593350736934,75.27042260543831,-5.458620272742181,7.695195332541189,-68.20698119547387,63.51890939030923,66.84768592812799,-68.45593658335005,94.19681157537411,-74.5761416285903,-12.067693525881879,8.021487784358186,56.81894011596961,25.840031489932173,-45.54912812310678,69.73591294171132,-35.066224421308306,68.08133111274284,87.12387126573142,-56.85530190687811,87.35362667442047,71.30824413775892,-82.6327159119977,-12.831779269597604,64.81752243414874,40.51828638637113,-46.97231925839142,-4.992458245922691,96.07569381174858,28.54945689187514,-70.43324108624347,-38.220479540919186,-26.608577449509042,-47.25076094463467,92.35573772889137,82.46033111309671,32.50182720043631,-22.070498406364834,-0.03376949273359742,34.341043336800226,-52.168979970535176,-27.902978358346402,-59.94810953793932,-22.06813416860369,70.91436137919592,6.321026330079846,13.618412779949779,-18.983176655452,-3.3276294096542074,18.641481764977357,55.89042437916527,36.615463585255725,19.023312989335636,86.859379807426,99.74990233191335,83.10439899859693,-80.58438721921235,30.83027215185288,83.37516951612301,77.86324864981077,42.3860924633467,-40.61971055495517,-17.35188489442143,-68.88607513287243,44.84940945996226,39.17299582124548,-14.129142189809102,-41.42616082483721,46.705442380288275,-44.515366946875766,98.26121631179078,-61.48831496071252,-4.80092615539786,-77.99733044202206,1
75.49440270541058,-79.17828360308523,-48.373313459774494,52.2243074086316,-13.802955897340752,-85.76834296531344,-48.08471014499016,-55.91079915091621,13.203684977564194,-63.96827045347615,-98.18259300975673,99.12903533486985,-50.66871063104443,-6.90260551206012,12.23004248703488,77.56352806716379,70.50774817119341,-36.06958754893987,-24.812324919341336,87.22926708642257,72.4168171680463,20.040509418516137,37.72585798010866,-99.96845108438865,-2.0878187544788602,-2.287767883031691,-13.726908722399614,-79.30049928128646,-70.17297843049244,-6.673126009962573,68.67832926581414,-63.90339838637347,3.2466195871658385,18.199991817190764,0.19936732243913013,30.969612477825564,6.872885771875858,-33.56415001933735,9.128723664862676,-65.42789500225462,-27.772496578855097,0.27755360097681603,13.058481903579505,25.455328119302848,93.68215773823025,73.58458171702279,83.32467473562252,73.81516301354048,6.127116474491245,-32.59643756784247,-47.22702479201602,-86.32582413788204,-34.464045207516364,-96.46136777264584,-52.62166134773389,57.23971536700566,91.8123553969331,68.16898782652052,88.47457430050295,97.10369979142348,98.1875644518095,-34.29290460861037,-74.040039837332,92.86730449698376,-8.564422775339978,-57.23467721750184,70.93562323227107,-87.63385573757569,-42.302317923409994,45.96978054983768,-81.03206152996758,-35.41960204266586,-74.1541394876543,12.615857670477709,26.448036741219198,-52.40190391519577,-3.1028234129024668,-91.94360229356914,94.79954660332291,-29.47770122511328,75.63094311212092,-69.74124086092189,-91.71625758932511,75.78727573030059,-11.341294220015243,-33.727778550614886,-70.10590816183975,28.903618237614523,-1.4102755629039905,23.42943620010449,-95.57203365111478,-31.196269969222115,72.9051804755637,58.10430197840651,-52.12921296925215,63.42082006575404,-82.60692689677008,-94.7514662704547,-90.38623238831403,-84.74620363269752,-1
31.99680920683582,11.352578602785954,87.44569744729023,72.40289645452452,87.66096368969653,-96.1344738164798,7.11076297593452,13.156310968199264,26.47925129310171,-21.375640358584164,88.26687855738032,51.795366370806136,60.53948106720432,-96.77507072555701,84.44466363097203,53.6178756837333,-70.14639746615055,17.09718766300712,44.178643810419544,-9.883501436776527,-1.0411290116253156,-40.43053032799564,98.03835785033434,-7.226955714230485,42.824305480461135,84.27951760003927,69.82732723222443,-64.12932814708962,-13.32383037701183,-66.379490038964,34.70330549442181,57.795437570458745,36.752964955560884,-51.246101383454516,-57.41480990347976,93.82330618814771,-77.41468174222499,-78.31127644974762,55.57849516663083,0.6058961593401193,-53.13617839039475,4.608266922974465,-67.81894320729992,-31.577384221609847,-25.857287270857853,80.28873716984933,23.61453594433236,-44.70192086302425,98.81442760986499,-37.1957498833219,5.218167556752235,-15.225051313107102,-45.46894736931433,41.00149482415057,8.002797251856236,-91.32935717609439,-18.390533813093285,-69.14227702838062,-76.02798931726878,-84.5993014987568,-20.27112775245537,94.81362327994026,-20.098281342566708,-17.152315160881088,-21.690160476837946,50.66134763528018,98.65759514545132,68.55455188509438,85.7523676449893,-45.10296519909485,15.316473901128518,-29.114443395827465,31.89027730508994,-72.47440008675936,-36.786442007176,-52.03137025233233,-38.092385582332454,-59.156914469698464,-93.9720613645842,-2.036582426617258,93.42370170252696,-42.143973254732245,1.3839919131441718,45.97383521875338,71.97993940667732,-67.70590369619072,-81.23236932982564,63.919229353724006,-99.59688517995595,-8.27468787868338,-43.03151407745878,77.84854237734513,69.04235727568843,-70.15470368936738,52.35045320720343,34.408962645627184,-78.09765095254784,68.83043391508826,-18.70068631224609,57.66733270379393,1
-65.35962601799696,-64.39280662604972,73.6545010816761,-12.119002061109569,-83.96399718361931,83.68528642908174,26.478264865677488,-4.880761635598347,64.09751689605497,-29.534589149492135,-81.7348531332886,-81.28811861753289,30.19434904370891,-75.76890774780291,38.77266846567892,-86.55187318959267,-64.04043730098492,-51.614454376152686,68.68555914180985,-41.19205799200019,-71.58767811138756,73.7256341020722,-23.38686478284427,77.34687838918089,-31.759585521569306,-8.997793538608548,-38.31578223426399,-44.187944564012696,-71.36705844448417,-53.9250355267952,-45.46640194637119,-35.38225054108955,50.34340829569669,64.92629359782265,58.4701928709861,93.2838633609197,62.02532700239183,76.42846284517219,60.26245297109455,54.93535367469079,-11.720181783928908,-40.640771903967085,10.437147834129618,-6.999597394661421,-8.01821560896785,25.260466481347294,80.11558611263291,68.02263284008995,54.067224339364486,73.9139489885292,-23.981410850836298,88.72156436473102,80.59570582591058,84.11214042006995,-2.5911401060073587,-29.179110672434902,-15.371295730704432,-60.12810608439505,-85.0334729765066,1.5507969265206896,11.748999433276012,51.10670686786801,-83.29525899641064,78.89052376469826,-43.65042716029595,44.92466019172258,-82.42767642020618,41.725420410462505,-17.508430629033427,43.74179861283665,-94.64821870145418,20.947301969348104,-95.39087922119114,63.113043148789785,-57.86355322992583,64.9893415742379,14.553665544291178,12.567963401747278,53.33406020204961,30.338674299128513,85.47331680742124,63.76848657959056,-20.177879722048104,56.59665959142711,87.93515830195858,53.543287297378384,3.7811083922924382,18.855022997257805,69.59075646945033,-90.84334696733345,17.8407479782869,92.87534484303646,-31.77405486952169,8.157574772666493,-84.99432849168629,86.62152417639959,3.177956532074404,-57.36773797301238,16.183597255888756,46.60554344318538,1
-6.880396373507963,16.67835895322409,-82.42670017103333,27.333936433441465,94.30653818021014,92.12539510263994,-22.434782016613752,15.371476226540054,74.38261225610111,75.1809849999789,96.74231664183034,-46.07399824656344,73.54463056101847,87.7438603955726,8.976337205878693,-31.613101285054682,-11.74513264998626,-0.836105470292182,22.189305140530635,-82.15868823660723,-14.42609702940176,-56.001774620613865,89.45686461795356,74.02109166882087,52.802525133144144,-92.74902091169453,75.81240091045004,41.8247681630458,-86.05845070620776,47.96432687311929,39.22918498770821,-49.89078821377435,98.55740365271728,-27.435993905733696,24.781406571579296,-77.62801073073551,-90.64456996197734,-71.16798792232608,27.010214040497843,-14.68619905769279,78.7515016554093,0.4129164003135344,48.74123239667168,18.137229276450412,64.86646754704967,27.5422847773427,-75.34070672575044,32.95939820609169,-33.23608628947976,-10.774398116162715,40.01283449864013,-66.17248133550524,-33.55222682067678,-36.95820149605573,-83.45318731309564,-88.68183047956686,33.112431242424236,11.482331529378968,63.40925088063395,24.12053551879825,-38.26950465301735,-65.63791821428806,-58.56556628310767,25.64444645819728,-97.92769058444419,2.91258824323954,39.54264691441952,95.90224741857719,30.572412956082417,-76.0331634422729,-59.89498448215285,75.83952704794379,15.105659699080746,-15.882250429526579,78.15847074734151,-27.95256223763296,-29.66878883096409,80.76070323384354,23.77511054920558,54.470084222648666,77.42936156236584,-17.603758770294036,-14.777496460943823,-7.138196638401155,10.886164865459435,31.255414857852628,27.179783113769318,-34.83190660040492,57.77746566912765,20.540215027759444,62.36258347927489,-59.46883759844211,95.39553427610784,68.94183334305396,78.51376705859425,70.7769753970864,-90.77274824299262,-48.76991154771906,95.33308643748165,47.81102216229468,-1
25.511616016812695,-84.97244365283825,-98.84826790037569,-3.406225582928954,-70.24080611897688,63.42562840311703,84.26150244259509,-54.78418579788746,14.057387746278096,67.8199397599223,45.4037054028268,-91.0823814531712,-97.99060378903368,66.99135501042338,-0.7354457431242309,-56.055449977920624,86.42678307965662,10.685540157413612,60.86406521943451,81.96472816641207,-51.04209619411504,-28.62226754391976,15.352169487184852,-78.56866061461531,-87.04556009495965,84.17723156603901,-81.25502678805671,-43.0604062224889,-17.62034047801268,-25.147106429853167,44.52994047217129,28.748091675449302,-13.646492360288406,70.14613691720746,-70.26312152866066,-62.646316745998234,49.9172580153631,-25.17897300873871,99.32018241098211,-34.56435239613643,-3.261994747042877,53.86490078073615,43.54557345092053,20.763443793654332,-92.63283657933934,-80.31402620213194,85.70835268547631,31.01180346811654,-27.675937197312578,0.48044394143664704,38.567146828518304,92.78825339673071,-51.08808981374213,30.240791991168038,25.198093152207107,-39.10521967685698,-41.107507197655615,-98.38538103643143,35.770888766812504,47.781182294814016,65.86447799917147,-81.25790399144945,44.933353933434574,32.586995293227346,87.72426976287716,-36.601154711394045,-60.08638049394397,-27.46606311741209,34.86421988632168,-64.06854087947153,50.56509398113457,-31.66624368590199,-8.00324208019201,13.62283620103743,49.14435905266569,-70.50113718268061,46.06348334298849,-42.835050049006405,-90.99597010857916,-98.4215547983898,92.46120893895989,-24.124002075008505,93.70554782941986,66.20494718112587,-9.364813341748942,-63.813454433051795,3.059338903473119,-86.72549782031307,71.53793336144852,35.209430118534954,57.841861178975705,27.728240003075143,14.905867560841244,93.18793902620831,6.570163029584691,-7.989584174244328,-47.44712117426324,17.32073467831296,18.241525971044254,72.97599532062068,-1
-80.5647012458463,57.71944224490616,16.394280382879757,9.591897794738586,-13.080807828257647,-87.55935476705945,79.13495552375574,66.18983421101368,-19.859166633106668,97.76810826073262,75.54988097252499,-37.92582217837599,-56.907418544853996,-42.63067087056,-11.104004404441795,-60.71173695544283,58.70748044576618,-1.6248081078352499,-74.05874840199462,15.1040433932248,-83.19965709587487,41.979086676290706,-45.072624036603415,1.8490501005750275,64.69061075186414,-34.9219152877521,-62.71723056673464,-7.0745858262910986,-83.6062444813019,-94.99497968722667,28.34740896280465,-96.78823546397726,43.85756003045606,1.1734597057376845,50.230740729115695,-67.33551805713829,-38.84823536886024,31.933186338149653,-74.97676807010289,-36.96426089682221,1.5640029381604563,17.361994527066216,95.84671876603917,-27.026478135917742,52.5335632775284,26.80967528727301,31.822948379952322,-88.01391337622164,-78.61278730085121,82.39514873635173,19.701193648124928,-61.90663530042997,-19.909238263651048,-24.938137872861745,-30.763814918059595,-1.6975485547496874,-66.70008977972745,-9.288474056852564,40.2785532572145,-89.71351119250541,90.87624539582322,-83.13407803216421,-85.61967203444661,74.45657778040348,27.70497858084336,36.887352837083085,31.49731638407377,65.54289324277204,42.00667316102599,62.28597853645101,-70.86305972267866,-23.323297854528974,46.766127566921426,-86.3359455535561,-1.8915233070654978,-7.834602135455441,96.29242229582317,28.339077423890757,-34.82404788898292,-63.47971363322693,12.658573454206135,7.569185934786191,-19.23378614550802,46.296349284981375,27.71444610081248,-55.46607674702982,-60.855296011409756,54.624198380183145,41.79220725956702,26.688945657748903,-86.45395140579464,59.18768336560362,78.91638153187483,16.777215105121584,-39.62099551342724,-75.708455665435,22.394750101858392,-34.13742899840706,20.013992331590757,-6.4016404931948045,-1
85.93953046851462,25.580077898181557,-55.23647703547538,6.5915573102670635,-63.155032152394774,-50.63522615961955,42.81054467562535,-25.09035132408374,-86.12118281916332,-2.765269179023406,20.158429867923815,64.25188407456909,84.65720420278714,-50.43751141861863,-18.391907679436684,80.38322156757656,94.7485164076987,98.63274778669569,8.005838452137539,80.68155117255858,40.884724295497335,-71.9870881282127,-93.92051703769478,-58.6973670140432,-46.497628529226674,-47.78664002093416,-81.74988614355094,-34.785899534575336,-62.61809303458455,35.438018795357095,80.66820274135893,-45.99950377576094,-32.41971484498738,-53.57427957937881,-14.606721161798149,51.2967698199833,-90.69630073098627,20.91253292084751,7.874911764805532,-95.84718205510781,-0.1369703837510201,81.02842992915339,28.52675469717093,-82.44770510422282,-11.522176578508649,54.87207723631761,72.96676291529701,26.384856285624807,-7.070799771842246,6.307359390797984,-30.60213627027788,-4.303520849425709,-17.577530607046384,6.188746214472943,99.0684633217646,-9.500029836003819,36.218207945969425,-44.775443331194694,-61.53352607210463,26.260755465642177,35.82055236731486,-55.142592701408134,18.384028075453912,-95.93121267715084,30.438157026256135,-65.49888856095404,-9.658521598708262,-9.16126458414314,62.96162531786331,37.45852328570777,-7.27560551988806,-45.57430578516626,28.831857158679526,43.320872903902796,-47.872630537205275,81.09928645016836,-47.179589135797805,12.033098109058756,57.187301489890075,-8.547014953165302,-55.49253457671375,-13.680233272313586,-12.177761199882326,8.71446098852509,21.943320532660195,67.78620552769596,10.798872464225056,52.40429247974345,3.08443437403794,-79.18345818925381,-72.41445269954485,84.89565435887727,-30.335473693378475,-42.411374079358374,-33.89590014429626,90.02418476590663,58.83492976398611,97.36511249647006,66.18664886899245,84.10857829082192,-1
-35.35941359584895,-10.517526635309068,-84.77382810193996,-53.071583628909295,78.05161060356042,33.277082715641285,23.356721570508228,-2.7739029570151814,-96.75131135810926,90.47735047974493,-24.60276654263167,-88.59952248961321,-79.53356409318737,-32.400243794302,47.70780789518153,-91.23062950067401,-87.29285551521629,61.79554992274171,10.444456034769317,-60.21663725255506,-97.105871699427,91.88791914823298,-67.5540857807006,-23.77813479834343,-30.465651706217727,-56.9338944942537,99.01055049584946,69.58483245568218,-38.231238171508174,-63.09298985267118,-77.93304523495941,-94.7884228028814,-4.618914893544982,2.9552844000907186,90.42477562617412,-8.444129746872036,49.75466436436156,10.163265090141067,23.583651367598208,17.764978649658644,-85.04236709942697,-21.756366991715794,-64.78244834615955,-86.63055603646478,-38.461551269385374,-20.144923196884562,9.894895937098156,-26.692189118208788,-45.28568528894517,-0.3979212331133084,-71.29606717154874,96.41638021508757,0.22362346621729046,90.40798490916816,85.26400975159393,46.764377413926525,-63.53415403668552,67.39769228952926,32.217093433797515,93.33555085004593,-45.47728769613406,79.72081265118118,55.27868481329756,98.0205588224268,-81.47270745531685,14.24487767235263,87.42326918869722,33.606183451970395,-31.465254556585492,68.30596170328585,37.33147720683337,61.51995267940262,9.727570547498772,-37.627343012222546,73.5527828230627,75.07143714569571,-99.34341594235691,-67.52521372785374,-58.99368332803574,46.83117494871439,78.62967260311086,-34.45775609355415,-98.01319246062408,-69.35369641880345,-56.663754241674404,86.85399296675402,32.36133925101805,34.17442309603305,28.22939380670701,53.59809366448923,-93.90041238314359,-66.8093610423791,-19.54432556528876,30.87685682946531,81.66766425850514,-40.38408901678623,-98.27171993258584,-29.179855267491604,93.90672963292923,6.114291276913235,1
-98.60957389376186,-92.66335942188041,-25.462296597537204,-80.66471007065607,76.3855516609288,-1.237191908614264,90.29814203535744,58.51896264182693,-40.83518050069279,29.14500867021073,-31.34490218711035,9.295272205075293,-69.74714310746481,11.174162839791862,-35.09867016621054,80.23552464347114,73.47092782307158,-43.307770147184165,41.960942654474394,-90.48336149077751,20.14795489007868,-58.334610627992056,-10.411516564567137,-31.421581730204068,34.05273736551834,15.022513387872308,40.668190903786495,78.55867128413198,31.378646930936924,31.18974216767839,71.60273151366536,76.7554916417173,81.70480610010247,13.33121552041247,-17.98206334776941,26.817611522823626,-6.5282630762161915,95.11532688711179,96.65612051503479,37.24720562316361,-43.062862840111094,89.83061066961022,-57.56430897821843,4.665518742608683,0.13541496109526463,38.05194835861616,25.642015433249554,-9.271753711258299,7.952897429499032,87.47985511557224,-43.31082809891092,58.064049095950935,23.72239197796138,-94.92764456785436,87.14510967575973,-98.146634108674,-75.43393021605985,79.81947922834854,-57.17831765440082,-43.86525794793303,64.57635710815751,74.70684021306306,-41.65613522452518,-19.441011857090146,23.5616925642216,-56.9456748187237,74.41076522133622,77.1747034625167,-21.720182192648593,-16.495078806793487,25.6286951564161,57.94894526659564,36.490203725717095,56.366563285100455,81.08580274502785,-63.90498953897783,59.5504900191801,61.15969678147985,18.71619813458271,-76.54652689148287,93.61977874769784,71.33435510182395,-80.51460600455957,1.1488101504861135,31.07525525284774,97.62173080154403,95.12632303018043,-62.8745613358588,25.834749467453435,-33.897983639161396,45.77949862515277,-49.33613266552068,52.41474460773679,51.95635880941285,-78.67979102206237,-97.92133193459367,88.63254418169896,55.382896390099404,-76.89594919362499,22.810327648935797,-1
61.872231095702716,-77.87365260895855,38.99637722530852,-8.11064631880268,-79.15503943833046,-84.75215640528711,-49.345523295456985,9.339136414426036,29.7530772318772,-98.60354762393038,-61.46472070265994,26.635734979154464,-29.998626305364255,-77.43189109662312,-35.85756700314123,0.7777593582546984,-31.504956162739163,-49.05589990849022,-38.046937171419316,53.20517990385929,-23.161163014804515,-5.507577217021904,-70.02114093436838,-98.33005249724607,84.80689848605093,43.54067234186738,-66.42146163899733,13.64166815749816,0.029616632879864824,71.88451817226087,-99.88916308294921,-25.776061756253597,-23.694461067937752,71.19517207902871,-1.5154621202810574,41.674599204545245,-68.92592881263357,18.96607547179734,-1.099509040815576,75.96399534109045,-19.054937711012883,-71.0182319187654,-0.301954593117145,-28.65373437753891,87.9966570781653,-9.7509893269103,2.218040231283709,-60.596824076996135,43.22220711785022,-40.216168143184625,-37.825976556505395,-59.120076224812124,-86.1990321599196,-33.72579074279996,-57.1312030494032,24.65110497852696,-42.74596305208238,82.87182597041064,-1.0112674586563912,-78.0665922046494,-51.952254384436316,-65.82259284864169,9.630985993235754,57.867701718999456,13.79900288045819,38.396225028703526,-19.591836217243724,21.346311801600606,-95.97547363029675,-90.81697274607887,0.8628744066345035,46.871808993966624,50.50306469187092,63.20296534857644,-91.2453944073973,-98.92952582716228,84.30625423748347,-84.63860078041685,11.643676594322969,-69.66403853889136,-85.98164435994669,-16.423909727941123,-60.468172128778995,32.4572567458396,75.85596661039341,4.63065469344906,-21.254882952820097,64.21348776226213,-19.97450995089858,-73.93519844240622,92.1084559802103,13.64049344206775,86.31309042292534,25.39511184198993,47.730378562118005,68.75469119160581,-33.25622848602656,-65.29606030094897,25.64615112016952,88.0891602314017,1
82.9728780440897,49.521876035250216,54.184368928810386,53.86097872826795,16.56136701669793,-60.833383173146,8.181000767616169,51.4096229397251,51.250758284486864,-92.88195383870472,0.38908102636834485,66.47820834038157,8.825200392620175,14.037443159960901,-76.04800671356055,47.190712103035594,-95.11462341187335,-13.63126153759407,39.7271178863912,70.37759649407664,-4.894695674761323,-54.20256293993766,-65.79782911635432,-38.50756539329478,71.12052541080561,-2.410418148587027,-70.34349242081682,31.364461302842017,70.25776785950296,61.181129403780375,-5.27384890307809,83.55912522213595,-39.44528152866151,57.98654421117601,-37.49554573513871,33.70502768922273,-95.86762968131369,32.56752005814596,7.4148431806652155,7.30715472514207,87.54749397908441,52.73662008994549,-97.74611076212034,-20.845833566592347,84.47960548650178,32.81447353677112,0.7963851372725372,-39.41658637379752,-17.851106432921625,-74.35035887098702,-66.39645234059478,-84.11086394022101,-92.38635377002407,-6.534140642833378,-83.65704859273905,76.04800915909098,-25.055657961532447,24.15156835667878,48.80861613817399,37.163086624353525,73.6151257242318,4.584033794847713,-98.65188728218656,-3.3505313559493146,-89.51308578078726,82.76814842784273,-41.84207150483452,-67.11547769774438,-22.901111338615294,-33.50349251481184,61.26099611663872,87.49825393894707,77.12161984590077,-93.44910317666826,90.44125085037084,-14.79343011103522,-53.25258104113624,-88.69925585407607,-2.2964134329402697,-15.258346181793357,-82.31221449264044,-96.16541898938257,88.83959452617745,61.30727771408101,64.38223415657836,-11.73836176897241,85.8860722008281,-77.93174646251637,64.24147387768318,40.75298304016022,33.51279952436141,54.66024176339411,-74.85635341441503,-33.47004437118346,-48.05934798669382,-72.23866320149594,-76.91575666065094,-30.399246248030096,-1.689746048505981,-55.281286111718366,-1
94.87896153323331,90.0474707641605,-24.04284396415403,-88.58905576974914,96.14786871668588,-41.990893607512625,-60.66928300940826,5.988117386046582,-47.73339642292325,63.149076125224184,13.860996882440404,-2.941873187656924,-55.64410161329072,-30.8759662198421,-57.429982792328516,81.68750957445297,-65.97145196456842,-78.41508900700123,91.20394209731339,-20.502401515474446,-40.3916603306171,-48.56457279511454,-45.853253515653506,87.71777163545931,53.09970008105992,-26.708670732004066,-25.839160491030498,-20.232677032048855,-30.79951740554472,36.59231870841296,-88.38733222178175,49.016034232443616,-40.77657387761822,40.69702209931333,-4.110754252598838,38.406139030622654,-74.0090191846158,-22.661701072242394,-16.225867550790568,-11.335998704183979,20.579267889281397,-9.181291079133501,-64.09122584116662,55.77472965119253,90.47030079181107,51.114140619904845,63.380118936976686,-53.73603981903023,27.222411440587663,27.457129362887983,60.06808153476845,50.98783296117807,63.26763738084878,-49.588129626088495,96.26974341743124,-93.10205606410926,-69.31259415818793,-74.24424890450736,3.1262110624064974,-19.79903150332467,-24.56396244515868,2.090046935248793,-6.95148743285327,-76.26882589944194,33.17034581972442,34.89337599739676,-11.820615282300778,51.38608663644956,31.15828538461537,93.51365639638794,-77.50324904272435,-53.304765252910656,31.105109594304736,99.83574926708809,-8.082968829994215,42.67254453604593,60.21911528616289,-26.35833182919052,-97.44222114958225,-13.136045559672255,50.704630739249865,-64.31287029176028,69.41796258778746,20.65860558768975,-17.09934662783374,-37.00469119811394,31.308025509980638,19.80301642657676,25.149412912628264,-42.635590975635694,15.015708941078415,69.93322176106196,-46.2189847336218,42.99157120842378,-79.84768108732257,-82.50658887139164,65.83409326221738,-99.3425113775573,-29.233421333954837,4.202182371317306,1
-25.145840848775933,30.284077670372852,34.52042364502526,56.97939542229352,52.38036252097399,-40.68801755881386,-57.67282028602776,-83.17446754812343,-55.06852047164668,69.69435488125293,-73.2443710012064,-96.06970345063044,44.567840780042445,34.60163325773539,-73.15951473472995,80.25184155931265,30.80461553175209,72.71540062782918,-52.49677588118797,-97.56403291669172,70.59679380602734,-37.79165898860322,-55.220553338863,-52.07803359435894,82.6491238976632,-96.33026766527348,82.57919606124682,-81.30152768320204,-70.88644826949977,-75.11532461855734,2.8542990885102313,17.867675590109556,-68.6332600207274,-26.96732886439426,79.2970545284993,23.60445573630247,95.2831248547657,-17.879186570217513,-67.41271220619078,95.61962386314264,-43.53778842915865,63.40795572183583,40.255801225941354,54.31403409690671,-55.48537774227298,-39.69709295209329,94.92462336151311,-30.391785910241325,-74.86749007769885,6.6165321349604795,-25.13716834326432,96.52355075428659,-33.81032105285462,-73.09957047960573,95.94350007715732,41.120523245739946,34.03892174110166,41.900958397064926,-15.458595493933089,69.45984668924012,-97.92016224236208,31.524518780404463,42.066598229527415,-44.075566069070995,-20.236882028121173,56.28697271965814,-77.67168569232696,4.350019700133757,11.345643043111522,72.74865718819328,30.436590823493106,38.44789266664145,-15.767004197169413,-77.73826404008197,-71.64179171418999,72.93720527569275,-45.895941662469355,-75.81025969665905,52.439621098661775,74.03155952297959,69.2441941196949,42.02564797261536,-44.879280355940196,38.5881307804259,-33.23938335477099,95.8515056755557,27.167271304023515,-38.37147945153318,-14.195481502154777,12.363890609847616,-69.65907158259768,89.08981876740012,-64.3197326616442,37.496827737409774,10.574623959063032,20.056236466450073,94.67824399579683,-75.56520318892927,29.90161265410228,-26.13608402742109,1
42.91918454001248,-99.07359539907942,-68.09106397736232,-75.72271636811871,42.80652889337128,-54.26464407927825,-86.70733484474557,-27.488040688181087,87.18744964971191,-42.2062950157883,-44.19834193044068,-10.82267602803843,1.901774644840387,4.064725238277148,6.417364787602267,-23.77062359305289,39.24428722425449,98.56079563720289,76.93499699066999,50.254623387549174,-49.35092739194984,-88.95647464991887,15.814505537198897,31.344541291346104,93.86992288396505,10.206270536031397,-32.19429005121806,-50.56505108109648,-95.57334488837638,-99.73602620313406,49.23010076535758,73.5987866672221,82.13554798366093,5.488209111555705,-99.29020162704573,-53.01874777375228,38.48909624830938,-44.2874573100529,92.7617939241999,-20.684287737684542,0.15589818812028966,-89.2054734898174,-37.024454816450046,59.07566226607193,96.01854277185501,37.95092819554981,-17.970056022272047,49.36939497879541,-13.959980651468484,-79.44288428854071,-55.31907507275471,-1.099207208218985,-9.496847231709339,2.2347697435469485,-71.57459261682469,23.221241340575972,94.78113468740074,82.72801735801113,51.84153954260901,35.76914709582525,87.36911925689927,33.2682136069576,-70.50980651189352,64.69161529084764,-46.046056562206125,-72.64414899098108,9.051981375872401,28.96771497012793,-99.74997449630007,-50.542663750510485,-25.202442994287665,-46.42847052790076,90.90794512066361,-57.921851956553795,58.15625376084307,-7.606828909916146,54.72903649117961,-23.318967926432308,20.07500030486355,-88.8907783756794,-98.40362433129204,63.57277206171227,-77.1818834453449,-49.53998383231606,-11.492118563617339,28.669033061307232,-81.04732475107706,-24.18290085490527,36.908133639736235,-26.49189412756239,-27.063983945255927,87.4002531228162,39.64774507741282,-1.8394611149729059,12.628173790383272,91.183281118813,-75.41771162439127,-10.465264248227427,47.82827549664532,-94.1607088968014,-1
-30.158085077467817,22.124008488326524,74.30736123047527,-86.36553812290128,-10.588891238714922,3.806456025909739,1.1268306843917628,-93.97922555773621,-62.672012040463486,75.98292534540289,59.5996070438448,-38.10748471076353,-68.82969268971131,48.1766413443971,8.35206398820307,35.6245003073293,-36.6631287966148,21.151897871794418,-81.34252305560629,10.403634459130245,85.85613033716183,61.89464192308688,-46.96382497393543,-33.02860980020377,-10.06402982296855,23.014668003702127,69.9951534219191,-82.86716119060543,-86.0816305207382,-39.499207929717684,-24.25872848692454,4.074443288193578,7.471280954577409,32.762021050056575,-19.000592224610457,20.119340715890004,12.128585029197225,-20.43688097554825,95.8751639332909,-59.25550761389691,61.188977742830616,-24.35541889879063,-61.93575536879648,94.21479965316436,31.701289438479222,79.0870201512212,-55.00026459648577,-1.6506299791679595,-13.53984600316079,-71.40048976091225,-17.063222835311237,-61.337200550957085,70.90647391715729,-79.58400660516256,-22.297934287977725,-75.1383300189074,-40.87014766852508,-85.44969494467365,-70.60019056732925,16.53557494336549,62.58077093004485,-45.397776381386315,57.217245836689955,-4.380125460351181,-21.866763064363127,-21.620566802575453,97.7514480229691,13.935317314940221,86.61902445438429,-61.31628017129,-68.434195510172,-96.60899570185425,-94.58629646415359,-75.57299969061337,-78.28899737606764,-55.675268141291824,-12.981990648929326,83.70609035715694,-41.2441106899347,17.06073772291863,56.1874523596328,-31.677243071610533,-14.494514527417948,-5.199049018773422,57.69724889248704,-44.43300323634101,6.7013678073490865,-4.513901549407024,44.79067932885451,87.90014996250258,-3.4116264246964363,-38.52513455199422,43.224178037319604,28.956196285031666,60.97081897896345,-66.39011993649527,-96.11872541941801,3.980705658800815,-47.60815401647922,92.95620156617835,-1
-52.08762186660552,7.4213083637095565,67.4026656727344,-39.37432881093428,-65.24768137285125,-26.258565827040954,-50.323278251358495,-20.42685939651456,-99.99385623092351,43.49299812238243,-59.64101034950862,35.04616751240749,8.043453355723713,72.99899524155526,-79.20812481752208,-70.50939814676408,64.76034998410759,-17.448335944521304,-0.5692368234256691,-67.62087798952831,-51.95456672089094,65.38980501682218,21.901024489886197,16.083633156029407,-2.511905248042325,-64.03111063289175,-90.95407381595702,-51.66575480547979,74.57465715342519,8.482025735661722,70.1611915934898,-52.59169821626399,11.570769826039083,-95.84642265792176,-8.854519863950742,-52.25231092748002,79.4260932621873,-47.86824031050914,43.11392709461444,-3.527716707052093,-88.82234634938496,28.996452410628365,85.69373047903136,34.127549265289105,43.30981360465839,-5.56327867310651,-10.027060927716064,-63.7415055972175,-51.42706989374675,-64.42587329315438,5.711692486736325,56.987869696913634,-20.125949129728298,-5.295207006007701,-86.03260937808608,-85.62093189709861,-10.00500808442932,10.056835493867737,-18.069165489536616,27.948775896669176,-48.2749215027056,14.595834261251554,-94.03309717050419,-75.79391754134868,39.6519726612413,-1.6754538776702788,-72.27948961926205,-69.67469412915426,-66.39585014878057,44.123292694360345,67.3141525212661,6.688136570787194,-61.241166732213024,79.76818142400239,-24.815328509488026,-83.41960717518796,-98.31969514435227,92.42247140032845,11.445352459554897,91.17076617528855,-94.97867209896454,1.729772323200507,39.54315597454814,39.79100309527709,-87.71897119049305,44.40375498563341,-79.8153566504295,70.49600202893546,-45.88641438285259,42.950714141208834,-16.592637586496124,75.05568995818336,76.921336295314,-91.30690282304192,47.85728111524415,74.49730305167853,-4.051381370967121,-68.45532225495023,-67.74836480569718,-53.98411957672644,1
-1.676824976633526,-97.38110868233328,-48.46342229775726,-25.566595232497335,50.23560956168362,-21.508362754104,77.82558478800198,6.31443053734624,-11.484530813436919,91.12989345329788,62.13671406751837,-16.523411639905333,-50.507403753370724,82.94986574553207,88.80825565618548,13.663830215585108,64.31553835216758,14.69991698704321,34.80027421397071,71.79727820642336,-74.69110825731838,70.92151254667425,-20.291257126923497,-97.54186776886581,31.94630645215142,70.80016469927381,66.57116172358423,-74.3729919498952,-35.08426816694417,-55.165544650619644,41.18133386533165,15.291971291846778,-99.71485434249348,81.25347945796605,46.47358002946311,72.15897797203405,22.59717241273769,88.30724920769853,69.19187308460252,98.14478211075556,96.24892013647815,-92.3814576820943,-61.79290444798462,-16.626043327112527,-24.610017766722095,94.368418295358,-89.00718772426963,80.02759025860072,58.370372551026094,-44.60204364302292,-15.548147802584595,68.86344828126468,-18.254814344747047,-53.892241565817336,12.050944903366783,60.21757000318172,-95.72778522976853,-43.60979894505983,-33.071831107287224,36.19990283201045,-8.91986856721698,45.2028708629808,81.11570019452407,-20.949198303088906,82.14174661509719,-79.42045319676252,-54.15199603761216,-47.95534214808499,-99.47367119570305,51.51834016798725,-91.37989310833376,-28.361756949483194,-27.146277020435548,81.77695004021732,-99.54938913287769,-93.39293255382412,-85.98886787488998,-30.65985665484088,-96.62025222975532,-3.9928084985432406,98.37741238743368,18.1111200820679,91.92505320982849,83.90127483517708,67.40143775167633,-88.16461882810624,-71.25127735334856,86.31595393576237,-55.92403712675258,33.747256827046044,-10.184131006518271,-54.4435230702331,-4.518987705923266,-4.686156106198112,63.207250139251954,99.934461312177,64.00255312894731,-31.101094849356016,-2.8398819114056124,25.6426099704034,1
26.680170863345154,88.94640445828205,97.55710404297747,7.740359590542852,17.17295769070384,40.22791888349474,-18.639039809655287,-56.25722221869216,38.3311303733083,-61.00834570027389,-8.131268881208726,-51.30659118664798,33.83083110697015,29.620425452214278,6.91090895120783,36.61391503802483,-7.290432148215629,-34.12929515000907,88.7577778415916,-93.58729658109168,5.954983051359704,43.68829494710826,27.91076527546224,-85.13382552928397,-56.70188654677653,-54.56174936355678,-40.92459923187679,-62.61760704188482,55.86725306389738,-51.012190861268735,-77.85137596176288,51.35596139570748,-25.132587407960756,13.720842713986883,-35.79603788982007,65.08738312099968,52.20145803718279,84.76932483853918,-82.7031115696723,-83.1573091858626,-9.565408881911793,-34.07070065045504,-73.34869883339768,-51.257660743762834,12.647013775035958,15.423431445190246,23.63370993325826,95.88832839425902,-51.70339275850533,12.680435194605536,28.631520611803438,44.503221419252355,73.02879628756062,-88.71712546798173,-36.832047240519074,-57.91966182590351,14.970662586819586,-71.54855100583693,-71.76390025268662,0.8669954993327593,85.86305190949346,-63.80537692682644,89.6456666578641,-17.635129493211224,-33.46186373375784,-89.63637430641779,3.1524847062050583,-35.71899996476826,-76.91958607528618,-75.13613848086989,62.26724477206767,-99.96399220320744,72.71990438429069,21.82954763685055,-84.43715876948733,91.69858321174755,-20.69413943375318,75.7958368014252,98.39596485723357,78.61198248721146,-70.2991741956159,-85.98941206619514,-34.50824508016797,76.82901730586354,53.47870910143217,85.6425369038339,-33.52679177927973,29.149872062106283,-44.478572157719334,10.50004739573913,87.44323476888579,-99.5172491198047,-22.192055014811558,-26.760750089271596,-52.685694542842775,-33.76603024960443,-30.489711164878216,-62.79365146366125,-2.9885212672349724,88.57837384900179,-1
93.86050712381979,-0.7267505597527304,59.56272977172691,74.54605009692037,-75.03583720663033,40.73995592581019,-2.3008734680189207,-89.88537923515423,18.756126388690447,-99.81131694647378,53.249094552075775,7.516227610302863,5.6355442846034265,54.2486148066356,74.31037129164955,46.34105454463031,30.73129528112409,28.754121620248924,-44.012534061618666,90.12235494857805,-2.550087930909811,-8.415084027820427,-37.10467282669789,-6.426017273213674,-45.58316848440447,-66.31841019799401,-14.206003856498555,-98.1588665218714,-47.567217918240125,39.0658812905134,90.71470748245946,-64.47603610895956,-15.12464659722437,-80.10011714867687,38.07866771873674,-12.252558497917605,21.544549567425264,-44.532016412212116,-41.51910128789731,-81.99841191081228,-59.88319398335194,-42.7775953544274,-95.80300364874306,90.57752257697194,35.54731991615665,41.915838775653015,-10.991578497952005,21.02895708905872,1.022484213937986,0.4883585149443519,-37.76865665383819,57.24996564974555,-0.7078243099174983,-30.700222095936084,50.44438435287523,-37.23676108020637,21.718417321033584,20.587213515107592,-50.56047549202043,-51.30696344310368,-66.5570168314623,-52.01866961557471,-12.031051063273225,20.419897110662077,41.8993481186983,11.454799346863709,-21.153756344837944,-82.02742305301794,-39.261675399167764,-27.325474763974114,31.52712457336989,88.65522015392764,98.5268059975603,-20.770492391031325,-18.65599863338609,-8.214997384497579,3.3761347947355347,81.38516293411467,31.54762615481397,93.6075045010052,1.8319627036894843,-98.73901073616386,38.905346452131255,-26.6830929048605,-80.36086675845854,-14.563314580539014,-22.30853464103957,3.4555405918650592,1.8028582894144733,3.7815817889021304,42.6528125239638,-66.85193330868549,90.45478320627564,1.2413575243360526,37.66256650912371,86.33487964683576,25.97418904314523,-60.6703492466464,48.68480573045079,19.99328368525373,-1
40.39337545154066,44.007307309214866,-71.50089141969735,-49.065875590789766,26.820806275266264,-10.891672251621827,-33.27432083262687,31.406099646821474,-74.63519548991624,-51.76695713844761,87.98487457714177,64.60071488938695,68.73610593299554,97.855989021277,51.67695431798356,79.45969914994771,-20.382564352753832,54.574787276370614,-95.25672793884188,-20.178140088514795,-27.90739417014889,58.83254176752192,63.34905589453629,71.59149107950168,34.32858429098903,52.46375233879516,-15.732036677790333,58.13190520912218,59.58627350226311,-4.059967493290856,-28.77216759700636,-93.36070277890602,-64.6891615514319,-16.66392391371241,-75.79024476553226,-29.107675940822688,-91.41754546796116,60.9093384285066,-90.97780089592122,-35.07505520431111,68.65189612954853,42.33343539713573,-58.493972917439564,-63.514662902177264,36.16341799070719,52.204120843089356,18.33608390640032,-8.826325679613106,-49.61492592867152,35.37710335131544,-48.5414864833911,31.59491505304237,50.71171694782518,-29.93938895740513,84.17241838925099,15.249650024237553,-77.21885688473833,74.35170595986753,29.244705564935884,6.271523918976982,-48.72293734170936,76.58941998106522,74.59722727848148,32.69201962594957,-77.75215923067205,-10.471533056488937,87.21512797568033,-66.80000127826602,29.5508170893292,-55.99466055765636,82.85437022597091,52.1169609952334,-53.43534922444402,-46.32090879753199,16.059102617054165,52.22631071562256,45.16437813583326,-1.4259934304421336,84.15290392658744,-7.5359828456277285,80.45391652491551,60.76321592725901,73.29322945809614,60.05057624699461,79.71013954632684,24.164353332300422,-4.567809418469523,37.770177024000986,-93.95509758690572,11.77858023376217,5.377712145000288,-38.54295453285928,69.91799196830794,81.64729875530432,19.560572683031864,-12.202554115311685,98.47907376905317,-76.36963616185662,53.55676184129109,70.67507429757512,-1
-49.643540834927165,-35.58416688336435,-30.43815841956139,68.40665887528425,8.158750997108882,-78.92701554982871,84.15332169267145,81.68691037587504,-73.08474657917844,-37.41609039423548,-74.77693552491789,63.89913707721047,-27.666783360991445,58.82691234645446,-73.48518450310353,-33.461964061466006,40.70566803630609,-14.999517175360495,-60.325492030459735,0.20947555888363922,-6.139400727998591,78.86057866372963,88.39488642871805,64.22472522354488,92.17111535695594,35.670125891004005,-43.63486418006306,-4.8698031096726595,41.037795783470926,53.68210862280685,96.32188546640285,-14.157844091660053,-61.517792422572136,-42.008335639242645,91.7108015899056,4.528686626229799,-38.13846690294047,60.68471381963258,43.30543524428094,78.50229755570587,-65.23080043536945,-29.809335054524084,-84.05905211090818,19.458199912241227,-40.40508953067115,10.400855977063529,-21.35564823915277,-9.413425885309408,82.47061739782765,-67.81932838948529,23.403441386742017,-47.353798986944675,-52.285895210861376,20.668125900445332,-75.88673011566658,-25.02768006964635,-13.76707033778726,73.63521054285766,32.09389247375674,81.76280864526282,90.15317923346404,-95.68524471873666,26.336140178578688,-36.678814868931056,62.07257450948998,-98.3261050614116,-42.16698780245305,-21.675820513648134,-60.465312356820974,72.15946144357181,74.50672983643341,56.22305152085772,2.901575615681054,97.95950403232925,22.809688154306528,33.18548812683619,-69.55632672914012,-76.574413851538,21.578785796658593,-94.59223332866318,91.22019252729234,-27.9440015276152,60.09282424277822,-7.895592640584795,-22.865024613186733,-6.001034063245186,-53.49324218790614,-32.94068686326659,-5.330404265356876,-55.46666644385356,56.31361390965125,20.015203730963975,-74.31706084091209,-47.55062322242991,43.46502795293341,-62.00470754723746,-71.53413795107848,80.11350545986352,-75.0526937114083,-47.89043699975719,1
-61.542196238265845,55.91689471335067,-82.8683500807139,59.582831923178816,-43.14518141449666,-98.3360115545616,-25.565348950620574,-48.281681773043196,-18.93492787060933,-15.65747649481672,32.446431665918595,-60.36072271566637,84.15129021094674,-52.67337370599823,99.48458781071082,-11.849011311736433,4.104106728302909,87.31312233160122,-51.618845481648435,-51.7586450743954,-81.78676358356381,46.269019037054306,-56.985705706989506,48.546172752663864,10.443013610925902,-34.05377857075753,-89.56300160672743,37.77329688511122,-20.69215448710318,33.8997153101389,49.38073107110466,-5.6124142887082655,28.27336384506046,-33.19985623468122,67.67981769733842,-44.92486370501108,39.82776594015982,-78.37008039734748,45.248517701474185,89.44957534125251,93.1467402472459,-4.355577023376441,95.248206587315,43.767949641133356,45.16410413885694,-9.1072986317061,-58.54187128116954,-47.2431795103452,-1.0968898955563589,23.486704096495558,-44.072334389654635,-20.268181586478235,83.71469597692192,66.80808194392108,92.1748712042544,15.16268636963612,73.02416084160214,-62.81843292920921,51.748178189837176,74.4528674640323,-37.48127986445135,23.28992943006476,11.351204865017905,-2.8577986421239387,-75.79899326015502,-36.38607342425162,20.347609954060857,61.73843123782848,-22.24090437456441,-71.68550172143733,2.429336209529879,-21.095275279645094,64.87749696997676,61.92540405922054,2.9007837806669556,57.43719914645686,96.93319587485388,53.615406050047824,16.412612735712813,70.69391745835716,-63.32456908236674,4.173159400420374,43.32207497044587,46.55877094421538,10.220121201915006,76.75161317737869,-64.10842410810527,-59.22533815357698,44.299415314694755,77.9058469965762,30.521767584879512,44.73238564393637,15.141217091629343,46.45704877629487,62.267223907173985,-33.465114450333616,85.52187582588974,-93.43748941098275,51.027132137775425,-86.8100401320063,-1
-23.821828673795693,-40.530198525489844,86.88720536110287,12.03363669236839,-73.11297411837563,-13.446624080147473,-6.178557790484263,-51.89368296397026,15.423416477581299,-12.920735320049715,15.470680243933543,70.65695971344039,-57.64037002369946,63.358673914869485,1.161844518465955,68.36174180576378,-15.122196385497915,74.30913614162529,22.078773328810712,-94.29599503227035,35.78060417194138,-91.59884651623761,-96.4243031930364,15.384427719928695,68.44201604205199,73.37471655983578,-51.32605731872479,-44.81548938637938,88.38210897029597,66.41241935083016,97.94457809326127,39.27516997411317,57.42457258788838,-40.46560413073925,19.219705534019155,-46.03247903642447,-33.644498199070554,79.28748714374731,37.067756384271235,-36.032815341606586,54.024441533953535,42.633752600056624,95.40285191997887,-16.193716583174506,-78.50013580155152,-74.98575210988619,71.47803391743628,-21.499597545956405,-29.049812810744655,-59.60850512286202,-51.667437925083725,18.440036001702808,31.07371222235156,46.484355185867344,77.67888350940453,79.89565409072176,55.45975714265157,-35.482710770073254,31.82644076824127,-12.78787758153905,-7.458340779674202,-28.812454662295778,-17.8406929424101,-39.641351412931925,-76.08357864702884,-30.333421033349012,-78.92102638868923,-64.79495855975927,69.13153180125354,31.302129789472644,-12.955221044711436,-35.79618411348156,-93.58047190298436,49.607724574905745,-35.27116637801089,-7.222082575743144,15.462805291299972,77.6586595020089,37.6471757195784,99.09611958435178,17.462762905309532,88.80148078064445,48.42888511023409,-73.1677561310438,62.74669812480849,-85.02052022038089,58.05666717074055,81.0736254230824,21.394285592246746,-83.5345280856499,-44.691274420805186,-33.89964502452676,7.430724863816465,-91.57256785408876,24.489291914588264,91.01995906519286,-59.29833753958038,12.736766768045783,-80.66192122160727,46.30147393327212,1
3.2600696602390684,86.87340295380298,42.81738642648557,32.274122214082865,-82.5814466408457,51.462041426887765,-25.493345248089838,-13.753226041688421,-4.632224453375116,-84.42869607824608,-4.603321476469247,-31.554895044219094,-24.76190624607557,47.89493077682266,66.59882771060009,43.891993533994366,-64.27422464914011,-17.03047868789085,-49.51723740468796,47.7610100157373,81.60697526714432,-41.74549554885261,90.85168830306199,45.19375586566946,1.02334369413488,-52.58454248875708,8.206057812562292,-20.81178083720519,-70.82617460922079,-41.94050339119313,20.720384044247524,-71.79006195003197,-41.29440916641008,-12.185877051612096,-66.12017487347855,-58.34045538306165,0.8142007713346544,97.16302116270313,-37.402163501224784,25.37913596214341,-26.24995709887594,81.57330674655165,-75.94964530268464,-99.45425109739685,68.27191979186645,0.6388145157931575,97.61089213910185,15.95743171674522,-81.16150858337257,8.573627995642696,23.14676669642904,98.97883865934915,-44.864600464810486,-65.42117102106657,80.58194764686391,-35.669652339417595,-17.995695337587136,12.835905585891936,-52.27006195342925,68.17716342084407,-28.36635834384768,25.77469405603638,-36.4757578926544,-6.71355928540882,37.86216163221184,-32.90065593381432,84.47822077810659,8.090991784268468,-62.90977225895775,-29.257284101115715,97.84736555454177,-78.79925357334025,-20.1636019625371,-82.24013963800085,-20.835029276542997,43.88297595803974,61.66608237585643,-28.748331917779453,30.062154379117203,-2.8631348260935283,-9.645928534370924,59.066159243065414,69.9066478656764,77.56843081245285,52.49121983480251,33.15663484597255,-73.95578549201574,4.086546005703369,42.38568742301362,14.174051341326745,30.844677869478005,33.843284529518826,-76.98100202070486,-7.788560903790852,73.55580696379934,-96.45329502122758,25.75154563190803,77.57395834576442,5.28092020921666,9.967862661499069,-1
25.788569355976804,-96.05789244912717,93.8824644670575,27.25827079584961,83.32704716824145,-58.584838157828955,-93.77018144132178,91.62360178388676,14.773169935419261,60.18774430828606,-47.830150807582214,-28.251497891422275,-94.43178974748274,-35.66272625973812,97.42001718482331,9.924460221206985,32.58125046891317,-93.16488219178251,15.615009836966337,-26.909703069345284,-49.15643418666236,-22.541765264934014,21.014297036153366,-66.05531205042541,0.15105494819719922,10.595117203487959,46.64096099059532,30.916960038292046,-40.37140577037195,15.844237914221367,-97.3190371496018,-37.18190895328439,5.299705465648259,48.75618602897123,-55.80036849527297,-3.707416472523022,92.29417690494984,25.961997141223534,80.32883555406187,46.17035463709331,-40.97479119878458,52.32539455785897,-83.27138188334659,84.49530675619593,-64.97187322277006,2.9626580363944015,84.31846200266361,-23.090897471492354,-6.727176233477735,-74.08309257504742,-20.733869252775378,32.34041852844112,8.119741211132364,23.798801057802038,1.9058893261655498,87.48803497678512,-10.962490852051104,75.32219410957762,87.06886173153364,-18.82417845127688,78.11454684875648,9.351089346037583,57.0136114640662,-80.79251415273067,38.12609450989052,35.66380719705836,-82.45584499729696,-57.88678683027899,77.51811250633435,63.334732466360464,-53.465957928440886,0.8999058877161588,65.16036843105263,-12.089330784754537,-10.941187212460846,-7.580706384969346,-35.420129601861234,57.85415761245727,20.210207245778207,-78.53015676887054,-24.31988776181437,-35.71960166843114,-10.585936413596997,-92.88541659319205,-85.9545084813832,-11.818989256733985,-45.8311910456787,-29.152931360821682,38.54269277524932,86.24893931482717,-35.21662830146157,48.415882456788125,-71.00213029691056,-22.857739059873737,-93.820153412627,3.178990199627947,-53.557817951451895,84.20486479656867,-38.24652679933636,-94.71853608218939,1
-85.88625051991403,-58.97207190359857,-2.6662117150594327,83.78530672791089,44.79461109321875,-79.63926341009262,-62.41592383693539,32.35554649432771,8.222764975768953,25.53377543176174,6.6647095719210085,-18.645250285598962,84.15416992721507,-96.11975087635692,-66.31188977361694,-0.8692158233505722,-60.537205884788015,-3.6325492847483645,-84.35158028399545,72.60575585005697,-12.898994509348142,-43.88195680512621,59.8531931919936,12.694094762570373,7.424149657347982,-33.15694132584804,-95.9318337864798,-42.85371428684375,-81.13746970745048,-6.335138526288972,-23.732836575543146,-53.87307086771733,3.05107282251538,41.24563399159473,-46.40071024092727,-81.98522741062177,-87.37396793510939,-23.024107823136973,64.31767229716274,-45.33613600857167,85.99271515610198,83.73463451559289,-48.80087589468458,48.507432491093084,47.921999720665326,-28.526264170176248,-80.91931315896828,-68.23217045875063,-62.698663442844804,-33.598397736562234,8.712117938893954,-21.34526846820218,89.47356510217003,-58.034792810256604,-67.06301206778132,93.29633180734876,66.67495485087741,-41.77228650412614,16.009731867274652,-47.67054958727825,-3.6343780364818343,54.736912598885,38.84077781253035,85.27408974110594,-80.32122712019294,60.968559732629586,64.8688535165874,-58.98315506673908,17.3520531542966,-72.89331519434549,70.06683989445665,89.16227331162582,47.93193703911541,-63.223121462634246,69.17098447167274,-1.8454027355347478,13.222790502272915,26.660208597668998,12.615419009494232,-59.235503907340295,35.85226453086952,-58.53921911877671,-35.58612780303983,89.21033067603565,-33.407624932788195,-71.98779185615349,61.23589337050953,-50.048825545400334,12.200970725596093,-52.97129802027043,98.79611690698604,67.26403417502257,63.811857477764164,-12.305498669005303,-68.28166141927763,51.38613058971691,60.58706062076163,-81.9342888952749,26.75571829131502,-28.360175891305346,1
86.54569667080264,88.81186793732266,91.10473919098695,81.28749066888219,-10.336188926115568,-38.64468009557176,95.06862669581412,39.43273842759609,-81.71560163657236,7.069553612331347,73.54041958384781,95.78947117093236,69.1021621681121,-44.065228690711365,-95.48628335952458,27.338582871588343,42.52028145967864,-83.22040787421814,-84.82567175519048,85.56201232953927,-34.60447535145215,92.05046504028752,70.9640105984376,77.18473408336064,-68.46226558537055,47.883582733173114,49.514927210822066,-49.13198248447917,-79.31296667024753,96.87626252372067,78.79567837662165,-21.712795955428874,25.04166434858601,21.85948785828286,-84.94847973835884,64.69071289408001,80.1564000376851,-24.393846625137925,99.8598951926997,-72.81852354146021,98.88603584005412,65.11047588353725,-65.8192409646944,14.665152777812708,96.58104657193795,-42.39119804302989,-0.21742534208482311,-96.59370778239929,-38.867185481508535,34.186158590821805,21.5053724350677,-71.00084688710791,-43.31155210925006,-2.63028497930533,-32.237915953864515,39.47253807229305,90.12558539682664,-85.31623518307438,76.07288190491454,89.98152186619086,-57.6219688572529,-94.98052890060038,-19.741090274240065,-90.17109120896458,32.539707507885794,-9.487066553181634,-13.477300556540442,81.7304397566798,37.91366329066375,85.46656816567227,17.66263794787281,-26.56816942263633,-34.0294846415061,-53.99754557867975,92.38733627847228,22.539789403792994,-30.769970414175617,-54.76107503100276,33.40157805088316,57.49538560668134,-24.696329790065747,-4.160909160886121,34.06555905708822,-34.28291734492967,-2.2063815418504618,16.82706245529195,98.97895930019857,-41.80978634114432,-44.70634076531768,92.71860112075632,76.99663077581425,-89.38602687648198,-65.92241025961674,-91.86437751109047,13.482832638206645,-7.606646991127747,-32.54099415897139,61.74183286862646,-4.601691489914941,35.60767562314683,-1
81.51329478521859,-75.87282577987983,98.98156452928706,-86.11523145078132,58.65227008765089,-99.97306139910293,-48.25767156891181,-56.25803993528336,-40.813594112676775,50.255784874753374,-36.8933638673729,-92.04057453286948,-74.67257489632513,4.657249860049959,-47.66572667249871,-35.96376651431228,60.23430065906496,-9.69059543651511,-72.9162300364344,30.739738581015843,40.6063399948263,-19.24867790433069,46.82490873139372,-24.490915400888568,-39.644155372744706,64.1350766802141,42.515588649452155,-96.31315805985162,56.596929915205834,53.58751032360223,73.23778305311615,-47.08179304625417,55.70707420068109,-56.97395471506417,-84.6377944720159,-96.25394158791603,-24.07470671745773,-34.97051075376996,-8.077665645279211,99.65035803725121,25.273021576181137,-21.411974436519927,-86.79089253879862,-90.19002234602245,-83.53694034253425,16.280954042731494,-20.849878942802462,-70.98987183971474,-25.11276853019713,78.96740934125029,26.623791057007367,45.43602958919581,8.852004361896576,65.86691832643118,29.48762012779997,82.31787753454608,-79.44891153588216,70.98217807975377,73.38920287357607,71.3484964814516,50.82064959015128,-87.04572790343266,15.027688210161429,75.48020586827462,-88.45440823953356,72.82833516696101,11.61840807342989,-68.71296350081397,-84.39093812961312,-72.70953517562393,73.09113334779406,-25.6896265912695,10.254308139951121,47.393121218698866,-89.81071191739329,-94.88169855009936,-98.73558209146998,-52.737966685241645,1.6097100273476599,-38.83495650831621,52.45633691557154,-31.361186506541856,-24.20508770157967,-1.9063844657952274,-97.8665178609458,-78.21859293519358,-0.011182805381523053,-78.0943464460845,-13.322228835010506,4.151955062895368,-14.457227657246221,7.647732444829032,-86.42597939404352,25.761120358684963,-51.11608776482062,73.38190555029075,87.85710913286599,22.209306348571147,-8.070627623424514,-96.50166839612142,-1
-94.69773789167564,-92.69006643038102,80.1403728022517,51.008385749255666,80.49066145716836,-55.829443407398216,39.231229027585044,-29.06675900298343,-55.90247211705015,-70.7957961406075,-66.16762123151597,-71.22476892204396,8.110535077784832,25.591747068581554,96.98582168829833,-17.895443129714423,-43.61408964968785,-57.14563813794808,67.09723112865925,-84.29456281168544,57.23653383964262,41.745715980979924,-77.89172711665293,6.394346899299649,62.23125231750112,60.06497188129785,-92.88962449018898,-85.54559754895261,96.65152219231396,0.8076015257514513,19.537405988700158,70.18126443019995,-88.40048550545832,37.50898110566615,-44.014075668711314,10.306130586456575,-71.07433237531052,-67.87719470615926,47.395919144230334,-98.38947567494375,-7.923824914804499,3.0844896013826144,47.34432872528035,-72.12176525392985,-12.372485726086651,30.33043223014323,-97.72532679907027,64.85094439300155,43.45217029532614,63.04437084242366,-79.90675769829987,6.991983186766191,-75.91781805670888,56.51249805853473,34.53762791847183,58.90684051322492,-50.349293695750006,30.271681010241082,-53.526455152070284,-34.78005988206054,-19.037368174156754,4.776004980275289,-40.752653424889985,-17.19527830215894,48.3265747862479,99.72191802260008,-87.28918886344105,40.504010182487264,49.102027437583956,33.38076617323475,-8.898290193615011,98.1954747641262,-9.140617798112899,21.216155500431498,-4.608816448477413,-73.74475968524541,88.79823428630925,33.81674786440843,-13.205326401239859,-34.73478700143326,88.53118655407462,49.55673504307518,-24.66547597997068,-98.27963631345693,-81.76707804863292,4.67906267224248,-67.91316047691569,-14.371771465545109,97.64396566243957,-51.33901717680662,-95.28420988868062,-83.7884947166651,-71.40371531648144,-41.47422839743173,89.83406657360104,-18.586251942286452,-8.356503344806086,-59.13371533456851,-79.64258294232826,-62.64199049027723,1
4.061540180758655,74.01977478018597,-91.31749342903616,8.707643468529213,-18.57870217487448,-20.477524289425887,-39.51609774429272,70.1149056030232,33.77530620813707,-33.11149457637919,-48.50415670150614,62.92501120518344,-71.11270316898448,-58.9625714190386,65.92876107058567,74.03933809844844,-22.37570864630058,90.624922501593,-5.950182934249142,51.43011606148784,-40.69968579521219,-18.735393630884147,9.640754558430316,61.692057895429656,28.586241632151996,96.26565822768856,71.87204495056426,82.25395779670222,13.333490750032922,-28.981046727362042,-95.53101324674176,13.390095127762038,-1.7910356455245449,5.236562020972073,71.39676114227515,-93.84941189805673,71.09350582322108,-18.237717521536936,77.11981896996707,3.212364472195418,81.28302652808785,91.33510741589814,8.7631013685332,78.17299140715522,31.27276216020138,-19.872591162394414,96.51207238529403,-12.228994366398837,86.86105372729469,-32.624290972225566,51.879018359393314,-50.2900884104408,66.28835596676964,54.791615956618045,11.659953474260902,-66.60272941150154,55.75610987541313,25.088399361202264,-70.51271273549355,16.406183955726945,-81.55630486422909,5.510679229166854,72.92054008473863,68.14309174168869,-96.4683645914689,49.11680218255802,-50.84960580576248,-99.39311441941543,-93.58177108410281,-80.86284368669055,85.53162650647897,-8.96652293777997,-59.44020387698436,45.91585105691814,94.64902663461754,87.96745625149617,82.24974196890585,45.65986312636187,-76.27634512402992,65.68760054874448,95.39546415160288,96.90572268254166,78.16650329342855,47.24354310860329,-49.10730284241733,-20.19986427856604,-68.98356888544117,-6.468277994535825,-57.40688238168359,3.055020061548987,-55.90527152664224,30.139597256092486,3.0137035463128257,83.01743911237938,-90.75908046998136,30.31216057971534,-15.699081230786845,-96.62501909204808,3.2004711678074216,42.075026795866336,1
28.40632923085755,6.517886510317169,51.6526391858045,93.164432230644,95.36006570213186,4.259209530827789,10.674237949954374,22.29272224513217,69.99186610064106,-50.00542182623406,-39.10191512919392,-41.03655233064663,40.656010808450105,14.242583550303436,-26.19645351776545,99.33665558693593,-61.742168660697125,85.5801259724054,89.12593554979941,56.14654600573394,4.253550764813156,-63.126352396061236,-54.57018223261074,-73.61403484923784,-36.90215870355522,-2.351774113313894,-99.04003503652585,89.20043866780955,-6.354719181473527,98.90102084411174,27.379794433096066,-40.26320323717314,55.70285897051147,70.31022340987346,13.320343508097892,56.96744995652705,78.12807725612342,-28.04730766065471,-95.55587209601232,36.97366800536946,-87.99273739952827,76.32298819796765,-95.67186200508306,-89.22263031456721,-86.94512305966839,-84.85343250810489,27.549133249143537,71.77551525174638,58.507445222864675,56.69602970176217,-1.0629702366836256,45.18069285297858,-52.08247630119334,-49.42954600347722,-18.59675299876804,-10.56931516129842,-22.05051706526781,-46.7317774395194,36.710063411521446,-15.36502971338875,81.97079067962915,69.86374637600937,30.818799692698178,-66.46390469401817,84.10602972223276,37.54185054188713,29.41081098119588,55.87857013634198,-40.69254540279672,-98.64074305069714,62.95690679291326,-72.18493239585733,-29.74993392470276,-52.45787394493326,-67.2841181365365,-95.00144064598194,93.73739289256383,-6.367064198576372,93.13443004999834,53.585780126325744,57.6077948895628,78.94825525661565,40.73341137658397,-48.863474758523864,90.68147811864438,-0.005702760592328104,72.99677277634919,11.885176205318302,-35.64874994047051,38.66970984992494,-58.67379412662845,-58.2063171781102,-27.665147107284113,-86.98051724487131,-62.309701558905005,74.99566396738928,25.523400366981576,49.55106957248344,13.82156892867907,37.71038961302412,-1
10.870810502280136,-30.730801126807748,-63.576416862260146,-91.60975531367275,64.23965651004531,45.772288453989376,60.600414391567426,-6.66137582311832,-95.58677026354184,38.24933275719786,-83.48556839294457,27.46043130760478,90.14894264253434,-60.55146676659664,-57.087035981430034,88.81895718607291,-74.81187179049988,30.059394814701534,51.01364082632503,-4.859184362188756,-17.18643484643671,-94.87355002311548,-11.482195335108258,-32.05709123278314,56.74059775219504,52.91274361142041,-1.3399567522081668,-1.908094968502411,-17.831364503818065,1.5367649270168897,28.85763130555577,-40.45603038829662,-60.483811129904595,17.47092622759787,9.984214103932615,-56.44747629019644,19.60367296732734,41.11263807216744,-97.24706133292,-47.75315979634311,-75.51783866268661,93.33952335886426,93.77462773652098,4.648847861811362,23.02465793032343,24.19328555343172,63.53986236952119,54.89619169087348,40.51531399284403,-13.767301373039658,-90.55427206690649,-55.94276645065348,-32.184731639217446,-74.64103113266466,0.014250134759990374,54.82142407520817,89.29009163215383,12.912628235494992,-50.18142910865724,5.354256663063637,28.689104193548957,-39.953530124410854,-26.34762072994971,56.64267687327779,21.067014092650666,22.526441557859684,75.32154709237179,26.108200908470195,68.46171293407173,80.08664548828202,-61.01996766683027,-45.70730086029287,-77.99407517090917,86.11497791515652,41.721096949377994,22.65667414343902,69.42297346051203,6.768618607727078,47.45006011215952,-42.575801025553005,62.05784605018877,-26.66390878095926,16.328547980453095,-12.032053813722229,-49.46542771574456,29.94973975421965,6.153521968184734,-86.85191951208921,-92.17796332149821,57.43196805731404,-63.099164020973284,-34.51469887361358,-62.68296693945765,27.93955598566076,95.96176038480922,36.82997935829104,45.967598381267464,-50.19119160359304,87.53872687763607,-86.77746827536268,1
72.94447525101063,65.78309483013547,7.8322553350509025,30.834920294814907,99.56417113639563,26.456430727527973,-12.051902698418289,-27.905098971689227,-63.84296988752409,-75.73940039889317,-41.46898046651843,-79.76687607737935,68.32309195156304,-69.55435721662664,-48.11016578638474,61.219349592149484,27.031397772787003,-14.888824460656494,89.81387872908425,34.44682996012102,-93.84337955247197,-96.90350817249693,37.99380242834499,-38.14622424156207,-62.196586533089146,-49.04824096003093,-83.35645945198591,-80.06776945375027,-9.572188975510514,-26.73937094753221,2.9106182667560034,75.1398745885131,92.25584847347727,-35.02502658014225,1.7480578860283913,42.175125516708476,34.50227385948119,-99.58387216474284,10.375988423727819,-78.50571920626375,-0.793038118747134,37.9703257492603,59.97372090570883,93.66384124642036,52.13392763351112,-71.57133732392211,28.198823225231166,92.50574131731105,93.10938357878908,-44.053850638477,25.92514365283367,78.12997828091937,-23.085210718950094,21.00491944058828,-31.543457466735546,82.54769468621194,-34.6411629784409,-14.502069963068223,62.67389726261118,-64.97784614122848,-66.44920882689276,80.48632985512378,-67.32869765727472,90.21905884754483,-23.451762827136747,82.0543111864545,41.69246957987261,75.07599558381736,-43.029652767188395,96.69923663686589,-47.84351122664845,9.180941966791423,-15.065845074934643,-82.82446991537284,-64.82468184240253,62.869011951294425,-32.8254275060424,-41.76250823628822,-57.017746052541064,-23.871115208113068,-58.103679579848745,-86.22171985616336,44.51636616729681,-16.11566459682929,-44.89506442701341,55.991765638663196,-76.82315385467163,97.36432339988932,33.65477608739053,94.29141357525305,-77.65882205094843,33.03130478112263,-40.21162441391149,81.6554659703514,-41.17215101025471,-71.91196145461652,48.355707362200235,-28.76589030626762,22.929544977271064,-35.7159517686066,1
92.52968293558502,84.16837652347448,63.45955399249874,-95.81100779381744,40.45175320633285,-67.46005123828682,-98.32726362462859,22.794061265046523,75.02672372423044,2.3560913138961297,92.41169978827031,-43.70453950981612,-46.112110739269,59.108878385329604,-27.483357481064587,-13.698376030471522,21.02032444743014,-30.746789842413904,-26.430563771439793,55.46042962878366,-89.29106982146502,66.64189138205248,90.31606188797392,-67.66553288925769,-37.224125303247014,-88.90185578578786,27.26886306361787,-65.117891356717,-12.393643373106073,-52.16464102852476,-97.5167821661153,43.07064250004112,-51.267797491631015,-25.41357350598159,1.1852508984340915,-46.16271196566255,-57.310133551078145,-85.79446839974378,-32.49023737993495,-41.498460994187305,89.8264305833329,-26.85989396098529,22.128413326355513,-93.68650071802374,2.810491058709516,-5.4159766276441275,-71.94353828006462,50.904735312657806,-41.948671912827876,-22.661492398888868,83.96820479773527,-45.60140474795216,-41.632495307906936,-92.54625544729203,-73.15358909370657,64.08571179188769,-24.258418250417193,65.04367128058837,-26.870110761554812,49.880406371862364,23.778446227695,-47.682080798386586,-52.050403930270114,-62.26020064093349,80.453285084697,73.1032926924334,32.113257352058866,75.4121365171994,25.847675126862327,98.84084238446965,-46.779183389186855,72.43902760652375,84.93129152383057,82.35483382454404,56.64493264706627,-18.50398309657244,-88.76544021955766,1.1591248507631207,95.64453400529786,-22.149967684863014,-38.54341088664566,-49.336315372629436,-27.689940490856472,-15.990229157741624,47.83247150569673,-21.30038288355611,-7.966906001410436,72.11943547392116,-22.04141630331793,24.853960239343493,17.92335397028957,82.27030050977035,-10.401005682631961,-4.302531744338012,-94.79399435938407,99.21301598892433,-47.08776290159469,10.989675412355354,-85.99215029361594,-9.15942743823868,-1
62.022678935836154,69.29045834690365,72.02447943784091,57.00330876741137,-23.097734471037484,-45.0592369904216,-98.00424466831012,80.48260665722069,90.91318577176216,-19.303806194600085,-74.1857506138237,44.21093217957437,85.67451039615835,74.00498510403312,92.78320241463769,41.753126469130905,-78.40751037783289,-47.35076503389113,4.376892385495651,-32.23976601457741,-13.533220024266939,39.66266478811201,-82.00654422780782,-77.92898868842491,-84.46551734543229,22.261103411077343,-34.635938749653576,62.84217967657361,-15.529625459853108,73.69306824247371,21.66388028001343,-80.66205673245139,46.93089957061278,78.91160057547657,71.27066976270174,65.74885314569539,-17.123366128744678,56.89229337867582,98.27584368965913,85.38812462402174,64.5292694292599,-79.35608170884421,-62.53627605961793,97.11492598086923,9.052425449371455,-19.9190525579926,-88.35130944570575,-34.0722351344553,-89.92044115132364,-98.561408798428,-11.823953373027194,79.48451424566912,-81.08510275833673,33.49982392479717,36.47956377856585,2.9214620470923336,-51.55647126728151,-80.26502866777781,-14.160787475080781,-85.03022990288738,-23.094656594693518,34.5847261319424,-37.02196266143438,-65.49498917551301,20.353938074362205,31.015896058449044,-88.88298017158237,0.8673682909253984,-10.487246121787933,-56.659686690500365,-48.514514465060834,92.72452210551532,70.994158604358,78.41043066376542,-74.61460011592169,-47.26795621208926,94.82298354770654,1.8314763082470478,-80.47217302395877,30.958184054983747,14.995288382317185,-89.91245959214504,15.385486994499658,-35.4218180934993,19.280127432572215,23.631420196995208,-3.2756174022634497,-60.34862865381847,94.93721476878517,-5.941622125708832,28.358493091365432,19.696921836552377,94.79510625733948,-44.76114687752772,34.114169745221886,-49.150958992715154,39.73005104439568,-30.8888633092848,-59.52472054115903,-94.75418429060083,1
77.41728485302346,-69.12745694515954,49.930366348584954,92.62302231783477,9.3296440375577,54.798275630552496,-79.48640748328204,86.64101755186124,-11.393258732476113,-72.32568105588868,-22.55537175795861,96.81789279330283,-58.13878483315828,61.77170780671307,86.48879567547016,-31.204072736725962,15.439949284512295,-5.765488124371629,35.709468283632134,6.397663654156375,-59.70770084136792,45.4794587691903,-2.387968746067415,80.27737136213142,-41.43287550794792,87.1811170639632,-30.959193792043152,-54.70706166452102,44.79907682894759,-59.27027177534452,-59.55698250820534,24.376632290986606,26.347235364682177,33.400306536172934,-80.41232692342881,28.349288500211486,34.137552932732206,-48.12683576650103,8.37619075453621,-48.95957519688041,59.41986141346905,96.16331649906073,44.53006693231106,-30.700045796630462,25.010714594073292,-20.718769254868775,22.201849690837832,78.34709221155873,-89.0653856044891,62.0496888848034,61.34894869445043,20.799785799088298,84.26811196098433,-88.99445720552652,-12.557006199066308,-94.6050760288272,15.494579623895177,92.82498640401673,-41.19402588907146,79.43409991937204,79.24535475567046,-86.74753188111333,-46.667243400489156,-85.31758128512152,-40.88292065197601,-27.65901889120181,18.96510827567714,54.18740749693569,-41.11860112823547,60.9247111390863,17.23441202655944,53.91031431877954,-88.17997246460656,-84.971610086428,-17.231159640520957,-72.47871059631382,50.627947826355324,27.90517664359031,-41.86510110535255,57.17116725182359,-9.654616541770793,-45.92791351637548,54.834429057999074,-63.90101358321745,89.75153351056849,-65.63231446946251,89.04147254703813,90.94287353105932,15.090487348948088,49.45685095141232,50.84680341783499,-75.15821424288198,45.30565980073936,-60.43389899184424,-37.36775883724195,63.9395349547128,51.05646448604065,72.12554118759346,32.96890921967605,40.10987857510955,-1
-25.596382841443372,66.0439729133983,-66.04841898249185,60.01419373983191,-13.894132307558493,54.22456317037731,77.62363778680717,35.487614245658904,29.114436285485596,21.962552309623405,73.5959253461806,-1.526590259750222,50.03216659092021,86.00107555821452,62.05182610345739,60.328517966273466,91.84708706476442,96.09415955661422,-52.918550231694674,62.37233996651682,29.280347333159938,66.89084297833924,30.505375550083755,-75.21216114711211,32.6916646032185,-66.52649385466972,-53.77193159803046,-41.564639323591024,-82.51346050127151,-81.42810541129575,-41.739438258969926,70.88459206552363,23.36767535684841,-98.46043940905744,75.72431936151449,88.25799007885539,-55.21837369177713,-0.40197444904627844,-74.6948647368844,38.04666668290463,-45.549636980406035,-64.81167350434758,66.31093763631551,96.7524269137804,-2.3875080173056062,30.7465000252287,45.44313760372847,33.71250511242195,32.665171576333506,-71.12708822606513,-12.636882685872223,6.28737853721961,-15.369676497252186,-14.67944390802343,67.35322205099084,-88.09415355036418,76.14176643989038,28.055789055434502,-36.781910516006256,-6.915117251624551,10.801970878829252,-17.675043121174767,33.789775103215646,-12.845870418155343,64.42752510594005,85.88644476392909,44.62854157078752,56.587102500176854,-79.02819712412867,82.04947504899388,88.0271640109737,96.24148374371234,96.00247512171305,13.954100781580308,-97.55328543554675,89.81611199890781,-97.21246425797632,-31.773449467523292,-49.23414952811067,38.57317390705782,-51.6605328405116,-45.92589490990267,-98.00981819009846,21.351136228380938,71.0539039344186,43.91973695127194,73.60602666460937,-95.7307801143273,-55.636131302003314,53.06601455860692,58.19754384971921,-23.836928650386398,87.05388918328316,-30.28230295787388,34.54583571816943,59.39784957686629,9.669347012600042,55.44106133207251,5.742201149748311,-60.82708809963726,-1
39.19484121873958,3.767611425214426,28.715539039304986,93.57200696900608,-73.70217602040367,54.325382195721545,32.3368576799713,15.52635086888452,-64.56929535547488,86.95910349855666,-9.435038943134643,-88.6748885244884,86.68262540469095,-73.8237722892848,97.86990280840783,3.189175705084679,-40.26556852249006,41.862858960696684,-80.01362458911807,39.35910279286824,6.422226767400744,15.468345039274055,55.921728508493004,3.1093988150284275,-56.89134297909093,-79.76978841631428,-79.33990443734402,-49.14951947709123,43.853701189722955,-11.342802784152099,67.63518413714772,35.93517349812791,0.4588817387567161,-97.5624897976515,45.06211510814009,-75.38242931934589,59.3200912996754,-82.9067954069705,94.58696250074047,-36.69957201794185,-99.27915202234257,37.93773613245821,50.885405831985594,13.760069776751592,-52.94611243065863,30.691655641079194,85.77796533110356,89.29456585948935,-30.04087384111442,70.76447490924531,-62.7755510942488,-21.177084762907896,99.51427607330709,-94.67094176722652,-76.65964631527267,46.08529623277124,-14.364192377127864,49.27218165269392,-94.35075875798475,36.3757252052111,5.26647019590358,-68.7432082980746,47.00772861018453,-63.36048095609226,-40.36171100078103,-42.9244090632239,-22.231200230692806,6.367878924099841,-2.571105074969779,-22.250601521415604,-25.263891784379908,63.74502750719293,-36.03092532299876,-51.075584357676426,-61.30135787418429,-58.75842052290978,-87.26829621647178,71.38887922789996,30.529754844864186,75.09116038152806,11.78811797646911,-2.6756186199554435,26.440081820232336,73.22343066448812,29.291443655464263,-17.638252145039175,65.8329831990198,98.57091669310631,-74.72875686349468,33.756544882654424,67.52236666681188,70.46742194954408,-62.2075076016384,-45.02210365994792,-68.88795990968475,-73.68061843862978,-38.76231563597648,70.7282027060823,38.993089170902124,25.68505368213505,-1
26.461166118715894,97.30304975859593,-74.22602650531095,3.135885539299551,24.18571349568623,76.03134758429701,-95.6173342449982,0.2551289251458684,-82.98872290215178,20.862596448063968,-91.9332295723096,-78.86993091021387,-39.76488260052824,-11.62925838178721,-17.813419007448346,24.29288453135692,-74.66882543056121,-17.58127807349217,27.586097915933095,-48.99926949978486,23.222160083144217,-90.40648828410482,-35.0498782065596,99.72228540749083,25.636520902071027,20.65830212240347,18.62119102243291,-50.063787132135,-81.48478658958025,57.800976912138935,5.838019749313389,-78.07500273399954,20.334004352718765,-70.87084079470046,26.807394682721736,-10.381777440816037,46.347994717121026,88.67594379895021,-8.926453299287289,-84.88298151891054,89.14768439789054,7.619387094567401,-84.40998611381625,-31.665192009743407,-74.77800373263872,2.922558247552317,-36.78405626409899,-94.1114970510337,95.71755116995641,95.81388067669457,36.04841690338614,-79.28941157305809,-28.48722426007903,-69.32131549461576,32.99620504760617,40.955345822990154,60.5530575072608,-79.77558915701921,80.2070500636955,40.51099739253016,6.270150922273231,-82.03621197454356,29.32862578080426,-14.783537387478333,13.39448879335832,-36.608877008288346,-1.9115494961065878,20.603646808877613,74.47370555037031,-91.91176267761836,48.451909767511495,-33.284721080741676,73.11267855731003,40.95455584879949,-14.601912154537217,60.51531974915315,-76.75300390453599,58.866131053073275,-0.6951850869662906,-60.924822113329455,82.75997370340363,-69.90067845265982,-42.144947365925844,58.33679310163288,-26.841496299947593,76.42113811180877,1.9243678115115728,-74.1038310710291,-53.94909382326703,13.338404888251347,88.52338049752782,65.48784667581137,-29.97204920428183,-15.435407834761676,54.76608357016616,-42.48720750102555,-65.10251780461103,1.1318074143658663,-23.117718270223733,-14.62049169667445,-1
0.535804645772302,35.820463828897914,31.690366931685105,65.21352605050566,-28.440346934911645,0.08022914204023834,33.29260950536715,-14.002957175788055,-19.59455662235186,-49.5370527729694,79.8497836578405,47.045703620319216,-2.525038415751027,79.25134329431577,-56.188165388023336,-59.969157750126634,84.21389725991628,-81.77253218205855,-18.567140306575,6.150120477628462,3.8560164790542757,69.53623959244334,-30.647985615986272,-19.40543997532116,-97.01794716903842,-59.18538831963862,22.149698990861893,28.560701756575213,-42.20843617185657,22.982017160388153,52.33627119606365,64.12511861343893,39.4282700984798,-28.293463326031215,-53.166262760671515,43.957452493656916,-34.60831594596469,1.4687064644432581,78.03127251467888,66.70691342185145,-54.29497045865113,-40.25981973112256,54.779733793364585,-94.75224224353418,20.29859059498827,-55.67854865152091,-19.328605652424983,-76.19892185634748,-91.49130301401982,-79.90879537729836,89.99321761814747,-67.29580976050822,-79.19830218821606,64.8613817638414,30.433825418351375,-89.55905808098035,17.515195528654488,6.1523900310046,85.38413846317798,-48.44646156288521,-85.22157095729321,-13.871583565235085,96.58342320623726,40.14431346203858,-95.86226343158214,-70.23833936178417,86.1367393431311,27.912956120934766,64.56943610646434,-46.03060840622932,49.24917038537245,23.28730019991289,-66.1649218101179,-87.71209786277734,93.37894127799811,86.89478604932631,60.04834861140094,69.08244165897014,23.460040482771745,18.864822457243264,62.88902845921126,85.78365211118205,79.57230125595339,-64.90898881665188,91.09247760709513,87.16767747512452,-9.948099851383589,53.04596624530072,47.527684283391295,-57.2142411309446,39.03594930511176,-95.50141632383213,59.255267852054516,-33.29762420823789,-23.324998790128703,-81.92180158355873,62.80091946346349,23.642919089383852,24.61834113095378,87.7857138132145,-1
-76.02692653326343,2.335488423133228,-83.79075681847041,32.982344897443596,11.951136727676513,-99.12734606993818,86.54210162655227,-8.335281082484912,32.36691702279964,60.479206110726494,-80.08405729199421,-62.68198062536649,7.932357780630483,33.15304805307346,34.260884712855955,-34.883773496197705,94.1809422899739,-93.04016002632997,4.163117228816432,-78.85508791377302,24.78911495227767,-56.02340205853018,-35.20477868769221,43.135296024515384,-45.16522849770668,-87.16090280043713,22.691485326251424,-71.28450731028096,-13.29137943923979,-61.85034725883944,82.22715402601668,95.52307350475064,81.51514079265328,-2.1640076905927543,23.235816321401543,-7.627108199966088,-17.93887728801697,48.373372017318474,-24.369206409927926,82.23391690300423,66.37408187019275,68.90198365345711,-11.927213764240392,46.81518313872573,-16.611596745788134,97.09925427841713,-73.18337156039061,-7.759505573572795,-80.75885166748108,-23.116358654046337,12.181505614074212,-11.196673915463862,63.238212551861324,26.060895512039167,66.71606377239266,91.80804328944942,-4.5270233172384025,-23.445668891194188,90.90176145432758,54.57154274161968,87.86207260111519,-76.56878337605934,-57.29936547100485,-84.7812053900339,-56.07071382837181,15.076673110841838,-98.51757470477371,64.77523501952084,-80.59279772556735,98.5474381554285,18.098306764689525,19.94094353723179,-38.72655517976271,74.82710139895909,26.364161472966586,76.37317246750374,86.54016333356606,-48.8634519075229,-4.02578797794466,85.50967602186094,81.6063971289309,-69.76638120426064,1.106020382979338,-63.3156295260539,-39.93003945265521,17.346916990466823,62.012975943336386,-81.2836161784926,-43.68836779386589,75.481591197645,21.386366115404783,41.15754661194444,97.3808011503391,-43.86779060386503,69.31011032769155,41.137960885420256,74.25074480832598,84.31727844497664,-44.84204660852675,-48.22068196425715,1
81.07012839121273,-63.61437390094578,81.80650413312819,-67.03703685411257,11.728479290085076,51.75525075146504,-46.09762754154547,35.16458502081471,-11.633259039609072,-70.29864367126385,-25.805257481566187,-53.39620712063304,-67.14591010881439,-64.06975640893162,15.825960807009821,-30.834285938081223,57.97292420710775,13.111496645277398,61.11616528824672,-60.50274366959354,-26.74939880030516,50.7007802214616,96.27542086523897,-95.83095203845984,-28.91010728390431,-64.25877581347822,69.19625848920262,-48.577067399171,53.92003025894644,-17.06196916684273,-9.74644092574664,85.06561077283274,-49.12809223872363,-40.58226936255185,98.57175503692594,-40.30117744252626,-35.99902284773037,58.596447144967556,-87.239051180413,9.155497081122107,2.358998855083726,79.33719790117416,54.70345045425884,-76.82959233972647,-81.16723822943403,15.0933777705974,-97.1259588146502,-15.487466996130365,42.705406540919455,96.62528199632283,-40.954004525673035,60.57550757796696,-53.446807141329366,-84.68381372647724,88.30810001091837,-15.872068486936428,-4.469924520341181,88.95138117041836,-14.545618699329466,23.367318153695948,52.92525553687858,-36.756922371528745,33.35924839323923,-3.606568075981613,16.64513033831423,77.45973398483997,44.43579107348458,58.34615667167856,-76.39598490954565,-53.82648683976545,-90.66484943836406,-71.7355521123594,18.190693944076884,-37.452604234414636,-9.048301783316731,81.42392082815081,-40.83565213480491,-91.49999098230188,57.57285003955221,-15.150226654373242,56.155959758449,69.5417436448239,-26.078721955155842,-85.23069933940161,-52.78665545538557,-59.66200805865742,7.9842225443076416,-36.64149957999581,50.664257513755445,-20.625789791044497,30.43442666817333,-96.38245862290269,75.94891456031095,62.66474919762004,92.58863826053579,32.80154585353094,-57.89088133368865,-22.702660679310995,38.629095119108,15.09778932964079,-1
77.54083655165996,8.326842932173378,90.36235708464778,-3.8054220227752467,91.18376579106385,96.97168055249517,24.922809622906314,31.901196330265435,-80.60686580691505,-54.6042921056958,-51.679744712847395,34.68394578228654,53.36977956355463,29.830792966174556,-38.073637999430844,72.69829009256367,97.1716880821875,-67.16300718872824,68.84191715524642,99.9010379417033,67.73143089849142,-15.941947989148957,34.74232954416976,-95.79503855607956,18.721365209833493,3.8905533035112683,54.87970740345111,-92.80203422626643,-91.97212236691796,-8.416166560075823,-86.21345957518218,72.29496246853887,19.74466821134608,-46.53248751766714,-94.73225965028959,-90.21763494430259,-25.178852536698898,-1.1528147184774298,-11.34853172813311,-47.581220564009264,-91.59628174672807,-92.3385556017098,-57.79538473223194,80.55020299481555,22.803082978917047,-0.7588240099983778,5.4309179161267735,-51.32909601634354,73.26828717007808,0.7104302033969674,-88.92229308438944,-15.284522883655896,94.71591084032985,-63.56836778419408,26.89629918380237,-24.295391307349362,17.27049356502779,-29.2237297292139,-15.104887785858551,83.87161310368316,59.11289227835789,-8.04129318337246,-41.13522915347543,90.01196700979415,30.454510878804825,-62.32093534560601,-3.262053750157918,46.77096499364558,50.46592387745085,-1.3419270192786712,-52.27882244318276,26.196973041493067,76.02749428906546,-1.231257170718834,-54.650434731765564,-98.80503185481268,91.72269026673345,-62.08058410118213,48.973259897716275,-50.275835642600455,-93.49602481356764,-43.59177474749389,-67.23406655231005,31.053123509374558,52.28828353606812,-20.170958888434782,75.506870910331,6.545452562498099,-42.99917072184869,90.90554393131868,-69.27592372581557,-96.58493539513802,-90.48669133549554,69.6648703550126,59.193233720069344,23.047250713639002,88.00397592857195,-53.15060953425477,52.95104445545405,-30.66039307411677,-1
-89.66365576627845,41.44772686267973,-93.68277103487159,91.30027965989603,60.51713591596257,58.51902325767665,-13.305553448873127,-40.72847729734232,-83.87691896607964,-75.23079465883652,56.70030051758178,-40.11537503937868,56.58472285151447,-88.58018431096473,-74.19271822211502,-92.43597268959294,57.65504163416594,52.72305979233133,-46.9753477108521,56.97659667755886,82.24686206293427,-29.756596072302386,-13.429778640865806,-64.5729090413995,88.84473489475735,11.744681642510486,3.360118938124799,78.93352486280273,-68.9197742521969,93.09163568796069,97.90962385897541,-1.205002338946798,-16.903582660079337,8.15364656546727,-13.336101953420638,94.29541405405476,27.227306085626196,2.4156907875358087,52.483924329144685,89.30167565838826,68.73848068761336,5.041213891417698,0.7487390749457319,19.675788639899267,-43.74104089435102,-98.02242699661585,-81.30139766911384,-38.39492963961253,94.53375800671523,1.5866534344125398,12.222477141615727,61.07420674544636,-12.308543891717292,56.262525685720874,-78.31603091691332,-82.52461681864185,36.870920249662504,-14.983936571627623,-24.286629962172682,48.482853056518735,65.99987871896491,42.78558963706115,-77.26300374633799,-2.596702764982183,-43.79051980880768,-23.732376736535727,-67.98939493648246,-63.62611351566674,69.59554344777129,-66.14217419934499,-73.07473329923675,20.101492104740686,-50.36661972116734,-83.24616001449047,30.28804631636467,-73.66620634400735,69.11990682889612,85.53354184971522,-10.105397959265815,37.801844250962546,-56.19548030754795,-28.808567313547684,16.278219839566674,-36.5774153407332,20.50459533745581,-48.55742529251288,-9.485990943396175,-27.6366121127962,-36.232385033333394,93.70987633440782,-35.0533378048967,27.169209626124342,-73.96126353871301,-11.046776468133544,85.83025713598488,25.897789864646924,-83.63629112508313,-40.66589114265082,-25.167313330274283,19.90146861408431,-1
-77.28848156007419,-53.408105049273246,61.198509955031625,-86.46632761999969,-84.470133065679,-15.454272621213548,-83.45263287636202,-33.943066499583125,-97.22757281742798,-2.0428264023518494,-77.5205945647974,-78.84069594544022,11.827331292593684,45.904284395287675,55.9063363647866,41.50456379560856,60.609104935175964,-20.554494086753493,-70.87425229490971,-53.573217439968765,90.6145537244274,-91.94436745292242,1.8423170492085177,-20.795130739530762,21.114054778786056,-64.58581561681206,16.51033927692005,-84.42598713872673,4.975443601116481,-71.33799274487787,28.72675762392413,84.43994476713706,98.37490893646219,14.153759317180288,58.51822803930884,69.85172529992931,-7.323302826736054,-59.62078877342203,22.09510227073575,-37.26047238601949,57.57926260894459,-22.708717199885257,41.65536513144721,-67.48273764737729,88.08335852650521,-4.288256983929472,14.665698522232702,-61.008100793297906,-19.56591459151788,-89.04801376207439,-47.955195792930326,7.260755983746492,85.55043420449061,-92.63350169704938,-30.796585153878112,-42.93230096506575,71.45532720825793,-31.7374779936672,-57.07631275826166,-67.38039876967596,-49.44964550775901,-65.25717935847547,-34.429063675699894,42.0590942930767,39.16011230883964,45.05288477130739,20.298704708493347,10.27032502002632,38.190528642603425,-2.09206294953934,93.32126733189722,-38.434007884198174,71.05635664859548,-36.95579730585381,-40.053829892726014,77.1911575922129,52.47949550922968,-13.634798454890571,69.86087945071515,-47.786048053259144,-40.84712918526095,-95.1342358843503,11.77425871206485,-2.4780900215199324,28.531604019460787,-27.686569209772614,-79.64213769913178,-15.979657217469082,-7.867476985772996,25.92388980788614,10.948474523527423,78.15509015661883,25.718985488600936,-52.8512667699863,-34.124984940508725,76.95853754989258,92.29546092363717,11.411140029452113,-98.94219892458358,-40.40116296202949,1
72.1461166512687,49.49418762675131,-18.309357385860253,7.1655368946162525,-66.809020940843,37.403853300648535,-83.77016429275217,74.13380682510353,89.1849288064173,0.11586348616626196,-50.051164154128955,-31.520975340828073,-39.98658341891201,38.575685539330436,-44.371271910217835,-11.913085868790787,86.72307556701881,72.4669832879463,20.216533078643124,74.44090579977899,69.35660543376585,5.040440046159418,-20.171667781209706,-2.88675954331417,97.81489309474091,82.93302148474987,12.969834199914885,-91.91223375746773,-77.20760372836955,-44.66601156418362,-6.339810480008339,75.24465862632817,-23.886773410556742,46.655659173530324,-35.08473287412653,11.126951440993963,98.98999722438836,-57.573985825877806,-10.944176632551077,34.84203207752955,-85.86824146512275,89.82553618328129,58.69121294315062,73.59595448794951,92.45233302757981,-34.54127128582256,-35.702261441961824,93.0000418953438,-96.28158827539333,-62.17413263485867,-18.1523205905076,-6.9986735575327685,-88.45990610179113,40.983963260354756,20.77171248757506,42.56215142315281,61.52468630035946,40.51741131039694,-56.3864728856136,60.02627217658571,-38.125527507373505,-34.5131860563922,-92.33668679173384,-43.440543413889344,-79.41536529754545,-66.10764795311859,7.558032460656932,-91.35993982884997,-73.63336638300417,10.072377088022606,15.94573023972292,-21.04404678735972,-82.46775671468845,-67.77016114232737,44.76306189653309,-23.93692575047133,-68.53628120774596,-33.36395140177382,44.037335919513566,-52.2402306995293,-5.5305893476243,89.70330195391472,36.9393857856912,-48.464578016534546,40.87973266561082,-7.22453664593607,-88.71588305855624,9.384958196454306,67.19117989921796,-1.4975068994702951,-46.75912591322338,56.07184837047012,99.96475003937243,81.5687543936794,72.30505090055141,-65.04162476540883,31.15987088183431,33.04798983071581,-3.2352795506315175,-85.54947749852889,1
67.66574094222756,88.85329782268678,-2.825648162734879,-16.241336185167725,60.88744153590099,-88.68286877065688,-66.50178218117846,34.61842618224341,62.032217991940485,86.03304057251,5.741463976810522,-81.85582345043383,-86.66803403533878,20.760615768750682,-29.030855313868358,-53.98310162850499,7.483387719961399,3.5277871378869037,-85.0508192727369,47.21642886741708,-17.44738545024127,-7.93460304443343,14.077219915245351,-12.10149748602727,-96.76609200909606,9.787735703734995,11.655304880783163,17.10280849621593,-0.7940211492911402,-80.01261868627608,6.993341133080875,61.80370845333948,10.891045573327858,57.864602072232714,-62.96481223098817,38.19483023031279,-37.317882756075015,-30.83476724286416,47.58960165666409,6.161585618083237,63.78967486226773,69.2456646230822,15.394330955359024,-40.75694766965889,49.85858233288744,-24.02907424750957,-80.8376840686406,-18.807708732082133,89.40715756741088,-41.86003727061589,71.97917205197592,-68.64372897179784,-75.46449415948146,-94.57335502638678,-73.11877462244219,80.90082824361576,-76.82005615144925,47.2137384045964,-57.77516115685095,53.51371246123793,-1.0210785252506014,73.59868453877905,30.6891096541558,-89.44564242574256,-50.740326582895314,-49.486054189214656,14.87677499509094,48.48566074561208,77.77037154488099,-28.59627118229176,12.983550996641611,73.64018950496646,-50.52512978312858,45.96857206359823,-65.75403702733064,1.6737336921408144,23.26753344722536,-92.239394695123,90.78724974509876,-69.0787164516805,-20.808889755151938,94.22760905777216,70.63681441615617,38.279336900595354,-46.981666201492224,24.982807227423606,-48.862976638672315,7.99188637561123,-78.36736394030008,1.7974967708338312,-91.56895592980932,-99.49593998494086,40.41851738393228,-2.6336712228177674,83.01581415997501,43.78236273451557,-70.82940934782977,-81.96385851582117,-8.39234076819099,-68.33633578496234,1
-28.805464269747688,-55.079035412003606,11.07271018752624,95.99406587177012,-48.47855593325563,-3.8219706793982056,24.09475701039412,-23.80174526632001,-43.933049489717504,59.28811230469546,-48.2415183270952,99.24489860892774,-92.48675409120388,86.30888142130405,-56.95123589980926,-59.9061904467282,48.87364086079813,-31.391198841397966,39.13553264306779,-18.13101582352148,42.412684281834146,-54.21153277211095,66.7981524198193,-9.188935478090173,22.595468317872076,-29.50491168086012,-63.46103745772345,-20.26814249631758,-72.38326867959819,-9.598342402583768,-88.4714608805213,46.15246037065987,-62.61293099166472,18.281482579782775,46.606356189179735,-53.20070424187444,55.81958795863403,78.00145493881155,-82.38142985762266,65.32742955420113,-56.305913796107276,76.21887927668917,-19.139068387468683,-35.64588595030061,65.39576549680618,56.206140866783784,-20.743896352125773,-13.77742243633007,-36.94975139471899,-95.15248116716543,-91.63041102341313,-5.756330200135466,4.057746174300931,79.35236925125363,-85.95681542785476,-81.42753313734985,67.1020309164119,53.26959276621116,32.29441112099204,-36.73643259786643,-27.526468096592737,89.8512169373571,48.644050080521254,-66.38537053912393,73.97190974143368,43.394009232146345,37.07212255243664,-61.69540111589213,81.36652097141967,35.22165837316712,-75.16635886544148,38.51004736175955,-3.2688968630683064,33.54460063558267,38.09215509163681,56.99634639976651,95.1194511195826,-32.84220743266695,42.34075890907073,75.35298149707458,-80.27439525595082,-40.144698463937644,57.838627354666215,68.54841762443598,44.077721059885135,15.386317561410408,92.22087978275334,38.6740796546913,-76.7598745658942,-15.657359605596398,-67.81201798759949,-29.137883159647984,-22.81488633644844,-83.38650859780286,80.64721573875403,96.37893541906533,3.918435244228988,6.6460665228205755,35.20931698091573,-19.736057910299536,-1
-22.366014758695613,55.105523339002104,82.47266912333819,55.28948929994493,-97.65867785381919,73.35407090120006,59.24829010827369,62.93420094199783,-88.08258052937126,25.08669003331869,20.649084536805958,-8.921018950411835,-87.0201440923181,-85.61865653671089,40.89872728233695,-88.93352256733078,62.53860867515647,1.1484596710888724,4.016536643316783,69.8069026566946,76.02627068672834,89.90748742273036,53.8373579991856,82.12250147452104,54.96555333092428,-33.15072516857373,-48.517753960658915,-38.06388712970883,90.41168365944213,-43.08783204767948,77.42839973882874,-83.09133292397539,-27.75545295314275,-10.788554867111813,13.094426310050068,88.51554637857743,-97.56633092359337,-45.050993511995415,-88.36939440202998,46.72881305251332,96.68302305328558,-44.37775051512871,11.53438094051333,30.31852129614495,17.066108378012416,-9.906534459048459,45.420565542731254,-96.62656365302826,68.8946535027695,-79.26394192579416,-6.748614539475838,-9.00526098442434,-13.836062368271214,53.06258457839331,-23.259220087258072,-66.8886315803214,20.40631922826168,-43.306335721549296,-43.36079883848987,-34.64952212432506,42.65711458048841,-67.15271867594092,82.40400082959397,5.438414217555689,88.8446283120642,76.22688278962374,-31.530717208809733,-33.30319164610238,-79.53592449774274,88.77698200777567,0.5000490036788534,-66.30802809440435,32.939013205901944,-11.628075237875208,-44.600343997189064,-26.732711517607015,-80.90521710349662,-80.3605668502432,-31.290710006152295,-11.654821913546186,-40.67081798382226,-99.24285327352065,-78.15578232249376,-90.48306687243218,21.29388161908136,-36.49630747399011,81.81545528609479,-21.38077803701097,72.77365269426721,-17.74167822276121,62.29688492123066,0.2751879091566565,22.42324683198305,-53.84255542463028,44.13467317135053,-21.957551787557335,-97.20889369535526,-55.635629706629494,-3.5291484844375702,-19.939051664109144,1
50.12295032817167,-80.11172144813096,93.96420901570895,45.29234302260096,41.11717252876491,62.1757162015837,-92.20413586777391,25.964130886941533,-80.39846304385179,-94.9302791472123,14.239836792582736,60.163619971950055,-44.04661382259183,-70.12012230924555,-42.74819292336336,-36.67951303451742,19.00926898475224,-37.805395723393346,-7.571905346019861,-63.19179303571065,73.66479273007357,63.84611536802046,97.97843244797494,12.075972027353671,91.70325500052115,90.73129019265426,25.383255862779123,-59.07490548819603,-26.79692248162482,89.3277454429905,-6.681425312876101,2.3655521325109135,-30.968507172803967,-49.20672033755557,55.872653009543654,56.16516668218563,47.24751934302358,88.09754739384996,-16.849122464879613,15.152376743246236,84.00315539920135,76.84774901693117,4.035880379704153,72.61479971811471,87.75432220287794,45.34782634592551,-2.479835720258805,20.00548053582598,96.45968726408387,93.6829725391236,39.446628088054126,-75.08649044907689,92.84519117535012,6.818012144752899,-11.791695548694634,-81.47504006443656,-32.128451265630844,77.5947885926752,7.641777395962592,59.39628030144408,-58.15850351622478,20.91341333654968,41.85344094422686,-25.655400418791217,96.51458740047764,14.715514809489008,-79.80969637444888,-34.0392513247958,-41.0458842567621,-69.07735119603322,23.860072749490072,-6.5115001834697495,0.6395874510001391,56.65756197567225,-21.606035251780128,-55.95934266375237,-11.81430613407035,-37.99491332574307,45.32920546238714,-86.7123811343824,22.56363762221676,32.02607779011066,52.17875442219295,-71.20199681712656,-75.29909431102047,-85.81276411187591,-1.0135457917141935,-44.52615100932671,48.09470103948706,-8.395626126541828,-13.039830188149935,-77.86343759290281,73.9248978289312,54.23287363639844,48.07367355939584,38.28180927173784,-53.788468190770764,-73.02998264436688,87.6556497463946,-77.74282717989786,1
-71.9831969526952,-50.30217203710685,-37.92760821528525,-80.38348384315108,78.5046579909692,26.18435804583268,-16.145667766795597,6.2909828378610655,-17.034868895729602,50.91387224114732,11.53773823709055,88.15017184689222,-68.67743702147003,-67.18728234693296,33.990698171843604,-21.69258007967416,51.680734606840645,4.631629963528326,37.47798253714291,94.17083957354004,33.816003372456635,41.00690445266656,22.462676969384447,13.057791990796417,52.67813568827194,-16.026081825938633,33.64740339546876,-88.83235582470512,-5.315773873310874,-96.52225141491321,14.764813837788054,10.358012715899136,84.69520756367675,-64.5766862643254,50.32411016896273,-30.105100808366146,-83.95514163979401,-13.805831498943434,-65.32841395772346,79.39262434212338,4.4520809058032,-6.07021533367525,86.39700357449493,5.241735344803217,-67.75263831307088,76.76886083686855,-7.610390375047601,98.87379527335878,-14.029604342029643,-43.89909832450187,-47.51400298853638,-27.91682941039973,-31.832545129940655,74.16105054193204,49.6468982866389,-30.898490597503624,77.94205469516976,80.861461014094,-52.2467166475916,34.970482943869854,31.165446785368573,55.21920276780966,38.517400451137775,-45.489893469140675,-82.53092497268202,-81.81075205537181,-60.11148256231975,-15.357948964935545,-2.0638897237456746,-79.45853986407212,17.08576569301586,-30.230894210769634,-18.03429694912259,-64.4781591389249,-36.31342051661224,69.63307869589886,76.64054353976641,-48.53400796331287,65.13417206862985,-89.03060861466625,61.14339014338151,88.52615927566401,-29.871507075115787,67.89074318865516,-26.557563723370322,27.612076282709765,98.36704515184834,-52.56138193105679,72.05247332395464,65.22799736421132,9.108190426686647,-3.105287204029338,49.37983257591847,-67.39534409975936,86.70550067504675,-43.070537107705455,42.3550941203556,4.864102121810589,-76.35904725234586,1.2935941676937688,1
-6.261368041005937,-5.157156668507241,-48.64468645589841,-47.96844180758977,-44.248025517089395,-25.215790597437277,-70.54488728958182,64.87008944986991,-14.065327328970412,5.51759465443314,-93.12462832965495,-47.46090459961294,99.71216131712572,-1.3316823895239054,22.536868934921443,-18.783573488045803,-95.4991345142627,-23.608396190946237,-7.863005303573246,-69.57042261609669,52.84912417047602,13.29332119592685,51.29553576808249,-87.91061540294595,18.333764118700785,-99.29782981786988,72.27254379131335,-30.380890498425188,-30.452043540814856,76.2378473788618,-73.9121090933307,1.067064195428685,26.386592570288897,-36.58224254517488,10.968438074321597,77.38678594184069,80.49070784110413,35.42898746583262,48.24753942743868,-22.915164382671136,-75.01921107456653,63.64760563838598,-84.00280841186067,-80.63758868097138,-85.40345705380983,52.688979115212874,-4.791163422479713,6.877592857153374,36.639570136999424,-16.273228790404175,-87.71041679114822,-72.74218448762602,16.94034090719711,94.28083063339193,90.79514281610855,60.448643597969635,8.49003182025018,-44.71966873275417,-6.635291118536088,-4.888252374972694,-29.207373781517518,79.03839990343272,65.2677855171406,49.79592665876544,72.53638253962893,29.685775091995538,23.709423869974614,-69.27137612657282,-29.708342470922574,94.67372324802437,45.26729355575711,-16.27757174208999,23.489226443072496,-50.90734839611179,21.694423404899112,-8.081295451852412,-32.90033636123435,20.87012726080431,-95.04233359262231,3.0785942786494047,98.52763516949136,-38.58261379509036,69.21353757508919,9.294013184152902,-42.23919275593961,-61.96515480094455,56.8236984133639,92.55979981021281,-18.674866259416007,58.23440666019343,-16.796651216951133,-84.13837353565674,36.338614708791596,57.65528842299369,-77.4866335166812,7.640866892717895,68.55396741178367,-66.39650260032303,40.52762417771564,57.395334445683716,1
29.094459181433564,-12.173018285956317,93.63868558294433,-26.44812982454208,-84.20616756183428,92.55367005064122,23.260097185144815,50.77361654198259,40.42149082275853,-25.03501513000046,-92.31982453473108,-92.19871584743638,73.36429713769783,-52.37503134920025,32.380315294385724,33.05456724738215,25.82351572685336,-82.0348494855832,-0.7561041020151151,-37.64447063899561,66.28332438606225,-55.0499923645285,-7.501145197512372,42.81086613109147,-33.25703030484142,84.63520569126598,95.02038022004007,-67.27163173441525,1.955368940702499,73.77415910787727,-12.26826311857927,-32.06963099660891,-9.537165047304484,66.60992621379819,55.225994522879716,-33.280083831544545,-70.45529432057367,83.28258362008555,82.93818494164643,42.24143214680453,67.31260706097436,-47.912953315299504,-38.97757206431815,-54.035915894991085,58.64793996811369,-99.80162710607459,-13.32975861387213,-18.47835935642182,90.32081378370964,94.33009958632107,-73.48542654609392,23.44437183349237,-84.98753723447089,-23.942950333092043,-0.7444681885195621,-11.112878045092245,54.614162513673875,-61.58260352879517,-4.128886479951262,33.41498176439487,-96.06121556423591,-47.34483486335272,-81.45093452425456,-80.56284487599414,21.412053584670872,66.20308061069264,18.757830717831325,-95.67705644975672,-22.315230650874554,15.73277701959752,-87.08820996861886,-79.77154649095502,2.1112197562709127,96.78556581285218,97.988857562184,-40.31237462297701,15.838223273067669,5.553578362169475,35.79655458295784,7.812821153385414,84.60731941522133,-57.32261745541911,-63.850913388522756,-92.29233332061249,64.23601407367963,33.65347403582385,-18.251176298499686,-77.99980792065429,23.307594274153416,-66.91146446925282,-52.6963090420393,-55.50936624488636,-75.64218344833806,-83.29090708782319,-26.8283827494904,24.211110903008247,-61.31448519942025,57.125404566095796,-14.25744218726095,53.70074216605451,-1
26.705942152178935,21.154963871377433,-32.976229148171626,83.87839464288348,-29.525010678069123,-56.85186416470918,-39.7907844331374,-89.95139803540357,9.774560308519952,-7.820332358683629,-34.7659491743493,62.57019430735156,-50.204620167727,-30.656247752817762,25.84383860165842,55.57554110737544,-15.873952624236125,-92.8775699454317,53.83397390471748,-47.489953995999954,-5.134885889941799,76.40963720153974,66.9596985159881,25.92824684649146,9.447485575856703,33.78002112372357,8.697891541726761,21.78097220600759,42.52093685094661,-33.956954967994506,-10.12682567496988,-2.021171573835005,21.7143448612033,73.80942049536338,17.818935163316212,94.6614159000753,62.36215388783896,-19.71236760022701,10.751167267579717,-99.32752433541268,34.948345487617644,-56.762933524266444,48.59582689779137,-67.88752443836475,-2.22132337575205,48.37643366463388,60.1382927148571,50.677084803121886,55.7646898671623,14.390220323839571,-19.737434451249825,63.068365227553954,38.05107188242408,20.13777837191661,-38.90224891993006,-25.014189728134227,-44.24345082537391,69.9385306620521,40.269688474910026,64.54648179829391,90.55590515341109,88.69214285597519,76.841451378995,-64.27160188288411,-16.718162454562275,-54.1043083500264,6.6778567940821745,50.029142838435206,18.156704650927963,-26.572888339257347,71.24899878917665,-49.362733333507606,77.5152702044966,54.585604908059935,60.72997985851089,26.12417828906632,55.592126791115334,60.27917086500878,95.306692105358,32.131267209849085,-6.348610518374699,-56.50334137245381,-22.160407360878565,28.19119660819888,97.38475210263806,71.14688083599805,-62.20522184057549,35.192659236623115,19.321872999721677,45.46130850254892,-63.39599196066699,-37.57253724562024,-57.361139771758765,48.09795369597225,-52.42560533271996,95.2047399926594,-50.27366473895265,29.519862462187973,73.06599767174185,73.14623737656134,-1
44.490423052301054,75.44010816262164,-26.29473125524777,77.32084304809334,18.64431402147686,57.03790862968168,-53.15932581473317,-5.807949513053302,-36.8453697501008,-76.17186560079037,-98.5293910891146,36.53423049255187,68.62897300594909,12.632877690790977,-5.313013281190251,26.769963747064793,9.60429944582701,96.41547572712616,-26.565237113741574,20.92254270104432,16.123952096470745,-58.01363366530312,2.0431868156808264,41.71582501299983,93.7227630691859,-6.387827440907117,86.49917490274791,-62.807355188373634,95.17866757917974,-96.30681902135281,-8.437269983075012,-27.374311430785596,11.017050094563956,83.39667943628052,32.688878727793195,-13.45871015025925,43.349276582015506,77.8072088266403,-3.6218227885030956,-0.06187942277593095,-97.13850204115306,6.740299435310334,-59.547824463197415,-8.076800825610036,27.147871506037433,-94.48635183283088,-35.90207254692754,59.65705532969815,92.35732286171208,-77.22599947892704,0.14892164050574763,-38.39274501435304,71.21786927804149,29.409618277343554,-21.260357388470027,35.010124629272696,-81.20525111832345,-41.71038331360939,-68.25016134572229,29.335337798801135,-89.64652381158697,32.78884793611138,-91.04832884327006,65.9639121676484,-59.90058586298643,70.63657384123013,-30.313516355859477,20.714270455934326,-52.1167116348408,-15.189109659210516,-12.529859007354432,-30.443010900186422,51.41016691137665,-46.728296882230595,-23.76256296554773,83.23258656523106,-90.53942679929565,65.50649758791508,41.62959902212236,-71.53359477379661,11.10059030636262,44.91814364218308,52.14322980381445,-56.77276830413523,37.89798434250454,1.7673319433270365,30.44786677806229,-35.32527518986532,15.914040632366437,54.70523927518306,80.81067115322332,-94.50146842348863,63.79278956347545,-31.94840008049131,-19.420898660496434,-72.82369055462891,70.00842671621717,73.01594223470204,-99.1804931374795,-99.67889300810084,1
78.40931103542266,-59.67453599045109,96.79552959196565,62.79405390120377,-40.55243845827656,-50.67927300439508,-78.93090310373336,-67.44180215875413,-6.763681774488603,48.45844629738943,-69.65141740938952,-66.63028435888447,56.136414937572454,92.30874457622193,89.48559961195863,86.73578122658702,17.866328989545607,-28.8063218335527,-23.210221147405477,-62.766992850785954,-61.25221339503788,-64.59171178801873,-46.58781195212796,-74.58874692846513,10.059104636625918,13.941570113986643,-78.11391903280413,-62.36316616641089,-99.65503557803186,86.14515890907944,65.98360619739174,-21.350707041592457,-83.28355559992886,57.87659213772588,5.108146225143244,8.285878860999347,56.93519614577551,-56.23183660984479,-65.01069724840244,53.53508660745584,7.103672892143393,96.94832142733478,-78.04442098852161,41.510566228043984,5.117218539860119,-40.733949781628695,-72.23666355133582,-27.427234020658986,-42.61509724866197,91.84771693009509,53.6274259229742,-75.0790860761104,29.622081775258295,20.384990521394357,60.75399050822293,-97.2219730067464,-68.22346591349573,-29.358550515907297,-77.48625271469896,-90.4718113174524,73.85169416535925,-95.35753850990712,87.40587888166556,97.16889002210206,35.00069414172532,-96.9933408476023,-12.319133175798356,35.92695867324795,-56.59671830853878,40.49887169883749,24.286726905127722,-93.83344544311791,34.81595794454145,57.75898876212423,2.5095836835526057,-5.5616027392891,72.09005967527546,28.68090586781247,-77.0292083009848,-76.59464537631109,29.489362704363543,4.319035509045619,19.407479518896125,58.52418764148106,99.22579625072984,82.57636535552024,49.52062896819848,49.70242546781901,37.807020622375774,20.167566963216956,48.09621701529119,-79.97541072856896,-26.30929885455977,94.1465811820768,73.88432955713347,68.96233899156019,-42.81556902990371,63.64560148205288,54.524338260832934,23.58540071310553,1
-70.58530381419241,-23.13467056806367,-95.27228279073272,-52.24075772369214,95.79622303496177,89.34674578467911,-60.966696556269916,-14.187526139466812,-17.863473397943437,22.837248863802273,30.03743328913066,-35.37095654411655,84.00763282181052,14.795035006348371,16.159365970695134,21.905701950812713,35.52223641991884,56.83743584641593,43.5874047245139,-59.46861560191379,95.29655524017417,-18.35563548235359,29.43191222539147,-62.12875446386698,-93.01882818537814,63.39369009497523,-37.06220522573469,18.59085458548067,97.10809613480782,-91.3553697164442,-7.334219690745385,-47.01856130043598,46.19234163222322,-71.32486578635209,-94.45493504763016,21.49567890062363,38.45107791918093,87.43790977517091,12.467265478355614,-66.95242195791982,56.58433058817903,-50.9178815825077,-5.920729431205544,-17.10049497221,-32.90761717176882,1.0382457505538412,-49.24747753100105,-64.92643949192454,-33.93039761856751,97.13196951164767,-46.98915360222253,47.91127501986088,82.81733474088037,24.968248802341563,95.25148794348422,-86.10659411755788,-45.36667911768462,-76.44756663973624,91.33241614895391,12.240766441772251,-81.18699019253408,8.346085866788286,90.58767808525235,-20.01382738711635,-59.201231861215355,-15.631206348252164,36.21447821958489,-19.26115799545805,17.982598576259917,-86.92528591073926,90.9260597128935,-50.908344319910135,-36.947672792814366,-77.78668268128351,67.58139039169583,-54.3211323828696,-71.2617605211895,-11.419049716344261,-0.8861977458901578,71.530808692399,29.336419611027765,-66.80129960823407,32.44937470615125,35.99144288900024,45.0345528933953,86.70602015083836,41.634330173936576,-21.565730855567693,-14.477488601234796,54.88195785360239,69.8604180943432,-6.012773231145573,88.92204319875395,-31.901847044476355,-58.99762849253523,65.47660303746187,-42.7767957751153,-75.24558056674518,-81.60768946016768,-83.85256431999728,-1
-54.24036690167551,0.6834541709713733,39.204123610758444,-53.2575836179134,-44.61910252443821,41.395297491143225,17.890797896939432,85.42475637288987,78.07686417105322,91.25837630267227,53.319188942410335,-10.19244792600766,-60.803963059647614,87.31404361416784,76.29716391778209,-32.709929636497975,48.46204910674487,28.050182990455255,-55.47015295464293,-58.92636306200294,-36.07637489838575,49.66376022449816,-41.54196545814936,-93.32135902682852,-14.689429151672059,73.24672457178448,93.906508307004,-54.316308633612834,63.39667616181387,2.793302504529123,16.60129660091026,36.19558584235273,-90.7102365428477,-59.76317156666966,46.10640420107245,-15.663670629421134,-16.44786567509155,86.17461858290406,96.31034758344413,37.88234168610256,30.413163937055543,65.93714231127353,-67.63426774634189,-37.41634586895613,30.62715455631502,17.664998892489265,44.33711986153958,43.44109597888769,-99.65899369954698,3.917855666851395,83.09572057394294,55.88467282951456,21.00114395670846,-40.475799589805185,50.97510935542496,-44.72383577874628,-53.54246239833176,14.77384338144114,-14.912941457898299,28.39031418086094,-3.4785838815322165,-14.985067047396058,13.031314515561604,-18.658505805641795,-31.10099662737551,6.497116583768303,-91.03172500048535,-53.60739177263969,-62.64987734901881,85.24553143946099,70.18471508085713,0.3781545510277198,-65.9123967714406,16.073755068957297,82.91643345919769,-32.93887298331866,-81.62992007114562,-4.998199485540724,-10.99178498849362,91.70121392382731,80.58064733055744,-60.735043174555244,-63.75866365461289,8.254609344463645,-60.53349729171919,3.365044004803906,15.67203724564483,11.309692411135927,82.92097187785768,73.0057367859315,-36.67433478611335,-45.71959481787642,-54.78436495419403,-3.9362245599638044,21.857741744456632,13.719727221292715,-90.71318787706673,-89.85987765819613,65.8908806801121,51.83428042800878,1
-11.693899725324599,-46.264528123010784,-99.01200381311807,17.6404533896781,-76.77220795989487,61.338703938947845,12.679070142528019,20.705761300224196,-52.61520122065531,-6.992733155818016,96.66815368284531,55.364273448056224,89.51302526480859,-19.39224841857356,-79.87600455548198,70.66929952174476,-76.6242478818122,18.72210888928288,-42.91894193943169,-10.996263254928948,-35.27810611318584,66.89474869252567,-79.9577301898951,-99.17456906507923,-8.246342008681424,-11.892670375324357,-30.700987364634997,-92.21325854212577,41.382203019798055,87.15996630585826,22.286847347894806,-69.08556970504648,-46.11230185038166,-66.60442355419791,-70.47130147256823,-66.68674998311879,19.70068281033599,47.896717124265535,-98.37623859260103,90.56401235671632,2.9877359174619755,-18.970712328382078,-40.132708562126936,-90.22235409896295,21.879152686448137,-66.1470498569162,-89.70665896480618,-49.26476968097398,-62.101006232029455,-38.18090226005815,-92.0147497777699,-25.37029260940797,-24.15022187178353,-22.923649345026533,32.22702938366996,-16.66014359131222,-34.64009904010523,-0.15219861166488613,-89.89662208803153,-45.02662032232754,92.59949749178125,99.54861228875535,61.02947462088321,54.62029904038752,61.553702607428704,77.04914860211247,25.090123711790028,84.6367341107682,-52.811295319733674,-52.64835308003399,-23.63288702084749,-95.10726777618548,36.2775141226287,94.13384523929241,0.05945592924115317,-17.0189858266603,88.05666941644768,27.947599475674892,-90.65500555124754,32.48197047055521,-76.18873508936252,11.084750684421437,78.83203656453173,-84.23754005960447,32.067863350318135,65.12390925178477,72.75702730903956,33.55108813787123,20.418394509124553,-31.448437268541227,-78.6260144584422,-75.80052348449868,48.46787838267721,59.2840036518717,-75.85554194737205,77.02409906590157,-96.07517924770575,-44.86741351648467,-36.8442605515874,-0.5581824920717509,-1
-97.09106686642362,-16.446643566533254,-45.03879289037278,-8.15202448060839,-85.4196329264193,24.72975565805322,-16.278545016334007,-49.394731815949356,-90.15581709184768,-34.4232011963483,-44.173905845146066,14.554501947421812,15.387224668967932,55.703176012332705,44.12325813274299,-66.04830035857283,76.37096016413656,-21.452977155154485,6.805546076943543,-54.00771691979316,-53.79277241058811,62.62100942216878,-13.595040073251681,29.361132069819377,80.43882367653515,94.78711482088548,11.223108297442622,-5.26177354185991,65.53422711383882,-52.05116541234831,-57.2574050294842,-43.69299197862113,1.9445411132962107,-93.41628264720924,-82.3088518628927,99.58186435805726,-25.253296633706526,-10.411597743522776,-62.84818875875797,54.60637974114343,58.79354520872718,-24.041947704408955,-77.02878613296468,37.238300096920426,42.561118478338074,26.083205683823692,82.78331577920662,46.44090892386993,40.13986422041117,-46.12704449029022,-36.13662991665285,89.97899600372483,74.54356825913857,9.550091830123833,69.4430813261636,-54.74753614645365,30.43969243841127,-60.393414907554344,91.37375196957777,-87.88061706533827,61.41859173920108,16.834836836344834,60.349573750746686,-65.75416126602272,47.05933576055773,-14.488211280552463,13.171451021921726,-78.09497101966541,47.69949583036106,-1.799605957447639,95.25534319432543,-76.95542073680544,5.96996183334781,45.16210617222427,15.864931511442677,-84.27813529473774,43.762944545257255,17.813067659500263,-28.650960295537303,49.81672826719324,70.62184367848516,-92.46164060393096,26.444224868462385,-51.45993602613965,-40.76178722951662,-80.67698629206762,97.34663694681751,48.521593800957106,34.300250906117725,-79.02369134364358,-78.19840275985803,34.24171230676066,-78.023367117779,32.82414355346745,55.59404186492111,-14.313941520291124,-92.8471292799264,-3.7707697170654058,43.2554960467416,-82.7296677358879,1
-81.94204598911834,-79.64350547591926,-67.84802079033835,98.43160296466255,-5.742566520367092,21.55042445054451,-88.7647845305122,10.231992383274417,21.427056176715382,65.91254313660997,-70.40833317811882,23.657004202743963,-49.067246822007625,78.70199427866359,42.22436340305717,-28.497334314552617,-24.737636609000475,10.833944322200011,92.00237616382509,-38.91115469030366,83.0953762436663,17.788729701469748,-34.18082393704809,56.3491717630549,-31.23550174824952,-10.830073160256461,-36.24032764988976,-5.75266254167046,-0.727125506738588,-72.57936238513427,-40.28224874234147,38.97741716145603,-15.754053262900797,-54.11626469685733,79.6545328985107,30.03562519220239,36.43663323055563,-75.45213609113821,60.42328943258002,20.219412274501863,-26.63798104890624,93.33073426554847,24.49037489806905,-88.22073491445697,-59.619569320012154,69.9822870184276,58.18352005562582,24.057401897702007,8.694984076872657,-11.173429848394647,43.795749435379946,95.17723760397305,-34.18774300709005,-16.20942094682789,62.74771212576732,-52.55355403128392,66.77625205207539,0.7550867678141486,-43.85381257343197,-43.144490461868834,14.669124295120682,36.14242412267606,66.3987615757975,74.29752334244313,90.51913438931231,18.584617561542018,12.781187882976724,-12.414279309217818,-77.66496347013396,-69.99922785450552,24.929811803651432,-84.25398031158551,-68.02059386164869,-45.83419441026466,-96.50444232387905,98.27629497011796,17.100551532897327,-85.78221035115658,-85.98870145004133,-50.42273720318751,68.51311550038074,-23.030776365117106,13.289469882374732,-30.284296879146183,-84.0596765927572,-42.146398393863024,42.679769353169604,14.467922094781187,-70.02302623912598,80.7399565376962,29.40768100341552,-50.090888411496806,15.517780014619476,36.33149058523429,-71.9764658674913,56.01040978717501,-98.90171982608955,-55.5546795280794,38.27998437989919,53.39869323062376,1
-79.37522623281347,-58.42274897079454,-66.59161841981003,10.845302826403326,-31.879166683741673,-74.42663975551649,-86.54881720652642,-13.739658731797078,-75.34324414021063,-98.79059136320431,-51.200939529505554,26.308875735232064,36.84181503769733,-54.05674326335366,-86.8798470109941,15.404080338111669,-0.19276541918374335,-26.983265343119854,37.3854833548605,-95.37786630644156,-65.64217810444663,2.8766493022040436,-70.54523830033466,-86.99080845257188,48.74736299048911,77.25914895027995,97.61358839222999,-49.02360871776328,-92.36927881292456,-72.55655367798681,24.56584739223591,-34.98969527808249,16.38744279880666,-42.89141242609331,40.79718437293266,-88.59868107006153,59.58935417848451,-28.75462250212489,44.815284358080646,-56.571168432016236,47.35126906628463,66.09540573732485,6.230746179850527,9.47624669388702,-69.63131087094487,-77.34618336821552,-9.505989917131515,38.21803729903306,61.13983706705639,59.64686277476275,2.681755555134586,-35.49410910448816,-5.40250779870523,49.46491369034453,81.56092228947892,-9.031655825356836,-12.339223919581869,-99.37782447535145,-86.97906149901735,15.681389954172971,85.97329679299389,66.76456560900672,-1.363136601142486,39.833184579147,-4.14297906003344,-29.577376770909055,-24.581632434983476,-91.34702386969009,-94.28406190989529,95.31500637743247,-91.51298184085867,2.839738519054549,-8.016145887357638,77.8506485869743,-31.562256751244604,85.80858289711765,-94.14690777285057,34.66863342945595,22.860205035844274,94.38759851409358,77.44219860833937,-66.66606804871037,70.9367143870017,67.59031465314888,24.543758531739428,14.33296043643604,-6.689231386903799,-55.29656865352139,-64.69420466967753,-54.06089743895439,-95.8951635709823,-35.01450013988456,0.450211482277723,-57.89576649537316,9.702053686764515,78.93740724723637,-18.086199725256265,-69.44883040779581,10.967226925040151,77.1286631095713,1
26.680751302084687,74.71572482135545,18.58798696834063,-33.39961738836041,30.858510464992378,-36.745970054138645,-60.14593270663984,-26.52185426058591,20.182401131817215,-50.292035814514804,-42.95883946391719,-15.739823673327066,-46.05150682524659,-79.63054697152344,3.423586171383903,-50.94413900512653,-18.352496130740263,-53.38936240302827,-34.82197132127145,96.53764791826512,-81.15138671909487,-22.090167103695507,13.90237386888424,-94.99917742988157,99.12174230288522,81.87206534499362,16.358252955542028,-2.1455548204783526,-43.50023263053191,7.187198625814247,-56.66315120219947,74.32735410401102,65.08288751476215,14.513090779537777,30.193714381493976,43.03439052191612,-50.420605449824876,54.844438231202645,-28.01841450126534,49.16020975320214,13.385990435936918,-20.370143213133957,-98.71011140705983,58.60254497587306,85.43694901204182,1.005417700458807,90.31217050780316,-7.5680572750736985,-40.37688932117931,27.954344202792896,-89.45958108251662,-40.52044536845529,-85.06541396038749,-84.23440057795978,86.52409335117568,-39.64340565203006,12.998059616426332,-52.74791862507262,-41.38389108171248,-30.661924594149653,11.007406111398765,96.2439877447714,-84.02919546731096,-55.16958676428245,83.84830818492262,56.72802225180595,-38.9834295911814,97.33218098221519,21.404285674132822,71.38623657675475,-66.18728635939996,85.33908326159923,-85.90858903482457,31.715842072181374,-53.760669133743534,-5.375443419548716,81.51095586984854,83.2239166867466,16.307311853992772,49.39383372458616,-65.41332600833385,-15.908933495055095,-34.46542072533873,-30.78225522809737,51.987829802472106,90.4896916486685,64.83280797423313,-12.203167220630974,-79.2989537162619,-92.38010059484219,84.25894026528181,42.531497480282184,-45.98606319712304,21.161174851923732,63.76579822066083,-32.4344741664583,-16.907087583509522,59.4055971124786,73.45464394183853,79.85704196431095,-1
87.23095483215619,24.0145511857027,-59.895054659932654,91.91532886420669,3.4892703510082583,-6.002346368412674,38.41472940487378,-63.073508530526155,99.54987780204013,-98.01786090176927,-86.24921871550251,26.127058996616086,23.916518565417363,67.37268444531844,-89.89850583354357,-47.592999098625086,-49.637059598173664,-53.901032529695826,-51.560821597371564,-51.45700264028336,17.57713838595633,-63.46967625124555,-95.0248235970789,62.041169900667114,-37.09078047932848,-25.336918726811803,-81.03391223117973,-34.37930483163565,-40.42999774277944,3.330880145720542,56.59767145314717,33.00962247651199,47.31144059396891,-14.550560753659127,-95.38944331095797,44.97410114281334,-71.05341333238556,-55.26495758901222,71.52349995365572,-57.59132756140808,-85.94247719401626,15.36395751825043,-28.02439753323314,67.9044111444424,56.98243089014582,50.21075824270676,-49.611957518177306,-38.204707842636566,30.902893348423447,-59.86999690446475,34.580472033079644,76.63928936054529,95.33011113169354,26.273705820127375,-63.90865664366383,-33.809418969844415,2.1834526637238554,-51.14902206189862,-94.45155464547229,98.34325838177602,14.789235944350736,53.733620078327476,72.24979262014466,41.17996222126524,47.74219148006162,84.81293540661326,97.70890384729961,98.01109155496698,-20.528491042884212,54.40241308273826,26.775893637664154,55.51757867462726,-55.645228468893414,-71.43322486491451,-86.47959374417908,-7.027440335368624,69.89401203047245,38.13882079169326,-53.10168920070018,68.20591442036684,-62.54059045773879,97.57789339674531,64.25607742455807,10.177312244546584,32.49985225252624,77.06700208980953,-57.59915816904808,99.69473690700576,68.43546589865335,-87.286804095061,-6.178488499035268,-33.13484334620385,-77.39676318854806,77.68542400134055,9.947270359251561,-19.966175307887553,58.79858980872251,-12.836776201300594,87.38374023076082,35.335455973434506,1
92.48945898842226,-95.98576044445473,64.93619318502982,7.991426056111919,63.81270277233122,-40.38955827211137,-25.777412313974438,-52.37066926686074,-31.453814914418558,89.14994044518602,15.133050599483937,14.554055337389158,-6.725081099090289,51.27121094872686,89.15529944926942,-9.99515209443949,-75.94580737427863,65.43162968552468,-19.017837146031198,-3.2813903791341943,-93.62864749434799,14.373937874346424,53.40250599615388,97.23606232173901,20.273525398013277,-19.194009934308013,90.60931723196899,2.547294057045036,-30.11497746124239,6.446969535339591,42.13344918856703,-7.898168018364245,-9.62826697315191,29.684786354315747,39.96573821648417,-44.254598654575176,-31.68975362897899,70.12010966031136,94.15962985453439,-51.14194109256709,60.939157007966514,-33.16323152490608,56.65283975795518,94.03079251834436,1.7703290499762971,-9.022710185433723,-47.8645746331027,-71.66101654795365,18.722940876112148,-90.14785305785358,-75.9422813148577,-83.0472679550873,-14.359677448325428,-0.16404869830681434,11.138238895727753,-25.409815871839598,-95.42374519606322,24.954783406633723,74.95426651231926,-62.96331237977127,73.1892573597784,97.32257133686176,-81.0383457327428,79.4255671160808,39.031502097960754,-8.10627596769082,47.155038403505756,-65.88026611450799,-66.66903459928808,93.97446780485373,-98.60393510877459,41.01607837906474,-57.89188231925109,63.245393056171935,-70.89961106359135,-53.73998538440061,31.534965025729093,-52.586105977928476,9.587303232346557,46.81178019382722,20.311352488921614,-80.61497957265658,-52.063463716992864,-38.78369804953352,99.82199626190686,-29.558717596143993,-33.68449407192658,-40.20590246566349,93.19474722550234,-5.7958643137379795,-59.99438640049064,36.80222876892816,-83.06192839817868,23.006955093733296,-85.36780089479134,52.57564223200771,-4.015238823558761,-35.704050073906274,-30.237823275131277,33.45463331474511,-1
4.619568834029764,19.368569783377836,-12.883337037413398,68.38671335836173,58.84213250988108,94.05142194521142,-19.622560021853985,-14.775752409553846,15.118685728016402,-92.14698967026796,-39.181072805743234,15.158494224461933,-74.62543438738135,-92.23741043763958,-10.65209493772143,41.83614075888093,91.24423472872553,-33.43632778166561,-78.80881773119046,26.850530690307465,-28.912663855093726,13.86704035521879,65.77942239517554,-44.99194821185333,-82.33745575628444,45.57117361002935,72.95804439997909,-59.95581284226679,-57.42984580801724,48.22140832593615,-63.37292568564603,-68.1664931040371,8.531856427313528,31.232361288975454,-70.91542818091203,59.912063248445776,15.182093483479278,-99.87767296888259,73.33138480578128,-11.583396562130162,-31.221231349526704,-48.21647641372353,-45.40902647190577,-72.95292490103841,-62.55061021225528,52.65557698539541,57.01866129959839,68.88222978853267,-20.179612125836854,-1.7530862336229802,-99.70993668177456,59.17286283544698,46.722480566333445,75.7180848751679,62.12975951121612,90.40718193565755,-85.89558924227852,81.22097787099526,44.03738686383417,25.77351905900926,36.59007996057289,38.38077242003121,92.74670932565854,71.01880735056957,3.358540649198048,5.30106507642931,83.3198777801889,75.500434228167,34.794362345222964,96.6705229404453,-77.13848922312874,62.121322505807825,-39.68112495679335,87.45865601017783,22.950718234907797,-6.582451334134618,14.320659047213042,99.72001278993204,90.33967469443598,-92.04416052045632,31.018539024862093,71.0478115045938,-82.65545439854046,-17.57271419418602,-21.143382723083064,48.95733510370545,-48.58363189624364,14.695341430032684,37.20189896629739,-51.424864394472316,75.84225415234599,11.751097929811749,12.519725567560783,-69.61063789056624,-81.03204332321945,-29.536739394153756,-27.383857757981005,-38.21292008989563,-56.36595109533715,33.32546407184353,1
80.83173889874968,-29.07556847184469,24.771864935314596,-67.05872931354082,60.69654865937693,-49.821390861779506,55.40985713035121,34.76777965400092,-72.37494137195056,84.10717702051093,67.27571548207987,-78.63580140720188,-22.707487134412958,-69.03146367595451,64.12831207089576,-10.175317213949839,-10.367825326199593,-93.90069042944911,-0.7648147797769411,0.7153792677182906,85.70441500848594,1.8577981359852345,-79.95434867142315,72.68862670206667,16.301661924814454,82.93914870424294,90.65097114416685,59.74091476852777,54.2627266450028,-71.85843383488515,-69.1687900749317,-81.42005710117613,99.30441438493446,49.52892251935461,56.79215741220358,29.946569751478137,30.45130355470883,-17.893414708824636,-83.45049922202571,-16.854420144093922,-27.609185670354222,-36.83370096938858,-5.115361142240275,84.13501924792607,-83.33013461582959,76.18175299822013,35.976993020986754,88.54905070012657,96.64371295924221,71.16792509898391,-26.44448137691684,23.410838924358515,0.1960326865805655,44.607258971856226,-15.979393718850716,17.788356815391353,23.282564018632996,12.50605951127639,-75.54074672809388,26.672958452160003,18.304353579071147,-23.576701162550236,90.85435521848945,-30.126109928194822,-85.5974683081395,-43.68505562354319,77.02598158586554,-94.21800267160869,91.86082488904503,22.090909406845327,29.76786480048935,20.241593120951535,84.14833785577332,-96.76669809728058,39.69347328232527,-42.115691327082104,-83.94708189495049,-48.499365059127044,86.3440793216736,-14.553053490225864,18.98093738003719,-28.37910815522659,84.18102319299524,10.131809274656561,-37.92183491152077,50.98202935990105,88.97803858754003,84.82336075722162,64.3198048673755,-71.69384022966716,71.3785198817138,22.775403999205963,-95.8729150166401,-88.20071229257951,-0.07772621075075392,-28.10107015545948,-26.698174458602878,43.812658557864324,80.23166480509195,-20.32259175176965,-1
62.75900394138972,46.44497728191223,-31.750434474768724,-50.09076003009878,91.20942872238663,24.974819921399785,-93.99479893412143,-69.22001906124527,-98.7071284420579,-31.999122788021566,-1.5996541135834548,22.62324781384831,-98.0061530530963,53.35367126766715,-74.04340685547774,84.51448098116,94.4459418432715,-12.79034040548244,85.80417714336022,21.45333402029759,-36.39805903714037,-37.04287525660841,-31.816718161581917,54.73586929585014,30.98106042356622,-26.264515230171057,-88.80394302766273,-2.611857352150352,4.822308245391028,-83.33948337764072,87.72006315894549,-94.14125899892586,-14.563767518325648,-10.132788112913175,-84.65209725094876,43.34495653629011,-18.905705422604257,-84.1016503294625,-22.91937629639608,32.656127371563656,-2.803643087179438,-85.29834463946494,-99.50090927983418,58.78088002653817,76.48424169739005,3.201058434758224,55.21885724366487,83.70203013770998,72.88112486837278,93.22326449855098,-45.162166410150476,-26.369953504924965,0.453387770439889,-38.850961139719864,-34.25808012250971,39.83978055144661,83.555250474583,-62.431742293091006,49.19426761608733,-56.20430980315236,91.48309730364033,14.631502343503684,-90.71377906553218,59.86418960186592,-87.2657333868423,-54.34238674576688,-5.532727820853452,63.40617244488149,15.995342462894001,-82.06627864717674,-46.07407440743896,-36.58499372472872,-86.71765701031968,49.0691392815705,7.9744483705406,-56.209419797567904,-4.34106890341792,-81.04389843091766,15.682230210956206,-63.86577436381564,-10.360816446513226,55.38203047686662,18.281699500291907,-47.44804445699098,74.23908040449712,78.09437211793647,-38.34016154458391,73.48112391848537,89.65694645074902,68.15230756540913,41.007743508898784,-98.08980090674496,-75.72195059215161,-91.88478013622438,24.130678249246245,23.171435179806892,59.567573856274834,64.43043768861895,56.16306176295723,47.32835732201852,-1
-18.20941111714602,18.25508714898585,5.280532187222647,-40.91104450451595,-45.0536948960961,-0.22086709281161632,-3.202126364050571,-28.158250603461937,44.41321284075707,81.84042724129742,-44.261136814294844,-75.92437009889323,44.70691466621773,-52.886813081099746,-92.1416109698615,-49.301249348561925,73.38820856610246,17.236470817668277,61.00353864692556,19.206032189960226,-4.424584575453878,77.94706695661134,20.420366025469946,13.940926407081975,-16.06905102819897,58.45014003280363,-60.470443776076934,-48.20030909438007,-74.69461719018486,-10.655688802025281,-95.67213501096725,42.59176311190521,-14.059838591368035,-33.5849515637328,-0.2751073467432974,-5.681065544641257,-88.86677078876018,-47.64199977945851,-98.8733443237235,55.099150327215625,56.33624159192394,-4.194608204853239,-53.57220952693345,-80.592844298015,44.4556198072699,-5.7865044509718615,36.64710902763355,-31.430978623566276,29.237436802976305,19.76847511449374,-74.6114936822114,41.93646461146224,17.710817744148798,31.365762427270056,83.94928671342126,-42.421845180957504,35.35519035827281,-44.01530280015598,-26.018753600713396,-63.126623165691534,-48.60168724843816,44.12540130520526,28.02541721077597,25.149269238948023,-73.21512975968079,-72.60926216202805,-37.434176644598715,-86.3104612598405,-64.99853414047763,65.80437833308383,46.59175607703929,-46.73296512199035,-31.085438059508803,-20.164659560460024,49.48229366542529,39.424109490424,-15.253160563635944,31.505065567105675,-97.38615298708204,82.03947615931045,21.007224131039678,-81.32120009011095,93.78818569279886,91.61381106762096,-65.46502710345402,81.32330200199155,67.51081500859974,5.7823465930895,-64.18215165246133,-77.66006690752681,54.894252508498596,-25.002937412723327,60.6615994525755,10.3351067253667,28.619364204271704,-33.437679163701645,66.94194189653484,-73.16967708855837,24.239257157378972,-62.006961061944274,1
-43.62904504532001,-55.60556761341011,18.590170286985483,13.004398571803222,59.6760681036705,-62.77282044933041,39.78976569747712,-53.7238727246304,1.1393487562747993,64.79953037599566,-52.342065889381686,-2.419960944139632,77.96727881766213,-46.88248033852802,-82.15556638855227,-91.04632226230262,-15.312239020041503,-57.13998553542427,-40.40404106754609,10.961351654789596,55.37206537965628,86.43234384272645,-60.129974211062745,71.2598653432234,80.17357888031583,-58.94849405274598,52.811117970487686,90.20658494972122,-92.87404092197214,-93.16091001576223,-59.89809528982251,-55.32571243452622,89.78802625685199,-49.15499398349819,-51.56557539054458,-16.15261170052797,29.76517530012282,-83.17966577367879,46.8230602128838,-87.40471197066786,64.33425287360319,-49.97320857015115,84.6578536472573,-70.23957857430872,79.79821121041877,98.69598686672543,-82.766661319717,23.818888438720393,38.93442169581064,-98.78587543723754,-62.789993438260105,21.832242607908043,-85.2031899816562,26.275061520830903,-24.413178730989387,11.17493836534291,96.21096768206198,4.771932481657231,72.14210465939769,-98.32090158317166,-74.54091719924791,53.277150016511456,38.651403167900355,-95.99534626622388,-54.703270103220625,-39.20441817010545,-67.65229405349092,18.704023708961984,-37.24616168243724,-56.00599917826907,-23.21400232230468,85.34317300808146,30.609748352044846,86.21443441053225,-10.797650313175524,64.53565363797838,-6.220491097560796,86.08208052590541,-37.7743634551154,86.79152962535287,-29.330428158934893,-90.52505448371993,-91.76472044923887,12.342477259553306,-92.01505859136789,-99.03146424734399,-74.71534885807034,70.99845519886802,-52.017139355603526,-91.83960757369604,-36.387985902822905,-83.88145463051455,-37.83589700880074,-20.607589703612803,72.31353653183842,29.221776894331924,-67.44460306386483,17.64436491882357,21.316075707332402,-43.88855166763268,-1
53.79748303610211,-84.60935967415817,-17.29017969492969,21.705454539293314,47.57390371230602,-44.429444782057544,-53.49880155843376,-68.75969841388014,11.026757350637695,-66.74893393005988,-67.3291100513687,27.84036587799197,-84.91756480144235,-10.854035819426173,68.08855010920402,58.87684501857126,8.267076540253441,-9.145855127914942,-16.3233324573457,31.848907410174377,19.37137215689819,59.754365822925706,-21.408238672663543,75.36955483082238,-70.11361957159619,-91.52761360944359,-7.867251057859235,14.873944847802804,54.81234138922321,21.81633100420271,-47.297709870219016,50.06248767594394,-18.131407234211068,-3.2985850844669358,86.1407986384948,61.91585218299696,42.524215869664374,-34.44278616764865,-89.97859401200631,-85.3243220512448,-15.264718076430484,-46.29839160641631,-77.87884961186711,88.5180428553823,22.2672693905906,-84.96388299719482,-78.19705109309879,-90.05634150240618,-95.17184457553327,59.12178496389464,16.49501351082128,-7.342510186713042,-0.20210668068540372,-78.7132562600597,76.63137773241084,39.4976113195915,-88.46135570222758,7.899709601742643,-13.48775183071784,97.17910418435116,92.55573753703328,-15.164201758600342,79.42708577458188,60.56026879358339,43.30772744181351,87.08408888470487,-43.620657543190134,-43.09540791225863,-81.56052635243181,61.29051353908034,-53.56615706267818,-53.02111877436213,1.2292504760178673,53.71922950626919,-54.86250972389426,15.106303240727968,89.7600501592602,-11.984653737045448,-17.49930721997417,15.643136274607556,21.399938529158675,17.97166382861306,-35.09641318193151,41.0406704003789,38.578620789425145,9.171086875327589,-39.798591935432334,-82.71485988068187,25.539049429357235,-66.95068660032496,62.8964098698703,93.22152463135322,-62.752477418444116,-2.117467161604054,-84.34180977234304,81.3928458699921,96.90295547069692,9.216687377169947,-98.61261496106735,74.05567865935913,1
62.580201826015525,-92.59847305690147,-37.73846016879927,-60.38047344805197,35.36425977147911,-60.201572208112644,-44.32630366746868,34.25416504582651,-46.240476993960364,-39.44497434560657,9.085590042342616,24.62757074956508,10.924098242228993,33.34177107929136,-83.0702492830742,-29.304504974324246,81.9110856874405,-30.353872058526264,-84.34510385402483,-98.9321716060623,49.67927124194861,-45.41656793512574,94.28036972172924,0.4797055687071321,-61.62249005638094,-39.01307246046783,83.05037680615169,-16.201262937953786,4.738866448937642,29.088366636699305,-82.50407884981439,-8.035513818164205,50.03096475898434,3.2633123322340083,28.63229023266834,1.5554572139129306,-91.13354983954372,86.3063602819158,58.09847124966612,57.089006170447874,-50.78517154463431,-38.194637475913716,-21.10451180357626,-88.93986273433032,-64.36627679543234,-55.340490179586645,-99.58369753001594,91.46496970544084,-7.580635161446111,7.5129633165427805,-57.29772637579498,22.42188188126741,-91.35942712956519,70.74572759287662,-57.46471410102474,99.78674742090783,51.22980238770077,45.34193718612357,33.20468836175178,26.328037985002652,54.27241661092515,-37.68474654839973,-30.88824942451103,-17.094731467897546,28.13415364713262,-72.83843699019145,98.21588849885686,-72.1289483478619,83.20138453921714,64.9803215454267,81.88524707082445,98.70902954484845,3.650982420906402,-66.2787749752845,-77.39493958928756,40.438448992808304,63.951368262539745,-56.67766836378885,70.43185678298272,-9.855239321839179,-19.671718206958502,39.345658887113984,-64.57124925892418,84.8228966804601,-78.27040138754799,-22.702555789720932,57.32533292871986,65.0594822038752,33.11270991591638,79.75468617034835,-77.16881920226335,23.424831450935173,-41.577317498678255,-70.1296159704464,84.84786008674575,-66.1676309480517,-70.37040422266725,84.77144520224863,55.861861090389056,29.77345861332836,-1
64.37201185807123,82.8597613120998,40.93615254732933,65.00988203601241,-31.922579149098866,16.75455610282232,19.37037537755188,-67.95487980469875,56.48516244255757,13.791096656370144,68.32440150855481,-57.583752504524455,-77.05160833236162,53.26081422378002,-54.49322461270734,17.052175101969297,-95.57310979410059,78.70691669968738,-54.03479164149279,35.42549771478039,0.14698122883967812,-60.379161151782526,86.08469863575556,-16.78595288934399,-33.66194966532288,-88.67700537305532,55.70916428453779,52.67625195671252,-11.579250758444218,67.7762161010242,-93.00023174720286,-65.47187184394176,40.81993687949,-48.20356451360666,21.235461156353523,-6.761792734212307,21.34953806510613,80.81634170826163,-94.56773970926933,62.42090777281797,66.78167478490386,-69.02800049568364,60.995720946908705,-82.14282021641284,99.22303403858245,59.489784015262046,-34.83642417886337,-18.087727941311243,18.02171041871236,74.23928744368146,-48.812208464674754,24.177653836349535,4.310890480597962,62.79613463455976,54.85825807623203,-85.40842205708728,-7.964917269813029,-15.30099223442636,-77.35628449961465,77.02205782162295,56.04125161459092,79.82542020132234,-40.788617713695665,72.15398094561573,94.50937608795721,66.00580044125132,98.56635897647968,83.5435721039731,30.739824269191814,73.0438347044124,18.796856762500553,-44.71424300264337,-92.34178150241014,-23.569430560490872,-8.392889134043727,-36.03219803804733,0.45962227150144486,-51.779402218673034,3.3926204967075932,-69.76857381724662,-70.61042322032236,-65.47997626978135,-25.264465965523584,-91.71589138225995,-89.68980420150845,-43.276678297447276,80.63840420805889,-51.84781589328904,12.847537671797852,-45.62137502240087,75.7756557291087,47.90109080509197,72.7804897556995,-31.109062311764177,-48.1639902784506,71.88304534088331,65.66833394210218,-48.337399864681466,87.21095408310276,19.243903199676865,-1
71.09211680220145,82.96918021362,-60.091509814170976,-74.38085072676,-8.752698208891601,98.65100308459282,81.64569774006458,86.5109756838624,19.89222793174332,-24.527364640669845,-33.024341972603,77.31908830047968,-66.35268417830162,-26.67245998070871,-90.04379969539124,21.13984809197514,88.19315756855877,0.6136645264056284,26.535406968271985,78.00378022975295,-49.98864829796936,14.990698645928276,-37.46873712895611,17.73779486720322,-62.33062534210998,83.77041025178193,71.27481964296047,92.59518847289715,15.69465020037714,-16.45276109768747,-93.37330756135782,80.31712524197258,-31.065371797490442,18.494929512722976,-98.53790226901185,-89.26956719806185,53.61798104382805,-91.96643720988375,1.9755309520813142,2.1772016449328078,51.627692301857536,-33.1013331976898,37.21519285243397,38.62221190941145,79.87183993523485,-91.42264803211782,-17.51410199744828,-38.07542141476874,-52.64554771921932,31.547415797494466,56.10773852790004,51.710149494348485,70.27544105721157,-67.63717190043855,44.880600063578186,-95.1775280904348,1.2752649170601131,-41.67562212651106,-61.85671919175215,-56.50465203791666,-84.06001533714887,62.09750501406825,-55.469371449308035,-3.589019599004885,70.09967971188127,-30.31746763415437,-4.767977704612008,-92.59237840112517,-65.95843223236622,-10.815809652924585,3.2332732366518115,82.61397250115877,2.493682717695563,92.64089643955003,-76.64299173197269,-36.327917371103965,90.59140977997524,-3.312988471955805,25.81452657235414,90.21677625302073,-12.9266134024286,-15.765748999278273,74.11979854700704,70.72349936791542,81.52242367868311,2.8806729904578248,14.417867882478475,83.09652133613449,-70.07510394860066,-93.50679615325951,-95.05721249371386,-98.68088531608336,83.50967689775274,-84.8819078421326,76.92226098448364,45.69971532815427,-72.62400205070914,-37.27563409193508,10.464346663336784,-61.23241409962692,-1
-35.4087054117508,85.11370258135526,60.345616613958356,-62.96088642650641,23.413303223560263,-67.66571275260762,-86.2572644552078,-30.49624093724907,26.01862537233268,91.0896382876135,-22.158276275312232,96.27666684825601,-26.531896944544002,-14.736341201859744,-40.48585671183691,70.91373280652817,-32.450400653030556,53.57218462517105,46.35521900753449,25.042306771503007,-52.86257713385811,-25.519866792928767,-71.54275627781283,-89.65090406617978,91.73813078235108,-35.26744379283994,85.45312652628184,-45.70786739580181,-62.95533383381242,65.61099459385457,86.2449518357796,64.21571548937001,-70.13030993610532,90.06709333367812,59.1665317900883,41.39939272608365,45.470703415191906,-48.73165433054842,-67.88262585537484,-96.37811254240889,-56.91785894757195,29.519023522603078,-75.05524598954841,-37.19992487757467,-92.93954909718607,-41.8675757303473,-69.35353595307777,-70.85867765049821,6.394203412878426,-48.17597914571543,74.12471268226264,-70.47191442948821,97.69525455893552,-4.112782188093476,81.97019497281707,-66.14809515919085,-94.61916923007323,78.46140946842414,27.072353485676317,-79.06397919244334,99.76326905104835,-97.58325089711424,-12.314677580301776,79.3296326910089,96.37250997472728,59.178086646626866,2.567983621405844,-15.312273669456005,35.10672860969419,0.7850707649665196,33.07625236419827,13.121461485871393,-55.21357111145255,28.08255454342924,-25.144268548629185,-17.28998689092404,12.935788292019424,76.57266611888906,-57.62068822120552,-80.76765927381561,2.7426063853887257,-94.29576055915715,-8.075179262195164,-34.0971560283065,-13.77747563939296,3.2905826775354967,-83.12888123588607,-80.96814151719599,-91.9986372852394,-57.16793121336576,63.49813022926557,-68.46533758409974,10.65146784865685,7.313011255779173,-4.702976311500649,17.07427355392666,-17.32705051426653,-96.93911482428332,22.81415250125343,73.60137725502102,1
-94.9298513169085,-75.06746375934662,9.518475230747242,-46.9907143349992,-1.290683931976261,33.320095809323846,41.753131045830855,-54.69567479277886,-75.13083171382593,-97.35423741894121,85.38151242917283,64.16980185262574,34.145465088520154,-97.43567009787884,-39.34379478691095,-79.3210126739917,-94.1658662851851,69.14897566515265,41.664809815594054,-49.629327530858205,90.68716495156704,-76.40420011259485,-7.0258139691312635,-61.21443594386391,-29.756073866486062,-40.44258535414023,-62.688417560876864,-37.4989086029595,30.75793016734457,0.2480954850706496,-67.54383513719526,21.659522748379374,-92.76304049341498,81.17211275850542,55.430581645894705,-87.12141070675273,-6.393061415454596,-49.55215618460955,-56.00458386919609,79.43243896552298,-44.212938272462466,-99.4498008892158,97.87292851037256,-33.45768361352522,-75.45181070820344,-81.09424719990088,-80.02652941560203,1.3525714568219769,-12.582826808114802,-25.503193499178266,41.16537905642201,-32.733055929065486,96.89629662766265,59.580551778825225,-73.5492815687895,72.44947384496794,17.673751648835008,-95.36279764139468,12.925226242683223,72.06649376587148,-86.07843325536814,-70.700213376438,-6.063229326480155,-79.57578013435287,71.60572137800699,22.250177628185554,44.965905102652926,8.127798902616234,-94.55832323807401,-41.02344546780054,-33.007860538957175,9.11499643296547,35.35878200461124,51.34576274234897,-37.09057404130534,91.5744669683339,73.67256418892418,30.377966097048642,-63.28178593911158,48.74804682731116,8.301477268088647,-35.42528996459073,-24.596362056717297,-32.10619555605906,34.05499119854048,-59.45545509774411,-79.36172008757474,-31.452974856521607,-2.6416318566647874,-61.86122026910945,-82.34056606666094,7.838201466160882,-48.35707790914148,-95.76318115742866,43.61242586579209,-85.2701475076579,-86.18816420707695,98.21333212440089,-6.9862319856903525,-88.2555751931394,1
86.15146512071294,-59.003140916835804,65.77667317652188,46.61425920593496,-30.824507852428525,75.17661670341141,99.23153469975577,64.8943035209098,68.4330753300762,-83.88383754269728,-25.591286437558523,-50.83628259548507,-44.4217748024488,79.24724982922663,-87.67840294150615,69.75351705626284,40.82087215432736,-71.99103757315419,-98.37836062275736,-79.95172594648173,49.100617070554534,-69.42257687040036,-49.22319780778637,-40.83732744972806,-27.97645690219923,-78.61487951055103,-64.67726148517542,39.30780447757857,5.337871785270238,-86.27980302097087,-14.501225601135957,-20.463772970993134,-3.5049111164334903,32.36585793562071,96.36160454356539,35.941725855819016,20.656463890117678,33.45192919646982,19.110140246497153,48.936145284906104,-12.770580016851028,-51.17197626100018,-69.48629465346603,46.99910005288433,-17.667778966002714,-51.925209193706756,-45.19043836041292,-22.390193810235232,-98.8623552941246,-19.752709207374423,-23.780030081474095,80.08791191965977,-57.34261641021381,-84.43997733558024,-22.579168326225414,-79.13993540253308,-82.6025188637823,9.789902009327903,-8.87017580220406,54.75049424213495,66.23909126475937,75.33052122054929,60.664225404747526,13.094791067994464,-81.05228013949606,-4.798904053507243,68.83570170089249,-40.09444954762343,44.24311811122962,-98.83585797981948,-54.82840743886268,-80.36904865832764,40.10931177964102,26.986708062083437,1.404218677119644,-87.55120670101944,-92.14968176993806,-8.39687635097907,-41.61380766615703,46.15507223662971,72.34416919638431,54.101924429420535,4.870851884072167,-40.81775866987605,61.06871950974238,-63.8638623721832,-18.99207673189882,-76.04958374547786,32.31908824729729,-29.58467867853885,-56.96070389210086,19.91478086795324,29.013661386364873,28.80602823437718,-24.018213255233874,-35.117952995239406,97.51582884341289,20.057737463888884,28.21834100545152,24.74660789656349,-1
-94.2434647373322,-19.613817278151572,-17.79430603865906,-17.646891683098303,-40.08686440922522,-84.60410658700674,-2.433136291197499,-91.9722281829267,35.81332089912749,-44.64917360973828,47.184081274789776,-1.9375021180343452,-89.41281288623635,-50.6069175065875,1.5794832006761794,-53.103198643366014,18.74115659028692,-54.32887716423047,0.950864713108345,55.03815385878116,71.65826711062121,87.42899336302438,64.32931943290001,-12.584383448504994,27.47817007465987,-93.50373559282106,51.79728808869652,64.50720378269435,6.665368550587274,34.14390514140962,79.35027292261293,99.34528021154662,6.750664118757214,86.58900706482882,-69.20780117911477,-14.893671039823346,18.0430471257214,-86.22849247849169,-86.14147010667156,-71.27052698557608,36.716166664941966,10.43722178694722,-35.62762872201877,84.08932477915712,26.047631421232325,13.434620037040304,-53.77362787487942,-87.31013926799243,-15.1007250945665,-37.75239062705307,-35.206613433891974,-30.428535771981984,46.8546267751733,-16.608315207045152,5.42361811368086,64.9709548827478,-0.30443115242704266,-93.99547093106256,42.73860942913578,-89.36534266470248,56.565403991689806,36.050734629215725,-89.43255244140302,17.70797011507446,-15.453966762801869,-71.15286067764073,-30.668840010526992,-70.13280104654672,-25.970013890545943,-83.40488112192443,-98.5912892962385,-15.094747086099176,-10.866453809702591,-0.6593035284289783,-85.88607229659891,-95.87578469461917,-64.30794202928291,8.259586721741769,-23.314889032255934,-75.77429658551576,14.092291695287003,-77.53444783047283,72.04447301179474,-77.70675479756493,-7.3386862799642785,73.97762765680753,-16.682884867143358,-22.20914196586088,-41.41390488855594,-35.99373219519842,64.41308215506984,40.28275484749216,-23.203584417716243,12.026428341606945,32.7393975709837,39.309124413235736,-30.774460816234537,54.27277772887348,-45.99316182000881,-54.178143003608945,-1
71.29796823766446,49.99209407983557,15.735081714478682,63.189387793723455,82.65738951524736,-51.92021742129862,-15.029831426382614,-76.72830296710083,19.712598643552,-23.676700178173007,99.08430258509122,91.94914429239384,3.6411464365041724,86.2980773837852,-91.5599062837403,39.59809429955848,-90.14526928344571,-5.940755461685043,-30.452432888136883,94.57887787753899,37.845947272590394,-25.007090185094142,-99.12520354339813,77.8609447656437,70.98513130221426,-17.844582095141874,-47.83296743920473,16.683087052024817,-8.697648655641956,45.97480252852816,-2.271220580248311,32.42546977084976,51.099813739357444,-96.57558284056762,44.13527181850364,98.43028704600962,77.79045113812802,-88.52230507858185,-81.75152117725581,-51.79405353281486,-29.956973973698098,22.19035388725547,36.28917522396418,-94.16183190110638,83.49304511096076,-93.9717364554944,12.139563492853213,-72.2133541119091,-86.79873283766642,80.29551629400328,77.87761848464638,-2.8680248786840963,12.846312571514318,-40.30739265090464,8.392957485220222,-4.527195123159359,30.806601396314818,-32.950419813754976,51.37595049613597,-21.336637776258954,31.76857999310033,-99.98650047068512,90.98543528567308,93.87405820369324,53.32429565070515,-52.39731762072668,21.940736952325096,96.96293256152364,-8.088318844568093,9.06083447960144,-61.12830611011428,46.316542371767014,-45.80435720825899,99.81651717438965,-3.507110167208083,-43.72458785747153,18.541548660076984,-46.155436920325485,6.083438322223117,-8.351563567346005,-39.39670863778473,-39.70004482979894,51.56098536526497,-89.46183488929069,-14.098615512901077,-45.33609053918428,-37.835574040021605,-95.4568750704436,-64.39829810588029,-6.759459126009105,1.1712053548851742,33.73013548703122,-82.50376224457162,-46.43881023606795,-53.952829338025076,-68.36729031606856,-27.117545748869503,0.055522621009089335,28.786336378637714,7.696949586863795,-1
-74.39083220844552,98.2337252273953,-14.36007701487705,64.4206321200451,-51.613663936894085,16.585211360852625,-74.79959442720114,69.88928124514712,34.34177184881216,15.361583927651168,85.71110657882718,41.85922542815362,-61.787572130728364,-38.03057664934401,4.372459066435752,-89.59083224877371,2.615443673609974,-54.823717413284825,-28.875600148486896,51.45911441423857,60.535162505257375,-9.921984718813803,56.8883084141458,22.429964322678046,89.58341578689942,38.99349212116934,-98.08836277038628,-96.02401826054393,18.197336993626976,19.074673309778703,-77.75668499955692,29.098107833270575,-91.33087601453485,5.834890636369906,-27.51787163733968,-25.51464976480635,49.624160022185265,58.49754547401426,14.398389061341632,0.58678741664977,72.07344693438637,-6.813443339781529,16.739316560683108,-1.6722567771900572,-53.76683606921595,67.0474633648102,79.32019161099566,-37.56766120128694,11.338116282061875,23.972452566020607,-81.84404792906285,61.9721265610718,80.28364727586919,-48.46189503320868,83.51655680596824,68.08433850815888,28.860968143828046,-34.15578779864359,-22.557400799534364,80.48799922748728,62.28904201849829,-13.0164239749611,30.62250746911147,63.893512717786194,82.99225640215138,59.58044419222654,4.060565101365896,-67.1317628938711,-60.33716822126205,81.8605662232309,45.77815450644164,-28.182945881595472,95.98700694625683,-90.8777036442961,78.39444736742408,49.035779842679716,-61.68661514280189,27.17469614678336,11.31907258470153,-7.454924666068379,69.4900625533447,-7.904433112610249,-3.275463224432997,-20.008635225000077,12.75685920384258,-19.576403947260303,15.081096873742013,5.197802859237015,-30.926865961837976,54.66499580289238,75.5674926321391,30.500180287547494,54.04132468974203,-23.40381298207113,-98.39682162355076,90.04436714748846,77.7054209129189,44.24025130551013,-2.295895527367904,92.05486081114441,1
-84.82733437826721,22.682277842141545,39.02891080951875,-78.90526000867388,-85.64483875469739,-18.369661826660376,-9.202017760060201,-73.80525140116518,-21.288932778736893,53.749426272502575,-14.621054435339474,51.904029743388804,-5.859800101787684,30.798844284049665,-16.510343220707497,90.12127431597457,74.71506115194683,-20.19190959033918,-63.86901958176594,43.23477539128612,-84.99558222141637,80.98590339636306,-17.15988913907131,25.487801536430197,-58.29449194016245,-31.412976832658927,88.83487270113238,49.553055428006445,96.50975230791988,61.49974633133215,-58.422388947371104,14.39653706880253,-67.41677904694185,58.88824018427877,30.463840310710196,-22.443368510724213,43.83287635577787,-78.82419570523956,66.64585279756113,-58.22179315131901,-30.958579832933538,98.81119135362272,26.1033970427996,-10.621167988684775,-34.489647031847596,-28.23922388622661,-0.9396692620779987,-79.65631119207418,-39.52692152198662,71.9559309940993,-77.21087726389753,-89.08194458976068,38.89524588333268,54.97117361361802,63.79526360331997,-77.8376794326729,29.428535866021832,79.82456596167759,-39.93107434967771,49.372942226907554,50.9417957287132,93.43484285894166,17.569019290532225,20.72261996139069,52.862407685847074,24.549322859045304,-40.926509280557234,51.43236976441929,-26.774400666082386,92.28719518002282,54.1839218635792,-57.72725070927023,90.60608369264719,-65.62933347725115,-2.6661784496229757,87.75786617094943,-62.00285976279096,44.50480389357125,4.211193726445472,-25.342367264768285,48.888631235428875,18.27904883970612,23.695658851387293,64.51241825528399,66.06443829612715,86.85393970634391,-80.03288807463554,88.65572090281935,74.94098222031738,-68.6369356346773,78.5273632944128,-42.99979598278894,82.8977874027855,-69.45978236174699,-82.39411210536682,-7.785235001270479,76.21570648624353,66.66249753146889,-27.832552992285827,72.2978782466389,-1
65.29149322154834,16.60831219393843,47.28040301312811,-92.93772901195219,-37.75650098732128,-16.68683430354156,-34.67215011481781,-49.76614649031974,-28.372056694171107,-38.46418210441029,-50.47367138571226,-24.8357561984118,74.67222356828759,28.673945013952107,-19.096095108352998,60.62661778724919,7.6768373792866385,51.08745450311622,-39.816185366916244,11.67689551404439,-60.866740874931516,31.247978649671722,-15.76172403492184,-16.508785781251703,-46.24058076660449,69.55805407257486,-5.91355046735174,67.62983307527139,57.828790258582416,-58.981249255278016,-60.844977717372764,-55.746000274823814,-9.232423748603907,-28.833924266467818,52.68356284413437,-95.80340074273937,17.888644120849804,-3.893731368318342,42.581158072967526,-87.55546092423145,41.85241875590003,42.24811836058791,5.731166435371264,-10.850275386385562,-53.02196680563598,93.84918684221805,63.98008599689163,-87.72541403730423,63.81437692230176,-74.51689623968932,39.14610560647961,-97.75977692235296,-13.129696030805931,-13.813711345995827,-64.75343236981664,78.99327572877291,-39.495581497226716,-39.37924523961054,95.78286463230646,-48.13504820150265,-79.1177570492118,81.16899648572925,-0.44401760578939786,86.95225009788979,-77.39849038194572,-57.379825568311716,-16.860715206471696,54.74478561260386,-44.734614205887624,83.86822895159654,-64.68455968700312,-99.82365461837585,-34.4246383064323,65.3022368415698,25.586642603456866,-49.96891761592679,67.68788463947033,73.49770907306433,87.48288200149469,-10.420167512442504,65.417575491689,-60.7502322009213,43.224159426198895,-2.2722863692680164,-62.13929270171023,21.623669873414357,69.37933928925176,-92.37254543843238,28.407543662789692,-26.403443526590593,-44.150348929513704,4.7606796414359,-7.446795521765964,-52.9546093959949,-61.67222753696373,-88.5447538304411,-55.782084473277706,-35.11790080474178,-18.944212224695818,28.918631423188543,1
55.42938318548735,20.103372086730673,-0.5650471983145451,-82.27991406407655,-45.95046157384335,65.50126397464425,-9.047131489467787,-95.25844927109632,-15.997799140867428,-20.989332428640807,-42.054403252357076,-70.67833992799936,68.21923412322028,50.54542756519521,7.28207661600608,90.04224117308604,34.7033573634518,-45.09108305191107,-10.291490126308119,2.4857102753312716,45.78042715814999,-65.6954612425626,-65.14426429972787,98.67455763203498,75.37171660523433,-11.12352753978702,56.90202713551062,99.53924373224271,77.34527662899785,14.270313141389067,13.240964701429064,89.6489071444937,69.3401446700802,91.65712562889473,96.49796635881236,52.19266355216175,-68.56743540165,94.16948029700188,-23.19699405456315,4.385990560752035,71.9135177622228,95.06648602131577,76.12470319500446,12.273803443673344,-43.08385219047022,-22.704050002508296,-88.75501683516136,77.1648582093247,59.603103740890475,-88.75451397690776,51.28787412671471,49.37966704836671,-13.214462107498505,-99.95182320256649,-78.09650161152817,-32.14344363881163,-24.59602866581878,19.982252524782922,-14.986733969787807,-87.13494330351037,28.340294187212834,0.08594730385287619,-81.38933938125392,8.45134582871232,29.371493976892026,-11.592267610218784,76.87945527705173,24.881160649834214,74.74921968170207,-82.8278818747466,-58.343938115117375,-91.7312828292003,28.24585517288216,50.2053387226656,48.88081676502239,-54.77577048015825,11.562670763014253,-82.55568144991764,-83.28025267360664,31.17288282297855,-25.82753454841462,35.2553571664136,-47.4895109057516,30.02230608803228,-87.70503459200603,-25.221307673360144,-16.552964916130136,86.20906993180876,-28.85209723270286,90.8839042726639,-96.26207175635287,66.48475638705136,-43.57479680627377,-72.8602084166498,-66.18565221724428,45.42496881692401,81.51885974219255,-30.758651822582436,29.286589792935786,-30.302353956149503,-1
-86.12773982496691,89.22309242672654,-52.49133501522447,45.19598199705911,45.834697509889594,-29.38992167993952,38.92819177874557,-85.97837207174861,-63.108189788023324,62.8767841338163,-65.9074976836716,17.686248090690455,66.0405768691524,91.59587064977813,80.18154605339814,-98.3097007875079,-77.38005211523551,-29.952677134584647,16.273311440914966,-65.08320306472794,21.263389474906404,-26.275869500342267,84.34548410621318,25.93453037197746,68.177795342297,33.040820696213444,-4.7033584289459185,-7.986752208409811,55.92687122669582,-16.01849046030648,-19.67096455759163,-31.64847954028744,-88.6569723435549,33.37905417406844,-56.507931279221005,-18.745039888082687,67.97160067991712,-12.505235445831815,-38.07333525832137,24.068572263443187,-24.988211177378744,2.1953831251112774,-41.108621449176574,-63.53424748898575,8.755461767977081,-74.48629055691373,22.39617270604532,-47.35126874535067,15.953001780101843,97.1807654246928,71.09566803206272,91.2190326250697,65.02327418201764,64.20413425432145,45.12903765613345,85.86491971224183,-9.113026685043096,96.96036957674903,48.929648191115064,-79.12461423608315,63.49764543819535,-73.61892134891106,-47.3582300133415,60.46363620542732,77.87120130566686,94.42943657946938,-74.56966708002486,-61.55258660142087,75.49905567708106,27.70110517905357,78.72281997408683,58.83219519414641,-64.23416556144825,6.298259772902767,34.83227344823746,-9.483993019648523,-68.43662550352671,60.74681508829789,71.80172213677153,-19.524212352645762,-99.29829906571132,-65.11924007081033,-91.85123243216036,-15.042052500655998,33.48261302325096,-4.84591002568682,5.123696691203762,-85.14416984048871,-54.417856554677016,-49.45990174076478,-17.202121392358976,-67.27134930053116,0.5397656019414825,-67.71916398118086,-46.30515783835942,14.691732224424854,13.678273436948672,28.014066444755713,35.70814847011155,25.87619900804748,1
6.270926313629602,-69.49219141714772,87.24244924873796,47.50167189180138,14.409728673860172,81.57975875592388,99.43647078059007,87.66314573026321,87.91371780503314,-85.89287248140869,-97.8973550916693,-79.96900049864661,-11.469030347913375,-77.89136673828389,-13.936714391521818,-75.38957528193501,-48.19297117933057,-48.347128422567295,-0.9888108690830251,-59.99821577745048,64.12547868380736,67.44799990309187,-60.46581262514621,-27.274450245768605,17.901076835085078,-88.39073259629924,-57.31042373479154,-97.67467974292667,29.95814550252493,61.85625287428664,-4.2334368336636885,-44.71789178126506,26.202838700906227,39.991882542767456,9.475550699949252,88.68547325005665,-62.49439041068783,66.15217336264533,44.176614901624816,-85.65040715485725,-41.34106935823556,78.08329483100758,62.902575923280665,-14.04503311172678,58.59711666298949,60.997711795224404,-44.06099732860467,-22.759415090823794,25.870073675274696,86.92416807078158,-7.825958953237148,-0.4828592586261493,71.99984375636015,65.96776900464499,28.1234248451116,52.40870157699763,66.16905601188427,-27.996208356984752,-47.72658150231954,0.800090093467503,-64.52664582272006,-94.67995390739891,76.44707032284981,-12.247515426617255,-97.94897012436725,-6.745151893155253,-98.31831382184957,47.078020107147864,-41.059116992274845,33.85001287676553,54.99560202726414,-71.71927781712895,86.03055452876441,39.79881709580573,-34.76537809403453,-42.44995307886972,-27.31463439248492,56.589624546910045,-5.919916071094363,21.688373046104886,35.79458240114127,-69.84620528854579,7.277369468229992,66.4984759793027,12.628365762104508,-13.453792772935017,4.658551121980324,-97.21609926653755,-82.05606350623583,88.11970379347599,2.316051948021908,-79.43415109466265,-14.982541218808393,-59.2542610372973,-12.865711600496141,-62.509221462885044,-24.768208778127644,-23.88954599898456,55.472244025770095,-83.37231138379514,1
98.01077002085265,-37.65558644089035,59.51182012743763,68.87141654792319,20.38468620302632,-98.43168184561664,1.5610127917558287,46.98516947897883,76.65472028524476,97.3791890776595,65.29292189843659,87.23531283330104,70.30743437958512,-68.05010795321115,-61.91730079501796,-82.45647165600714,-63.30842304822699,34.273601779359154,1.3860232154388825,-70.62068622444414,36.02193968665546,-18.427994881817327,-39.47554298362226,-77.63992575321257,-17.79148691581389,24.111839083799723,-34.90620226467547,-3.663535508961587,65.66459372836852,76.83889424567386,66.45257719402974,-41.48071127521145,57.359341812915204,84.42407795952741,-22.187858076269478,62.68308286417377,-39.679286740567086,-51.62607277724194,99.39738017817234,95.02290140914516,73.15254597936553,-82.60424978715777,-25.454659033181144,-21.59458878420459,17.47723815176147,83.565410751439,-77.70757208329664,-46.86604882871168,-33.985839910169105,-31.167294649639217,-41.400618617693596,20.648264278962316,73.47785439597743,-10.068355111451524,-76.1874510274906,-17.703024772691563,-85.9366814564492,-56.67739970676322,-79.83370422754493,-8.794139280264773,-10.756236283562572,-99.17736768218053,33.15988199513228,89.59724383323908,-76.98114721974751,21.911020329135297,83.6017189641268,-53.24277927151857,-96.28488084697567,32.06713019147327,38.70090572494831,-13.372957600746886,38.961814287659536,-21.708375207693066,67.49333788446819,-63.76108494597705,79.11842370026824,-75.43595038514019,73.70082339137264,-37.622519362276385,55.24069345346638,79.25864286650526,67.34686681198266,-75.58841043846279,83.82946464176598,-86.17627770974812,-57.16313351426603,-76.33771745679208,-58.87037886015287,54.69870937576138,-65.27615010368848,67.50282985254802,-33.924333857148355,-63.830378655433016,-76.51679106698887,15.38215994897594,-14.18714630176052,-10.30111143385541,-45.99432204261888,94.16579471941259,1
-39.82433803664607,-34.500529564417064,13.146392799158207,24.717137600551936,-37.12997736325032,28.829844295183193,7.666388651142682,-6.740117412036241,66.30366662244472,-73.6626193127586,53.26944262093048,-30.077120238455564,75.18660443724099,78.9495141662602,-47.03673564433623,-47.46133802399897,-25.21225727924508,-46.993016371890505,2.2935080085234745,-73.56764449499526,-20.481626137870677,89.02350146850921,54.29697496338514,45.45849544791369,-64.9650272591638,98.38532366162215,-81.67235896485442,11.494909795130752,-6.151010825892072,23.571830812451182,-16.348889348790422,-42.30832991637432,92.91603716033057,-1.341283887461529,27.260534363811132,-79.03920209208219,-39.06073198274211,-23.71234037019856,11.800614014966143,-3.306187135329779,37.60742671062576,-76.181133962649,14.966005371138124,-0.5738393031574418,66.02867301051884,-94.673662617179,78.52306681780632,-10.99094333702692,-54.94684426098899,18.97317017752036,71.97495001405369,28.41064953117791,74.54609681206992,77.03853839103076,-8.92645910690382,-40.985954650026166,-62.89091998440941,-25.443448011628035,-5.210096830140515,69.99257565836871,-16.225118863488987,21.70274676819544,-64.3433543568024,83.53065918297332,49.74774182201364,35.026485920643665,9.80189645245666,40.52288191882781,24.779853808830723,57.748043862555335,30.552945974375433,25.301776063385333,-93.43713667527271,-93.19181285627032,79.39163190154486,57.61208919258178,-77.49464193744022,7.3972768747264155,0.0394691729007377,-28.76369216632426,-89.83697819512895,69.46017282588426,12.764829254871785,75.85646348590288,82.91446565341468,-79.8298464875543,-70.77286199764202,-43.05187091748102,-88.99212125408526,97.90664473512734,98.40121097964922,93.9160708093639,68.69598967243385,-95.06829928758734,-6.830468809346726,91.46112787523359,-98.18967164882739,-67.58613485175255,57.475593869402786,33.070630849075286,-1
-65.34113598583085,-20.199459225973953,46.317904351066375,53.844629567626725,-21.08478488047072,-97.57937664477852,-98.9373048663308,64.7104453223638,-91.9428962444003,63.92497390952897,91.77437463808201,16.153716722884326,15.437335244661782,86.5007906194765,30.98142462957182,88.10746022058953,49.34866155963195,-28.55160636597276,-26.02227487037503,-7.922764864991876,-55.301137148832005,40.06127077676143,-9.007936521397795,-55.68131391211053,-62.3650707894164,92.28626247666742,-4.073608760094643,-2.332371200936251,-90.23167533585121,-27.452670405503284,-53.37053927638269,87.06845627938108,45.80752476403768,-87.55125476824381,21.698217312723372,25.46742208506396,99.78859239610355,-74.80442783616634,97.13320460490141,86.06628663929101,39.85495906707803,-39.64848854995384,-66.57502769624013,19.001955503680207,-13.005724833659869,-71.30485917315706,31.085500220620816,-39.950230616772295,-76.7962977441721,-45.416230519133215,-48.052933906650416,-70.45028431717715,-38.11977991439293,-84.24609721701975,32.760857382157184,-88.88750545647642,3.4234609270303906,27.96357191970533,6.522442928200633,-23.540581524799677,-38.671660465362855,45.015182102180376,49.082746724795186,94.04869038083939,-9.202760421968634,-68.78336355791924,-81.10142633350092,13.199270439848803,-79.72121227455855,-2.066779857588628,-96.75220161013371,77.19573025940514,-53.58357923061907,-49.984505468856625,-73.4937208561542,-97.18418156247944,6.5231232787186855,71.63756274206122,-18.607792336197377,28.005009643042598,-12.076586016050214,57.1226258227573,71.61990055431434,-4.517164052916684,-26.415522943924216,23.060104188088587,-76.51426642530497,15.079418711510016,58.512928179530974,-72.81728979038724,45.41119317306675,88.22013813101157,-60.293037329917844,3.2218465971180166,91.46916975560825,-21.842492395078665,-1.3944655025843815,-48.545668878807405,28.725402386135443,-3.6404679151736303,-1
7.219273268824082,8.380189475671628,-4.163624474053805,-50.604240185600034,52.90555893094353,59.33627943827446,60.52806247058592,61.086465859997276,2.741571043060958,-5.312868124995717,-89.76689871090483,-65.52272757896675,-83.98731949420687,-62.64549435377413,66.5787189774459,37.45660088262554,-38.135155128355414,5.072096363899604,47.20347367306718,-33.41758075371935,-94.73053356121648,-72.4202356539332,76.89930695877268,-83.99348604681268,-96.69211014202467,-96.56540186752609,31.2826268459346,-82.10432340351652,80.44405730807483,49.34935450251885,37.681867291141515,-99.93396814810471,42.79108464841033,35.708405958151786,-45.19506119230283,-19.51630114860359,-25.464780900832423,-59.0692940707346,-13.01281992731819,-63.09760088025769,-2.306103550012949,-3.7711280408049106,-73.96728122446625,-98.69673686162494,-78.09267900452575,-63.16229489532572,86.0337429295356,-6.485807549516508,78.54126281901694,-87.84925408239599,-15.835009426441161,-59.358481347913774,45.728437836812304,-94.74203022385541,-71.54020064826143,-47.58581469957035,35.00219921720574,-83.729525455399,-70.8941076570465,-8.141509293161377,54.39468214179578,-91.61058538715857,91.5450552890209,-98.40788640688172,-77.81519217873058,-38.762404984627906,28.245228710884987,7.351247733363266,-37.26971827109591,-92.2193064473805,-84.49334835525863,90.04272147890535,-61.56708301476297,-45.67664018439959,-5.063941834984249,32.73583387130557,-90.57374966185941,-73.80350136135453,26.197809376140825,-81.0364449675884,-14.673344309337637,58.36216609939737,-97.38282323143797,79.28264735585785,-69.7729481167597,-65.17875914645228,-74.25270351760568,77.5193835216441,-30.526445360822734,63.347683817038245,14.09036940377473,-13.71665475838671,-19.72189596813803,-37.48911655932909,18.07561291475139,-17.487188997646257,-30.926737050146656,95.25203611220897,25.620675407446996,-1.0965912561259188,-1
-93.89995001219012,-69.32971937678396,-20.61534475968078,-69.96619983659167,22.156014215153647,42.34456114920974,-86.60527759494569,-57.060822507328915,8.05577863748421,-78.63985919952728,-43.6349993409056,-46.96585176332888,-71.44287266642306,65.17764528536293,44.4747015265597,9.786504899867523,93.88787513517568,79.16242027971575,2.4046778217518607,-49.42900424748824,4.474652793360207,57.330503215269346,17.533810294652056,63.64240027409264,-14.509893351502896,-41.455112432045624,6.502973951304014,-49.839173499820724,53.60649085081647,-8.879492499667577,-30.2988400336818,59.7226031846902,-35.927605901538755,16.722443228209926,-10.643767393724389,79.64771964002949,84.35955130070178,18.965057854754235,48.37409701939117,-76.85734008620608,54.20148772197709,-89.40564503592641,91.35364344297005,33.84080099115309,-77.06735877160793,56.82645172168867,72.67731295787246,-67.04482263457636,59.50470948832111,-49.706805901784826,-92.52686797227778,73.14152110500714,54.83973190583731,40.601296567062406,10.778677683202574,18.71001790086744,19.359907342636774,-28.616526081367283,-87.09197910359292,81.8445514208293,-25.104799306736723,-64.35624682227913,8.50621767438031,43.61382053942103,46.71665220453164,-98.61748176606653,83.15467179855403,-71.17675951319764,65.11626102895863,-2.0946626626638647,-92.76227919692846,-2.193548537389816,-65.01775521667255,-65.1710943417107,-24.57461142962947,46.467910407323984,-90.00565431143417,-37.109694653920975,29.918756826688707,13.848700759751466,52.83420533091871,14.717199587762053,45.93976686218198,-57.17186781681025,-94.36911484749488,-31.055315456199992,46.2259997211267,-40.924480964927845,-47.73490163112122,51.55383366043259,74.64704136342425,-54.512722177047344,-77.83262686151629,-28.4831720817603,-32.148744487896934,1.968419565248709,-1.6463053145012907,34.39844422748109,-6.812473023338939,58.35975399097438,-1
-81.74266464277329,-24.061518366546622,73.65425610265171,-70.22238993351107,-9.199675760777026,-39.21149754899454,-91.92983462806006,-34.957760744757735,10.946360656470858,9.335452979462346,5.218802650308405,-67.08678831413302,88.13803754464635,-3.386750961339473,19.423324003100674,-1.5567633425066276,-24.008009548049486,97.28280369657779,1.681195328925412,-93.91529206918288,-69.2051740512342,-53.99990949032003,-20.2717329607232,-97.79438314621993,95.8476336639969,78.02109468854081,68.07230107706374,-53.83644296244368,-12.440093745045289,-86.13674772573663,-37.99962944353894,-50.746855203842856,80.05540542553834,-92.41005395202583,-5.682586708169481,-7.41253328456331,23.606496836227436,-50.04619742813694,-31.571736540592184,56.95464062847685,-16.592955097365845,-77.57796916231607,-30.631339086905257,59.33167476996749,5.30530663503508,-85.21565667084727,29.061185803521028,49.045576166214545,-49.934311239593555,-52.70808478752886,30.741220960342133,-57.46255489752497,28.60353648280045,76.90628792560048,-32.7396453091864,97.59882228126534,61.71055924548426,-4.206617664170722,-9.419739912008723,-54.25727897287083,15.326559576752842,78.7876918909138,-93.05244347081138,-46.486560041449955,56.46968884570077,33.55989417793012,86.88132932309983,35.07159433880139,-68.45187683914847,-79.96291913350598,-41.93812363159988,71.18669687079574,63.08433200321218,35.189294128461256,-72.35847072767834,-58.43745595959844,28.646200532193347,-32.86447128822691,21.652497007146536,-95.18863065324521,-29.6798430663346,66.19057278677249,79.55204472339338,-40.815981979880725,-21.172399178457837,77.96673442877935,-7.846655556049711,-68.8229927467981,91.50269748906123,-53.93808458273932,-70.27712746263958,79.67998561416834,-23.36984892149742,-52.311487655980926,-5.394320121387125,-32.308698337894114,25.633200607802635,18.324761292056934,-49.57210026265213,-37.81863832151833,1
15.094835575175793,-86.85827211432952,18.470065718672444,45.69813543232263,-71.57257524130847,-64.95564557883453,31.902153728154047,66.72880209503447,-63.03232041059501,77.49378804257648,-0.3333943411525553,17.32034748091209,34.72196639933901,26.777892366488373,75.07264798015214,-60.662288353757376,-68.2927683000153,24.405895850401848,37.353559119433925,-69.01164293241283,26.755807908650112,21.221919970594612,17.955920155615686,51.62584129936897,-7.234053636673579,-56.50312922740439,-40.53125049199087,-18.346645214714826,68.63982832473704,68.47135754367642,-36.1809320254024,-1.0827497594708433,68.69649856285716,-43.07401761213618,27.64644927204047,9.543141635847178,-74.38429820302414,-14.215258451968111,-82.36907114954018,43.227012630713915,-49.5385718482724,37.720375263222195,74.98999829805604,-77.57614996746022,-33.39231532026534,25.809398717410076,99.362188065158,-57.29630191132715,6.822367680502666,26.879451899416893,-55.88638527261147,70.25039332685043,-32.47430458442679,32.860320051985724,29.24990037207607,-75.87823532961676,90.66249919576057,-26.989746128058982,48.03456804734236,-22.790446688537912,-57.55975622391636,7.446381833890442,-54.25897256997452,86.75213675756837,74.05559919352814,12.000832251049815,-97.50831762631134,34.2561155995316,-31.495955138223124,2.1660224262508763,-76.60792363077033,52.20399247918232,-69.55951049430816,-66.34548730817434,52.89705417219116,-33.623335801286785,-66.09914548517919,-81.01455280579115,-27.030501260774557,27.115307474915,-61.88941153005618,25.50772368904559,31.702930411673947,52.20667294468046,24.676381693824936,2.6401209093510403,-17.861671502230436,-76.76924418676774,99.11381593346314,34.95351455132561,-65.20977208449338,50.40174915597294,87.01382728516865,84.13122704208698,39.142583585810115,-76.11654548447228,-91.40996712997618,15.897259861108665,-96.80348892177018,-4.52899127619817,-1
-98.16058967667406,97.99204647798905,54.08148356155863,-78.86706314765121,83.61531043983013,61.43110747297652,67.58167497036072,76.97102353920087,-4.301785978562165,-15.561553223864394,-24.559643508472263,-46.8628870267473,89.57131345073213,63.59269886983071,-63.284074528970805,-93.78862479296887,-48.98255551572037,0.8842079430425969,-84.78305464689855,-65.47817741954509,-58.96343332096785,17.842344690524087,83.09459751470303,27.20807102637717,-97.48147746650105,75.40545425232744,83.29366973321132,-77.99575140170467,28.54343094911161,1.2010669533875102,-19.75703445773422,-13.503324825468027,-84.88082496767974,-84.74968713074931,4.771121408564525,94.47309695599566,-35.881218583936445,-22.887423977935995,52.440154585216504,-14.63171812620439,-43.1700710219912,96.28206407358115,-81.89602041015735,50.45158529476521,-87.09551778047104,-23.48525883687867,46.17216460891399,92.75814289281601,22.27401131191465,-15.643703062914113,-97.79072798867033,7.503885253614072,-9.495055155456228,-16.316043246534463,22.531179045674605,-2.8867992329473253,63.31100480810329,8.890643089356871,8.207829433720846,80.24267195086733,-92.12469391243292,83.88717520576853,68.64167567991271,97.64299058315626,69.23827531696071,-7.730494761950695,-66.61755743244024,3.5477872988339385,-51.15358806441426,36.12290389282546,-75.97151232888098,-19.54234476721078,74.42408099774588,-81.92549558999139,75.5375698957717,5.870274550632388,-97.87615350460801,-18.05091539999397,-22.60535103636323,-29.524141738813753,-85.71496941342713,16.476522546674104,-51.228646116057334,68.56297071690233,-71.01675032244567,18.492331355768783,3.116466065731572,-55.86356236721382,33.190136228658076,82.52992258696202,70.56038668553052,-9.413840332187064,-56.56606860107725,54.30916832546009,-26.7977157071942,9.733356060430737,-4.130729746506034,-44.21624083106923,-52.48880775368079,53.44514444005836,1
-2.1094479444873997,49.087894836865985,36.028154352060085,-27.97271850569618,65.19564254161637,-89.52899596250552,-14.479733259332534,-65.85832733750397,-28.680764802758873,69.81960399173522,52.080013457496534,-29.503790611329777,-87.41850479639521,-64.33369751435674,78.04413411091119,62.46346654282377,88.60414192914723,16.77165346160308,-0.7849042998937676,-55.022643954893645,-89.37587516019978,13.828314090853652,-16.867799699910165,-65.0006342498832,34.67831582316617,-8.989659038372281,-29.870143409196274,11.992829429168637,-66.09596793410753,39.49980720741891,-57.806142057660125,-51.992316247170045,-40.497298977244434,88.20396453944684,22.24173056310849,67.02523266864083,-66.71358466750858,55.376199151661524,-46.19329024481782,-51.478596609309555,26.604243907603703,-58.34643574648619,36.221899728851895,-56.24225083848331,-66.99253389598331,70.9366416185737,-14.209177553491187,17.609543669127547,18.554143948604462,23.27910495537185,89.77193003556042,76.4986254838293,-66.639651925833,77.72863617881725,15.934087039507915,41.78092160856656,45.68425960675552,39.12832158311804,5.436367269420074,-90.64162984641175,-61.29654891876051,-41.27664386854528,-45.64416497242269,45.095537820497725,91.84285452685202,19.68982873599117,10.729465773394594,40.33835028406824,-67.72645540912623,-68.38913961939113,27.997845007148285,43.62637563079875,-1.9154920450376238,88.7911847303512,16.12627023380891,5.184365214134189,19.41182641577248,91.94278662671132,20.78083911209538,-85.66182394091362,35.05463959072492,-76.55011528830961,85.19632704163678,33.82117796145724,87.11072770542586,78.85526470486138,86.35424154038711,96.45919299585722,23.604955647230625,-60.063521081608926,7.688356399362135,53.21707280997484,17.00312155019226,42.43330678082526,-74.33338658351025,-39.87788342576708,-91.14445767340024,98.3540643975673,-13.79228041399763,73.61768592761706,-1
78.05275677818327,63.820463534839945,-10.261275475493875,45.901645730479345,-24.934018416079624,72.5280942298358,-15.332971169360505,74.13769109148788,12.77858421108047,53.949324571417435,83.01969089800599,64.53149369608548,42.939217801324446,-93.78637395110874,61.49558713038178,67.72435923961135,-63.75639127727655,17.538893906262444,-27.335104886197996,63.16417020505904,-35.630672959735946,35.67862928118146,-3.4923185066654696,89.35823445632411,58.58045566592716,-95.06878885862142,-12.480451249241284,-79.43828765282922,-34.338257928417605,70.95566925911584,37.42450407196114,6.3963599810001455,-39.55012101736051,93.4242356509495,86.32149902953222,-93.41784060901215,-9.250209212489708,-80.55511641471504,-52.069573396781024,89.76016593552708,-54.071064401970645,-1.4291322190126152,-77.98093894762272,40.49942336478236,80.91820317063366,63.97538236521564,28.350415426309922,-38.189151599930035,94.12824934997761,84.05165002235483,38.51752793432638,-86.6914369783645,40.32041869402346,72.4069894513922,22.230898045260105,62.91730790106831,-9.446678144384862,-53.05402370192556,-14.234398058622816,-47.86632086647842,-75.51293923030285,80.74484515027592,-46.607611979755895,-26.624087432482042,-52.250997932416745,-43.87885179040689,-34.13241399806847,59.72110245501261,-3.651184020362223,-7.5531654303107985,-73.05102726926847,-16.319068050709973,-78.94147869243892,-23.190360432332753,98.50001835226792,-47.41474661912404,91.55408477835988,-38.664352991197745,21.085731843213253,97.04942348949425,-94.06785128714378,2.3013504693195586,-26.95624916852644,77.81336594456599,-54.983423284827836,-48.313533053479986,94.95880394812158,-40.97150055827894,-76.85703433126497,4.099684300650708,54.47121721490859,9.749255688035731,-54.78578446426434,-53.30497190219421,-57.00879627787208,18.54575692951184,-97.55515131369779,-89.82305319812578,45.15310712571406,48.23688505058033,1
27.282082252756084,-44.28193219360828,93.82052602816228,-35.325687576895845,6.605773449227996,-89.13359303541924,49.67686993524626,14.175483367895254,-14.7203286396755,56.67744399916768,15.52261612742673,-36.86630376718681,44.53671489489733,19.2787199384923,-59.72017944122252,-64.66353716473895,97.65242302863737,42.8306292784348,58.40062522603918,54.49956921926278,23.5114626419237,-58.323264198234924,74.99789900488429,67.29463833319426,-47.60488714429649,-4.821497834101862,-39.71501764028831,-60.31985415085672,47.023164968079186,-49.29004481361816,-88.46334308329125,93.32299845284285,-91.04552549638099,44.51081932323123,69.92223730221599,31.63948164267333,16.038980649595388,9.36040518290244,-67.77801896283337,-88.29856971011272,-89.30889720336033,-36.880232942885094,-88.30414727681773,73.4567771778224,62.11863217540193,99.34564281589257,-49.1222383433902,-41.23141624806694,24.25940684335781,-1.5732015205320238,80.17471850743536,21.811783238829634,70.55504083304584,-8.114136321493788,-45.00688325594635,-96.1372490075825,6.970753509092887,-71.72498887904639,65.38407314470473,-59.12033126758405,-62.54992765886014,82.74342876973435,60.47079147215629,-81.33437737583533,29.140546060243622,14.49543674164903,-35.92681593417288,77.69858731140101,18.670865179736012,-32.005419393197386,-75.28438087392226,37.541837728266444,7.090576522810309,-15.31955663331297,-96.58691668678641,74.02344096145436,-30.41826530255109,-61.53991526677331,74.76460325264998,-24.143293910337718,46.406138304891385,-36.70087158976803,67.98790138760015,-32.371174316618024,69.96261307143234,-29.68751647782817,-93.08775623312067,-38.04449183415333,83.74363442297178,38.887021438176646,98.77685015554462,-78.92071884151963,-42.32555791709534,-55.924802795822146,-78.86783037191731,82.50399424659287,11.266857321175976,-81.00632135684829,49.93880319431142,-17.983568245466614,1
21.234926890176013,58.14463296779272,-78.62461538105123,12.24455765650498,53.22318655911724,94.13530908194883,61.804728058335286,-42.11209567610241,3.6154996080689443,18.343393778480092,29.91120135139235,-74.57790182659521,60.99336677633707,-21.038543424348788,-87.7566683712856,-46.34479590928866,34.83842332300014,-36.74153025487512,-30.81009642735941,-71.84590844575733,22.497901419416678,39.12804314378718,-75.69776609246676,-28.45664701151449,-14.76969030985525,28.22389301039587,74.76395525601046,-69.43883813634335,19.638775703578702,-95.96101538313341,-40.00170588925778,79.08906275334158,-9.875790413944856,4.63121262882234,55.81905116259918,76.32959091496213,92.63154005122044,-33.93446212668914,14.341930391692955,50.4093855611722,-87.46557305960683,15.694184602744812,-2.243516463056423,27.079911495822444,-56.27633374822818,-59.52728793564213,34.45473080494733,-28.703768267889785,63.48705384677689,21.090553227583527,38.05187234932822,-72.9518428750888,46.71615777718762,-57.314773206317795,43.93068673780704,42.42649689451764,-45.70772322016525,30.78084743390852,-17.406681447072003,-83.39916050428104,28.51440248492844,-53.79303995564728,-60.69074715638472,57.56851524969545,-80.19767006369001,-85.28947922703922,-61.45558992792361,45.855966768220696,-22.338771784112367,40.9039787255287,-64.7905040128362,2.6269680107558315,54.402425377745715,87.57344393036544,-30.489412184777535,-88.65018196946959,-90.04191541567921,91.13958820008565,-92.98723326880962,44.6248061666123,-8.855962589820109,94.37450698591093,59.41829677961607,79.75581105004673,20.329311235313384,-0.8294245088870724,21.399996669011685,-47.77655113567849,-51.6083078926612,0.054606166989785265,-72.40336572314203,-95.01349306699409,-93.71396846995641,18.446267018215124,-12.924954766746424,-71.74840935920813,28.99727560660466,24.468292658400358,11.450776366050803,40.132933414174346,-1
-1.4763812014260793,-16.483844843014325,18.895267037234603,-7.213724637533446,0.6167901559672657,-59.47347317293137,-27.719244186562733,25.066033990890773,56.378182599377936,67.4945039237549,65.27806232011105,-24.530304553937682,47.91264962225361,-13.446583658361263,-99.74311489463972,-57.239757867453434,77.00306490945172,-33.84140171446887,-71.09695521860995,31.159255979943964,-5.543807134239785,-23.67579116467921,78.90777044811821,-89.6558234890693,51.318786802826,-3.2018499334920136,-59.14704833339892,94.43130190694998,-7.493202924339897,-23.255565056109106,-58.72265155036385,-51.31087319425105,33.32949313985549,-79.3925738049799,-78.8765909476528,36.34568741102686,-77.25139611725513,-56.915619278543716,50.214095769602096,-51.75537497812066,-32.77390390337089,-38.91249954102855,-63.204300477818244,5.457344806736856,-81.92605029750437,89.81736316387466,50.53080024225599,-92.95111018596873,-21.502039753153966,41.44122929339704,-76.23675054697057,-94.41803912090323,-46.098708322703445,-43.851609411468374,-60.908399140881464,-43.130979611012535,77.81418509763279,70.24887667271699,18.77624744289443,51.914438431382365,53.31961893029424,-72.99040025443932,-16.603995282088803,39.74509950436146,-67.92726089813652,-82.59906190778004,47.60065661056879,13.39132270793965,20.878102442182197,40.828219279233934,-48.01214197314334,-46.13882657080091,90.29749433235807,62.76793520723055,-43.021457148942744,74.91728306378761,55.759511169425906,-68.6011169934494,-53.555077115536086,58.38075183856307,24.075537236353455,24.705939908870576,86.24418407379613,85.05796696201767,93.43565459683498,-58.736921011257316,-30.710502281114202,-11.731150691427828,-68.42565718111814,-98.36908110811406,7.7302900549464795,-75.63851355231566,87.02424610789649,-19.491780940581975,45.958347737850744,-68.30218821530445,-74.49753286204965,-28.95048578859965,-95.56474868716806,80.06018713833504,-1
-44.270707152677716,-0.31156021418854607,73.45884019196046,41.748939548595274,65.64985048744367,-8.460078968141204,-9.13091538646897,99.91154065008772,55.96417680201361,-66.22830732592101,-73.74240559903515,16.151199811131818,89.23737879825225,71.79610942444404,23.562638917857285,18.361581532665184,-49.549433228965924,-57.25266240361786,8.836023188390712,-59.87672577506946,-21.72438132725061,35.87869762248522,70.85353853150613,62.95840032717922,-49.66711299090585,83.4091180308952,52.3939489194307,36.35936225687729,-68.67316376189625,9.255820958056788,-77.26974773766332,-71.34080171381312,77.4814947937927,-34.866653544381194,-70.5397308576214,98.96996141235851,32.02388885262607,38.325898119759785,84.57463489757814,-70.76692923763255,76.79851001448174,39.12554908060494,-45.781011384023394,44.213021460577465,-8.919439290067132,-13.04965475200217,21.554644775480412,-42.75537979485722,-78.77730797927211,-77.39747493060432,-92.60752995588793,-3.655559197339798,7.639715664365141,46.1176061372239,11.260772293832758,48.001502554555685,92.59452514854331,-84.28568354166566,28.643606146011592,89.22738354464846,-75.53730318325096,-85.07735819621196,-78.58523005693303,33.88237503342981,56.00415125539857,-50.962714156894265,-12.396895550071491,-52.11866974189026,-28.002731053961426,-80.3290988619709,-43.169381428555,-40.93492998642887,-46.744892014706664,-94.35875737338444,16.852657947070938,-65.30750073641138,34.96491516414798,13.953349243299229,74.21864016043821,-25.345670020798465,23.61682342226817,41.3677675686323,57.72212555106472,-67.91260663516847,54.23698670706483,26.9153502154075,54.91820622211989,-7.383682335351807,17.85069964237394,-37.098598806176916,94.39200573812573,56.56042507772824,-80.91481587148465,44.00669311501113,-64.22766775548988,26.145452611717104,50.97794232925358,-99.25447308194836,74.97945032027917,4.264750920389162,-1
-69.91662177929436,-93.21080428284023,85.40690895926133,32.75793723511782,44.5413915396457,56.75196849682146,-57.84137968999428,-54.0012492073519,-95.48709765893055,71.58698279946577,28.781591413552945,-82.10537543792256,-68.86148044881341,49.530364912995566,-88.72362922935369,78.8182738515691,69.23877323087467,31.788558786948556,-20.90218476328596,-47.957726412849276,41.18732354232401,90.60323520808856,70.9130337882481,-85.8370597228471,20.81442011981271,95.4365813189992,-46.033309341781134,-70.14762060223876,-13.254423420804457,37.67934098538166,21.824124442659382,93.65966293203385,-77.69001853062854,46.800850908736834,-4.3126323918246925,-87.58978947291345,-31.419471289823676,-75.71684693760916,33.10680003400279,-51.657253581736406,-0.6447648824544387,88.76094179834791,72.60157629984019,-45.64124947526502,54.464409045273186,30.225148990464902,80.067992774859,-61.603146487870305,88.32618390000445,62.19825461104787,60.28833893390129,-68.5353876424704,-43.33942736005953,72.54191775590962,-17.71144666391784,-32.56699742862163,3.2122344372723717,-71.75793814450935,19.36734239918836,-41.75028494598851,-99.60759633780893,71.06066430941266,15.98015818549942,-99.92006148213501,-16.254814151621517,-11.536228727524971,78.6012127683806,53.77479096133467,-95.14609060212267,34.299051058318156,58.13173224231974,-79.2167129455789,-76.15873386345777,-10.666338504523736,35.540303288828255,27.449119897419976,-65.34636072480207,44.61274671063734,84.34583099783436,63.194421555619016,46.38890714244772,-80.83969667988586,19.091702834200646,-82.44815589613788,-45.41023796469275,-97.78504355625455,-24.13056865474215,-95.46573362363422,-66.1212155280242,62.590280605041556,35.38862584138823,38.883322452130216,-55.731909606735954,85.30148401540765,29.534276886697597,-64.04814729460735,72.58378492224608,91.59432494713508,20.714793155237004,-36.581702009302084,-1
-31.786729789948296,63.41441418985599,92.59840077179894,-30.78005469244289,-38.937864660653744,-46.4814646544057,-77.91362731777946,50.15392984221114,-19.459255801087963,-45.88814870240172,-22.40544912042273,-52.923347620328485,18.699283164370286,31.087195688132255,-53.27504727028669,87.5100674814677,-98.64236519528204,-98.15168231889713,-14.13544685916095,1.662338855338902,35.863333062710694,-4.814660527007348,44.76055532610465,-67.15178655536911,-44.415597846128186,45.764436018549105,-81.3572148214603,88.24390574913147,-81.15552425049853,4.94150823645316,-76.4646974709402,64.00556445308501,71.2299145191883,86.09616391597339,95.05990772997598,1.4005980992343865,75.43174165401058,-64.71466067951971,65.79180344213466,68.96321051442868,86.30786603150648,-45.49012098767091,-69.18784125389314,41.06704336226022,86.1484436562856,74.79142454946896,19.508874905444003,95.58000945723774,-30.506071700475673,-31.683389542082935,68.72475771792813,-10.668402683819792,26.6085846951446,-80.84692797870103,99.683392729851,-58.70901899145879,-17.607508611694826,7.668119762088523,-88.04013161478024,-75.31199806138049,-80.83092266303365,56.989843775971536,-59.74539229643654,-61.61420262243309,24.80335831713994,45.0267423666574,-52.82141918549619,17.34334904824675,-89.1594672991215,-96.79353111479396,26.40915782950266,61.64886541629744,46.66799509053655,-42.605034915740504,-89.625913857868,85.87003563673349,40.82922732902378,87.24453047696721,-13.476921756084366,-90.02549183612507,-39.232138502664824,98.82971790582192,-68.73040604988876,-43.53152361365353,37.40096961773659,-60.416393729881236,-68.8422580142481,-49.27313591523548,24.213874410517093,-23.596157217402265,-15.586496103398531,-23.798778680384487,61.7827260998898,4.117023977583315,63.78368406825001,-34.08705346977288,10.85595769673256,-29.514460510413713,-48.692567713791554,-49.70030770773548,1
95.17041589250692,47.28884712494457,74.19382474921713,54.930706236236375,-20.596991752561664,95.46158159830074,-29.895893142767633,93.94472655959541,-83.96264863757735,8.92617422142716,7.10849461955965,-82.32060657064832,-11.374530935417098,59.93837240055825,82.74549880129186,-78.60174776507534,-59.77269148192455,68.27135426103973,-72.20801895021675,57.934722758551146,44.840982561674025,-82.28636523498398,-89.77367237866056,-77.04274426787751,-45.20187990548199,64.9893858921115,26.757683909000434,-74.55917613244382,30.7130305362204,11.540952381334236,-84.78212573008474,-77.60540590260135,18.212415609797844,93.45092450499038,-88.06566886350066,-8.274302513706829,30.915302834827713,63.647457403845976,10.280894981180126,54.27603774404554,43.45433783746719,-64.34134767268952,59.93576065496282,-79.26617290355264,-30.57188058104481,8.234766027621077,-14.798984116731148,45.13953895662817,-57.07049024596038,55.8413480536457,-68.18723187636333,-16.592008206153494,-92.93179107805484,91.50788780337021,87.61705190323079,-37.08658673473262,78.14080547718424,-20.90249476261556,10.546374117907845,70.40732345635229,-25.469690126383455,-31.585308649039703,-17.952796742486427,20.908245322340832,14.466122761824266,-60.403282110088405,26.48701030499099,31.39643918466544,-26.68790508607745,97.3743322697708,37.67353230384521,-86.55037486007622,-76.09880155954438,8.922430363807223,-70.58209633404,-98.7197156285406,-4.323360472441706,4.238225467468041,82.79115487772796,-74.73327171562806,80.17122538665433,79.3447483627472,-67.70074123686054,29.677496234705217,-21.67873869508408,-4.041118296506568,-84.25608172492723,-75.8502931437599,11.06483390257182,89.07642744049122,-28.387621380974636,29.9999405047391,9.859325949658995,-25.430118258993545,-77.39086218918341,-69.32395648442477,26.236732343338275,-23.7048416068707,-56.054827252419834,64.5268461977677,-1
88.58194078250384,-78.5655977320448,36.651752731919174,85.43556389589054,43.8707244738317,42.60921012686373,-59.94359642647482,-81.2446947485967,18.69227654094476,-72.53999345688595,92.73703773740982,-63.150269685465155,-96.39419820821755,27.8749601085551,-2.711522571625096,33.470232610079194,36.29212250343426,-42.16136960682606,55.32136795927812,-42.763825840418534,-92.10960941546172,-27.194506157086735,12.639618489632241,-36.070394482475045,-77.18994045892025,43.75780696400514,30.75990186672334,32.28816769015495,40.96483307814324,20.52658425712697,54.14572306131319,-18.550716547585893,-58.85914100468603,-20.876506841346327,97.64943113804907,-8.858743115940499,-26.62086762692499,-41.06200291212498,-39.00089633946284,-18.605561017781696,-87.37895502826431,-73.12607722159527,40.35515409751059,-45.83279246086684,-30.02972259392145,-28.760567216214383,94.19733038072138,90.1499212084517,-77.13400106743293,-39.42101142764258,-77.42323630163048,8.51420984076276,-76.16794696102517,88.3901807322735,-58.02446566624215,5.417716981927967,-18.324063873704844,-73.15333388101155,69.37758153019504,5.051822749318319,83.52357603558119,10.140535596219195,39.51618179190646,89.88690424097976,-48.05778397950851,-95.53246912379258,-52.407966443140964,-31.97355783130979,-16.78418367226287,36.654182172162706,-66.27241846012004,-48.94714840081673,-91.42246259853432,2.222382596884273,-89.33059321500305,-67.86447633964032,59.32842389035764,63.28307681625461,-81.56931655983274,-26.906931009821335,94.46328573152365,-77.7516378497248,78.83754972780471,-5.56096033188858,36.303415672183206,-35.14055516442215,35.880988599392424,-1.6662032113035252,-20.61522818154593,-52.08791199876464,80.22472865950121,-77.68017885548346,-83.25711828603895,78.57985853005579,-46.861367718739075,-16.6294567472508,-85.85664309224623,85.68494025785859,20.3141121190731,-18.59677584240211,-1
9.123357863186982,-11.847450612354365,26.31204401850411,9.005383779387671,-2.7999012404794,16.324458597838714,-47.18760306125625,-48.93272524735117,4.68027418440164,-33.04219162186416,38.994026624295174,-15.462676068514853,-6.039135710263693,-84.45751632165491,69.92003499649161,25.451680127195658,-9.325878879168542,23.124879336625327,-61.20120875532056,61.2033009206138,73.5410919533376,1.300240207385059,-25.639401745092854,87.69241062493376,-89.95737570848546,-19.860143751349412,-25.532436322923786,76.96061619203917,71.31688884549152,38.042155339893554,-83.51911308319112,-48.69347647780431,-25.069381669347806,-13.718859266042926,-61.76339218053675,-69.58805444439353,-78.96234302420567,-70.06449888591024,39.72306120222419,98.91311364171534,97.93857355730444,91.86703365678372,-41.949755961818646,85.29424091193161,51.10954516827201,-39.39065033628268,94.36454005239224,-64.38691233505358,-57.69868240452751,48.49921210147298,60.50845143146833,-75.13268531210696,-21.57732190849633,-99.95094189760138,-68.12033186551383,22.891785194672593,-53.88498897488747,-35.75973026138699,92.00896823365781,-53.458958212175276,-68.04027924219487,-86.74328558210946,55.21998593799648,-34.74776090658676,-48.46070875952453,-73.11217881443466,86.64236054830101,56.75151764225029,60.564041068290976,-29.620997683159047,67.48352176819375,55.75022485752524,-48.679955307352806,-90.61946958040812,-89.54976857547587,10.490145126974042,47.61017878710416,-77.06368426865058,-48.72325049346657,-63.91379310198859,94.35566584127608,-56.418275658820626,-40.91987779230555,-69.0359181097132,86.00799878558774,25.199701270630115,5.200108609783911,71.32423336825642,-80.81812348660279,-18.241065398383796,-8.876431675428222,-5.284295932820243,88.65050093170893,38.241066026810955,26.890532001197613,93.91370730425595,-44.92448563768543,-14.723823569381892,-86.47203850421847,64.18437457472112,1
-45.31858561385875,68.90987970701408,-38.54200701474269,96.25941809944933,91.48960380761923,28.34687945971163,51.858501383694716,-68.73660585822783,82.6082933779712,-89.43466272705561,-83.71055742176816,-74.2194829853002,67.04881203177314,96.86439576280824,9.523220130749422,-54.47349283612153,56.271243679040055,-77.09342633473035,-81.10751483978262,78.55918791797717,-85.79864395548229,-6.166790286520268,67.66756411867703,13.034651244787483,-99.75927721819642,-59.82975678977673,-43.59152904206578,-96.87053641158681,-27.83863475084975,30.878672966114948,41.96541498397522,49.15026599685538,36.039824696780784,60.52608432000676,80.79523437531543,54.32814743906033,-61.806220448150114,23.668063455988246,-41.70659518053259,-95.57216741157082,97.10245807769567,17.721517138771077,70.12532896272262,5.75892236074975,43.20272818656872,32.50478207674078,-14.82330710699415,-77.35706467802092,-92.05416932706183,82.1104501643193,78.63036377051827,-9.178935352886413,81.30005530268139,-81.2164084147559,25.251346064134054,-35.040986917613324,-83.01325564569734,37.65003301446848,10.912142752554928,54.66172854512433,-24.74276497900398,68.18465229269191,15.913299190777835,-49.45454706939088,-4.262631521086547,-7.576564694743709,59.612273060978055,75.79294414438851,26.86689406518319,-40.34115938801539,18.29870543399508,16.694473358029427,-85.57088528672885,-78.8447858900059,9.905515180343926,-49.62300109404265,81.87245893654713,-40.986967956699296,11.14810722787496,-49.5354950913861,-33.151186141644786,-0.3765959254398439,-87.57376296042267,-74.04827467907289,77.7705777340349,-79.38424347325297,10.58416337035186,-42.013037456126476,-22.737196508078128,27.362597131685717,-55.0066554184127,26.451018177114193,73.0142982759566,49.155364338719124,-1.1057531018911675,29.580832839781266,59.85588465497142,78.95517119806044,-87.45478191058746,23.972253431534668,1
-42.85758274362785,43.80918103684911,95.43483684426346,-63.10474937327213,-20.972451347136285,45.411352323078034,-8.96560165326872,-38.71343545932569,-73.39804021853425,93.45423807405953,55.5455820135586,81.55224873003573,7.624202007962637,68.51090029303626,67.32404207353161,-45.020868348582454,-12.644566135336063,18.38288088381401,85.15770989891368,43.10119092422576,-15.20876410734762,-70.09827209586078,-73.32015296450211,75.55166843854659,-56.46682478681235,-14.77996920382796,5.9798351610015175,92.79068507765743,-37.60569151351585,-13.669647481207804,79.65181673496488,8.974656857147039,-3.701264290121145,6.800461149499853,-15.628321526500628,68.48616043008943,13.671009197324139,-95.59677686657628,77.01075060599314,47.64378110806845,-48.2950522910091,43.1917808278794,-96.35719381360441,-9.080778609055983,53.74218175348284,62.907392172518456,45.20147693103917,-55.00371688523757,16.71603724673774,-54.369254348184185,-81.04497572172579,-86.83539641237121,-68.23682076528644,86.68799784805191,-77.6431401790116,17.00840962894847,-14.784201627142338,23.899116598869895,-69.85290330384335,-41.90302304719222,-54.81712322474832,-53.40974767527369,88.72041914246068,47.324706865432574,35.905378408182116,15.736001055997107,-46.81082882044167,-69.77256063535154,37.92065724059245,43.64846905070701,5.2247223557553895,70.43551829232771,-50.98482770139092,47.34346496360985,-91.47563805340661,-1.5345699630576348,8.598354561618123,20.023551993626953,55.9519770823386,69.89568909694097,-14.154317693409268,33.465232658761266,-21.158047243577187,50.76601569755269,74.70091684538968,12.990313123813806,87.37679977011027,39.34999681869385,77.06819016949359,-4.032270219805326,-58.87598673127674,30.64367067756598,51.93058369076894,-85.13951323903608,-51.13266992385845,-46.42313896836918,-85.32006837297688,60.63670166928816,2.4750386979076353,76.42376669649849,1
79.44315159066534,-14.912712276716647,16.43409203525465,0.5132152926884856,81.43900614116598,19.0263349811363,82.75768877465185,4.94712753228643,74.5718843131329,-28.56153320139103,40.161683600348056,-68.64791426967214,28.561318217234742,-56.443839646486296,-2.718992892764362,76.22102967131318,-21.00194589019351,31.65675668523147,-96.87134093851317,-12.268923729925092,-39.75485038754412,-86.33032571036105,-69.30863357836759,14.148748346663979,-53.32090965431866,46.81280700462159,-27.234991840455876,-92.03886335558254,-87.77076379046275,-61.841546904832256,-85.3110617988477,36.4458535153168,-90.84473211425488,-36.6924537330082,43.42389710645847,-42.42221412403151,34.12116194426909,41.29529744388057,97.07702805358113,-86.8324515671395,21.62858847663,89.4677024161553,-27.90812257864968,48.118839895237386,-63.00006049960412,99.44102879486024,-68.45847105760974,-60.12705365056736,41.510883395751506,18.692244490367244,95.26258002212796,-0.32969782962324246,58.816408695345615,-92.54855786244008,-22.527483235729747,63.763877374060826,-4.467271549018605,-57.52408717898596,-19.026875156480116,28.52455098960317,-61.63904167308238,-22.34395382914778,-98.10332898632497,-21.39434834339727,-81.05450292844165,85.18577808064876,52.50585045007725,97.94913498158442,74.46096270526544,-35.23064910449607,-47.16594367129636,-15.479876410615063,-13.590569210323864,-32.316861780978144,-65.88062800825061,69.14306477783094,-71.96357815909124,10.954732355396146,-11.630935348580863,15.614557594496986,-64.46106223011952,-96.03299507355688,-66.68494330773038,-87.16971052695304,73.94616634788238,-57.270149846672666,-60.995657067860655,80.89873915013095,-34.73516820578617,56.37909958126923,7.816753280654211,26.833126367922148,-30.25019395197384,86.21865580901977,5.3686071894858,53.15220482078425,13.330602001030272,40.61984999236867,20.46711639015797,-92.97033216540787,1
-83.73024387162005,15.303295102850711,34.68648666498348,-84.58834417313376,-69.17099136430258,-91.51554035862166,85.82790400309256,-16.37104236744007,-51.86589704856939,62.36134367017726,68.76257273166121,-43.74308728939318,5.906723004491482,-37.99319519750999,-74.51838566091419,-4.928186463826293,-17.214788389482223,-37.326118713928416,43.04737069652663,49.84343301817964,-31.114390756562344,-95.94400524651601,57.16009303759489,-3.131419545575028,-51.109557948667586,-42.94045582195436,-12.878700503806812,72.32652124910948,-31.93651914036171,52.166206003890096,-95.41568537007261,75.5196746322838,-21.438456609492235,3.0275346922201294,86.81536985429688,75.80639437529422,55.597223744101456,-10.499860476509767,76.96593902913435,-66.4594448020546,-89.37008156541042,28.192879199466375,-61.9811820623837,69.49120371267051,75.69716955138205,-18.397953700492664,30.267988173902097,-44.96218551449167,-19.581450117800642,-85.28407236804969,19.8329746734333,-65.76285531925646,40.170895561832964,71.96149640323765,74.09168332502023,-48.93131276990184,20.04123528119368,-67.64285310365048,-36.29719249194427,-20.163500806179485,-42.98839923534739,-48.459033578111146,-21.142259707915372,48.78678477249568,-54.562089402060685,0.24869340470341683,-15.200260328403587,83.39533054000009,48.66620586312459,35.01373533739752,89.93667459085012,-51.00115729984549,-84.24728520265008,-36.19969381582524,5.270701882030693,49.30731676280638,-94.90471474610864,47.247590934272125,33.22449698240558,78.15150017904082,46.708979429811905,49.66742984520377,-10.874646169291282,11.463307414032016,-80.75082424130323,-29.069864893679664,71.92780150146703,-88.2065946141852,75.61184486004632,33.64256144999999,-87.86734121304008,-87.32652070849713,24.968642186740666,-49.48531994037244,91.71487118366485,-56.28012437769829,75.44824445999674,-47.63692229389,13.0331951178336,45.161010343064135,1
24.417340045574704,-96.42521305331724,72.55941550864571,75.56601563040817,-4.712602731241674,-45.78074924718685,97.8902261930113,20.630024024589403,51.608084202243305,-82.91939396745568,29.26198673147627,-7.865441669001356,76.25161355260232,-85.11431631229686,49.262762513815375,37.175255017292926,-46.284079133406685,3.4300724567754486,-89.73312573526448,-39.25580928176227,-29.14685573447484,-90.8899688069295,-42.66815031054947,91.5638647626518,-75.64960047046432,8.847351522083486,5.3499499761495315,86.27167344129185,70.47109207749702,-94.39893610550831,-60.82556298417252,75.11133086992126,48.897677989853264,-35.68321192750699,-78.22367679376686,73.73877897977039,44.98262857046865,-6.468375162391808,-9.034045512270055,38.18356438820655,19.239289344498474,-85.47782948078398,-89.300358382263,-99.30630815130093,32.48314921623171,52.97790572222877,-9.373230255966007,-87.51953594462587,-11.798879813767257,-59.456680697862495,-34.89956693462213,-12.133899441359944,-50.11682371953392,33.99426978018792,-9.870593816437093,-0.19213928102728062,-3.1057351245284366,-99.5652432436825,24.356325720851245,67.24382755106404,-88.19746686539003,14.553291685573171,-72.74826751436174,90.64633927284359,-24.826582505708103,-22.66754939563171,-75.97249616534663,29.33010097737946,70.72053159201593,47.176418381471876,5.148921023708809,20.475836729035507,86.35944039041271,51.58070711680347,-45.35862235385424,-86.20129282004945,-73.94331591572197,19.46002827231048,66.40942751345565,64.59097508129179,-58.29592234908154,11.541168060001496,-5.966464045880059,36.92380530385438,40.55109031711737,4.604529413730134,-21.747064505903708,-40.2988820321631,61.928043264586904,-42.25366988795469,96.51011645714493,-60.42540639087321,-24.548699835262838,-74.63369296406061,-31.714369765814283,-55.338124457191554,46.7766270881738,-20.27698413966661,8.497465350041324,-91.49712281908116,-1
-71.02102558175538,17.368223604175824,39.49429233385672,-47.37748601783143,42.402804066156165,-26.03734880256468,41.092166056697266,65.51061045480938,42.42740917612099,-4.904856953453262,81.76529954337246,-58.82360236433577,-89.93541341306721,-35.87601868995465,92.47306329090569,-85.35087917852198,-79.37064782432779,-54.44433167643972,-73.04284301651238,-50.140929999077734,-43.95671860188579,68.88526662401736,-26.433555135808717,-85.2073625458088,-72.39447821242064,-42.980100123401186,-99.62545121616628,-99.7163559732169,-18.10074433088964,-25.777667244682377,90.87572004417862,54.83809834286495,13.145582268858476,-20.895572749716166,99.43256285589138,13.578109661081044,-13.487100146313708,91.30174924694902,-77.9511026638867,38.23542891548459,-53.33954248834172,-25.12344305707626,37.25735252340854,29.385339593137104,92.11845757123584,3.3521268593599274,6.401455093361278,-8.25333457265161,-66.7481143397207,-65.38761015985901,68.80939307357286,-81.37189819102468,-55.992015229075776,-59.70900946419413,-73.34725542311688,-11.970073730808295,-43.14626140108957,21.99534434703203,-16.26148502198987,-14.457976506242403,67.78641471253323,-20.451628620421246,-3.50274374056265,4.432339243754086,71.10608099658074,-4.560089906322304,-58.266206272258984,-14.081287155961192,63.406605444067196,-65.0444992273502,43.17009285916188,-2.703578527807778,-15.365454155682016,49.715202514961874,54.550417291658334,-94.43680088045332,-79.52675580940871,-11.944095317035249,-23.229940960378272,16.37017681889317,-55.414701855890215,1.5070517467711113,-13.518470241340879,-38.35501971937785,-99.65923439178877,-72.9181168692211,64.6605086888382,-81.79981886305619,16.62176688464993,65.25328549579817,82.09527264483467,28.959786377891845,73.60474420479682,59.797977325869766,15.546000627632523,40.437399136595474,29.038867221125344,-9.086520577362435,36.5100985592413,50.30977833250944,-1
89.44971547677173,-97.8008342683039,-64.57004211052282,3.453811288321873,-39.53335012970125,-79.49680718670511,29.901785941489464,-96.68150387348042,95.64413370531167,88.19846451488743,-60.18131601281487,-31.685922593686414,7.838758825462875,52.658982399456335,41.58956534023781,-71.82627920982773,37.82181629736482,72.78716149199096,-91.08599185747383,-49.299796778845376,43.21869649799231,36.03170935177573,66.32800803386618,65.2515458664138,-98.782493804882,-37.99563075677952,77.66154948754107,83.52663818434203,-19.970089218830964,99.65379524081374,-31.84730213022256,9.249593520577704,87.55845735735633,-75.96169171089227,-78.53626790519698,-38.665205662384786,-71.36873766718561,97.0809566961263,-13.851605023740944,7.3241805709917145,35.331660898996915,-45.644245158339736,-39.910924089995504,-99.99037522113765,-52.93832038492585,72.15807620609289,15.435439074268515,51.84268304214362,60.675514287584235,91.70165387204102,-53.40060238940949,77.75540510058948,96.16148569800109,-68.89775144834087,-18.225887809287073,81.74090483935862,-23.26251967231508,14.304193179192069,-34.16446215977574,-76.55588236108366,99.75608114974472,56.39014748518579,-72.4807697657772,-77.58578988798537,-52.70070408641128,46.67191281807757,59.16911157477773,-15.12378420435931,76.03207167912751,-55.83192554305636,95.67689289174464,-65.50722662962349,50.00750750813208,-35.991096047946485,-14.028975293814355,17.497170572892557,98.4016466004006,-71.89224419451543,64.62678149643702,-34.209147063570256,-1.7417154909551869,40.69455442606622,52.46336199538669,11.324713391117868,85.20706714713444,90.87810561030224,94.0766280094079,73.15655704939016,-0.6624457979759484,-28.148974659427424,96.90201597295405,-23.887257322801617,12.731812086891708,-0.18587044006157782,-90.77700219854701,22.825032889173798,-11.590096544898216,77.36580654979969,68.04674955424724,-92.59438054404545,-1
88.29296175530504,-19.8473878249348,46.62260448305619,96.93394790490163,15.439977346910155,-12.677162046246778,87.81369589005831,-78.82513635737413,-54.64547493607086,-37.25937504856876,3.0334056773177593,43.613632240172166,-8.906885598727655,6.472046972262973,-3.9730120723253606,-36.724918522463426,3.424177622666093,-97.4487040585139,-43.02946467787727,38.59435875473346,-99.57181613090495,-82.83784565811223,-51.18108550147953,57.86008982163003,21.737752105863592,4.284408469664783,-36.34469077610392,44.759046034957095,-84.87106386853007,46.39356767054241,68.62199131528052,12.743535909523558,-96.63333602788771,-24.249710311865243,58.990186564935414,58.44318076095493,-35.43244445373803,49.15954068374484,-32.06473229086623,54.69624067570837,-73.21450136686903,-64.93781789707208,-8.903965521471633,4.215939220803307,34.90075575324752,-78.37360553212498,61.72085043476696,58.228993108414386,28.043840873401052,-53.03279017049343,47.704649314278726,-51.097516961190756,-33.87737812775329,60.569821397656284,91.50279286432331,-12.231973456769325,-98.81649228046159,9.53680125306866,-78.01500534016628,97.04084297466059,-24.602260684835613,-97.2448428095147,-37.53587402494078,-43.55916788963834,-53.406015936893404,-15.908901486447789,35.128927175476804,-37.52233190093692,61.4012295691673,10.979691314612225,-0.8312557622885492,26.339376245176837,-35.02562378664662,-23.870787653689064,85.52406629148771,-91.93084825352645,-45.530330508992044,87.02324823787785,-29.215182031474683,85.65592011728563,92.57124921846014,-49.68212118583102,-90.78678085858817,51.849530393668545,-98.87655020091177,49.59647529463663,59.280133126422385,-61.442921088178636,85.30234927781592,27.95526480874824,80.66558432379071,-48.675194449405,25.625417234656837,77.29416939805148,46.25732749891782,-99.10621281416998,98.009308070283,-13.427692767513761,22.174927039284228,-10.2460425455631,1
-5.3056458438868646,32.70747440334213,-7.4754086521367356,-13.584623411160806,-85.7984670933489,50.85299466940455,15.761350902388102,-93.46818784310082,-90.32745779024383,90.7265215659379,89.67391055778378,-71.13759126250369,29.04752891066633,-66.60996419310617,-20.74454750165988,-12.098443910489635,10.897822864234158,70.7259857055914,8.301256424497566,98.31884713283335,13.128976476957718,-5.726377965400502,-66.022665038676,18.73051588936208,-35.284479192097635,14.32794465402958,-91.13062760927977,2.42077109275985,-63.422469820689464,-28.17801140648058,-21.267317188871843,86.77868762997267,46.35440501739748,70.09045467245173,38.68516041991924,-98.08346245736888,-6.363220794246587,90.78049222585,28.905027134072043,13.716436137999551,-43.64948433165188,75.48969673019522,26.506753760887932,65.66524921854915,-21.09548109274759,73.67924189238013,14.79494209366203,-84.03221372991996,-42.579206662377885,-51.57106005214989,61.70633515445729,6.965615648022933,86.4273634615057,-65.00687202185068,-62.397346845198996,82.91473599751873,22.028609015105786,27.828131195884282,81.36179296734048,-8.579401471501313,78.07150069098205,-80.18887382060586,-89.26933825203443,33.53733715396913,44.50983728921514,-87.0464494012684,15.733351073684545,-93.21203405531595,25.99762271859929,-38.027822695463406,98.69445525152574,-84.17152081339614,-19.54982233662544,-67.68220640608185,99.40348422631001,96.98048723500722,90.66177265344342,-17.143585055318766,28.252855437777214,20.016822380834,-15.18997296717184,-93.10005551779122,39.09935018012743,-31.729541613900096,82.61350020847325,83.72251036813199,-94.75853901599689,45.066829454817935,-80.84323489490077,-34.83460512338962,-59.460750530682226,69.69504968544015,5.171435846390722,-58.26391544507463,-4.607926753841824,73.85934749988104,4.1393950166125535,49.65767315237372,-93.09423524557536,38.37123728741477,-1
61.6240759128834,-83.64819361022562,7.394884578682721,-35.13324937692488,78.79794200157409,48.18081123041429,-81.72170273364472,59.546452669642804,-82.02462965276787,-78.19727687181427,40.173139448776,-51.06898907905739,8.964935134686343,-92.7318503367515,-61.74452579252059,-20.562622736574227,32.67252219129858,-78.78159001040959,-7.793286380437593,-79.1257083834342,-1.5766685828276792,-30.345076927361703,-13.275482619665226,93.96415704820805,64.01187314925073,-44.25853087585827,-12.710320235377438,-73.2883468273033,8.407077101223635,39.5609396988817,-98.3027975833114,-29.446306828608854,99.63494757849301,-90.47752431450238,80.42346172845555,-26.217125329275987,3.967073431026961,-19.22257653527906,-23.978800256839207,-25.833183081202108,40.374670890862234,26.315621895817316,-85.26991307893161,72.29562892692124,60.50871379531134,-99.89800219681129,71.46627402653189,-77.91447270733337,93.14532468235765,25.444716581596566,25.507297989075212,-96.1922064941503,48.10335991149094,13.06279725797728,33.878222017728945,49.57144378379212,89.51747995534149,79.47232479409217,-70.322927300072,40.609679133975504,-83.55126454975871,63.195333121930815,45.10002707690509,-12.195079862425644,-64.91026208426706,-75.65202294793335,98.99689613663966,-54.97656779434419,-82.65413686284151,-12.441975853985099,43.65749763238196,-79.81460499430308,12.868622342348516,-36.96350883115962,94.6257758291282,-81.33109510458772,-32.05345893099418,25.052579455453866,-81.86131516133304,-61.98030641190464,34.133469197437904,-54.98062921752833,19.02147563193641,-75.97135462970752,-86.08574716494203,45.24557763644614,21.745517760107575,-99.87742123894547,-25.198876903601757,-59.233708837761114,75.3957968207699,23.527563437557575,66.89010800894658,40.87125881781918,60.45138561662881,-99.16756201550004,69.96874638070244,16.52956062356452,50.53315601287494,-78.85082841260196,-1
-10.31089560433604,-12.774694172936663,87.3211384589923,44.4141876405474,92.80348142354046,32.60943836068449,13.236138245014175,-20.968940505538995,-2.071184793593474,83.29783022310284,-22.74245897089095,-83.15739776458034,-15.041163733717639,-65.44853634378254,8.681170439652817,-51.04002539965482,-90.40845351260248,-3.421112680280274,-85.82565986902529,87.6936424731625,65.1342891958956,-84.65452561435882,-38.92370360630726,97.83683287321918,-79.77496236366835,-0.035548450282192334,-8.11225067632428,49.31333476067857,25.655891813042714,-76.33518539937236,50.58971993262213,-18.361383636516408,-19.508964344206078,-2.3580043447016408,83.98027328738428,-57.809456149449325,81.91031815502026,-1.709171286389605,-15.493329023004648,68.49328144252513,-58.34288278715327,22.92932649658077,-27.78806034436097,-12.179838850137827,-70.37175645552487,20.48705111808809,40.470292173021335,-64.63652844404143,-44.824024056597914,-1.1854845133586451,-58.02883990309211,78.21216745050924,-78.97686434021331,57.117616810583996,-94.22236554560763,47.29035708396009,-8.792427037109093,-7.683000187570713,14.434375457531303,-31.255055234367916,-73.36390745902743,-88.08668492485356,0.8972377663676241,-63.82839668398934,-74.16367182608641,-50.801373166877426,-35.20149990687888,39.4636678774865,-26.606530291102757,-41.19417547852537,53.50184941936337,-13.529081926584823,-30.2654485660687,-39.82433642782362,-70.24320329401263,8.535625458294518,24.27206722163153,35.79889604906771,-6.86636469676985,-92.8684712326596,56.25475089868982,34.405479137029204,19.35966362669089,44.63585221844869,-15.415077314626188,22.842370908264726,-42.081963115253274,18.96497521304825,-79.05085821220368,-66.55333025293157,-42.63363777363347,-38.4642868519937,48.93658361601777,63.33743544581017,-36.22666535088832,-89.01491537672112,-41.97726226287231,62.699073007408856,73.90537880341472,-28.43751529781929,1
5.930115671201293,53.89858663838737,-39.80728661063675,21.25058755019549,57.689468650659734,-1.4270831105106794,65.71111958121628,-86.76696223311191,38.68442561126179,8.851467403050165,87.6362345049445,-70.67708856803154,-72.87467679853732,8.696885716602893,0.3871161561721266,-38.752150954319916,4.0320446048791325,-55.40999828844928,90.78416076934442,-23.379713281883113,-65.8879243986963,59.73747418607249,-43.320461085881234,-34.23094235820207,2.0525292441298433,36.55138494670399,90.98158178700069,-41.80831389640767,-40.769106347228416,90.84627149528433,-57.17675131741289,-53.60300300326233,34.20249496897401,8.937618686795318,-99.82926051251934,40.50961611075539,-67.14468681954853,-6.4535457771059015,-61.9692274174779,67.11772177858501,41.718661524400574,66.04006613129565,-39.80489691791818,30.31878282275872,84.46461229573382,-68.02626895257644,-86.7520995823293,-88.53514582711884,68.23774101424942,55.6724527589069,-28.652746221578425,-89.80464730626481,67.76351444136753,-6.936905102979821,-9.733757348102998,-50.980998539021584,2.769948704043273,-11.342703289554095,28.25601499720912,2.1037895459799785,54.35607045699257,-96.29852502991973,21.442520539873144,-61.11026065529994,-28.007190740450596,-20.293501618312405,-55.826073978708955,66.59228597173012,-68.59951772846543,-28.580353968842374,-38.49149428945038,19.418107242495836,55.43204092157504,-43.22260757537695,-52.18322736073722,40.26594609773778,80.92407605401735,61.09901959332012,86.69823400712247,1.8902907839551233,-60.8620026460776,-89.4981889028863,25.773631866527367,-72.78401912672865,28.580421630850424,-72.87009514798442,74.77301690504348,-65.01235106433072,-79.43646115417984,44.519947996696686,-74.28404216197842,27.710870193728553,34.13660044748789,-17.742814167047996,75.01785349000139,-79.93789062160855,68.79248488963952,45.32130450106058,-41.759548657452925,-75.33985457641698,-1
-43.80736208155393,-13.034532279250755,39.09344133797242,-0.7077695289400481,72.70950450290903,0.9591196609056283,-89.6021296044585,-9.988272114754949,-29.03362889136747,20.050282019916608,32.46358270791646,86.45337678419446,-23.27819192896831,-5.858810536812513,92.28351556931466,-9.347645494828072,2.775166955646725,88.52194203173113,-62.7366446962933,-41.32206488340433,87.42249878429439,-91.39720712398893,-19.81945548417478,-64.95514152677694,-87.17294955252335,-98.77427053726385,36.55590003882608,-43.23077033077269,67.04345212175377,53.80464775652959,-84.5456547465646,-36.060862666749905,2.0750813257724303,-43.73790590585149,5.22855193782928,70.28700757149494,-38.85250519707526,-71.94636767291429,-64.24474248990256,57.95309755893328,50.32097366462855,9.484010374611202,-89.44508348014364,-21.586389389525507,42.67351071281408,-88.29171560998441,-28.61701970569696,22.674033952368603,72.77402952624908,-21.2779316110756,-7.980348409016287,-50.964091931543564,-18.929593195565246,-94.23691978927886,59.97164435057823,65.1492964534676,-6.553523538043706,-17.56111018938114,71.89945019309596,-81.8863052996278,35.34962501257186,-33.177097628805114,-49.4667598993058,64.2719534435546,1.1452361208212096,5.142440402316822,-37.0364487930481,90.20031633524823,14.866099657471835,15.941447819578713,-58.48016639136409,92.96589002062956,52.13338886976459,23.83424199946205,57.08864578705169,-78.90654763886951,71.91899131411589,-38.39585244748138,68.681458374529,-38.96366514258715,-19.59423154333335,-2.0152772460811263,12.915073379426019,54.998508287791736,-80.2019554507163,-29.905839871805043,-50.91424819600097,-53.02524344940191,72.03288744075567,66.27065743923063,-22.832815048386294,82.52416861694994,49.10265246870347,12.01389041730971,-92.97222794355345,47.26644780400983,-37.8272834288365,-87.42497675204245,41.22225663938502,-6.245684302855807,1
36.60135468327138,-18.253165780380726,-1.5444287103930492,68.14060560223999,-14.01378452197038,-16.110401208537283,32.39378895877371,65.46042994744917,-20.441311814180366,-52.5033389661232,56.35596518574525,65.98791864248867,82.44151424983644,-31.955401109748593,20.834787634518364,78.41487021872413,48.708853927458904,-99.12808400868391,74.72676452694003,-58.027064544175765,-7.04315881249984,-43.82334538648005,-13.385098971086975,24.884985436878495,-43.03992515008983,-84.92902075422164,23.841585005964603,76.44248236346269,4.6356019679001434,47.67832738721148,-2.4944859190000273,6.980956837958985,-15.953473439707992,70.60813242330198,36.33969401656691,-44.12873535184802,89.23925678971307,-81.97934405655434,44.42950374855931,-13.199996680904576,-12.257690223239905,19.166979380144483,-84.34054660261904,-80.45940646337036,73.71782831220034,39.157261284685404,42.141472373855464,-11.449142849876353,42.769489925745376,-39.91596251387355,18.09826913096093,65.28870285495395,-62.585676959885795,65.26132546017558,-19.10337096044492,98.01962384321033,-33.49432804908585,-74.09477464915659,-91.53231059763644,26.433032967984843,5.187375002808608,48.291893768510675,-79.11930819721354,-36.57293503039136,25.628795498625067,40.48904888002315,-50.767507993586605,9.663266618604595,-54.97467457128424,74.82973758755884,-22.692141572330456,-31.779467255632298,74.7746305302932,43.931935192046694,95.87254403785877,23.072451280185263,80.60561475885203,-89.74262413146951,-22.960466684710696,73.47969450765052,-59.341287151667686,-87.39422942574501,-41.84493048025728,60.37331466522522,-71.80717947957135,99.1632437211735,4.79188596198847,26.193900437134275,-69.23805950341719,6.7857939915070915,-82.95393780253038,-59.165750944204845,45.06222817948614,-27.411233272713105,-58.40777361915934,-54.180353711153415,-55.37579179380738,-86.39253783131127,63.82546641604134,17.76729198162701,1
39.40314819905359,52.4917371481381,-21.501288718663034,47.47141547755993,18.339432461265105,5.931944789123975,-5.148995804609285,19.21639104766119,29.646693761569196,71.50612155038473,-41.8246291536835,-49.43251986194215,96.28428498440505,95.01743394153627,-61.70207701837611,-43.49182726751128,31.423767812254653,58.39220289334315,-40.71185504412056,26.811011202196667,-5.783429859097367,17.512354429959657,34.83987498857212,-48.602812429243784,-92.12196742206267,25.526070980357574,-95.71202667537734,-82.68252836412995,89.77632497989276,-8.254235159951833,-63.48057378258014,26.39641859666125,91.16234863487489,5.474657994168226,-41.530515156969706,-95.94595886538949,31.671418437059202,25.178043107765504,-93.55192600068911,-21.089444321270932,19.357646002888032,86.27594385419067,-82.42859728373088,99.50050069623941,30.159428344015907,-98.61598088303465,-52.03165030382208,71.87149570329038,97.54591106128822,-63.48025009429197,13.480316384740874,-82.07346437801426,-45.61183943739966,-66.4835033351961,18.690347834112075,-27.85420310078277,-5.120536212041344,-44.09299509865174,60.13647128528291,12.404236460837438,-53.26879074845685,-22.14794053379063,1.4354321537152828,22.054005661642066,66.18462507135152,95.8459631736828,-8.910189422207935,-30.751019610831932,1.984178936978779,-93.78107723506714,99.63037761100028,55.79710039430802,-63.228944719339395,-80.13780866073601,32.08401666877501,93.64733719392817,34.92252529837515,-9.844292084964692,12.129893569304983,69.55083231100991,68.40303373950974,23.010772810821976,-89.51122503721109,-15.17753441257814,76.96794949993361,41.081257839096196,17.320881661696234,-73.5675631972591,35.35261838359301,-75.20034783302307,95.9568226137039,92.05080217137493,16.64746077244041,67.52580399283326,-96.1650917492431,64.2102045876947,-98.61514058708951,-17.362633233793474,31.451548417281316,32.40878278206222,-1
-29.816997489584267,26.69564396522945,27.823987563100076,28.465105181045487,-37.206656524529436,50.84965193641614,72.88664937367281,37.609111414825776,-64.19367251168325,48.78103746043038,36.25642210648675,22.899892051038506,-46.34255991444547,39.61410928068031,32.746872138787694,54.50451835250888,-38.27347029520987,-75.3072852538528,-13.520727962982008,67.04585816920297,-79.28468677939699,15.415488526353087,-98.4480703325151,-6.825738260726325,-46.53105756822933,26.398268826293773,-47.508739403021934,66.31389967297233,9.318852699448925,-74.48175214252457,72.89538072356564,-34.12253560268073,-11.213270059377493,-87.35513214987327,97.98462848414567,-20.896611378488572,-25.010456552267215,-94.27081373794867,-26.194048723480435,81.76544281938675,-86.11660828197247,-90.30052622121237,11.65774928748337,-3.3797815812179834,-0.06654164371178695,32.64286545969122,-78.51510241258475,-80.04639322983873,45.027880519166644,11.742590518904322,-30.216760964713288,9.507613409846627,-76.64919279767224,-47.04745739345271,53.89345492689279,86.05918814528582,-22.127831743823506,86.68731810659057,-63.50686504161369,-12.55597446835975,40.158360181852174,41.238469659630994,87.13795643044179,39.70551259388253,68.14581649175463,13.731845798297584,16.031181992154828,92.25920579693195,47.440650285250626,26.126121196594212,-85.78766503530255,67.16847303030846,-94.96790202275156,31.491716377935376,-99.42869943656352,57.948965334897196,62.503868115255244,-44.56536544589731,-75.00862907064331,-9.96666718975861,6.594634319354412,85.72835267650993,-57.05406355425697,-69.70504635663472,-3.8769759590583845,-16.981246033196044,34.017774098541395,-70.47981095611802,-72.43187053948132,13.609702639747496,-87.61595135671818,55.716694370269124,-89.10495179499569,-85.62216686682594,-67.74287170603696,-87.61592662539496,93.2950038905353,3.728465983517637,49.343114840849154,38.36134089534326,1
-63.62398312017103,21.54735897577183,-74.32114210917496,-59.246708174462185,10.500193481577824,-20.19293647151305,13.545463586210914,-4.294326016095496,0.8911883338710709,66.83282164168827,-86.78893843556799,-32.25340884511371,-23.19618520700837,37.855864245167425,44.98254932488791,17.17261010558431,-19.42199378999028,-2.424678800388108,47.798412631248766,-25.601048042167633,-18.171242416475536,-91.99737389297513,-32.76806700298023,-72.58806329268374,-22.468019888240192,-66.03211333975041,84.07796630000738,-15.97308916337991,63.82772755032644,-8.599538124611868,41.67178720773222,38.02626958737844,30.62613405793121,92.45281560703441,-54.136209938469214,-74.43883144095741,-26.825659370204875,-72.4097979063286,-67.15586250808585,45.55829773857937,-1.8946525949053523,-59.99027336927354,21.847671114384454,-15.032160378145917,-2.0428043877467275,-7.101466074336884,-31.99814661841893,-46.94202445021642,80.00471953154516,-28.87663395888596,44.58002008906382,5.082414190801259,47.380402318192324,72.91149806043137,-39.04763975465999,71.8723191382152,-34.004874314461645,-14.837938073349036,-31.688424706802707,-46.83089323804956,-46.85368456448653,23.545666549399186,43.40348027295323,84.16495889014107,92.19519178127996,-88.33686713149973,-24.9523237746142,94.684262138821,37.625120716817406,49.660055677279644,-68.26739115441383,-71.05218034785399,-13.35371578099118,-28.381974441104603,-34.26255421063706,8.339387917611063,-69.06297471867333,69.04050705584353,-8.050445869950849,-56.120446302944394,-41.60146868809236,-43.439990487561175,-8.565900141963184,73.2994217290331,71.08541613149794,-14.917601881636287,16.881935413328193,89.03741073556512,-14.341435839512059,-69.65371201521462,-7.895122428987463,-37.79337843979924,39.97415649624307,13.528240953956868,50.28873268820871,-21.255762686407877,-89.4834876356249,-56.14569119718029,89.47471644229509,66.63170619525516,1
-60.9514024403911,-28.233903175299503,30.333365075177,-73.8579246519601,33.560936645281316,88.54486381882245,-21.793426174520263,-50.6682768389187,-95.81317643465334,-13.892835817392609,0.9274575954869846,35.4248526965128,-24.259328883768134,-67.80311366252505,-32.28919451258973,-82.48508740275236,-80.61653458660103,-22.82811063277819,46.897408064480715,49.25097887004108,59.9157288204006,-27.15955547009679,-62.650743080534625,-10.129736654090763,-5.381092380125054,-48.271952672535676,35.0647053614332,44.80175843231078,85.7212659154039,8.286895321968984,-79.29128560944321,1.2503468994653701,42.899230556869895,71.83637802213522,54.154537642121426,31.61851218793356,-79.0589686275157,0.012465318041620321,45.29418643608864,-21.42154083376417,-43.67284132930864,-33.024944773409956,45.08312615729025,9.465748468629883,-70.38243239196795,47.746221092480596,60.775275428839876,51.79133024231959,-21.72186712354609,67.5793349397427,88.72613132671694,-48.48619349526058,91.42006417604841,22.53501135704417,-35.415487817865184,56.04667343036019,57.20296177368661,-29.679906248424743,14.784605373929935,34.86716074790027,8.041815580381794,59.25540219169011,-30.826141628847353,68.77491248234634,-58.89161979196296,48.1215611087714,8.05101171478995,11.087395542452398,9.927721057307963,14.26684696445679,-96.36643581456661,62.57920743658863,7.815700095404026,60.90668527557847,60.17953153328355,60.45266657662168,-79.10930905692342,-10.171768790056277,19.57756212394834,19.801442540331166,99.22546960525605,17.757209060360694,-8.148307584844886,1.8298190511006283,-6.657939442954813,-2.222930859094973,-2.5390014738364073,72.54599209786173,23.765358928462874,-55.56001258127079,-70.21058728881609,91.67337855335123,90.46085471465207,-53.71100632681119,55.201324268411724,74.39481275959429,-36.538464580352745,-1.9029760669152012,-14.751347212091886,62.6400656645327,1
-22.159664253167378,63.48871234768819,68.83408979383944,91.61469602387604,-27.081254360491997,94.61563259446658,71.60465420144584,2.8190885102519445,89.79613340940028,93.16646394366651,93.3244441792215,-10.625160959912222,-34.185244107854416,-53.804137894387274,33.92225130750353,-73.92966405704165,-99.25606783638816,27.600647043249623,-53.545327041899846,68.99007545452082,-46.14591513895847,-5.238313007972266,-61.62465737952865,55.99244047775588,-91.287863885516,14.886751459271679,29.80889345364278,84.36909990955698,-91.8998627036161,-9.49327119413988,46.776194654748394,86.7908263590476,-52.262223713740475,-27.399710003487712,-41.618077241931275,-21.031800046995784,76.63059727436638,64.12963600987644,-70.64124811260741,-35.82699099520606,83.73683558865952,56.92798289378649,71.42359012478033,-36.029392214057985,30.034462714502155,-29.289344625511944,32.62574764883743,5.173705645653541,99.50955232347206,99.23205924333482,-56.063423274945464,64.64313014220988,26.565862610922323,-32.431876185030475,11.743617621585202,-78.7072392824647,83.06631671370334,93.06245324269298,-42.89836671672171,-64.86886130176751,-57.29616382898672,-58.08221232806421,-79.65954326504779,88.40505538181966,20.174060417123613,30.74329966643353,-84.21194430036196,-39.082771182385216,-19.013781106740765,62.106628642945594,-2.765538774265792,-98.5980215015635,-64.83346598301503,-43.638955377221244,91.37008424346087,84.4733118662601,64.1498048822578,22.771213884134937,-30.327731522334915,33.55542626446385,54.05477778277569,-5.048575320748782,-21.68879529481751,-65.29216024296872,-5.509615926693414,-72.11110053157353,-37.34416485830816,49.01701362360498,8.425409672669076,-20.584809062594573,-25.410453510701103,38.50086055557401,-56.411019819693166,-6.280298254232932,7.220044516843814,-85.88676044552805,85.16572426227518,53.251437191995876,-19.73606284669478,-64.58184723126107,-1
-8.172848752347733,57.2690028831104,-53.610580776804916,-94.56651575488803,-75.41586430692249,47.307045666958516,-3.363827337266301,38.47086123088283,86.9087761431031,-85.02083159960326,-92.01040534278113,-10.539448749479874,76.34179392771694,-32.878151151819736,34.35585405097319,-37.24357133885425,-46.00527262890759,-32.40600415190424,-45.14762996822006,17.686711283284964,-18.032304378081193,99.22904842483837,-78.20567413921684,16.18277964925568,60.38407845119653,-45.41565449345264,-69.25099360084282,-62.56427820230195,-3.611144121455851,33.985268432264604,88.45223473171222,11.339134164170645,39.71965734540785,-8.457189700353496,0.23332571263441082,-34.35964989247651,-35.98137818488971,1.279340930491827,43.78196306504219,39.30615872084445,64.82082477104436,82.62175738390988,86.00381176389917,78.45597717129635,18.40059643186906,23.123021877757722,-80.80829402736514,69.32641065861355,0.8090366246922542,92.30336132536385,-79.83695718692229,-23.458742961999462,47.29347749000044,93.47510639563956,76.97814428616087,-54.194817585324564,-91.8789556080017,-25.179021775583593,98.55025465039026,60.82820448292918,-17.558716617111486,83.21679711627505,44.52570014787881,69.22393983798881,54.39186193215241,41.31616094342078,-44.55390536109185,88.84072294433201,81.29678609924218,30.291971613983605,25.96539284964969,56.566892674372525,-48.27256642638127,-34.28438443991962,67.67039446011213,42.99915625787668,-12.810370391936956,-67.78027047071562,-49.637929909224134,-33.27738024718734,15.099539474199645,-43.924998675898586,-35.563137102388566,-61.93059414131099,42.472742619330575,26.36233271697654,91.54887520521197,71.98977970367758,72.1892686205507,50.44314606498739,-12.834577330581325,71.34506716103391,-9.822076981026598,62.75999556379108,-93.97189644733955,60.95846906271106,-83.45469847013422,-0.9619550566362278,-60.025591587467474,59.627308356059444,1
50.47490588753601,-71.97736484670949,86.77500350558097,-17.475631830275248,-22.40264801062611,-39.41381887191415,-97.123710785583,61.08600860919583,-64.58354892054203,-32.23530351543853,-35.853283537685755,17.16167884304886,1.023111148801263,-17.610690277547263,42.82382818498317,-17.807878392819347,-70.02744022268968,14.170605108862546,3.492201876858232,-13.212950073725253,11.8603744153654,-45.01833250355185,6.049505273248542,68.44991703984681,-26.666564425073375,1.292223753415982,50.93650417362824,-10.633153896014264,-60.542338256586305,2.5957683828683713,-28.86252202112513,55.73043021498188,-31.003430860824338,64.51674643228645,25.65864569631053,76.4108808557537,92.55730176561403,98.93802599290501,36.27311511611194,80.42677368940099,-35.712850938596574,-55.32793345315194,8.562179129621867,-11.606928937723524,3.055924822417083,44.715642328229876,12.315147325206866,42.37945006133711,-46.68048463391654,-7.655416366661811,80.3862918185863,9.479429526778745,60.22774165975298,52.11703413550728,93.07659527176483,-73.37118817331913,16.018387497923683,22.76078512396016,-33.27976416716159,-44.909405550705216,43.936630616537855,98.33470990674695,-82.70873698095525,91.49290138633299,-18.16060636141026,-81.29534073460054,4.929218098275356,-33.588374745711164,-22.270455368360302,97.41276084697489,-58.633683786970934,-79.46877085031261,-11.999574424849754,93.82813203225606,-26.929071396971736,8.205804174919024,92.86652017782652,-65.42490093696608,-28.451865605596026,57.55554820386175,-3.6567361494903423,5.255240339066617,-89.14872690368472,-70.93987346376844,-23.14205069054279,-98.92320247761621,-46.21419479843889,67.67348638188992,95.61405596367848,-71.40265903342573,1.8121376600693395,-90.23576672916333,92.40319539735876,-49.257974763859,32.89766193291197,-44.921910049829286,-20.535193931442492,-66.2370070800122,-91.7919518175279,50.826295158984095,1
-13.22967015240539,92.21406349389102,45.43381395326159,22.587916498905102,-29.045741632803157,90.18571890050967,-68.70465679927989,-18.450378999453548,65.26816219003734,-91.3799782103352,-67.71046279341579,-96.66568988007339,64.90341395998584,-82.91830343834694,-2.135450504975722,-7.062106310966996,-6.4483538084841,75.2584697047875,52.348541293903196,42.04866838545183,40.95916722643733,-41.684646084846946,74.32336926577003,34.1326632004199,32.38354603158527,-70.07265569821466,35.88171151902597,-67.76726242076778,89.01583956156637,15.88112621733093,-99.32423063831754,-26.87156745915773,49.3949209373541,48.993039692178655,-48.66029070708695,-31.717549474510335,53.52120389164634,12.733609018659735,57.27278732048265,71.8076739092599,-87.40441840267339,99.41497538262874,17.152071674178245,-40.87712795783081,31.235126193283378,63.811491133869964,56.026769839018414,65.71462908785978,-11.963103876612863,25.079648598290476,67.66913485922097,-84.23707217119316,-58.37322051623812,-91.20019388833789,84.2549432897786,41.16861237276669,83.95292676268957,65.47828124388286,-90.04924171727136,-46.57223090130793,84.65536797034994,-77.90541478905119,39.71220502704941,-64.25825345929826,-31.800855448871502,28.06843058081469,-15.264413796540708,71.0704478010133,1.0198123498915095,-60.94005281522507,-89.96869185682756,-94.71202338521738,17.81418571061151,-60.650839809309495,31.076629774078754,26.880188949335263,-50.959890814366915,-41.19814723452999,-33.059102745843674,-85.81449764528733,44.85429213200072,-61.0294361850324,-43.80533401836675,-45.255459383517184,13.934426695795636,16.96102953653633,16.29539213243936,11.814318157380342,29.873487504421405,-63.51127523129647,13.339811868272562,-44.201430499945914,-37.415804032276554,85.17373817735395,-62.12170342570103,24.708300998583894,-44.36346486092177,-19.299394359699207,-34.85089396493642,-61.29352169191624,1
97.13009082212014,-13.668090754064124,23.722275643036866,-82.47145064723229,-79.87250429529334,53.51352570358364,-11.490897037050885,-93.90726273820798,-49.10373367634795,-23.320571788348204,35.2796737820012,-74.777971664275,-62.530641734642224,-52.12603273159073,-45.93028190088313,50.48184664240185,59.01457623623281,-25.707332133105695,-66.17921991586971,3.889757278247515,59.116367308456574,-23.527080416657824,66.40814784375519,77.938745065512,19.227612339306972,-41.869934126926324,-51.70715436015678,18.131045321728195,51.32049965877093,-4.8412416530528475,0.7858015448488374,45.82065671897524,16.90120719666284,74.27146824644154,57.288964638884664,-61.4962256360404,-36.214856913622114,57.413900544786316,91.70372163628525,6.975763093517969,-48.02407471003862,44.06404265720667,-55.24548618295868,51.68934000151512,99.4764987650739,46.46981392957957,40.584199612393604,2.808218315706526,52.26198309047584,12.720984510832295,7.709088428026206,34.172670909522935,-65.39204677226479,35.570236861366965,-20.857426008394157,-88.38066920196201,-2.863955856092275,83.6217940068284,-96.17958310062988,0.7065251793405309,61.689584031823784,-36.83612406973889,-5.332189209424627,27.2236885848329,-5.150496919946093,-94.10925821482823,83.80573027802163,38.27823215687033,-34.80285983845009,11.093375479774409,-54.41505496227024,-5.314664916707784,0.12705918964890373,-54.67064524869591,-19.682482906135817,-32.57541549487894,-98.69309197141818,53.813130811821196,-27.96559004572397,-1.7744871488128524,85.25496466860264,-21.944888715374162,0.387804087832194,16.21441232956373,48.43468084710878,-91.50153541618936,37.32262919373517,-4.785000829700365,-21.41048725162669,-93.08505886288647,-29.25446768287992,60.896027038472,99.13924135416778,66.31007085093131,37.4219388800492,-50.32268839821437,-84.24813199997143,75.9077646239858,19.159935484362947,62.910192153966506,-1
16.673753019431928,-22.140877191604687,31.5690609206072,-23.233409613391203,13.87547223645656,95.7050936778281,19.86042322788755,16.65047846251136,-72.95653725742906,49.721741716366466,-36.619172455875045,54.367207046021974,-46.39056252427245,28.42204700510422,-26.340906468858094,-6.307752582582694,60.70835536528554,-97.67102009938075,-2.5967918967521086,9.995797276772848,82.29080069096787,-29.218834748628254,-32.72625762325805,-60.75686976594095,55.55831608393808,-60.107462633389595,50.57388890071414,-93.00362529676929,-91.9766843422969,-79.24361436466563,-41.23959423689851,-46.93872597591622,39.4716133667541,32.36431959782141,-86.51522675926367,-28.205914062598268,-72.92359133810879,-61.73104745962548,22.18552455760576,80.59534472349134,-87.31008782467929,1.4948709326815077,15.017141178474574,26.085292942731428,-32.53424463328159,57.47648508316112,-59.175543088380465,-57.959757109495946,5.920970813192227,77.15647158392568,-15.448415833179325,-30.794743194650565,-30.083070022091917,-18.781991563218654,43.07070925357715,-94.36700119664678,-99.28671346408109,83.1505545363132,-66.20311808808813,13.185528909066122,0.4393827627127962,-88.66486693270551,4.623793367910878,-6.788396336232466,-11.904925413466543,-13.817021464227935,-16.354368948886375,24.73143794229668,-45.38943823235255,92.95723059000741,52.71292440524127,-27.449359536643243,-80.53358230973153,25.811596331542304,-35.31777351452676,83.49004695794935,88.63032984220155,-22.461461611058354,24.393967181400896,7.829779345469873,63.77551022734238,-81.13510466868917,15.884114452588634,53.373172849818786,-11.6845198204973,-83.47651383973627,-2.6418751138745478,-7.800562281944082,-10.690769580462074,-64.68632021618821,-88.46613043443065,82.92055827005143,88.20577730107371,-7.811711031474459,69.05577783575146,73.13758382063622,64.79547002366729,33.17864157498198,-74.84380551561287,67.83976571133806,1
81.65317719333075,-82.61594238251526,41.67259534300695,-92.76792389504757,-32.95839052582545,-58.22345519896726,26.04944389123159,53.889778816409404,-76.35627554178228,-89.27304169583383,-38.06165777896218,48.33682579836463,15.954288352495922,-82.24534660875347,53.99472364132018,-85.55413034550443,6.8440819862494635,-60.60927395825573,8.693973996272632,-42.53393335447011,77.73864295695967,87.3375853334299,-95.53965902027129,-28.161319522163694,-14.090175295864896,-21.07900966775189,-47.43714508941166,-10.103606962914398,27.878177180600332,-56.312351002263924,40.956858689545385,-94.79409003657302,95.16637795654142,-93.90334793772239,1.1530884669610941,-39.52029603420446,46.74720234527123,-32.81574367521873,4.557146610283439,-40.57013626220167,-84.4212468809686,24.06061800867596,40.60572330758919,-83.52374959574433,26.014629972189837,-88.06522793257857,56.21955102483932,78.81950559780586,17.050030610291756,-48.99286607270798,6.8922989483616135,-9.334105736523128,94.7361908796413,34.40747574357147,25.385576525497953,2.7490288960923266,-38.41174809082928,18.005194321772564,75.57380138210254,-22.219405221700356,-41.33530471266471,-82.32810930278056,31.715273632628993,76.00440568213281,-61.17379498884943,-8.736818143159027,-62.66520356085179,-14.217477011855891,32.95985533787939,-64.35631622603171,47.202458832227876,-18.71621104846939,59.6856531268121,-5.484180076948107,-29.25801333619509,-45.44686815799419,45.62167806881854,-27.980928515734973,-95.12638146816737,86.79425315093968,-48.68729608767588,90.9252359831087,20.136755852576186,-3.6920893713098195,7.723078762235389,19.95200558296804,83.68173538494196,-53.674737659901716,-12.908550481899866,70.84192181734844,-16.93699825601331,-5.780248951413512,8.563865666816795,-83.90979154291134,70.40177871444874,-61.37594373516817,-5.221392108834493,-12.89985958025153,47.90272137163208,39.35529094167359,1
-73.19695430987186,53.43765778622537,22.19619777019834,-7.540887799878561,4.515319867349035,20.727440111875012,-45.27191642784567,63.676084955907044,32.605440744629476,-12.45663501329173,-77.49937389467365,-5.619497887095392,-26.742722758695564,60.53124883044396,-62.27355071518503,-32.73745449900889,-86.58125347402425,71.82607195024667,-78.61602712403572,-10.475225466895012,-79.03547181184689,19.87584445222035,72.1860965157392,62.16410756763025,36.592883737737424,-45.08546086408067,-62.21722871326092,-1.6119234781286593,-0.28615660728894454,-71.99215374712958,83.74474986676609,-29.199011363751467,27.949542407535915,-6.121124293734198,-28.952896533899477,77.81731666537311,-77.76613344923176,34.730866156448656,38.8448978365451,-54.15875776746179,-19.22328662278244,92.0214078337124,-75.42244210772219,-43.18198793623858,-95.90430777512013,81.10965632078319,2.156323601416176,8.571070206267791,-61.51087892775185,87.77819989306144,-10.670986138017469,-85.88840894691516,73.62311464469607,-62.85378665296455,45.92964168424379,20.604169657424393,11.609648249153466,13.081151688213822,53.72956712999675,63.324304858547265,47.490694323623046,-39.53889272390665,30.514156387492676,-92.3630094640904,22.40086783437276,-57.85662513509931,1.3962423232006387,-34.46744574299221,-34.17194016704832,-57.98516098264373,-0.6948090646415039,45.531645474458884,82.51639207738526,77.54926758295062,-40.97393643339671,-90.1829375465619,-11.247339698124819,77.27257193566436,-25.298474054359517,58.096355732672805,-77.01413169126256,71.30471241593625,25.035832935048035,-20.53557110763728,95.04234411212093,23.19290848607791,32.52177283391225,37.79850788670905,77.1569704705378,-57.8399900735473,63.67759592838999,96.50090470468953,-54.90115572029013,-30.70509201271409,77.93488627885816,-55.19586647775958,-42.01061942744011,40.119251160758665,-21.557198420701766,-4.56902953643052,1
2.268479772187561,59.459073155910716,-3.898610548434206,57.38067725105901,90.1062105172407,9.315428406458977,67.22354064144974,31.7322709879534,20.361346789089453,-32.53387823084691,-5.674726960947666,-94.37569874441525,18.173253479022904,-14.033748497399486,-13.964818311137364,-33.156932547977064,4.131070746822303,89.54656080126108,43.89404626267623,58.76718242972328,84.44617396774595,-57.21324343979055,-72.24482317747385,97.35931883597934,-34.05756491715928,-6.432397375057008,42.43759639589845,75.86468497394395,-61.41311274144095,67.16127392356722,-24.964720337379504,95.93834928716569,57.969581697069486,9.844019977372739,-50.45276719297684,94.38113653033412,37.0090351417239,-37.56335663569781,-20.690802605276986,42.00454630003691,57.375839564192574,68.5254397725266,30.38661189515011,-97.57694597807954,86.3167312620526,71.24538835261666,-73.56876053913545,34.57876079785777,-13.356272964431,-91.10111463632018,-5.97604678670622,76.15300232162059,-4.859995748901497,-68.28695411112975,-38.769287573579845,0.7796408805693176,27.96795312195445,-48.66543469486797,-75.05138437258272,23.12997965797217,-18.360433581713593,-7.74288474870859,67.63453444158228,89.33001667783515,-57.08751605990818,76.22567926092208,70.94247895065178,-65.87998933868721,-29.19405574761511,-73.8002654327319,-85.95983708840967,83.02695154368652,65.79094189841544,35.47554565148161,-30.444778990603567,-27.510107197213344,-83.44629329562224,-34.574753605727196,-67.57877805768781,13.318854047638723,35.625280206829274,15.986158137108958,86.32982219562558,-18.307988540889156,33.20827049638805,99.6133263268182,92.11984827060786,-34.8347515319728,-63.78525939996737,8.370426149857948,36.5199175205116,44.277175821807134,-51.74064417261883,46.12612162137353,45.676886870694005,77.15447824938923,-28.712633318604745,9.698647732436626,61.63815165677906,17.126360005784846,-1
-28.367456393431894,23.17263763646092,-3.290870656015059,44.562860641696744,-2.4744380665578234,40.91088560548906,-69.01493777131147,-14.5027091819464,62.37322480207595,20.493834091453294,-84.94425666966528,51.77362688358994,-82.77677789872524,-23.38823871579929,-90.66303602014526,-79.84943120808474,2.7266767857301915,-93.99595485653273,-78.52777630986645,23.870261187259786,-18.105851622244558,42.605640457819334,-15.220049600600348,-80.89275847275258,-79.82223957882822,28.943367562948595,35.707848842875165,-32.42922286093926,-29.272427371977926,16.520187356899882,34.14514801574464,27.867752700281173,3.3352785210684033,14.664742620604642,42.78854224147551,34.796254463310134,35.6358586824133,-72.59779426231432,-60.878200749561515,71.61561444498875,55.27349235981117,51.99667385975022,69.28824169666976,-71.25174879605616,78.38549562521118,-35.33538009465022,-13.209015950096443,-22.827837331679632,59.07663482452358,-68.77900047251995,-57.876692301427646,26.50988892371116,-6.52150775590448,50.84943689938325,-39.140659688334864,-97.95239948480092,-66.54305214131755,-58.639026289006324,-29.638555857972435,27.12179930903396,-24.356156620110752,50.09804869420677,10.475801652893395,-17.828649511480094,-58.439225099602886,10.672451119104508,12.400367416982277,82.81282890649129,97.91366230880897,-47.93228322019822,-18.964151066414956,4.450345148120903,37.05638724243303,-36.15418662458989,96.27359496216593,3.337131207422118,66.78079017244505,33.269068684958484,-9.925750210661462,89.85082596335786,-81.69400158318017,56.84629536050261,74.94011229911945,82.28996265508545,54.37842487642638,-8.428742147418149,-93.54080065915748,88.51625444462462,76.82096175993826,20.23187266884115,-87.99864700304775,-71.01964965843017,61.967748224272896,53.20089113140324,80.66681276280087,-68.41132246437446,15.627576919878749,-50.72864527349592,-78.49844351256169,11.33975466490999,1
18.166652113802144,89.45666792236307,-84.28430056899585,3.681604389040814,-60.780457452321414,98.96385879319021,-59.305451500480835,96.1136454121447,60.6023763052641,-33.968809936879126,44.09134829255123,-57.71374840021777,-9.55697997965639,10.1090601239991,68.49282136711503,16.284978973817417,2.0785442697413288,33.63613239158104,-55.69978982922945,-95.99765527424505,-71.26167854765322,-31.112342314298004,41.42412278887619,28.314059113019965,-97.71346466555919,-28.153771875655394,-53.118851118348196,38.68516840325469,-50.954008353664236,85.21626935738377,99.5769416456921,91.86478090164275,-96.54120484658348,91.09419809903287,9.422263947656191,-44.47610007612233,-73.68118458969796,-13.324278013015615,46.42396008212603,22.286161445577775,66.91914772566344,74.25752714693326,-48.6032675025035,-16.22535466092951,-22.554084075406152,85.32988161291394,-16.286880372528273,6.6442004616262835,-16.718144104438792,-67.49896878816352,-18.391400236385607,-58.81356993753093,59.475074954036074,-38.23163289907423,-84.04604044996123,-0.6475701043792554,-35.48901381077091,83.92137234412735,11.431283924047264,-7.428644356905224,65.53303341049752,80.68865804310715,-56.72609645308899,-68.62673407022689,98.80373836287785,81.68577905227258,-48.01468437486942,-24.283691097581155,31.307822375473904,-92.64883507426815,22.41535692508228,-73.70842157673805,62.4716277280296,49.698578346798115,-82.95911382171275,16.06810950615136,97.70755152570243,-69.2018907371329,58.932385010860685,25.39977904639153,89.12436222297666,2.4508126752997157,85.8219991607848,-99.38372034613833,30.658472334460072,88.47966626130207,-92.90809686446282,63.70449635637374,-98.51128228956527,-81.4830588782574,72.61532546942883,-10.253480502381862,-84.52671717969366,-83.72209686668124,70.59762561030772,-90.53863860826526,-55.89630631954938,22.977576596038944,-32.539484627120714,72.55512184255741,-1
33.51154770420544,-55.90275818596493,-45.16786668803883,15.518673176231502,-45.71812391065713,95.4013908877887,-54.034654840476314,-97.26351704786379,49.04294853816691,68.79869438840495,-28.943205152615477,-89.54417934624807,-76.49963195752534,67.11434101812975,-58.11865721001328,-83.3922484379627,5.92890540702669,-42.21259666848347,-0.44868727862072433,17.823747196047307,9.54798189382737,40.03751216609132,2.9959621296689534,-64.55812403575209,39.09512083781547,-67.17711208084194,11.001817294970252,12.54040107421352,87.19481694214485,-39.30315828968784,-74.09467801992953,-1.2461017254676818,-63.945692796324785,49.417241878965,-63.472204859640314,-92.89932625627353,-88.2740881802769,32.26964126238394,99.57957055084339,-15.687648776616086,-19.124759856750885,56.50112718987185,70.07162104790731,18.30204395380035,80.95396028439026,-13.318253257304718,-98.83167997569795,3.154457534744722,0.37860503203039286,-0.31991486759616805,-70.06286657987235,1.9566731483168383,-1.6182970670265462,-11.151215839535595,-85.21432702267701,-45.164512065131255,-84.45750759929467,89.85016392695957,-74.12872675752895,43.92531490322827,16.166451850384234,95.83023234182423,-82.71932790562477,-63.36046636357429,93.57011102439299,-39.209668262364914,19.720047366732388,87.88855297982613,76.10655551801315,4.75927467445571,-27.69191690031532,-39.95945292929031,30.65498241284459,29.640343976515595,1.589246199809665,10.700646669773334,59.11780275390936,90.0415746198496,79.52700214883146,-24.2119976510033,-50.07820962403782,78.2645946099756,59.22481093670555,56.66668669937252,96.90559006880179,-61.37924770605232,-54.510853692748796,-57.39233715776946,-93.92421833116866,-61.46435820264353,25.207289664110036,-6.984679368579222,-67.15442586486402,2.90855984688622,70.54580455182571,60.14895566924773,-65.29895150770588,-5.759388855207476,-39.9022537169768,-70.36489069596827,-1
8.528926941515323,-19.829716647272022,-29.874613758163846,22.786716952012355,-33.73059857938985,-60.614859109314324,60.70753189252068,-7.203660366622529,15.39632248353638,81.0597998021031,-89.9649299360052,63.93540055609182,-13.576752639614128,61.018675359905245,-43.29856194581212,84.84368696853201,-96.4084272499698,46.447582818457505,64.05859212183546,-57.76839251361461,-80.26852465343819,-98.23703334110547,-31.53854303449606,15.787311881400655,-41.510907800520826,96.8036300392721,-19.096719376973653,-83.04810534493564,71.97029438313263,7.628686016290871,78.13571912109416,-33.11076262433505,24.518179588504665,22.62151919111794,-53.56428996327898,26.307381948532083,94.8544481055892,86.97928970351481,-52.5611297732129,-85.54275348993663,-48.773781807576945,56.16292621705912,-20.99766599726061,7.798401818392179,44.43772249513489,90.89920569095594,-6.537524368986396,-9.514622706658884,11.547948066222375,54.88234231738085,54.1926048970754,-21.55595427959443,15.719293935909278,32.32537230647807,19.53670050675123,12.051091000231452,-79.4930037424608,77.89846914281767,-28.330898265428274,68.21138720615093,69.06723701173345,96.32054834290125,69.74511409923895,-90.0012764990167,42.973699753736156,-39.97784047495343,-65.84891320245788,-82.30242729344937,-76.263899894263,-53.00728531614152,-85.47570520420753,18.780230732221554,-77.93542479510569,77.56819556307494,33.4106006540089,-48.91871193319517,-66.85790258567472,99.09304770211841,-41.31797852226875,1.0308189702366661,6.656918333746177,-94.30735566328683,2.5422122952303567,24.93191877598207,62.669497039975056,51.899899375515076,61.21066914629799,41.02644313165774,39.79207850347731,-16.02791479470804,-30.427470096388177,-23.321071127025576,-41.974825036426736,57.40439069116613,-61.626131427748795,67.22132685108627,96.86184637355615,10.370438607512455,-58.643476076769204,86.98577788967032,1
-41.28163114710133,64.25146093440256,-41.66748425813935,-21.104744285992936,2.4727555091581337,35.92406654702157,37.726325861575106,-76.68338508886066,88.10079057588052,-30.884082825837396,-39.0193751229873,82.44164735630511,27.644883008122292,-34.348982144532584,-29.00097683721164,43.804564086720205,39.20628139782275,-65.96947177109662,-42.16434922871137,-63.91523558372592,-9.732654969180544,19.469860195570618,-47.1014253305043,-95.56809289109569,-76.14996646370669,-28.167212273209373,72.45434587058784,-61.85654939905094,-39.1113102019252,-86.94896217499881,-84.01697813067865,-49.89971506081208,-32.50506099266539,12.868233574630139,-15.152550940945318,63.22511473079078,28.54670905406087,68.72760256915888,53.5481619705418,-26.93214727785991,-34.3841564205667,-72.64333121589613,7.497630566838325,-1.1135598342023343,-75.09690623327592,-12.94555222721175,74.63681840012646,-31.97159585044858,-61.99814103374954,96.10543365945855,24.62389761893691,-30.322497776957306,62.16197929649431,31.357402192885843,-94.82792329228059,-87.28957399090551,68.90928385494149,-90.72636623726997,57.56885271940325,-62.81441075030361,1.044910064599037,-1.6564711699593317,-80.23009414667747,46.71350453018766,-4.130845727332002,57.76406127045058,-89.08608443304922,-42.00198391726453,-65.34150270810098,47.2752135428596,17.553439045576454,42.260634475785224,11.441182136409793,-82.92315009602898,5.60691191426281,-1.7101537794757036,-17.11743384226945,82.71861630905937,-85.4773137263192,28.91237825391667,-67.87595851559149,-26.91047666247539,-73.43226864318024,-97.1762733028344,-82.11784985377636,66.55271022979875,14.978506196338785,-47.92709489956226,-3.5443945287869383,-54.37361348345333,41.22942514787235,56.40071620041479,-32.58416940130424,41.10743534206921,-2.494157306219577,66.9533947528281,77.58576083197113,97.18805395562737,26.79399122820341,70.54578733535018,-1
-52.472491201520064,29.183448266320255,74.36870554904641,-20.60369658514331,-9.929804218917468,-57.60118906026839,64.94864746940152,23.025828108239963,91.52632925451758,-62.16084152192902,-5.168410824184065,92.54651677222782,-72.78875311367142,-73.00430278567158,-37.11317883771892,-4.601616924365004,-19.54106438473626,-68.84967542689404,31.898011624916847,28.33514203229919,80.27998824584662,-10.77713857496245,32.544484673635566,-25.62797693338112,-21.661044897832113,7.846105467296624,82.97567612347407,-59.64008373156196,72.14571187761695,-56.568933301787006,-48.484243500400126,-51.03765374317288,-49.458428058175016,-56.8997688332469,39.398466319687685,-83.78501677054024,-36.84292331202421,19.754740826723307,-74.1852669386341,73.89182056808087,-50.28845859665192,-50.2568636042275,99.36428997923653,93.74749777894928,-2.666276598231974,-76.71846270703611,-31.942706580320618,58.416859314790514,87.03820609151401,-80.58613436901268,85.68414218878527,-81.3475604182142,99.48054138860684,77.37605702420814,94.46633569245824,86.95615826168407,-52.5837190137457,-75.58406447698087,-82.45294024939373,-24.269705749526764,-54.62073200875545,39.609208459866494,23.826374009422807,-76.21173462923267,2.784370616945054,-61.73399394195114,-28.651456461372945,-26.50673608221237,-79.58079765800055,61.59067930919494,2.317552453356143,-99.35792207959464,-3.6574492244491523,11.415165916857688,-82.02743977649797,-36.80571156141945,-21.235766080480147,5.309637503681387,66.25271994848273,40.771049129776884,-38.345750126289936,33.461882877331334,-53.75231288016287,-27.880593369484956,35.97261494611479,-91.85780526317268,34.74050093537778,-66.69546414835264,24.078149473791214,-81.62092694653902,-40.41424038375687,10.092749690724645,-71.79237637716815,18.036864078993958,-76.55768989393074,-30.16243026594634,35.377426165093596,-73.99059895706344,73.27393505281518,-46.707315035550835,1
-89.70424975000213,57.83424772146765,70.11634581884837,56.40561753407718,-1.157510549940028,-13.45417279605907,57.47740535046657,19.382138109331223,45.78784002103146,74.60862940304068,24.70106224946744,25.129982588290616,25.018310537305723,37.14255376493617,-11.392004672967843,-36.082114748000336,-35.81291233611192,43.72074813803911,-18.160671242870038,17.966878887951125,71.59038908046728,98.51797518676895,72.48087045861783,-96.69257508786583,-74.11939988028642,38.679000519675554,43.17000310536221,3.948497287453449,-71.85132732176936,64.47270276248611,87.67300303805189,-60.961237144814895,-29.065834677937914,-71.88417426738354,-25.746615176985827,-30.484019128499966,25.9118111990293,-71.63003561615157,-65.40609507938498,16.80383597356918,-1.2561591075789238,-97.9649994821465,94.87171992317772,89.55520629349422,55.06579619068515,32.78001842325821,95.12661307310108,-5.379827701981839,-74.18932269811877,24.911500502418235,-69.26126874602102,70.582584052957,-35.515566777309246,-44.92585517566581,76.7450303906823,-4.263949159965037,-94.47672477901408,52.97140982100822,4.4727895683805485,-1.9372362073397227,4.69967685770844,-80.82843858660873,-29.16398664038111,29.51323320894707,-56.599903952891786,32.910732791281305,-41.98478333885485,55.2884111368536,92.78760788720797,75.3894843879333,-31.91188677134798,-86.88586792920543,90.97205860381936,0.32340823725058954,75.03158961835354,4.387133558220626,6.903484845940426,-55.41870714359203,-46.60612161225109,19.15581568356346,92.87400527035575,-35.50956917497908,23.618383807466174,30.035524132492554,-82.96975182981956,20.398143386909354,-23.069865543175055,0.45832957840579525,76.90925737401167,17.691824564433148,16.437644883388998,-17.601515039132295,25.639322075856214,25.032223353436308,30.438584990827252,26.7000724276854,-59.757521538369176,5.425431945868397,-0.49324405880058464,-64.24294339717903,1
62.559913451500506,-58.71574564787936,73.62845087550107,57.72299293448128,-11.91172993751519,51.801056504386196,96.22358157358715,-79.95088725542468,-18.065426141496175,58.787026690370254,-85.46688248376866,93.1219662761768,19.055368220810905,13.264576033306412,-32.06787590371145,-23.71823801937532,-64.0681421940176,-39.30935671007876,-4.818734505359856,-42.12951795555075,-46.668761573499104,-32.101216988011444,-3.157386848041881,84.92250646659437,-75.77228523021971,-46.931505038613366,-54.57472688162688,-52.254237617771,-30.26042092767267,-72.48957770497206,-8.490918525317582,-48.121678515828826,-81.36224280553743,-62.71662895796306,-54.05306917629429,-21.15160243301672,43.53846210826646,-12.813101821774353,-52.965952175077646,-12.832072213089447,-56.435082534271295,47.069064362840436,-0.7250384054291743,38.05790598671666,80.82814978086,-26.52254216960843,71.03916123939572,-92.68684441817831,-63.42515037640577,-28.55291667664359,94.48133894206347,46.87415765471877,91.67011260027854,-54.26497632267622,20.273435362600623,-92.16525858356188,89.8059084089615,-3.9753964761974743,53.67361371815264,81.4964013904966,-57.1308879872652,58.495369542074485,-21.247615743345506,-43.58766433576133,83.150347797228,-94.55413675878785,12.875116050586428,-10.130040206422535,35.36725951100556,31.630937030543635,46.13570889698394,14.493870848342823,71.13930409879436,-91.33679610899685,5.719682433393203,-33.42010864039952,-61.52154728136414,68.95254691334699,-25.74497191910234,-62.998051477801596,-35.05971290775858,-58.36262619947614,-79.22015938247154,-21.882695774257783,-79.44789291165245,59.96814289291825,-44.969068162540516,-88.6460834862313,-24.798431774015086,5.916090087629016,-26.91853135007338,82.07942453765517,59.32365694547286,-70.94045007121485,33.91314563341302,19.639282826264875,-25.958113197467597,93.26817045087401,22.45987242601592,-64.64181898293691,-1
-91.85423953620597,-16.214910099090417,30.065137269387378,31.295721466300535,-23.232223391004098,83.90620493120994,49.995559690414154,-39.342821830143414,-89.08691834346021,-82.5106996400229,88.94147633449634,19.082960324021684,48.950146325984434,-68.69415731685176,-53.18844499650017,-8.867835689381607,-7.508636586970411,-91.6239212322449,-57.747416612360716,-97.01000577915222,57.273477192339584,93.2818592246858,13.163598571893615,-79.98706568669334,-78.88487155610733,31.324389894625824,48.7730561776342,24.911727183478888,92.31579420778317,-13.079526256401635,66.94759095539351,13.106375384811514,94.05874654975045,-73.76297921584028,97.91741482813396,-53.22645127252474,91.99698164753505,81.22751751344686,94.20582624901994,-67.90470473659163,-30.241882293595808,-18.880757912838718,31.790169401089344,94.99809305373941,90.22740928835728,47.12483004350179,91.13991178377438,17.3759583593518,33.59452193385522,-72.10706908019301,-10.734849511559673,-86.60208149747402,63.321841120215026,-21.470983632758347,-71.20300375703827,43.71996301914561,17.632822016041345,-91.03465716930029,-28.162489316686987,-51.76033086575033,-37.74861542266079,-32.91707439538183,-38.43444214813321,59.117071356424105,91.6245889123542,9.044883854820071,-85.98759080215068,-93.00374438866939,25.019637686224755,-26.62879990849885,28.630349075944338,-33.82261198792689,-95.24744875638993,53.51669350856582,-26.47906424285749,-62.839521358708936,-41.23612008570543,67.66869417911022,33.037520177987574,-48.4697615149946,-0.686649817128469,64.52743062082928,-61.72346424815247,30.04976860337095,-90.62132666247487,39.40502274240444,13.193744727468882,-7.583666453675335,-87.95910761002025,-87.19215738312653,74.31480718672802,30.956873425512754,-13.621367587954452,31.730371171305507,-75.26805556411362,92.47126608932726,-52.639355456670515,40.69732829275759,-61.06260055177128,-0.5621125310854467,-1
31.738726323788995,-58.018881380882846,-12.276916162081903,72.2739992726872,22.514693668963844,-61.68141085303485,81.56770277670682,22.559167107302073,-17.17178635686676,55.04690777981119,-42.4977601232482,70.31628000344747,-92.49426849363938,81.6820214537139,-0.7409748998720573,58.05198078833877,70.48777712837463,-94.20065113281039,75.28418872089856,-88.85289469971957,-78.62332498259372,25.17167941402343,-45.2256360589258,76.14971541483789,-49.46407445213019,75.36959965029129,73.56570043298652,97.00194956588925,-45.66107676614814,49.85506736482088,28.841096368138466,-68.41072551564638,-98.09875951637888,39.764116248856396,31.16687752348105,22.702936543502503,54.4452746771359,-72.2079258515575,-84.5946607257537,-87.07907038273581,-45.860563815570465,-91.83329092938732,87.53075711159565,22.584970104547807,79.06543598878221,-41.89811744436221,-12.29975034508459,-6.24425234379558,59.828877794332726,3.7523891603015898,34.913530225397324,8.431621504669778,-21.890470655108032,-16.57277143792419,41.55838547523538,34.981618234389,6.5438142566598145,-31.26708773520457,-58.56461450271793,-76.42278674239897,55.71760167615045,77.73115247609368,44.884337034608166,-56.6735597948969,50.2351187412105,-32.86822994436123,34.795545483222554,-13.120944785941731,38.2888854830623,-13.293081109113729,38.85091260390507,86.36385365122277,24.267861995574762,-21.606652665781596,68.36523363810886,15.57270489819851,2.400807288063291,26.07799326834987,-4.825660708826888,71.3219610574782,-55.73383747445653,1.4530319180242657,-57.95429630594524,-75.41847839744091,-52.49433901818952,-41.37278014345465,-4.421493707156628,10.06918459169708,63.27344086343288,92.84844130743355,-31.77364578820341,-24.529154142026186,-1.92391820209221,19.146452486447416,18.424143921283175,-60.8442006937707,-67.67349469643128,8.638594881932278,-93.04647937375104,-91.45036118142215,1
79.21825998469865,-58.13013533265794,91.13029964595069,-87.97153147984295,1.0413547153276426,78.37442896214694,-50.488045944022716,-55.89914731287058,5.094061471178634,52.9301900769747,84.92835822572732,82.22410027839152,-77.27079226065612,-18.72671894450771,-75.50371662994056,13.172614711923899,25.781028984723008,-64.00007667786264,-6.43016334159141,-85.69939513367294,-50.12484240082158,-41.85122682186522,-59.03969501216662,-45.189158514090444,-9.22934886298954,71.92878211307922,-91.32066116878963,-40.36054036981411,-25.754470448513885,-30.720136047429534,-92.86511672789352,68.51767588673349,35.910372457037,62.95373626940497,5.478702817569442,21.591436762009025,94.52554827928378,24.805687434562756,-93.45313187915627,4.9667027602753535,90.64320610123727,76.82080458964222,-53.133641606798406,-61.1996371169574,-96.96540316563305,88.11185215136896,-28.105684742131686,51.85388393267837,27.71395561349081,62.993467603969236,66.16702909361922,9.26277950094972,-28.295564239430803,-56.387485429186015,-68.21850360385312,29.58380943202735,69.00974257348614,-3.888175041113712,-96.02488082764431,67.34683651053217,-34.066198900326626,-69.7367076367909,53.01247954229984,98.17547737479188,-78.1471028757698,63.7721032394235,86.37422224309987,-44.85554981141311,37.303891744892354,-4.994419847584638,8.263276328410726,83.2007521891341,-69.55380864921315,76.44876011378918,42.14927475573913,36.89244519546446,-98.27625448021993,-97.07013028088221,-43.0253323473837,-53.27809474188785,-83.18995354723955,-57.35376674449218,-11.236916423589946,-95.75817295069216,8.26607185061907,67.62299270861882,-66.94803707207453,-50.469193667456565,81.21972046442386,10.784209747172667,-68.72260031329517,17.086123060542164,-98.2203186636019,69.67150852593386,64.47394018183437,-0.0852114143151681,-40.651307444987616,-7.013374147134371,25.68877402658798,64.39145134457854,1
14.687577624657223,-18.11766956175191,-88.58262878213702,-26.338093898630333,-94.4926560261069,93.36909995985707,-27.914634571702777,95.67095741137132,28.363903360287054,-60.90839992632002,-89.6685285770718,-16.215275041416263,-20.789104512906647,-56.928143429078304,65.02697513228381,-90.140067518166,-9.563412127978424,-56.87204745483017,-77.92115315001325,21.28195534876008,-42.26673946490791,78.02302726196186,-80.24618972024975,83.92068388428731,94.40841883532471,-76.69107800027348,-71.83762758140011,77.6215838022944,-55.047952468236105,21.000612267606613,-38.52545615919103,-79.04834809230039,55.734932978831154,-60.06806267020435,-53.989126450620596,84.16131740156243,96.7678017081549,28.835618033875477,-26.403018612458425,-27.434255054625282,0.2685760849558676,-96.65778125245474,47.2833823552898,-89.04812277793866,15.661329889545826,-17.942857869368183,82.26163263251416,-32.29726224586855,6.790946079584884,-85.62242171897547,-22.484799919856997,25.337980445071537,-93.27815195742066,29.246642950276794,4.6827654236225555,24.661606187841542,38.67096997982179,69.67542773452331,48.76495407702646,15.998351407023435,87.09123112119522,55.379931175916624,-25.458097645420935,-93.87734402058423,72.06861223202529,-76.77234006997543,-90.10330257072555,81.6888705514819,70.45288537078383,35.59215052308261,20.258881979903236,64.52754940441548,-16.206310471770564,-57.20366325456618,97.9736109016844,-3.2889469198016883,30.237584910109092,51.85385682611158,-40.92562474820105,-77.20534957259817,80.02794656514007,-45.55406490480964,63.86006482107899,46.66888998322193,47.00916128543278,6.637566068218987,58.67761359728931,-30.23775528244211,66.08738327231666,-26.274978183667244,63.495894552424886,-66.91160167824981,-81.01389406687545,-1.98231577263374,-77.94145299284192,-83.8108168442198,-47.02680351013628,22.46372453346727,14.212525736263345,4.541907750089152,-1
24.061910270692934,25.501092643674014,80.00462467960224,9.086373881381093,0.12485361408356255,90.2846441691132,-8.083188557275392,98.39254944772867,99.38988348233394,-30.599532917560012,27.821569398941264,66.38830833761043,91.03503209562649,82.16484406607921,62.12076965203221,10.365746706833704,65.64255157731884,-59.76540657721985,17.364089014712732,-36.656575594956784,94.25949206131841,43.52911726854853,69.71753140617562,12.88836833076266,17.203275495659327,-44.85407260384881,2.9534748150885832,96.93711078304781,-91.67935332893573,-12.323820571813698,81.54506862586854,-95.10705944821332,25.489121963388442,-84.5176651549414,92.03768600198507,-11.428338084116191,86.8660016433889,83.22216877392754,-32.400793737615416,33.79061549146073,-73.40954584680661,-36.0359426398307,-23.78384587153886,17.397096601357887,-8.67420216977169,-75.44304037616985,-25.363308027263656,-87.63942598419305,-4.066563427983041,-78.23153543449078,22.86590821214611,-29.22391870727799,37.3776623672004,-18.70365993699754,38.133277952285795,42.13411980825424,-93.57764185268694,61.19675896566534,-79.90727826805883,60.38845871788968,-16.205809923444264,10.024239397277881,-7.81873764622658,-94.8843450753617,39.82961283020336,-3.2491696648194903,-28.504482128370668,57.23942059382651,73.25871058394696,16.28972755853897,59.61188830582728,84.77106791019389,45.581460664129736,-79.31699144611022,23.234697082629353,-49.58479827116622,35.00681495413781,34.36115892272426,43.783305346341166,-40.05768609130953,-72.45014467594042,84.04085628379903,29.139215913644364,0.12173674401981316,3.5767840256752663,-61.6041194462515,-62.7737442647343,-20.566387733744335,-8.671052404360395,61.86843499500324,-82.55305956623098,-18.173656448382474,72.05315382535929,-8.038373380025888,-87.34150892085437,-66.01182788267981,32.21581952149123,-14.868054432377349,52.72542911961369,-23.702921104335843,1
23.00144533983395,-69.66502405344977,-46.201319112980464,-9.124533088007823,54.77593114603127,-70.53939114420594,-59.136723320205945,-76.02178130545758,-76.97076432095977,-3.3535848249129714,-59.20107927812253,52.42592409006491,-75.90363551230641,-43.90898704798894,-48.74152492615649,22.76918900154486,-82.88008943544634,-96.07789350514928,-9.249247949929298,85.05292833139288,36.305205977330075,-90.42688021877858,-45.38370993573633,38.85494928717259,96.34544347633181,-69.85260139376632,49.354088923885826,-97.268432714784,-13.676896525530168,14.128836509008963,33.79032835212499,-78.59786547911582,-12.161566863466618,-87.54988201170914,52.07747643610071,28.146671861489097,-18.316258500261483,-96.47949525973101,-19.38489145995439,42.9538716998519,67.87879422398242,-24.583365223002374,-75.13907263701631,91.05732276989909,69.83261402872412,47.79430639065791,95.56229782763896,-52.79447896143496,12.646661748701419,-53.38603326102977,5.52246627167645,63.306619713440966,53.66305958564433,13.579645790034945,-18.858755871726714,28.37215575260396,-34.65426188249876,59.21713925391498,73.74655933159673,88.09467261228764,-72.31079811995214,91.10612858857493,-72.64137307033407,83.46678402924789,-0.8406250119344207,-59.630466291257925,-61.1075024535437,-37.613926302461586,-50.88397342685296,-48.23262088681965,90.64828266372845,-18.4996037533965,-47.32412721634256,-12.978253461820671,-8.01787927595943,-71.98479125944888,-53.766608116916956,47.514994430451566,97.48991198265026,-98.46179280453762,22.962990531127218,18.2918862664704,33.45737081276744,-67.33342229697126,-67.8215698180802,61.20408543325124,86.95598148472615,-17.741809261840032,50.8512478845995,-10.023495389551854,5.169855814596232,77.68249932395622,11.40813381438079,68.45723355239267,80.66043321859286,66.04218236078819,-99.88818121941507,-56.70944530313407,77.70521835962421,96.51512904970002,1
68.97506219389092,43.1944457694795,-10.938948999466902,18.06953809175458,-38.73730024435746,-0.49202957077956455,52.17026618615634,-66.35926884669635,-23.443179919391895,20.1890969075438,15.297780627973182,73.40232138212008,48.261741670152446,-61.43207821155088,5.462179128478667,30.75558459123127,-65.84794330992287,-81.02315397048507,39.063789924876914,-88.36644825581506,-64.3203496142838,-10.054917881578774,48.86074346747321,60.62483323580773,-87.21536716161225,24.651501934626268,79.8678818036806,3.210164468358556,68.77699313312644,-95.46263156351048,68.40775672110425,-66.42421978343074,-69.06493937441746,-81.72571188771704,-28.165469888139953,-52.50466099887519,66.19123551130264,-79.00192497497298,55.47462584210976,-72.21450401742743,16.338116949536044,86.45851517463342,-57.71739684481918,36.42519110130681,-87.71939614092878,-81.15438221182647,-83.87774230675649,-31.831628984386384,15.689448600555053,96.25793198401038,60.00369628968346,53.88108018194322,50.90434494697115,28.6347590678684,-85.02627411546506,99.93912187095208,95.75054314390178,1.3864206791969451,-54.276180711928234,57.14852262450452,-57.23631772801856,1.721559867450864,76.94019391894116,52.138938617248044,-51.97410193070049,76.39153370554652,77.48096043054323,77.80823318674624,-70.01169136288857,-88.60350929790953,2.9659563116043017,25.380810640511157,18.83387127048462,-0.10552593724409576,-40.952578130564675,-95.71689226586287,20.84587922990397,82.95777265964159,-19.639387936451328,-99.00030926246464,-70.7871770128895,-68.92590251563044,-39.541464452185046,-57.65651079192209,95.78939066077322,-74.45388815491361,48.31250778170261,-91.85604412569211,-92.7635884929463,65.98981843884101,22.187557285921656,13.096617523962408,94.16059768370829,-22.811822569065086,29.53343933896707,-39.27220343817437,-37.62426720239487,97.30447906450846,88.46532021541623,46.797137473660115,1
34.34013688117133,25.178275287401817,-48.687443259727246,-77.04622562615651,22.72082284749169,-19.279799527681746,-31.470970695495694,23.877993873300383,-43.343119301484535,33.33713037850262,65.6371738646906,-67.82794130298042,-46.2802134170805,-69.87780938629618,97.84333668411722,41.012656841075824,31.831108920026878,-48.63368508658827,-6.1879319557692725,11.626831625642993,53.45566021072966,42.47880569458434,-3.7447698976766475,-9.34005227069143,-56.454193150595074,67.92489917231214,77.82899239915707,-85.27634769326366,-43.022272219387794,28.33730159495994,48.85618785883284,72.63746967361124,9.228894092675446,43.74078990039462,98.6967043412499,-87.77940870267929,23.167103092886435,2.079124504019788,-61.392767557135784,-42.14566125510439,-95.47568857457986,99.98019540184632,-75.92704764395407,-14.169499089620459,70.4695601905276,68.38772612849715,91.66187254058698,6.393792155836692,35.95131753647439,-96.46161537577034,17.38911298269035,36.45648092042205,-22.376261855924923,34.19160681405958,4.630579862787187,42.75809009832224,-36.48066607312561,94.8799664318291,-28.0964615754919,-34.4998992982199,-34.1364139499363,32.035219554593084,98.73843508136619,-17.640355078679335,-63.21809282488295,46.03220096866235,-26.13332043904859,-2.8918800266034737,-86.75380230689387,75.67753325052925,53.79138813467088,-79.53159356560045,-71.7264390978717,75.71828149085448,-70.673345265536,7.322064659340327,-34.919923455274855,39.04729084899816,-37.34154936806888,-55.43301015862259,66.70856683019215,-11.029987786367144,-49.29063796913138,-72.84022872997502,39.84088555036621,-80.23150166628146,-73.4288331082484,-27.87530503858156,20.57319504489182,24.14109936001762,88.47954445616003,-58.38566036173698,88.60802289829888,51.590044092318465,-68.07826570318723,43.381519023801644,65.1978907937303,41.96072862233734,-58.64787027057265,53.86053456792271,1
-92.53036225015711,17.245966403359446,-73.45684919138793,47.48675374429712,-43.863356896805136,96.22874635836439,75.47009062656772,-86.55316398188776,-84.14394307376165,90.680575876419,-63.13972060998019,32.57195752693315,-22.113063984465356,-39.29921817040955,-84.40122671811818,-56.135919757723585,38.64190844377356,-88.44236059602717,9.768351118694767,3.4802579649932284,-98.55601059925645,-32.21275601259475,-36.41213405863544,-98.86957903176305,-17.932481132845822,-65.12865846982567,-77.15030934838873,-49.43324336696775,-97.4714797199963,-27.33324361674714,66.59954844788359,-8.290245704119982,-60.84323862791903,-91.48180920593738,61.956805347662765,-6.575381461372103,-9.862342278962274,55.445704000331546,99.31134784694984,2.186115318829536,62.7832213132169,56.43901701361477,-37.92732482318413,-75.6775770085598,68.49084087450291,45.57552441423465,-48.71426106965846,-14.10166426043125,-67.57812891395972,-57.05329952315432,-52.58741978046388,-0.44821217961971627,-40.737572310591204,30.16104850536678,64.85797510489044,79.78963711620887,-44.57143168408535,39.027594505499536,24.35003938613562,-39.45706699524587,-20.3260038345783,63.795426412487046,72.67142592138842,6.5060078128391865,3.582588541576385,-73.21419451406193,33.62658774005729,-1.3613581607304468,-35.81489965133062,6.081624682712558,47.84799129311011,-20.25926896483692,76.53745019648727,-78.8043603889549,-97.38150086023056,21.070397311905936,10.82267641804036,-34.55164632259611,-43.09923049729429,-32.28052915866546,-12.34534677064687,-70.75311868166753,51.96956658745927,-80.74589141624409,-82.28035941611478,6.208984891129134,43.98953343500034,87.55193400488653,9.760345320216302,8.148609428769888,-20.303719436204176,70.02204494312812,-56.68686588811873,52.01150709706306,92.48268039794283,-5.1798141842375856,-41.67213559102356,93.9396200226904,39.53973906810708,63.00780321647454,1
80.23160209819778,-0.9017367587603076,-26.70769302572043,-83.87969724857507,96.19747563253702,93.40705505122924,18.568036101622027,86.0796840338651,48.454278450457366,-69.37109998320877,97.47369446244,-97.19709649478861,-1.733913617573819,-39.35836124806502,35.73201876537942,56.40036511878827,53.152664209508,39.30143669537782,24.750676873846558,11.646350055932203,69.75054011304701,-57.23222210094714,-19.453526026606767,17.85435224741734,-57.69427482731726,81.62641131212615,98.3015376557004,-24.18265539022957,-18.954843414133208,-9.454914674012002,63.01479813652199,-33.72138246069676,29.5156981613718,-98.49178145680027,-39.69119734222693,-4.129542156833338,-7.588039621073946,30.42217144374564,-44.08579892588611,79.1123460653755,-36.39871612111993,-84.29775635785121,87.35441393741712,84.12277959006963,29.96446732999354,59.2799977541292,-44.23267735786076,-28.75941389805803,87.75765284261519,65.30013339614561,86.94847259539648,49.413546862036554,-44.88883692561878,69.14137273040924,9.212499326091546,8.793927159541099,-18.06458483536501,63.11988737615491,-87.99547977507831,21.541633474820273,12.084503723173668,-75.42756068357619,-71.55828103705464,33.939477458346545,54.19586699148968,21.48671179400708,-3.095233182680218,36.492195728985365,-57.82132157450954,-41.52263553714961,74.12840748299288,-2.998324001345523,-87.78146010360103,-48.92941732645999,-3.9109522999642365,84.89445504875556,86.58596145604622,95.10476905637881,95.16210078680533,55.37596528611479,59.52078588667712,62.83652929689421,80.26079724902465,-55.943966440615014,81.65683338351175,-95.28662778386798,57.01510157546349,2.1972014784836347,-69.29533913452886,35.75254317571785,45.27317223984858,33.82121193222315,83.83472164902804,-71.30198226436721,-59.51989214675941,48.967518774079,-9.564467793899013,76.96473825857387,-46.76370575919548,-11.443356363075921,-1
55.282592148399374,-20.563294076309035,3.9547897112035315,-59.19287307422023,-71.48117118361824,30.930137373190917,-34.94187632765045,-14.308419230240915,-90.88296841026624,-51.83923678536535,16.6211514559796,-61.53684544312989,38.680170685808804,-23.286521798541585,7.315638005724054,-11.693197924220613,43.13253041446228,-1.230597051687738,45.39597426916308,43.78138892095805,9.072570426728333,-27.84231978425467,22.415863640771832,-0.15769929334665278,74.25458152347892,95.69133443685678,77.79832771126647,86.20571925551252,26.150999608153526,58.14962371549524,61.71723388581958,17.594849674069707,-65.48284119014558,66.01307443915587,56.734718603920754,25.133865984981284,-8.450126523560144,8.439128977214722,22.061556308019178,-80.3377079525525,72.40129445371764,83.60951397628969,67.6184453413903,71.5534185732817,-67.3271956198179,-40.85521900966506,67.45715556995222,-38.34840209903489,-79.24996461589322,18.987987798798827,92.41168960552764,48.647450555816874,47.96326687764204,25.96883537590034,88.27624999540583,-32.00882035235959,-40.80190094484124,-16.815612394114027,61.199690911341406,57.407168439055255,38.135972436499344,-4.749166157014926,92.0204609801047,89.4593926785717,57.92321394339962,48.50149133554555,-66.10844287019253,65.91563857940957,-8.876673831568183,22.32846676719447,-93.57497034810545,-91.84143034787647,-1.4564197716064484,-82.32055061567445,-44.731198520890516,24.49402327032388,-25.09707646829034,-70.44058772494786,87.99966352608752,53.724845977659555,47.31092840043826,-44.43309082499653,60.35409823394315,27.32279594312172,11.998581856281803,-0.36787453541498394,-51.216948864274926,99.657832697977,6.263448056003,86.65682831020177,-8.277484955269571,-68.81297701081138,-81.41453199689914,-89.84745823729145,61.382576360978845,52.129894473397314,-6.609828410550193,-86.99954014001207,35.37453333369146,82.79709804346803,1
73.21277790008168,-92.11463772629882,-96.35348346472767,-72.15092577648096,2.0864978008464448,-29.408299309528687,63.39478145436735,-61.312931408703484,25.136382452270524,27.0646693416642,41.52411714810705,0.37390620490074866,59.8164291543909,-61.69573558997037,-77.42837105744755,-55.75243603866327,37.606103790396276,-89.54472554555886,39.643090698894554,-33.468680035821706,-11.501737266392524,-49.266108175660705,-23.685122434896442,69.52227484312985,3.2679637676653215,-63.7899279055705,46.1085262993158,54.50528463251888,-53.76972648746459,-6.290610041705548,44.89208465028236,97.984298254988,-1.9179277726389472,-76.8294445992471,9.04221576348003,49.14822731028053,81.30612642389787,-84.51554733343198,17.95057090642112,-36.044542190220064,30.42166810318733,-85.61336970372685,-25.54827162104955,-92.50281057493194,66.98816064274249,58.155361714515806,-57.70809812262265,16.421536636044465,-52.32286156930637,-86.56543262099821,40.379868773794726,10.924281825722318,33.896872161614425,21.451641072041383,84.61888917673838,84.81146307200137,-25.798322587041838,-10.164720768733119,90.80995198558364,43.763469385452936,-89.8842629666525,-52.988113991615535,27.90038036274322,23.30848419781026,-26.845262207311094,25.235308538493427,21.87841861726561,-92.90819529484735,-22.686406207366844,-13.400014699725475,32.561331311986606,54.99765773955053,-52.807274808014014,-37.98096508647741,49.24408429499519,-88.4051107884174,78.52898795942173,-40.406827715932806,-1.1956488517658386,84.84756648416868,-10.615741632632194,99.22500391296612,24.018408150455613,-37.88433757509071,81.46334399590867,53.14808484090628,84.60953656786518,-63.50605476983713,-96.59695326205424,-88.31772384313598,-57.71134614986511,-84.08590294848324,-76.63429558473906,53.55368620200173,44.37008803494794,-36.63115470093508,2.9189225270346952,-69.43449823119676,92.9117941329377,25.545507114768213,-1
-25.871570586621814,65.94836074144033,-11.249956139085768,41.53618694818314,66.72999238751711,42.884832814248455,99.12622189977668,-21.37921848811979,-20.133483960155488,-27.348929664837954,90.66143351647452,75.87861136143908,-93.502680661967,-90.60711551846654,28.951345318018582,-67.21594759061102,-16.756593793537107,85.85219503957842,-24.0198955354592,32.26762276724253,94.57132094206858,-35.99780215058732,-11.216660390692041,71.90554104949797,-53.60630956844283,51.136355409903985,50.986346614447655,-57.824431878529566,66.22779288707653,-30.98982613558863,19.430140896629467,-71.57860803348353,38.51547587938114,-4.166130520911636,-70.62562483335853,15.08818530613307,-51.59200144479068,88.42932061323907,-55.870811064208596,64.59006400444324,34.10271972375352,33.17130881157544,3.6716532603867194,-30.61733592582054,47.678433057228574,27.46272593342654,69.1209590196793,-92.17089727819669,-72.19316823632448,94.18241407255297,-25.815267968204765,69.85716643110436,41.805238140000114,59.507452116375305,38.971215957863905,-21.047802852957247,28.307272849110717,17.657576767099272,32.82177809660578,65.3134768897126,-34.75827734525119,64.30062878039183,35.10783243265908,18.001480660703905,66.93482433607272,64.59316803548455,59.17306095386371,-37.72943131433701,68.16966591783705,38.04587070180793,-55.91537838100149,-52.24511620354795,-64.26967364916698,-78.9489309507918,38.65911644394916,-55.744542644709895,-81.73965867865354,86.77367472531893,-10.252941127424876,33.49179030072605,68.46091711072734,-52.32138118642828,-25.38765826459499,93.36324048390458,87.08944592994226,93.07125741166286,-5.876215141100943,64.10996569846725,-61.01655445114946,-34.88548678645651,93.82688633528014,-93.72996310493431,-91.27069927126288,2.821508220349614,-57.36361506803351,-50.30208263008038,41.82644263207783,28.68002579901068,-34.37602853435028,70.4413350307656,-1
17.155116254692658,-5.586610978000152,-15.65581462530892,-7.892100545171999,-86.71123112884503,-92.21400733486651,-23.44024711272243,10.132675888170311,25.13015788545529,87.61282791362626,95.4913126367685,-98.27619948164394,-8.359038949556805,-44.961957645304864,89.15494340169218,-53.730257359969904,6.1718068576951595,-87.10186390883075,-67.46955636201989,12.107870483354176,-24.61000566274558,-73.1137834328532,84.41853071446633,-28.640748869013095,54.72732900115216,24.90360307286943,99.47622536276262,75.17714427339027,-34.233390623761935,36.69054868421006,85.40242258501613,-8.30647797085524,16.705909773182654,-93.12739415662779,-54.437941864773705,40.09549393802837,0.7794396585165231,95.21903582229771,79.37564836598955,68.50541025752207,65.29987246020156,-6.776116146448203,-18.687699315268148,44.904567715784765,-73.71892563890725,-53.11970925525284,-99.66950237160577,94.44293018925399,-49.9026316797555,-78.74102790007171,10.878395673383096,-21.122580051671875,-93.32188583420486,28.752389990564325,-97.59897332625866,38.95150334287459,-61.62977142562895,-11.844469490721465,-88.25541312513371,-85.55568544889856,-78.68187708403416,-58.346904133091826,-39.98157816123915,83.88195337443321,-70.19201560091793,-13.244199182591103,20.63749761945715,-25.718333827472833,77.84609320708981,11.706158816205473,89.41628998076914,-24.810854633100618,57.52903684625147,-5.5154527934950295,-37.732388780867645,46.779553029428655,-41.25766244315563,-94.00187244796004,-25.43720561579208,-17.626270799899004,35.92767321149822,-30.955987889164675,-41.441248830554024,-35.45896219296041,76.54293821731727,-23.085379124639644,-90.37152266007824,-17.140727281220578,-1.9932740874350117,76.49564551950075,-56.13549860359151,-7.479807891376595,42.7673564223191,-44.00365720196611,92.4884392712537,33.022641257713246,-68.72976474483406,6.747194857950859,-41.797881016957206,-39.576843656743875,1
81.07639528385272,-48.1153133137415,17.070872879350432,-34.61367673238418,97.60719323111837,-39.16025607274383,-51.70070294862643,14.608440123803135,-23.57210503348614,48.313221693365904,-35.80059087182043,-55.90590380012603,2.41771533973278,70.29783632930932,-64.85695083263482,-21.044936645663427,1.9446343207130354,10.745646279672243,-60.23429394270401,-66.29707130816315,22.03571524732837,68.43320601227663,1.1966658314126875,-14.023448375030398,94.21449172556393,57.26191054205597,-63.17399538376303,71.22604407060916,61.22236353168097,-93.46899308115948,-36.442918282627225,-59.119245046892765,-0.7529652260097777,79.52280166847706,-77.91312573825671,15.712011039823977,-30.82198488359535,2.678014705636201,1.5076650184151106,74.04833164940038,41.275841980608334,-13.275982937446827,86.74952704994638,-31.50874294067296,-84.4051152956377,57.49791372587475,-36.12566671234765,15.009433288790035,-17.972402855711707,-2.4394022262370214,-14.659019838974459,-0.015794517759886162,19.496626746155314,72.57732164989719,-93.76382717304743,10.482089343105216,-53.08596802594507,43.42997661676216,-45.15416579495479,-50.77377765635494,20.046953955980968,-79.78031353058867,99.48005526392186,-16.5516002674467,12.233488749284007,40.04197877125432,87.29020689443226,42.39417509853851,-71.71935128422004,-8.591309389158013,31.477787112714623,94.70418515801657,42.41550241429627,-31.492986170340203,-30.88058413323087,98.19576318857332,-47.02301148346961,-65.60551780490569,-27.32324179042331,36.07291155743141,54.03825942250813,-26.140687014672153,-10.711462805436994,-15.146548142477585,-43.54564280745037,-65.05199487362054,3.3383433128120714,20.057574138825714,-92.82454072400405,-44.23348977373238,-80.62976842336738,53.5600346696622,-71.75693303584951,47.14252202660657,86.84534968787193,-35.39862590123124,67.90354393476983,-89.67652494734642,-44.771337633051274,-97.89864315396584,1
70.601891093472,24.84759918279842,23.33006290414761,-72.5780588542002,-77.01340058808663,27.190941432745703,26.283784243675285,76.91737764592276,93.86436245683578,60.48035689026486,-4.978327013632921,37.33572234482588,-82.77284569019274,-18.421152643961918,62.48273152478009,32.47437198255071,59.56047444172154,-79.7943507017483,-38.468982528732695,86.5558249375469,-96.01970325198444,-96.92674985305534,70.44284134459588,-77.1417428326287,94.0153237820002,-25.620800091764792,-3.263910848426704,-57.416542879138866,99.10985294791382,98.2803726099223,-45.69330341829949,-92.41661118527334,-90.8159887817474,-63.40532331702611,93.10216491358659,-26.049498405394417,-57.6769345301237,51.46835613451026,22.532249430399816,27.147355651053815,-22.607784096452548,-5.840117012838391,-67.3237087070899,-47.87469733258487,-94.2736590532717,-34.176917421034545,-35.47758771171647,17.354078498779103,43.35960586079048,92.77777362209767,-54.48746776426285,-63.75434216324598,-19.39353309149024,-81.57547837078529,56.08473379429532,5.594301961673182,-69.12530175185225,-76.58256652903106,26.445339154326604,-57.249378540103365,27.852512417584734,-78.08124508662529,-69.48456163103828,93.92406823828571,-36.84074024719539,32.92814242036741,-34.898022955901965,-59.639183484912216,82.83930720186018,-9.839347648171042,11.403815328732108,-40.60328630900531,-36.85924030191676,97.80454366240716,53.24862684184285,38.72086838437582,-0.43905056429902345,-10.451338690304198,49.20666288595777,-30.65209183944168,46.3369884103642,-1.6187258879134987,-17.46639583656892,-23.9628354259809,37.97654827887132,-32.76899117958865,-30.703878034351078,81.27284740910969,-47.120488741105035,50.286403822977235,10.724155912974751,41.06299504436498,27.610421791146138,-37.199553614766614,97.98675310723974,11.89725152530228,-25.36242128988424,97.15606633439054,73.53312194017786,-4.081110927848442,1
58.962260708329694,-67.14684041380141,78.81984073582689,-38.74927584267767,48.63863974632068,49.48888131933879,3.8449141560410283,-69.9055457988005,40.347654775451446,-75.92728475800278,32.947840982169254,64.29425055523816,15.712786455870884,-8.07344912870795,-98.13794184752926,5.491292744346438,-59.401288161760554,-64.78214241122922,-4.811556490455175,-72.32428749161633,2.5181850534592627,-27.1694361790789,59.19464871046023,42.02900751930068,22.98683558342948,-56.440176976715684,-90.67281990768193,-31.9549516955216,-79.68867931416423,93.86602507033209,-62.63311874108339,51.81819227920542,-69.60749482435698,15.62813475242406,16.57720030944354,-3.965311628082091,-61.49303645524533,69.50640069240356,-27.644493112253187,-0.29477517072041337,47.608361002841235,90.21308802883269,-12.458070716652173,67.71207267960352,-16.618606955304685,-6.52825455456383,17.77387804144226,79.14022038230365,-60.03054818288733,6.260960393238776,59.12602285946156,-0.8494742679290255,63.574611500785295,16.794930457653393,-87.73923565310719,-61.0352675110136,-58.06424440098426,56.00834916735295,-94.74200402496398,98.88513777883554,44.16469791332008,-55.12402914391426,38.09318875627679,13.523964246453886,-22.113006704309228,-52.696355831055875,-81.88832124020902,-83.33008372847861,48.784351311833575,58.4994065113263,12.166765622342297,-31.85624673859894,93.60133124132213,98.48888990143277,32.56481350403993,28.739647396861443,-94.19420555905704,-68.9321898964572,-38.862769507755466,18.467296020014686,-25.200718754460965,-34.93623441847231,-53.98022923456398,94.81138257403038,-68.63478053206094,-82.8338129977994,75.60650335618567,50.05770432979176,-36.434743127904,-38.6668824780146,66.49873997471926,2.1175728182111015,74.60965515739437,57.89040019867406,-56.26351423620872,21.80833598896173,-61.32822898714356,19.114040979705237,81.19158275786543,-86.62165783967176,1
-22.980454279614946,87.96642472269502,-3.695529697489988,-56.9596255965525,81.92536388731847,34.826059107212586,-76.92107156421653,81.83505281071714,-87.59264727424369,-11.163318624326692,93.34122800369212,59.71116762611982,-65.20452009563928,11.575836715577111,82.86808853329671,37.62353184127005,95.701193386538,-60.703469519416274,26.70705872323404,-78.70364734305872,-49.41763888874257,21.238707484828083,43.57357022625271,71.59904454547171,55.71060510370842,-72.58641149191038,-11.727984262875708,-44.61966205181247,71.12553630704673,-60.28951929258142,3.402944777343194,65.17068686779297,-17.64708995472452,22.40018751137363,18.910512472189595,-41.21668062188686,-86.5542728858379,10.696990716865585,-18.561430062829288,-68.36602191811478,-23.67815640345495,11.988087807335262,-98.79559192631872,11.901726687465612,-91.33225333950405,83.29306124650788,-80.58450190526851,-63.285779469370574,92.36908090536687,-39.209618667658376,92.52833258937625,11.361888422350106,34.699972163693815,8.341804974783813,37.956550228008894,-72.87667629139676,97.85034569591093,-39.905881094360886,81.52362097569753,-95.42441095561931,-80.2506562609658,-30.413883790705427,-66.35357640141824,-39.29275803158623,22.5516481684227,61.44911659869473,-48.65601161733404,-48.52258727817043,64.69568988414193,31.295596766048448,-96.83387670938122,-14.085329792417213,65.32373410208862,-28.774318553370676,85.51316836793092,-93.71211540509059,83.15370354189236,94.16163198342755,42.05437077882374,6.119883688152498,-53.69779111103372,0.8078816316383381,88.86857555664821,-52.43885190551083,13.454592885639016,11.392242061291654,95.41595490873937,57.29010243551869,-15.994456307561649,-18.946198395968537,75.58617804592993,-82.40924931510772,62.82717580245293,19.246720874579566,-28.8782126742762,3.596593676995653,33.49765431103302,50.12352100783281,-10.272427885422147,-24.27582529200869,-1
-76.23641674638561,47.606723285274086,31.77709404653143,57.13032361604638,-19.64423986913515,61.414180773340604,29.72779135376311,-92.12163326143612,9.71768301093769,49.87388732899137,90.93327137581377,62.18703853452212,-30.542305138860442,91.19601176521445,-48.58078212097765,-92.28168761237323,-34.00502094194471,70.63459572934448,-31.65762413166233,-53.194364938625085,4.798633492933433,70.59122273474975,73.86802158147103,82.76295966724248,-42.22254012515465,99.63957585757151,-43.92116428192989,-29.856298109149805,54.0060937403033,-22.32136392322262,9.593559358785612,-88.09117239950075,34.77307878393762,82.33660086594719,-22.367710407936613,92.24694077843779,-0.12088016578685767,70.1861654866482,-81.68159317110626,0.4256191571249843,-11.492556844541312,-33.24504154608687,49.33028656751901,97.09635011432033,94.09532928835648,-39.20594480579891,54.17913665591638,-8.679815158836846,34.77787978927617,44.297081887309844,57.41121916914659,48.406532478751274,20.899718506632254,-52.45639479584155,72.92327296440467,-58.497074949953955,-33.78773468102099,-82.39179845913685,-27.48475016619834,25.812280938535565,47.0317595838801,65.84633854995002,-20.721929606862076,-79.9594930325372,-85.11958845430185,44.77716802231316,-72.37770405099799,-56.51904005150743,-83.82471204130432,56.205282061648234,-40.82126649082256,32.14258620964071,-4.857980722640761,50.048077458503656,82.91490726524097,59.83598644019523,30.946841793142823,69.7339688668772,66.72591989145926,50.30678224094234,-52.93495759077756,-80.66049725058882,45.82698634829322,-8.107067099110154,45.432510889047734,84.24172087414453,-45.9867856896387,98.72743552167734,0.8741324296268402,73.24974617698581,31.615283551187048,-23.045557862962923,-72.98935465820169,60.44376172219722,76.48963559215872,22.717282909050198,-86.07000178559974,52.09866302873678,-81.2223791557634,-15.74606480211942,1
55.975109171524764,-3.771979629036508,-73.9827519738736,9.905907179003393,-23.919890205918065,54.584296375223005,-21.453851345716757,-46.900718514185535,23.421188885731254,96.54790818207718,-43.44690858798028,-41.55020865212242,-85.49553660910371,-41.0597260228944,89.46137984739241,-44.548316730162774,-86.82156699360546,14.680325179540759,14.112280924921293,61.80691004806832,-53.16111487663741,-25.857868592443197,88.22806702916805,-82.0243439798724,35.90160454731108,-72.60697523814103,-62.8196576887466,-74.17271918673313,13.00355378122211,28.799590726094692,8.589987589622552,-0.7934220117170412,52.92992231807145,-84.04059068810852,58.10167623463124,74.94530104424163,-10.173886821301807,48.66309873105425,-65.95707302359904,20.111531212125854,90.61355725409166,25.343016020769767,-82.63908525707295,72.16832061949515,-41.82800521141383,84.32284465608893,-83.76365892166142,-59.066210481210504,90.5493201985077,-72.08907908728712,59.4853860766365,51.025357866826226,-50.23368886682338,-11.512162164238006,39.78652536905264,32.47341903733613,70.44175706217732,65.83469639983178,41.31801178052447,24.076389953126395,54.63579565173103,28.872774669980203,74.25370456408439,65.93901298657096,62.35145307544232,-29.820384833531293,90.59064001756764,-81.44924146842266,-74.72637972766962,92.7446194448263,28.377961844967672,96.32312645001645,-54.602339278240386,-77.03096955872243,17.234236963136993,95.73957695820582,32.237786511111864,-23.349113273487205,95.25075679522598,38.74918041910718,-74.66943885804099,-11.057421718779509,-49.379695114778514,-51.341584636743875,72.18391563933741,-86.46086756310785,72.28863997939922,90.28844494890055,-23.495831983463503,32.30451023344838,27.89038462534124,87.13964152112516,64.78685824363353,-52.06723989112631,2.1282737388631716,-31.167994077617607,45.791193097213124,7.609026624863986,-8.010250268222947,-53.86033774156216,1
-91.36801760988477,46.51441944205007,75.70311226026959,-45.38583800543752,81.89092218744841,57.24113045221159,21.939485030523187,-44.95216379259834,-58.33692199829641,5.009868049076928,-87.81889135296346,61.023841750932974,29.503959114032625,-87.86338620986353,74.15943446762265,-67.67246124308164,-11.280059736362574,-45.00416160527196,76.79955537423734,91.39835377408829,61.185630683071736,-50.6765154618652,99.71204969701373,-22.568921189203365,-41.53333774332351,63.00155539675154,-49.89111514573597,53.070398783930756,-82.66428776983386,-58.30110500914789,22.741296369915347,86.72330384607346,-43.006344484537685,39.34272007060565,-4.996648601316238,-87.11247488946154,-12.746573039116043,37.03224012283724,-72.29864443496817,9.997796422843379,-59.95680058309964,-49.736206274736915,29.727473827657718,93.99040956343731,73.23558432901046,-87.91760166110116,75.49298993435559,-42.20460075039358,68.60287096899253,67.3492663504918,71.51174127254058,-43.46903356726468,-26.261117650945494,18.312972520848888,-58.87095531012092,50.60819926318743,39.6785569998425,26.57718000408255,-99.58859585428755,-49.030189104959156,-35.27246633217567,-10.193006747161974,-0.3289815398736806,-79.6361165026438,45.71963110794661,-34.25841360509585,96.24767020132688,-75.03651356907793,-53.16744966525271,-16.697824391574613,-78.29656255721838,-26.728577021930235,68.8064699505016,6.524526633485067,63.16326015302377,56.26904801922748,-50.029326548982134,60.14622458847637,-10.515685536856267,-34.485706756670936,62.142219781476456,7.356341732849131,11.298261499354851,-63.59529577664571,96.56014537261103,-92.91532203136978,-54.138193375937995,-57.55760637965752,20.11966478935156,-19.216309328995052,-87.31786350286201,-90.72874673347049,-51.318634791776475,-85.79562461099097,-20.961520443838538,-46.98838287249529,-34.16980705023758,89.0333128072217,42.157972249753925,-9.535816612950995,1
11.04016231989246,-44.00418126794317,-86.43258817896562,-2.587616236212824,53.212955307060525,-17.27146501627294,-29.2421682527128,-22.53549640493719,15.698501645866017,-97.85694046092821,-27.319213600114594,82.35702247635427,-40.5571772309808,-29.658036408238345,-24.01514180759709,-37.6593357014376,87.22511430802692,-82.61208786154917,-99.98943461354064,-40.39149544172882,74.94039686534242,-85.7586564917535,33.44896572664791,45.853281167326685,22.808721394512716,-65.41550047454777,87.03240214935562,96.76918456950915,93.91441036731166,52.254285925072054,2.170472992759585,-76.41873763594316,81.90771398267773,15.440447225191491,98.35727105758596,70.58141754508299,51.12154270035964,-71.65695835048551,14.748848508917291,-17.958998943293537,-55.41622766283189,-36.76438982475831,-97.65947463782148,92.53042804548548,-13.368356130560528,-60.58729319113676,-95.83263474758381,-4.977808303328231,39.33338238018533,70.15987566392278,45.37641126371946,-45.36738878395459,-51.53900106069851,-22.660458010518923,83.00535611847909,-41.77901889456501,22.370296706345712,58.09548982837137,33.69305103377954,81.88563979780133,-28.886329007788362,28.386827953144206,95.23105802505631,36.665982711658245,84.31291514746894,-35.50035186100713,13.295565010848094,-60.371023780636456,99.31081227867779,-52.95801481931004,60.65785946290083,-87.15735666597688,63.96451755965654,45.10998804151487,-35.34461550636763,16.56449110115095,44.70250361785648,15.752678660427023,85.57741909473293,-97.30969413905702,73.61909376606454,99.2920028838569,-8.635464710143495,-21.32651787334639,-95.98351386450045,-84.23522090933,67.63838258575751,-66.20689506565358,-8.815982555466363,-21.00997776372438,55.05953752424401,-72.93177995084619,13.165779363559409,39.63120064092976,96.42228105899596,-17.4977935946131,-43.91263657638296,-80.88318376664994,-13.218551327595591,-50.36702330188365,1
51.027451134723805,-4.024875939218234,67.97226057334407,30.194693430190824,-84.62758494476729,-84.8832772291866,-83.54553514458763,77.9826752725725,86.34808066330163,11.634236778088152,-44.980223688175116,69.35700037394906,50.986507957010076,79.922497874463,5.716840287488466,-3.8703943375182064,54.40635719447096,-55.9780339961673,39.4182276521517,5.353781453898392,-38.04708336296259,-66.59164373236948,-75.54225576388009,-75.22388694088761,76.26497789299034,64.17066093893266,-81.82021970509044,-18.797492762356157,31.89803421753038,-52.734796478108414,84.00016694993099,-13.099461256139122,63.11739610315371,43.95228260386642,38.144578845793774,-17.29662912428023,36.3363180224834,-76.45636018347453,49.03033070535716,82.5763490445394,-79.71837075249384,69.24641762497345,70.39744363695414,-14.571214978004335,-12.685775338281786,-56.60045078793663,-19.418076727669487,38.6175517539146,66.80888324429645,2.5322890734594807,47.82090724174145,95.79315329038789,-95.66399766660764,-7.470326577025602,-12.54909986338157,-81.15514296710167,20.439615939509693,-37.89264492942777,65.47297424092196,15.793932803249149,-68.39028347968039,-53.687963712146725,-41.40936578180132,72.88586907015952,-80.67571910773219,-39.20607914118035,98.84159798121007,59.374422759025066,49.65656335180674,34.75549670399943,18.268126663336034,8.733468311664552,-72.64438778720472,97.664523697493,-17.48020063071425,86.27225371546362,-26.34639122656837,-75.52424676487841,93.40670171834614,-11.838405228964689,86.519599356475,83.28762865788494,-3.112002526986828,-64.44674302227122,44.43487428287662,-44.71672779266483,73.29730869409838,-67.1845352727272,-72.86248073694239,-73.07899309623272,-54.371135085560574,12.374213250081894,87.96708496966482,-7.311288800884498,72.94179101227266,-46.069813180543576,92.94049421200307,-7.947676148644604,-89.86929894915583,-14.153777337271208,1
-71.40166358943283,-72.12878518543518,-9.052028873228181,15.996757485626262,20.588575295892312,18.127566798927546,16.19007597763587,87.70595669462608,35.50916103675516,-15.245976013815323,21.46488335861318,-84.2746578020484,44.289831421914414,-35.887355127815084,-42.75513855200113,64.36029185084007,-60.18353743440845,-21.256166069392492,64.57761365870041,64.64527184929989,-69.44991366647668,72.72460018399067,-61.43961946670815,37.96825668719285,97.19438879006873,-9.57955884713715,-78.41885655540477,-28.38293962132437,99.17128583563246,-74.5893499523992,23.01023310571297,-92.17354910322813,-41.824053551156126,24.351877219079455,84.7085513872452,50.98536732753894,88.14934461553321,-17.712752514667528,87.66595571530371,-46.16927180578205,82.64884515672674,25.8244438677999,84.05718892728356,43.2773115769823,6.3485463229282715,33.15861903952316,80.04330047612129,-82.66851892116576,23.018673174880306,11.371751147452372,-19.537760696200507,-55.80365533336384,-18.302449363713123,70.96223126345623,-40.54829061926244,-5.84184439155689,-67.06501589659584,-69.47573842995394,-70.59381189590343,-21.50966222754664,-78.45155225366358,-24.793058081091132,-66.45586942594264,-82.29589005717179,27.423289762459675,27.42331495292258,-69.09239926140933,5.658146340791433,-87.96119193974164,45.66208840956517,98.53659041673194,-73.69629099615503,99.76755225094698,-39.70895870027034,-51.10242588803238,-65.05238152891349,-71.27471342357777,89.14435098466444,17.446065652681966,-71.3602524149272,-74.65431963486209,-49.45279861347678,1.6897372757595406,51.95413950423554,82.93477513478007,50.35776616199729,32.20807537085088,-1.4652095461017183,-59.803813591042896,40.613375453562924,-45.77614579703708,5.001034412487201,-70.71508329415425,1.5742095261761335,22.649046893123796,-87.64228325235092,-47.96107183870602,9.354095391559582,-2.270473910145185,-73.46936607396051,1
67.19602410244116,73.97927241242564,-9.536343096339976,-83.56566650471453,98.56336779981407,13.017062490551254,-56.46652008389279,-49.42837634997777,94.1880499209237,53.888515884311374,1.7918080844095101,-85.98626085576211,-44.495439019521484,-4.570724802190142,-86.71892930790052,-54.016325827673484,-20.85103403052912,30.924238703092584,11.052664521588042,91.42141920001029,41.85440233396261,41.1239608360288,88.96709060414747,-51.8929826968106,36.8419341176741,-99.4944900336182,0.018467156446646982,17.807788121668096,55.194781749977636,18.018679897601558,-65.74347274156973,-25.438002159358902,-61.25681154408793,16.982300054363563,1.880373906194066,21.389082567640756,86.92107761545066,-1.5115478266996831,-23.692231505290692,8.21418415972326,-28.14461684708806,-72.24190552980605,22.579687396303598,21.58082485942954,97.01910466795954,-7.008995276453916,-68.06209750758319,-62.16562727965813,-23.481297099799093,76.91424128275347,15.27412197110884,70.25447738042095,69.61512327511656,61.24546482551142,-95.29194314408203,-16.708456200977366,49.95346517016753,68.18840489836509,28.439941601149656,-29.29423862243921,-92.85290882395505,99.15617843362841,89.03848389186177,60.24028198539014,-98.90733515162434,63.82319970039282,-61.665698829836614,65.7723642936111,34.641114657879314,46.709858794475565,57.75417976315083,37.024394430105986,-70.86423825638917,-11.626575239670586,-0.6004712932747225,43.70670805848968,-76.47807761604754,-48.63637047201459,-70.85804542625422,73.03225467530922,-36.98142880669173,-67.73631864369048,34.75962259378127,-81.75449572075435,0.044567781779079496,37.23349435066555,-24.820329347335218,58.980642525657856,-77.97609521532551,-3.4398950395104038,91.2424223595846,78.4919779304796,23.994732050075157,8.380576054055183,-17.310257127514262,91.20215607737595,-17.415933053147967,-80.62026171087832,85.04254133935959,-64.14540777550272,-1
-21.551190980053534,-52.244570846339535,33.50997985829409,-59.72724357280512,-53.523135388790436,-96.97786315710499,14.857515018042193,-74.80896072412835,-48.76169711212901,-5.046198791269745,39.33779757463938,-2.7034468535154303,39.40260278685258,-93.14041973933766,83.97418682610856,-3.774861636630874,83.80765540573424,-49.32037848812547,24.16652655483857,36.24185156430977,70.05974731435836,-90.17462122162954,-99.21413571555644,-33.72117221147252,44.95786023908707,21.99629856289431,-54.64608932984669,92.8291591731116,97.00676900119194,-94.19201955815612,2.9964807391611714,-85.20222315961898,4.782335340879442,9.218265059278522,32.295353771257396,-59.465618738539064,49.92423111272859,-86.68561053951298,-26.3479523539839,-41.317817996121,36.12478568054729,27.287068914696107,21.49636348980222,57.80216861096608,-92.33018981491854,9.254764202251835,93.3299993364225,-72.6623360552234,-28.704366970433497,-22.27738782139184,-43.39723938381053,90.32544515566212,56.59313256012658,22.759791808416168,3.7472871577988656,-80.26942074582051,67.08117577661247,-30.088377497794312,-26.0895158654358,-72.52052379792585,92.19173701242852,-79.6683271990007,-50.14760854170286,63.74194261146175,-44.01692789269096,25.474424134018946,61.516080280891,1.2915090890457606,-43.44385662448009,33.73210470819424,-28.1451176047876,-27.667921564780215,-96.93032504747569,-64.923807411203,93.12221045720591,-80.98242432529273,24.036526303762187,59.98922524168296,-23.368838247477314,25.3763606460967,-11.388742612014127,-30.221905586721974,27.540771495573125,69.66506348433174,43.184546984424856,-42.10865903216001,30.37601433461441,-99.98128122834554,-84.48559791165809,68.18449049103893,-15.577081257632358,-48.02609747401754,14.527341314504966,29.896637342901442,-51.00651641733221,82.50769987982613,18.887140189280217,67.19944836898713,-4.9457039683197195,95.97473037030827,1
13.661720667094329,-63.75338676686797,-69.78842164381996,-75.72301211551422,8.139695328982071,56.639682659725196,-67.72743978892326,66.91435805112553,22.727580597876766,-89.05345861500282,-5.13826702631394,-15.411291251688453,41.445665667084654,-84.89458279482263,-51.05688059525981,86.1665728351615,-61.48367350829442,50.73322758191625,17.85346775133341,-7.534300508143474,45.01920377953016,-53.78221557308629,-19.711290147999236,72.93182277797834,-85.3278480966161,-83.06476895146201,96.38355690028283,49.622048231987094,97.27971529706,-80.86275853881875,87.77666301411341,-85.81841553363165,-28.0726513641995,-25.1574408521884,7.462051800722108,-38.58351738333177,34.266806220601126,59.77009204012688,98.39127416063042,-44.40836857380302,72.46832239277524,-31.62373558877701,50.15763529080013,-33.69446179370061,48.43580765903127,15.632440119892735,-31.66033190195543,-63.851938692155684,88.15049052900125,-41.70967047091851,89.1087124351939,-60.69132089282192,-21.485855919368333,89.31911829964449,-0.09292045119195791,24.022802433725047,-87.6000123323784,-13.887219011739745,-5.00659232195315,-74.12815434567004,14.548877203228898,-55.600522438656654,-19.309506173424523,64.36181057745011,39.604942151900445,-1.2662678549374817,61.99459031174209,38.747360465914454,55.928213617246,-67.00353012833668,-2.713308282421252,71.76169090254663,77.12854993027895,-32.75397283588029,-9.506694246237075,-14.970097295123864,18.849429794724543,29.07037055657881,-52.90374140270173,40.40865042848739,48.59745096152463,7.205716579172218,-99.25904073559823,73.25899200435171,-41.768891340864386,72.62688787534543,-44.54707951197279,-85.07818444007738,-2.296059868909282,-29.913514841809203,91.3124248515318,85.86137185500013,-37.38079330106032,-22.428371995928956,55.210499795771426,81.39580264886229,-68.76126133098654,91.55998281660439,-85.71225704953883,-79.21124486522385,-1
-91.82627674670422,-29.974948166653974,78.83817493282365,-20.80590546750902,-73.23432740006137,-13.283441473477126,32.33345192583781,-94.42955183578512,-46.16768580167416,-92.01549348724976,43.06446210582712,74.87960634166615,16.317767569951073,77.94979805907602,-43.785222910977375,16.951361667460944,31.07663989269065,-24.3607300943562,-20.299594239203927,-66.37178282105059,-5.21604781776162,97.86665736565504,31.24559808176133,31.879815981074273,11.532249524483262,-7.66816384771694,87.84482723424134,79.0065503210339,98.18349495890246,-94.66136828262914,-59.694599416351515,70.54734914638632,54.826931741485424,-92.83814111645385,55.319696439337605,-96.76306621362176,-44.142500841166864,31.202915918301272,38.67940525450692,-61.42125126372453,94.13032660955801,27.574566614695286,54.46393867475052,-37.38640213748663,21.965343088492006,-8.00433729774683,-30.38954260181316,-51.93772977615338,-74.40836717833943,71.08657066061554,-89.2732917951104,-54.04070896427999,-28.051826099495372,-7.172159525153262,-18.896631234721056,-25.48466470839419,61.488397718908715,-2.401925884887632,-71.01568953237269,31.555721400908,-89.96424461672734,-84.43527622079392,41.912020994962745,-68.11116875850814,-2.8288778918652326,-50.838275602235306,90.3945509415197,-22.04702496081427,75.55663199100493,-67.89937441351714,83.89845570307997,46.09138707857184,8.501588701902676,83.54193398384598,36.666468964656985,49.49969695068728,35.798782961539814,-59.298393848408914,78.73107201237778,-2.4556273637669648,9.058419501269825,5.821088430431871,45.71980632028135,57.07065661047858,6.704742514897077,83.5885303739982,75.79715863381489,92.03720312447177,18.171721262902224,62.18269129928487,54.95724708617777,-71.03708905668287,52.24071994850797,-47.753835895557614,-29.82609930402782,82.98235561639027,37.76048446878838,-91.8294121798176,-38.199150333523924,97.40933403865506,-1
61.4880310328125,-63.09579612872454,77.74961597379544,-6.958877543256364,60.72070708830702,57.786494355201455,-45.83873439260549,34.552922882493334,-41.32931571179803,71.44618747395822,-36.392077661096025,-79.62424717208869,-89.59524899411062,-77.35375534817493,81.4926352692851,72.20667999444808,-42.002521471171626,99.20255667644966,77.82610714097166,-11.568772377437654,-95.89781613592177,-28.471890082217726,49.216431314578614,10.355856745139079,-30.20101293961781,47.08280510140062,30.966271678800723,-3.4093273566668785,32.49937463685569,77.84280268483818,13.809314978734832,-14.381424675011246,66.02338226162453,16.22958299465209,-55.752930416419574,-93.41724626776526,74.38279775172728,21.620237370418337,-69.43436445482155,55.082902993284705,39.165703072430404,-0.2803935205969168,-17.76867240893867,-80.8920709005379,67.43511672789754,-28.69157135714555,54.0022779804564,64.91517406588892,-39.33537595246801,-87.63915208478268,-38.504812958883505,66.74978618413664,29.576034702460532,66.64544165435817,-18.680167671749913,30.44456488864563,-14.768334970944608,6.246612197919021,68.58560250865759,-18.803046834615685,-30.20951770972917,16.886087311314384,90.55193940433082,20.74177405608664,63.526942565122624,-42.25919024004874,83.84470286611162,-59.53274972330671,-70.25688621997905,-34.54473980334521,36.12256241349297,20.115505598269337,-35.66897459343599,-47.6183675699061,27.065701319391906,16.977081465339666,19.015213919252986,47.46439788846425,-37.516278555656136,30.407828833740837,48.038883825923534,-96.4979037170184,-16.853173322269527,99.3285281642622,48.346805680199026,80.97789427749643,-69.53646427705974,14.117099572960498,-18.681427937202713,29.065091883917603,-33.95137905949417,-61.50871698288911,54.427976023683186,-88.2043575553187,-33.50058233437498,40.67206317075838,88.93392560178418,-57.2026908977189,49.78152865870291,21.273810192006252,-1
-42.69174957434312,-7.5988392711734605,-93.35937824172669,-86.66959188786201,-3.591788377583498,90.28596207236646,80.35480570924574,-76.2581808981777,-30.903829255310853,-1.4086056688279882,-80.66108804248657,99.87006009444005,93.31815404466334,70.11603946131987,89.68503110829857,-95.12180137798066,-85.09790763627198,-82.44541717531189,-19.178030451408574,0.42632818390649163,23.81861905422393,43.2255280953475,-11.929645221349546,-14.028726177757548,-83.72193667340342,-9.018679423520567,-41.697228331129324,48.321766788667674,55.562428688783484,-82.53452548830617,43.26620545133906,-31.69037661536474,-92.84506185719843,75.64326205484059,43.73907742950777,-51.520424749622194,65.72998199252012,97.82040290786392,74.80918286823282,78.66859056083831,-15.897928384693543,-56.243863547461274,-80.94758687490881,41.40986098459766,70.97554336151637,37.148746466096725,89.70974347217518,-68.49453488929673,-30.80850198797765,-26.52126815409359,-43.95942657221601,64.49847530121116,-51.993283125133956,-68.51715988156445,75.53355258670317,51.06799567109482,64.57243686569188,18.796357798464996,30.68869172216003,46.06568434521421,-1.4475453312991817,-41.62700332005447,-15.805627921491634,97.75242754732537,-6.11563958890433,28.769135227244675,-94.86380871528068,64.44598109318505,-41.63801841663126,56.699118196269865,-90.49684346287106,6.993922471579793,-29.587766086929307,6.382884906945435,71.34471433420441,-23.579320523996472,76.83408397856297,-27.64962865330658,87.34459738011086,-82.73902330777796,17.578781643486735,-70.07478336093112,65.92091764553402,73.85396577399894,24.46062809350282,-17.068251471095735,47.56941158179606,-13.12076078531706,70.98411503019543,25.845375746461514,-37.51373106632385,-17.45685998083158,-18.160408852565908,-41.178513868530246,-42.425997575176886,-32.806018482638066,-28.155665277240047,-84.98241755908906,-51.39277192521252,-92.03802247535215,1
-96.68243421442877,79.35308492528503,96.2372356054847,75.5948640890139,-86.07177036751885,-20.973818477699353,-47.95268040295413,-90.07712533223251,97.46723171590918,75.85591123140134,13.083187950507607,-42.772991508337135,25.168238996475154,61.54047380881141,77.36630789379183,12.271164837867587,60.51214963032558,-72.81345052653587,71.0816324208576,39.61486769572977,-72.01620455460119,-56.99548612876308,43.60124202152957,-71.10486068107893,75.88346205287922,-81.1448044202128,-13.152660677720846,-94.8077963292158,-93.91553712134315,75.13067753491717,-78.2889284454703,37.00598985383769,30.66798488376216,-37.847660925515726,-52.32151156219804,42.24545629410048,84.94791303989271,98.2532997490087,80.3976188586312,34.77970757214405,-85.59466685393274,-19.786137868643493,14.91924994086591,20.924954440450747,-2.1454960047831975,56.1575691959585,-45.671773851165185,56.4196294175203,3.794771188877519,-12.04716099431154,-47.9815130930209,-93.76538353645383,-62.81312110354658,-75.0062763696333,0.5776113571336055,65.16338335087289,-71.52510688147673,-56.42138716216556,-7.133911720747463,84.26355281829149,88.26807024663421,15.126179654618667,96.54602097158647,72.44528411933968,-33.56440457826173,9.586937979835568,18.119558780953753,12.184412954031387,-12.13022459772391,-88.0502789352948,-57.485368365354496,15.503262616987882,-24.349999246936463,16.218888237750704,44.82441402914165,-78.24425395347725,-72.70570587496985,38.44278518543686,0.8971026535112685,-61.315797433289944,82.99661903655249,-12.018508403325612,-76.8457930410838,3.865298404930769,30.22073388399147,-72.75108959109508,70.9454612190302,-79.60088955597243,0.9928499405901619,-38.85034843026507,62.07729217313346,-59.005713647279954,-0.8193333808056451,-70.50686840581119,-20.358848606955675,-90.07181567673625,-79.05630576626706,69.69682606203963,-42.075108438994626,63.87590961315138,-1
-79.70569142679358,-35.52923100505541,36.65907532130103,28.165262938041252,-43.992534089902115,-75.95855417588476,71.75285586989443,47.813395187874505,17.11274575866038,57.012784209286224,60.36803369056119,79.16314631203895,-48.28854727195082,85.98435262913296,-49.44682800976719,10.83625108975977,-74.59328480535365,48.809890245715565,0.2239401650696351,-99.47356888408237,57.71036840165132,25.292771050811183,55.3280148745246,89.89908634783234,79.64470376643243,-63.805387204399544,25.6166953142871,11.968219116798352,-8.397075136810827,8.740283928983501,59.112672500453925,-16.27896286561699,87.28928456235144,84.15296282446397,2.9004329714183967,47.14808997868985,14.375143294190337,-31.3539650064897,90.63651938217706,-21.652980742975785,56.60170798763201,54.95284194644839,39.91929056354701,80.25095942058633,-21.786224169716036,11.44971032370907,-55.69984379816253,-70.90172850859716,-78.6526635970805,46.10003357832045,-4.888089043373256,22.49028969146501,22.077436097393743,-37.91340160433898,83.9762045057573,-62.59096726601436,-46.87226672393656,-64.32439217127128,-41.48588149225976,1.9616161695652892,31.570476382707227,-67.36651544751051,-47.70110225602566,-93.13452961514824,80.65154826812363,90.20250286507266,62.912311220523264,-68.12171220773672,38.70813746075336,-42.21225652020599,30.8678625922781,-42.4710531692035,-43.41730205015024,-7.0977989726950454,41.554269781748786,30.192864414079082,97.83408015341882,14.874499509036724,-91.02393898205088,-78.91318139317214,-70.13081901108444,-53.937145257412624,34.019077500167384,60.454864608952306,-55.87807147169646,75.52464071317021,-47.07616228032159,-98.82326246699833,-60.41649084099265,-10.557351564157841,98.3015798949094,28.082392882946692,78.47087655399781,68.06551960272301,-58.84567254570201,81.50279567260583,63.598712577925966,-11.832421815237353,-29.48014497739419,16.36042211170941,-1
-79.84439972451467,-25.338136744049407,94.27901880832792,63.55706597138902,30.458329718387944,78.81886050665014,-56.25687740041454,-20.94813691376845,-59.54121016835927,-23.575301108005362,-23.09683725874669,-57.847380114018755,32.80244561352046,0.6145200543218152,34.83738976592278,67.84159060789179,-68.73371232143228,83.41970103435884,56.15709667309528,-42.7879896681429,-26.994939192235393,-86.83156709826906,86.5925097134159,97.38274284364246,-89.97119538563796,42.54360059170992,70.54599305570952,56.48832704003868,74.97639348842884,-61.15341406088366,-62.639831790992886,-34.846376071326304,17.618558302791442,34.064013166156315,-59.23610125669774,-91.03673786583855,29.55115225720084,-95.3873226005546,-92.18907631748878,40.99692769551615,-77.68620152303458,31.94888565389209,5.74820230795585,19.426697043485447,-91.97298991301146,-12.877628435555224,-95.63362472951538,-25.733328314530766,68.081019688906,42.86850661089625,15.904886782782185,-53.70929753525671,-84.11835114044703,-22.066335978366865,-43.469636298825584,-78.25812003997143,-42.48808698186022,75.24060820829635,79.77483212528114,41.11995262395095,68.23104730951849,15.094133531283987,3.0833924432110678,-3.7121369288409625,23.99476465622297,-98.35063494537279,22.81253567072325,-56.92532478179497,-46.74207708203719,-23.129933131170134,30.039609188651326,94.51519414120969,-92.82245423547116,83.255401445908,79.17128514424437,75.22743090641549,-64.33565074855048,80.4211729204921,84.10567928937348,-55.689636760013286,0.30941478872310313,77.75791766278195,-39.883725278871516,71.4425252155578,-26.341748968257377,43.646587616174116,54.39863914800267,8.793586924700179,22.731093987736628,63.47094008072844,-96.8649543048205,7.6084400095131315,46.673849900502944,-40.90975677563979,-15.617737575135365,-80.53763456173242,-99.1943460595613,20.94809127907496,-67.70905206994948,-45.21941652028709,-1
-24.748082893816843,74.77801551250306,88.92284389480466,-34.361449278137684,-88.47048356019502,-26.14384595689178,18.63164380789364,-67.39617723702275,-33.16145716537801,61.019462408226985,8.960217055219672,36.05013766607482,-87.27971272444053,76.4990210136273,30.165590097865618,86.38254651949117,-76.50482022470142,-50.84993756282243,-35.361186935132764,2.2872812603174566,-4.80366193015594,-55.49579116451071,-96.45911098535255,9.831138158047835,38.9930537637278,76.8942627151055,66.2871238585422,6.479737445382597,8.850781870172582,-9.581295521923167,-12.37553058382737,-1.7017395480954889,81.33376292303805,-84.23866039091851,-35.7641482065072,-14.37303105778112,-61.55359909458722,16.2032472496539,-61.580470959729475,-3.583768353545352,1.7642896981989935,-57.1012251221235,73.96480177740628,24.067772812399895,95.39463254510383,-32.77411559438259,63.618979009176,39.499402057714974,-79.94060661442215,-63.76947853900576,-98.88599887928989,-89.08937702409841,-76.15821771720866,-91.0199445559655,-98.15608115781946,-0.6272288510520241,-1.6921511469606116,-80.50881055105484,-91.86191256977132,87.05376821908632,-84.869479603863,-38.645992852522504,-6.255430211753435,16.643853504677537,-29.97928648508426,42.739131864619225,53.32485444258256,-62.709215737789116,-72.51317324963738,46.732219315804116,14.694213552999557,-66.91644263945625,-48.82627188480484,9.826199073365927,13.621332618192213,-26.67936657748899,-67.42009436144039,-43.1714764540948,8.532037392012228,97.05014493914993,89.15931987815046,-10.818452948377441,16.77924096126364,-22.649793998163673,-50.45393252473593,-35.6682733361086,-68.14658787307238,84.89347804250156,87.18356081768769,31.586834832613874,31.483910174968827,54.34978839063896,53.34330476255303,29.616332937385607,90.70150491815332,-7.3070722761439555,65.31154240400326,-36.133398890090376,12.840122913352587,-20.69491974898186,-1
88.95314597648562,39.25775517562795,-75.62278133261049,-30.09872558263625,66.82891940013516,-44.736178306829274,-74.06420435515292,97.68419879269621,17.598325892766553,-24.052519035670244,-79.13738252962357,-52.86349308482301,-49.928254085828904,67.22372310900852,40.25866841767683,-80.20627531825863,-35.22088948392417,43.911682653086984,-11.828977459496826,-31.042614269092695,-14.431885874589412,89.03795222540131,70.28773926622287,8.708782929888415,16.035273959306778,34.78888981460469,-49.64812269091039,53.67299853852009,-69.7676083623547,61.46286015381045,80.46159468841975,9.60661444431858,32.315348114811684,66.5446195594293,79.08281161340395,90.06490779345467,2.232119208263356,-19.868999645393657,2.463062251332417,62.546009886317165,32.77796713551811,-61.78950270810266,73.35655742313142,42.4901529423955,47.28792842265378,50.00443807755616,-52.382563591085486,30.98070645702802,-50.027011456126644,11.415368394886059,36.608549416917214,64.406509368473,-80.82606505835632,-2.2194322691998707,-70.24473743055006,-22.127767100443066,1.7745480712552393,21.665669180898647,59.750724563345415,-32.22131530427279,-95.90169417096119,-14.470313896869769,-93.40856102691374,-40.93429597195977,9.374177500320883,45.63806019615845,86.97277483670862,-24.083349604424114,78.92523779687468,-88.99515288573335,-30.883041423175484,37.70581061379133,53.08612437560558,35.20681466324723,-82.7226516452046,71.44026937458162,86.65855851554426,-17.97008906548332,-33.62511138384798,-14.957086146664949,-70.72016358277433,50.703601517755146,4.079273303370854,93.11851889478862,49.58938791813088,-34.0839863402519,71.26318362029039,-37.74372762669911,11.140463139054305,20.071110156633253,-73.85552917287221,-11.838292804075607,84.70956996771011,-7.678128996876637,-0.37370897613165255,74.37442385387541,-78.46486878612326,-9.10354022642386,57.45105750815935,-20.92185954977586,-1
-67.67425718107725,-32.67914436121589,-95.57528969420055,-37.636773382948085,-15.490314337611082,-74.88995704746932,-61.22738641262146,-36.49005994848231,-74.89004202030458,32.62924979504177,28.555482695985575,12.918816258064297,84.0080105091807,-24.208818037498474,3.6799253266130307,28.94399547636354,87.38985078173909,-35.40425332723839,19.858713262095733,43.12711011155247,-38.913661463393545,-66.85019692230902,21.291555108709133,-78.6761454389153,-73.90930256452783,50.90466148511291,11.103733340519156,48.332177743617734,53.3395647666965,8.18396265745973,-13.184721160616093,-18.1847930867809,-54.743474541266465,-70.2516980257005,-16.29672266946322,-23.785864713115544,98.03969809247144,-34.42225627257105,73.07416030021162,-32.65668054398098,-2.496791033050471,-18.609243505148882,72.62679250463225,82.40687340666054,-74.80664473906273,47.13774973404091,86.91311494142775,88.19978556501943,96.32977525765335,70.20848971718044,15.901488486875493,60.51438105900564,50.172613306973034,31.741108545305195,41.022452267068786,63.81376496128141,-97.81432020645029,66.70834057657021,-63.226671710411786,-19.62801886218473,80.84405102541132,53.43420210330376,97.45894299925223,-59.5354283753984,77.75884863921527,50.418768954290016,8.096076493245079,-0.40678785570196396,69.04651835691817,46.79756681887713,-53.92489241964758,7.853493044395819,12.036139233369681,57.957416047299205,75.99120838631214,54.77862779569685,8.652173865176024,-67.00358733064418,-53.498789780782616,82.92371787409198,88.8899138191507,86.56996015374116,22.355948443876798,45.96458376621479,-17.58781566767557,-88.19667114725165,-78.60375825253854,-55.61874382820848,-95.39668172909359,36.60163017235968,76.4410626716919,7.033660803909697,86.61845745001926,-31.302227012373066,-97.14376708053425,34.92069023199997,80.60194145221544,9.210912074580065,-13.28720628407379,-55.51557343346434,1
