-42.818642152167975,-54.64827651989681,-42.41245036571699,79.41149367445843,-91.0037724508984,-3.863092730514282,80.1622241890594,80.36243464311974,80.2239065694861,53.96113201964803,1
33.58399976072542,-3.601016453426581,84.62877754337154,14.77255479253003,-83.69505381428274,-4.345587034805519,72.26999821972572,-28.23324763310697,60.444786401428786,55.409195036810445,1
59.83159422095642,43.212610683911635,-0.6752371873657239,4.3569533429772065,-70.58280154592262,87.6932628037753,-18.36719982005644,-72.43866604261325,31.408854814540206,21.4127006821862,-1
-68.27897894138526,48.670579114002464,88.60976212752402,-39.561794614389626,12.504568720916026,52.45340450748941,-89.6775633858587,-55.010491862047715,4.993100650969922,-4.280928521669438,1
15.455805846626248,-85.48504039105785,31.118790248967855,-4.014862199121197,73.5377754362284,-17.644541887528533,-44.310677862743475,-44.55916286861144,-12.070919639700776,72.19673983564789,-1
19.579995762217024,-12.750794728568522,4.986816848693508,-5.646569770035285,48.816088821012016,90.5650629892954,-94.58786919057694,-64.37846880831287,-12.365065231804735,-65.88521809964638,-1
-5.742566520367092,42.22436340305717,-31.23550174824952,79.6545328985107,-59.619569320012154,62.74771212576732,90.51913438931231,-96.50444232387905,-84.0596765927572,-71.9764658674913,-1
-63.77013009306394,33.86308327270032,81.25084734757365,26.741948684622187,8.848924196722919,-23.727204963686717,12.392359646077765,0.21040004709267635,60.89078466572454,68.4808856049905,1
27.129064390522643,-98.99489932693761,-91.43253576220032,45.314141665558736,-41.33449934184834,67.06987590169865,-80.87874317215844,-69.93678617540056,95.52408465508805,14.59131181981168,-1
93.96420901570895,-44.04661382259183,97.97843244797494,-30.968507172803967,4.035880379704153,92.84519117535012,41.85344094422686,0.6395874510001391,52.17875442219295,73.9248978289312,-1
-36.91862085039745,-42.54846102458647,-38.79877895821136,-23.114253386523416,4.096682878109675,15.933782595525514,35.00213853616688,40.52692012204457,54.873757436433635,-36.13658673190982,-1
37.08877664438032,60.270411654049724,90.658479273258,43.045857955259635,-44.60394800501317,-28.303225368315466,27.027409623165283,-22.728895668493834,-25.326790205826285,-23.045870935611433,1
-1.1159390594837078,-17.77731660103028,-34.52466397692015,41.878149050225744,9.582888735329846,-99.34377419793987,23.072594018273662,-0.45129884731230163,-19.40138219765244,-64.23374046762254,-1
-20.737474900355892,89.74098364783615,56.04538332357893,90.28110314203167,-38.985672504130186,-94.07198546965543,-30.265045698480037,-92.47380316962479,-8.682242743630297,46.06832744954812,1
-75.57801719799464,83.08324029334068,-24.858838923945896,22.26615066057053,99.41840352204972,58.70539033489672,63.60502176735528,82.66205043418995,-97.93653013929573,-4.459701043063063,-1
-76.72672042290478,-69.60396350518977,37.622775252211085,43.67204378287633,-57.406909999713164,-0.5998083530627412,7.101551069724081,73.73549424205763,-25.93292320038539,88.55623530606954,1
67.77961728918683,97.23535945673896,51.50196456370119,-89.31666561309788,11.730602386001891,76.18465981764768,80.93212260498899,-76.7036051387881,50.482391043077484,-72.4351806455464,-1
27.286049908727335,44.91158183176364,32.86885829294289,0.5298669244564422,-13.254344045078057,34.053068942756994,-23.39300879604498,17.73425119781524,-92.09855610920903,86.7799394747745,1
34.1464623811668,0.9865608178800187,88.25181283552953,-29.503054480387632,-53.92646731503679,89.4238376494161,-9.2949315903399,-18.39395426611125,21.689145200243544,46.86036662067414,1
-43.14518141449666,99.48458781071082,10.443013610925902,67.67981769733842,45.16410413885694,92.1748712042544,-75.79899326015502,2.9007837806669556,10.220121201915006,62.267223907173985,1
92.81568329802164,30.121304650420683,-51.93542385103387,-6.383675782980319,0.9230220198924286,-36.28957249937943,-91.3473652742424,97.44476882091377,97.50230812622948,12.412876847518277,1
27.280274036681405,-62.172260734651985,82.41289057527783,57.23368428987425,-96.6138499484684,-68.64453071512646,69.25172243818963,-78.12104568519614,41.48445873814211,-75.07065021661498,-1
39.40314819905359,-41.8246291536835,-5.783429859097367,-63.48057378258014,19.357646002888032,13.480316384740874,-53.26879074845685,99.63037761100028,68.40303373950974,95.9568226137039,1
-95.97243021014204,89.25289860061639,-74.7147545689944,-97.8522036404035,54.05585043534268,19.611005507929136,98.3447804352464,28.557284259401513,70.24438731889367,-86.04680785267158,-1
-17.1740494942146,87.68952808208152,-41.47745451530693,7.52492014947093,-79.01315629711914,38.2652054025593,53.09118508995877,79.88823956491726,75.54439348812883,4.735394412595767,1
-74.22602650531095,-39.76488260052824,-35.0498782065596,20.334004352718765,-84.40998611381625,-28.48722426007903,29.32862578080426,73.11267855731003,-42.144947365925844,-29.97204920428183,1
-49.10373367634795,-66.17921991586971,51.32049965877093,91.70372163628525,52.26198309047584,-96.17958310062988,-34.80285983845009,-27.96559004572397,-21.41048725162669,19.159935484362947,1
-27.383540720272975,71.72002139649965,7.763873449933811,96.6324579822817,-2.6341144125157285,3.6008904714506684,-59.388386160006526,5.074341235231273,83.50082611213148,39.06210796424955,1
-15.474160597278171,-77.24760823909011,-88.80688854759859,-46.14793670580448,-14.460097052256259,49.18352219257994,-26.52195463367633,-94.99577444260845,-37.109381915592365,31.75176152962632,-1
56.15231721368795,41.7800012503165,37.91288221039301,-1.3471131789787023,69.14504658242441,3.5433332605042835,-96.20476995831919,-17.00540470293599,-66.11525196051788,96.58041523359617,1
-19.701136827742346,80.1520324901465,-88.87226813425946,4.5655054621857545,-88.17211759688155,81.92490588243629,15.502328559439178,-98.8320168532004,31.298054488600457,11.792590221461111,-1
31.406099646821474,54.574787276370614,58.13190520912218,60.9093384285066,-8.826325679613106,74.35170595986753,-66.80000127826602,-1.4259934304421336,37.770177024000986,-76.36963616185662,1
-32.620841645778626,-61.33215327758956,-37.25294823106922,-53.09382560294515,6.171263479946788,-15.669198635632299,15.619386185605165,-22.20437568948661,93.4712669304416,13.255580923332502,-1
-85.81355677324531,21.202766387216258,-22.167076697303997,-55.67816235216982,-18.312664621588695,-83.88784011900425,-27.092212976362546,19.478115808145475,-44.02117966501997,84.85921936777063,1
-48.14064822684525,49.73443505019816,-10.491552906745156,-51.152106382364806,-59.93012723027944,41.33991780575258,-5.563991038801404,17.262196999987452,-63.074291337055065,-4.393895415313651,1
73.99383192953698,-0.5665438564628573,-30.11047184327434,-95.62972455844425,-37.542884822148956,42.610879205257476,-6.0966009749584344,13.839910427794308,-45.014710554312764,-65.07888990598975,-1
-29.020463302689194,39.04593114954713,33.94460156623012,-62.699883319039216,-40.16089877365492,54.75770181560995,6.998828899244032,70.85136053088308,21.547865143924525,-52.71273093279532,1
82.47266912333819,-87.0201440923181,53.8373579991856,-27.75545295314275,11.53438094051333,-13.836062368271214,82.40400082959397,32.939013205901944,-78.15578232249376,22.42324683198305,-1
-25.493345248089838,-64.27422464914011,8.206057812562292,0.8142007713346544,97.61089213910185,-17.995695337587136,84.47822077810659,61.66608237585643,-73.95578549201574,25.75154563190803,-1
-36.39930500562723,-88.75514102980554,78.13333517838143,2.7044153824967054,92.61282255260406,86.96651485438178,49.85429713514637,29.48457979172656,-16.951906244254715,-52.545338568369985,-1
7.666388651142682,-25.21225727924508,-81.67235896485442,-39.06073198274211,78.52306681780632,-62.89091998440941,9.80189645245666,-77.49464193744022,-70.77286199764202,-98.18967164882739,-1
82.64811051129425,56.009617408008694,-82.27340505008385,50.4621941346912,99.46890985669964,29.667264030504754,80.80714794774758,9.906491437844878,36.11896892412,-73.61800145525794,-1
47.28040301312811,74.67222356828759,-15.76172403492184,-9.232423748603907,5.731166435371264,-13.129696030805931,-0.44401760578939786,-34.4246383064323,43.224159426198895,-7.446795521765964,1
45.29234302260096,-70.12012230924555,12.075972027353671,-49.20672033755557,72.61479971811471,6.818012144752899,-25.655400418791217,56.65756197567225,-71.20199681712656,54.23287363639844,-1
94.69779383547939,-51.31147664691787,67.0491095476005,42.02217838124261,74.34927543851146,23.715583173101223,59.98078545517734,-58.16491655343583,-13.510651437089692,86.13656062503321,-1
76.59876496595462,-71.63112047660296,-66.06778374865623,-6.444747002793051,57.843918285518896,27.18008388314375,88.23608398178095,-14.010788208645437,30.232879332389444,-2.7096932083219087,-1
-71.81515500504747,-5.046198791269745,36.24185156430977,-94.19201955815612,-41.317817996121,-22.27738782139184,-72.52052379792585,33.73210470819424,25.3763606460967,68.18449049103893,1
-87.92958320188724,-94.14011137931632,89.4175093951111,18.89967314995171,-31.01904100117953,68.96964125372375,-86.4747344724655,-2.6593048147472587,0.005070512539106176,4.850116717114901,1
97.99204647798905,-46.8628870267473,17.842344690524087,-13.503324825468027,96.28206407358115,7.503885253614072,83.88717520576853,-19.54234476721078,16.476522546674104,-9.413840332187064,-1
-32.877909146031456,-74.20421841456695,64.76810303423878,-13.238392696334643,17.94576509317602,-96.77653910244715,53.16183229799134,77.50845476829895,69.88406876652596,-91.0583250845119,1
-10.043070235735499,88.75482406896322,24.6863586886722,0.08389916701634093,-33.71904705450899,94.2877760073184,94.83038708589558,-86.1255360121066,47.243029770805265,-74.03007681638947,-1
6.605773449227996,-59.72017944122252,-47.60488714429649,69.92223730221599,62.11863217540193,-45.00688325594635,29.140546060243622,-96.58691668678641,69.96261307143234,-78.86783037191731,-1
-53.7238727246304,-57.13998553542427,90.20658494972122,-83.17966577367879,23.818888438720393,4.771932481657231,18.704023708961984,86.08208052590541,70.99845519886802,17.64436491882357,1
-50.45380209976851,2.0920262692882545,74.4931046517078,-2.3688087825381956,21.813233850899664,-15.36993690701793,-40.650433378696114,58.04016480771196,10.970448417188152,86.27601771659329,1
-43.933049489717504,39.13553264306779,-72.38326867959819,-82.38142985762266,-36.94975139471899,32.29441112099204,81.36652097141967,42.34075890907073,-76.7598745658942,35.20931698091573,-1
1.5220757368909972,36.6858830314541,91.0197112331372,6.092600008163075,69.02248261423222,92.95675154908196,-68.25157420452229,26.48185774850856,27.71536402313896,-18.451411187817698,1
-76.72830296710083,-5.940755461685043,16.683087052024817,-88.52230507858185,-72.2133541119091,-32.950419813754976,96.96293256152364,-46.155436920325485,-95.4568750704436,0.055522621009089335,-1
-96.1742067125426,79.55916127840518,79.4408261863583,70.52448749522338,-55.9260618867017,-39.495235802062446,-97.98731952396534,41.33668155173447,-32.405406715745826,-41.19718267597965,1
81.28749066888219,-44.065228690711365,77.18473408336064,21.85948785828286,14.665152777812708,-2.63028497930533,-90.17109120896458,-53.99754557867975,-34.28291734492967,-91.86437751109047,-1
-87.95461101994051,-97.00776034873985,25.913479033754342,-0.5491368103057113,46.332003851204405,50.796682045033265,37.74241213522481,-97.76858432219572,91.34637810761845,19.45254562243015,-1
2.8922655479788375,81.79617838297284,-78.5528396460953,28.465378390159685,99.50113863470025,89.49363407547219,84.5818528411645,-89.4498243239356,47.32383157574003,-97.66961724420922,-1
53.998710619722175,-6.455876805769819,74.82075921324216,80.07520446951983,41.746466512972944,63.36040459791204,-19.5105745660577,80.88771346754632,-37.752696810876316,-9.331050381310476,1
-28.92308626285211,-35.988087163283495,38.36371722501016,87.07645214655724,-79.6468406897269,-29.948621039309458,-55.335352231965686,18.665540552954013,-84.78793380907197,71.34861631119742,1
-27.616001832427003,-5.843000597458541,57.9896539534077,39.46515406358316,-11.976818484645264,-62.303244966476456,-71.7104108508686,95.27434242976298,79.57134084845691,-74.46189653771135,1
35.36425977147911,-83.0702492830742,-61.62249005638094,28.63229023266834,-64.36627679543234,-57.46471410102474,28.13415364713262,-77.39493958928756,-78.27040138754799,84.84786008674575,-1
-33.73059857938985,-43.29856194581212,-41.510907800520826,-53.56428996327898,44.43772249513489,19.53670050675123,42.973699753736156,33.4106006540089,62.669497039975056,-61.626131427748795,-1
46.29929806807246,25.251854932485344,21.594233519632496,39.7805143788286,-65.41783940189556,34.30511541164424,-94.59631639210286,14.154843272007838,-89.91889115279339,41.27518515952491,1
-87.52118628034455,-42.413181181356194,18.531729577089322,-17.84365141811304,-26.60472532070999,59.56784695574149,-62.132870416734406,-44.736742979929424,-16.87743267982664,84.72884625480904,1
22.727580597876766,17.85346775133341,97.27971529706,98.39127416063042,88.15049052900125,-5.00659232195315,55.928213617246,-52.90374140270173,-2.296059868909282,-85.71225704953883,-1
4.665926238948259,-74.57947724585192,69.81417498069843,-39.88457838919557,-46.131600050049016,49.92113731647078,40.805800542928495,-11.010843566370738,55.24072805112158,-69.21012906997872,-1
-23.221755725357724,34.85871474000493,75.43098007423885,28.194264824427506,-37.647189669574075,-80.72178550111332,-83.58105468184519,-43.04978393530801,98.33754753122508,28.41399991974589,1
70.78857642837056,65.65471296319768,-2.8431771289535277,99.14964541190591,18.29597721488163,-56.96860677784892,-24.484530336708204,92.76259876803348,-41.289424492880755,19.847450099555218,1
27.018730173528766,-97.16067310565526,-2.381547947004819,-20.991892863700315,-22.979864211896597,35.573906803490786,-28.91148256476069,-48.562157644651414,99.13508675247124,85.40509855124617,-1
-90.62961829447937,-62.4192822403167,20.728904901197566,-85.03143570571899,65.56063665965047,10.651837432385975,41.167354753342465,58.39260965090952,-14.75573162715638,-40.344441891644635,-1
68.72993281036474,-93.83507626012594,79.45653442710437,13.467985913787132,-79.49037481507068,-14.985850902318006,28.264888213431533,40.814006913400846,-85.81941261575264,81.60766233405639,1
98.02176921737316,77.82387114548857,-62.1332493005859,-84.5043868072539,38.88498990472971,33.36895191367989,-0.6289683383985221,-10.058971023264561,47.31557976507298,-44.07760145622881,-1
-17.842238000077643,-6.439517592532155,22.610405173895714,6.933350978576485,58.78545504699076,12.202890605986454,-34.18811717975852,-37.75896521514368,52.97408385833603,-7.556045901529032,-1
-82.1177995375481,93.10358364695327,-34.09157329522358,-50.42488553520985,58.25696578508018,-95.7400324146141,15.062871301061165,41.80704826515432,-84.63540335779109,97.68696945482168,1
60.51713591596257,-74.19271822211502,88.84473489475735,-13.336101953420638,-43.74104089435102,-78.31603091691332,-43.79051980880768,30.28804631636467,20.50459533745581,85.83025713598488,1
28.1944154690664,72.88059743887953,0.5059253403311175,-83.20885938581968,32.166259705410454,-43.975960679722384,55.867487440521074,35.06231835714914,-59.044523613862324,47.907086098596494,1
85.77190996911312,40.432865729662495,93.78034342280759,-55.52276476062232,-9.694357024182622,86.3908096707031,0.43060374030663695,-9.635296943860581,-51.04951020451756,41.363502145628644,-1
-76.97076432095977,-9.249247949929298,-13.676896525530168,-19.38489145995439,12.646661748701419,73.74655933159673,-50.88397342685296,97.48991198265026,50.8512478845995,77.70521835962421,1
80.05282224041409,79.01334458724284,-28.750349382483236,95.94412869076217,19.38502714593085,89.04646497391667,13.569151099495528,-7.568310152128291,-95.4288460992417,19.852197214688914,-1
-32.92567875650751,5.524891367741574,93.84842609160759,-63.04700231572862,88.62161354402642,-99.34581493374996,11.491010454525295,-94.68851036414736,46.38172220236899,73.22633592805661,1
52.17026618615634,-65.84794330992287,79.8678818036806,66.19123551130264,-83.87774230675649,95.75054314390178,77.48096043054323,20.84587922990397,48.31250778170261,-37.62426720239487,-1
-24.04284396415403,-55.64410161329072,-45.853253515653506,-40.77657387761822,-64.09122584116662,63.26763738084878,-6.95148743285327,31.105109594304736,69.41796258778746,-46.2189847336218,-1
89.9599826583848,-48.378471365317054,42.606291275020794,-4.2595598298429,-58.772216357920605,-90.82122642499016,24.836305869212353,-78.92133850604259,79.66546466087661,-51.06168907397182,-1
29.114436285485596,-52.918550231694674,-82.51346050127151,-74.6948647368844,32.665171576333506,-36.781910516006256,-79.02819712412867,-49.23414952811067,-55.636131302003314,5.742201149748311,-1
-15.332971169360505,-63.75639127727655,-12.480451249241284,-9.250209212489708,28.350415426309922,-9.446678144384862,-34.13241399806847,91.55408477835988,94.95880394812158,-97.55515131369779,1
60.791701510504055,67.99964464878857,27.73981897663451,58.966052320865344,99.21538315931957,-63.47771748477089,-81.42594325436532,29.489644473504825,-37.94999970658799,-70.08478009236423,1
8.85079322273954,-25.27886809318818,-17.60806402084023,0.9249365863395269,-61.38554524065374,99.404620803949,-20.791616815027126,24.792478199045334,-65.319072457739,-61.844165299984375,-1
32.202850849464056,53.85011184831734,63.49618701802805,3.431194097791604,-86.71167363641993,-62.55323207693411,-12.007053968826327,83.23844176331141,-3.995021524285633,-78.71575524737364,1
-90.26103032001404,-46.80518706917758,29.01653839335725,1.5319992902461905,87.68636308254861,43.11432204049365,-85.17297708937164,34.781822291029044,26.978815585350617,-34.08400990762095,-1
53.51352570358364,50.48184664240185,-41.869934126926324,-61.4962256360404,46.46981392957957,-88.38066920196201,-94.10925821482823,-32.57541549487894,-91.50153541618936,-50.32268839821437,1
-71.30610859639599,75.14340731178788,62.727204760366135,-0.45452470438642933,10.2376719082296,-17.09008937040757,1.8458132070862376,-2.263091042261806,-1.3569290485095422,-50.470268882417166,1
86.88660775068828,63.821465235537545,30.686384834872428,-70.2909696980038,-67.89198267964804,-64.51264314531682,12.99090080993821,-5.952975292801227,-56.773871499736,4.19173123197794,1
72.02793866988699,86.52962010849572,45.28827162148335,-83.04387525404913,45.5254581142018,45.01862221391298,79.24552703421134,-59.38439036010416,-76.78199512090251,80.80184262543543,-1
-53.99823254245939,57.78279259317341,-16.85773817003033,73.08317635768876,-56.52297914454514,5.407864983519772,-19.471782982710437,-99.62613097408747,-84.33493617951213,68.135098312454,1
-58.601484312314646,-78.77399613819611,97.67797572797258,-51.3009481629636,-0.36631686253095097,97.26494172915915,60.94108564162704,-64.50555234780992,45.00592354317493,-46.215944707291754,-1
-70.56734978101093,43.552108963246184,7.476768487873613,-45.89303117320218,13.792627185058606,-51.40959996543466,-0.23028958747539718,30.453933805020057,-1.8457968505001503,-92.09593231991533,1
-62.012772708487816,47.36336636594004,-80.46673637477542,46.64391391628203,-94.50133367448599,58.2251180420017,-65.79899666924354,-50.73895511520878,85.28627298702517,-3.33922599672664,1
-45.78074924718685,37.175255017292926,8.847351522083486,73.73877897977039,52.97790572222877,-0.19213928102728062,-22.66754939563171,-86.20129282004945,4.604529413730134,-55.338124457191554,-1
-3.341143006734953,-50.66231405120054,65.00778212467233,6.957375086623017,43.434278411653565,-41.41157731445433,15.431883517212498,30.456730340436962,-34.79765766964775,94.20984047273765,1
96.47572338172128,-93.31528551289925,54.36109369564693,62.61739282276392,-69.77996816508028,63.06991465208611,21.325969610544405,-39.81615560015905,84.3624812313054,-14.883429192797522,-1
-83.17446754812343,72.71540062782918,-81.30152768320204,-17.879186570217513,-30.391785910241325,41.900958397064926,4.350019700133757,-75.81025969665905,-38.37147945153318,-75.56520318892927,-1
-13.45417279605907,-36.082114748000336,38.679000519675554,-30.484019128499966,32.78001842325821,-4.263949159965037,32.910732791281305,4.387133558220626,20.398143386909354,26.7000724276854,-1
-28.62280496577796,-51.80074840081641,-52.871533600062605,-86.86191413187066,69.72767959061187,56.12490903274039,15.993758673087783,-68.17899216947019,24.172237279532055,33.564570847725946,-1
16.347329484237335,-32.76693228408401,-59.22270490789523,-10.044411686859362,49.983484414343906,52.929648158205254,-96.62639770642834,-5.812284297954349,-33.79199651575668,55.022098193072225,-1
64.5967610083535,21.71431863479485,-63.50473378015413,-13.613315327304676,-49.465157608484624,-31.5821917598645,26.02045657648833,-40.974438038862516,-85.20914154776958,40.721148539512996,-1
68.90987970701408,-74.2194829853002,-6.166790286520268,49.15026599685538,17.721517138771077,-9.178935352886413,68.18465229269191,16.694473358029427,-0.3765959254398439,26.451018177114193,-1
-12.505015595254193,45.06527814717563,-13.185783636803919,-35.63449836618402,-32.07093538559704,-11.123277982496063,-93.65838482168756,88.28792171761751,-83.75008366608942,-87.56747347103679,1
-9.199675760777026,19.423324003100674,95.8476336639969,-5.682586708169481,5.30530663503508,-32.7396453091864,56.46968884570077,-72.35847072767834,-21.172399178457837,-5.394320121387125,-1
36.09986041494261,-26.68976252415476,33.58674709114848,43.33248362673939,96.8353285789764,-32.79876738023755,-36.051878694702765,-61.0378600860149,-47.948291920705024,-46.08914633540928,-1
-17.780879479858697,73.12900727454638,24.85808015665394,93.7684814196783,13.088546703023667,-23.20970684217221,-38.34331752869771,-57.18852239945209,-84.19313091976531,85.60437112764637,1
-72.67981926976547,28.560410032416485,67.18481460556268,1.2340171310405026,50.76525233860565,-89.62477880060166,29.034013870906023,-79.61990983860798,-52.66819431107594,-99.8945829907263,-1
64.32737954209432,43.99190787389591,29.69951950944082,33.97817357168137,-30.168919706429634,26.937122873440458,-51.7365532376773,88.58699481483313,-13.598890536745856,25.56980354684211,1
-87.94652194208783,-54.86708338958899,37.170898480298376,-64.45910776063718,-93.68809018773328,-94.5366854549126,41.101210838658176,71.11263863510104,84.02374583804743,49.595613752249506,1
-96.16154463538867,35.834339907598576,-98.8811688236261,68.49442571867158,-41.650966351766485,-9.82326071447713,-16.359011676976536,-60.321809702538665,92.15063338969924,97.80015748254209,1
11.360252491670025,-3.888011832746386,-97.64698112660047,84.72053359558356,23.097683868531504,85.59045099312641,21.836759137679735,31.631231324879906,-76.77296238008202,16.320909229161117,-1
-48.03928378716804,67.28794747522466,38.69338119280542,88.49156770665925,-65.82591323230491,38.729902877930954,-25.437264567127897,44.648665272355515,-80.53244008720688,14.120422677942827,1
-47.07299461492853,-20.622121382192077,-96.48690885920661,27.200360797792115,-63.32323330125238,-55.52368396418144,50.5964860265224,-53.179549906722734,59.84249633660272,-71.55625577009437,-1
59.65903579335503,-66.76300007805017,24.74844909990823,-18.583005436923017,-47.130976454660754,-29.52344817870693,-30.49224534749615,12.16272063207002,75.31210037261889,8.009648306552535,1
-38.73730024435746,5.462179128478667,-87.21536716161225,-28.165469888139953,-87.71939614092878,-85.02627411546506,-51.97410193070049,-40.952578130564675,95.78939066077322,29.53343933896707,1
31.048396127804352,60.45473942949556,-96.36840687858424,1.3423527865596583,66.49847401122884,-66.2061488960361,29.84392670832773,-17.042623534763734,-68.64096465874378,8.966641990967148,-1
63.09228569096683,-82.91939396745568,-39.25580928176227,-94.39893610550831,38.18356438820655,-59.456680697862495,67.24382755106404,47.176418381471876,64.59097508129179,-42.25366988795469,-1
49.729046825240005,16.04570643982835,-5.847955666459541,-75.16796269043783,-44.40051319601241,-52.54019278128295,-73.48102905433308,18.749173689316706,97.25095004354907,46.8671756144841,1
96.2355673524589,-53.28391315552816,34.80523582522653,-36.28738037480208,58.5062117812941,66.64268363416068,58.468582362872496,0.46506098551442676,-3.162344785767047,47.85490063103265,-1
-51.62134117742217,-24.395010113119596,87.05006287886658,53.65518955990453,-97.7891202605981,-35.776773140163414,80.21688484213624,-86.77912762235249,-29.99382651172327,-21.129534508796908,-1
-13.446624080147473,68.36174180576378,73.37471655983578,-46.03247903642447,-74.98575210988619,79.89565409072176,-30.333421033349012,-7.222082575743144,-85.02052022038089,91.01995906519286,1
-18.369661826660376,90.12127431597457,-31.412976832658927,-22.443368510724213,-28.23922388622661,-77.8376794326729,24.549322859045304,87.75786617094943,86.85393970634391,-7.785235001270479,1
34.80398381175854,38.701967409264086,-67.81259775951631,15.702358481889078,-14.17533644362237,-36.010227529682524,-36.65459125873496,66.37372296476565,43.950645517971395,93.04465203611704,1
69.6084179202968,71.34598930117949,-60.86029213939208,42.85269256436973,88.3210673811989,61.52193980700079,14.643423513872975,-63.79761737455753,-77.49747015236892,73.23249819589626,-1
2.4727555091581337,-29.00097683721164,-76.14996646370669,-15.152550940945318,-75.09690623327592,-94.82792329228059,-4.130845727332002,5.60691191426281,-82.11784985377636,-2.494157306219577,1
91.42696650795924,49.925150429804745,-17.735460635346072,24.77250832346587,-24.77551381554528,-79.73832663541718,51.84201952180348,-61.843027288445974,11.964350171088768,-28.115114136739265,-1
-54.08036784920627,-24.107723881307038,-93.55692790992542,37.71990413509906,-0.06141628580532199,-92.4709917766474,58.696923068836526,-27.203572020453493,-24.67488719030635,44.4335367345451,-1
-93.49476410174961,59.484110788332856,-29.771261888637596,34.5134390189246,-63.82519235571769,39.06979930166702,-65.67833005050478,-37.84837088337398,-10.490193090211264,58.449646862018284,1
61.6240759128834,40.173139448776,-1.5766685828276792,-98.3027975833114,40.374670890862234,25.507297989075212,-83.55126454975871,43.65749763238196,34.133469197437904,75.3957968207699,1
-89.52899596250552,62.46346654282377,-8.989659038372281,67.02523266864083,70.9366416185737,41.78092160856656,19.68982873599117,5.184365214134189,78.85526470486138,-39.87788342576708,-1
-24.883409472011195,-64.16721634196983,85.10586432937899,84.06005411454962,27.97928721665039,-5.643894217474184,-37.68526566528212,69.69514436123282,18.798603737714686,-56.526395156269984,1
97.4552258629889,-77.20682257615177,47.959274387219835,-7.235656246467386,93.80037482843059,-21.976704541146376,-71.32593766093578,-2.8702934992013382,66.54675715650228,-97.92368533949076,-1
78.46049962793046,22.634072148623403,54.36195525399913,-56.83776271626837,78.02852869597754,87.95658928572803,-78.31506517685798,-66.65528138819079,82.85814177350326,72.82256150475169,-1
-27.348929664837954,32.26762276724253,-30.98982613558863,64.59006400444324,94.18241407255297,65.3134768897126,38.04587070180793,33.49179030072605,-34.88548678645651,70.4413350307656,-1
93.28347717328148,-12.570378990993063,56.344453197591946,-68.65913044081037,-16.008915170442876,-36.201245165385586,57.18818357274,39.03848896311797,90.50163115392508,-15.675987793009341,1
-68.76948052676192,-48.33991417448156,-39.17799853143262,81.5261906669414,-35.002518088582775,-62.20495972584161,-44.786092637592745,-6.310987422646107,-16.910936731555395,-1.5696061752547052,1
81.64569774006458,88.19315756855877,71.27481964296047,53.61798104382805,-17.51410199744828,1.2752649170601131,-4.767977704612008,90.59140977997524,14.417867882478475,-72.62400205070914,1
52.72115883195215,-42.919186307315506,21.844532553870934,64.43658116334677,11.621688243304803,99.67697600162171,-35.942999756178025,13.670319005204163,75.75054890250723,-22.163322977374264,-1
96.82206380729957,-17.995242651651395,-34.49054581230142,-3.126369731468401,53.59349930157998,-53.42289773400495,-6.2548790771640626,-21.31644264780492,-27.466856496664278,-80.73312617294593,-1
2.8190885102519445,27.600647043249623,84.36909990955698,64.12963600987644,5.173705645653541,93.06245324269298,-39.082771182385216,22.771213884134937,49.01701362360498,53.251437191995876,1
-69.51679733391651,17.47397371511539,24.725189459452835,-84.77978883332753,-68.33809372321798,-98.86497742945825,-71.62889481196947,-15.439023571796028,59.39368209579118,-1.869019509415807,1
-85.76834296531344,77.56352806716379,-2.287767883031691,30.969612477825564,73.58458171702279,57.23971536700566,-57.23467721750184,-52.40190391519577,-33.727778550614886,63.42082006575404,1
43.23013484463871,85.23859728292533,80.24480459555784,-36.73558859810386,-64.7807039465082,50.616691934641125,-60.73395520168789,-87.71515109461154,-44.215251060614236,-89.82871525426457,1
-17.07517525459525,-52.70501755226109,71.06289287258767,17.840181352770614,88.10614333639305,53.29104919953974,-44.732141340729314,20.84171515873099,-65.3140959958649,-32.29461906946483,-1
-60.841773042140716,54.43040552316762,20.309701275941222,-99.19494422920584,-99.49564765943599,28.945117268179047,53.97672159542614,-60.9370518848871,10.697390242743992,29.903006197151996,1
-89.70424975000213,24.70106224946744,71.59038908046728,87.67300303805189,-1.2561591075789238,-69.26126874602102,4.69967685770844,-31.91188677134798,92.87400527035575,16.437644883388998,1
-45.83354974758515,78.78670213399809,-38.10368416102661,-86.46529266840332,66.63816088712932,44.858901438265775,-50.445892736882605,17.68486993903811,95.85545358899512,-73.41425267007526,1
33.50997985829409,39.40260278685258,-99.21413571555644,4.782335340879442,21.49636348980222,56.59313256012658,-50.14760854170286,-96.93032504747569,27.540771495573125,14.527341314504966,-1
-92.11463772629882,0.37390620490074866,-49.266108175660705,97.984298254988,-85.61336970372685,10.924281825722318,-52.988113991615535,54.99765773955053,99.22500391296612,-84.08590294848324,1
-25.596382841443372,73.5959253461806,29.280347333159938,-41.739438258969926,-45.549636980406035,-12.636882685872223,10.801970878829252,88.0271640109737,-51.6605328405116,58.19754384971921,1
33.007334909251085,-68.06673012656985,54.3092914624755,-76.83902213051846,97.65771787078123,16.659159322002708,-21.043586745956347,49.00250323204912,99.23918247496579,-54.768569315007575,-1
38.41011060794898,-23.961000404964494,-60.99395364216913,-84.21934548308356,25.52836028803462,-66.57062500137806,36.369922374432775,-75.79975666375952,18.117321209436724,37.85616964089408,-1
-37.25937504856876,38.59435875473346,46.39356767054241,54.69624067570837,-53.03279017049343,97.04084297466059,10.979691314612225,85.65592011728563,27.95526480874824,-10.2460425455631,1
69.29045834690365,44.21093217957437,39.66266478811201,-80.66205673245139,-79.35608170884421,79.48451424566912,34.5847261319424,92.72452210551532,-89.91245959214504,19.696921836552377,1
98.97326343395343,-16.978564629013476,-19.449276250511602,85.41382321023701,-58.64682811325987,51.076257769631354,-23.340897836485027,1.0711553060276344,-11.230131885169541,-74.30471361424597,-1
52.2243074086316,-6.90260551206012,-99.96845108438865,18.199991817190764,25.455328119302848,-96.46136777264584,92.86730449698376,12.615857670477709,75.78727573030059,58.10430197840651,-1
58.903108898149725,47.10414115871623,55.720271740111286,28.190443969635112,63.67461077397894,-92.72583325055346,-43.45390600161223,-64.30046400511624,-86.11990066152886,28.10569627931872,1
15.518673176231502,67.11434101812975,-64.55812403575209,49.417241878965,18.30204395380035,-11.151215839535595,-63.36046636357429,29.640343976515595,56.66668669937252,2.90855984688622,1
71.66833535982417,-18.67269462300591,16.26784338645973,-6.379591110078934,-44.28296543058687,-77.7948103576622,-55.4388464074665,51.25254219752259,10.127202669479061,48.20662044147227,1
-48.1153133137415,-55.90590380012603,68.43320601227663,-59.119245046892765,-13.275982937446827,-0.015794517759886162,-79.78031353058867,94.70418515801657,-26.140687014672153,53.5600346696622,1
-88.66391356683292,15.907273829996214,96.32213112848657,-71.42241316154656,-84.53624142843847,-94.415480552272,-62.69321563276833,-3.5147271287174533,55.49452065040836,75.85338384113624,1
-47.35053069639776,20.897796451691903,-18.41292578914073,46.53713827936025,35.958240254267935,-79.86756700731088,79.73780383878605,55.13456141449166,15.80314580175353,-78.21224767983387,1
-46.050077696602074,71.31439773666713,-85.44752475207457,41.630337548120224,46.5593439382306,99.91967644000397,-21.226755457562874,-45.82095528482939,69.99087261333798,39.93395462706877,-1
-55.91079915091621,-36.06958754893987,-79.30049928128646,-33.56415001933735,73.81516301354048,68.16898782652052,-87.63385573757569,-91.94360229356914,28.903618237614523,-94.7514662704547,-1
31.743527745404435,-19.290275837262328,70.42791277089515,16.144973228561142,64.37427097416918,-55.669065012576645,45.72228833454602,40.26065689949624,-30.440277337193493,-27.271783670601607,-1
-40.67750356858137,-98.14949551281953,85.34256906155466,57.17432511862111,-72.51802595320163,-14.483852605390538,94.0475649451781,-56.85386233309509,91.15532484830766,-67.85000900560827,-1
40.23397231805194,-93.80587931549798,-52.57038535269955,59.354572113969084,-78.69266127832562,-63.354826618929124,54.15738317453179,23.20355837627244,-33.83777702355704,18.80946399378442,-1
-29.675462552073114,58.50795352426735,-56.75342112180175,67.17026423599086,-60.29426192291718,20.577477800934503,47.10969740610628,92.87891766785629,-39.61512910176015,-9.838084859312218,1
49.930366348584954,-58.13878483315828,-2.387968746067415,26.347235364682177,44.53006693231106,84.26811196098433,-46.667243400489156,-88.17997246460656,54.834429057999074,45.30565980073936,-1
74.28280683817087,-79.10393664920838,-91.35726009000034,64.30797218513044,-51.504073720876505,-78.01308598863075,-58.484253829125365,-5.110219087505172,-84.4717844907956,-32.58880201337723,-1
55.122370185065506,-81.81291001739177,-45.39424086482813,-82.07309103583444,-16.655343772799853,64.7711600984916,43.34170045180784,-79.89349353535557,70.24772584317384,62.75722573661275,-1
29.692911380047406,63.74759809093041,-20.274207671184996,-1.4671548338942557,-62.10407598089655,-75.33915888239125,-31.456364194620235,-9.523861893477331,-74.57758944581903,-51.754609109333025,1
43.020032256739995,71.73441098589925,15.245882355586858,-11.594478313915246,-18.749146714434488,84.30074541845883,7.67143136015514,85.55307973773708,89.1754781414133,-27.780218073064162,1
78.51179969799554,51.555312075031594,-81.15792727750124,-88.5640690939467,-84.37571384205116,0.7917275369356815,-79.83493278925373,-4.134985649251803,-98.13489880502186,67.15695104852583,1
64.05066378897794,-29.51345369223168,-46.219139087703724,-84.75632131099036,26.29965653745765,99.5488842013701,-2.1794836490665546,-63.7103971572234,59.95743828549226,-92.3981332589076,-1
-91.01774020087683,38.37278163216888,-19.88092517894553,-14.148825080832623,-61.8819397758348,-31.722159735889306,40.55895164344611,79.6889489982606,-44.23730099736554,-88.62722024260592,1
55.60926129663983,98.33461056633564,21.939091028996828,4.308289838702791,-68.30213536354428,-54.48971448674192,74.81987815284293,32.65170293912598,61.47763468946283,68.49719979648654,1
-85.08987126404584,84.10717702051093,0.7153792677182906,-71.85843383488515,-16.854420144093922,71.16792509898391,26.672958452160003,22.090909406845327,-14.553053490225864,-71.69384022966716,1
45.92123566761282,53.749426272502575,43.23477539128612,61.49974633133215,-58.22179315131901,71.9559309940993,49.372942226907554,92.28719518002282,-25.342367264768285,-68.6369356346773,1
86.87340295380298,-31.554895044219094,-41.74549554885261,-71.79006195003197,81.57330674655165,98.97883865934915,25.77469405603638,-78.79925357334025,59.066159243065414,33.843284529518826,-1
62.89369651778716,61.99574873669448,62.803347103986,65.9915837910637,-38.3289121542097,38.858855628589225,-14.106834686759356,99.22081771870916,-15.465035807678106,33.34131298548127,1
83.29783022310284,87.6936424731625,-76.33518539937236,68.49328144252513,-1.1854845133586451,-31.255055234367916,-41.19417547852537,-92.8684712326596,-66.55333025293157,-28.43751529781929,1
74.4247817888303,59.02205650534492,-31.824692083212696,-57.907556571599315,56.473159030231926,-30.54232820072859,78.41467434695599,29.33714547244034,-22.467455338918697,21.39693488427305,-1
59.582831923178816,-52.67337370599823,48.546172752663864,-33.19985623468122,43.767949641133356,66.80808194392108,-2.8577986421239387,61.92540405922054,46.55877094421538,46.45704877629487,-1
64.75807684425894,-86.3979536095159,-59.80519344175208,0.8296979456632556,15.119549753359081,39.771846105978824,-26.552941046943275,44.53362719241457,-36.437125319648736,71.38232940405905,-1
80.19217913809356,57.631957627141276,-89.00930922627468,-77.05280774781707,56.852675459056115,-82.7251240954411,-36.98270914624613,-87.41229971221043,44.35644300725011,4.104594572574015,-1
-82.59655633944226,90.07595029641863,49.344320336812416,21.18178864265927,83.06578893313008,-84.70537347118913,-4.961343318511325,8.436962124720296,-82.62576671950333,-69.29384685604585,1
5.094061471178634,-6.43016334159141,-25.754470448513885,-93.45313187915627,27.71395561349081,-96.02488082764431,37.303891744892354,-43.0253323473837,81.21972046442386,25.68877402658798,-1
99.26686752544947,-59.88706808238602,-59.36921256200638,88.33784168838983,63.56928861208604,13.945733867823407,-19.40192011264918,23.581708640160556,-75.57904147392458,56.13255566814888,-1
-8.039915246135962,64.74889238245993,-18.231267654986354,83.23020536288027,-90.6091921535197,-5.486018054985564,54.983277476027666,-76.26576916151828,3.089361429222734,77.46629315336025,1
-55.57843790585395,2.9484387513559795,-53.53289081519637,96.97318806896854,-90.03062517710913,89.25938408768829,-91.00873330210253,53.98140660233253,-36.130570405708525,-37.26411984401845,1
83.78530672791089,-96.11975087635692,12.694094762570373,41.24563399159473,48.507432491093084,-58.034792810256604,85.27408974110594,-63.223121462634246,89.21033067603565,-12.305498669005303,-1
59.6760681036705,-82.15556638855227,80.17357888031583,-51.56557539054458,79.79821121041877,-24.413178730989387,-54.703270103220625,-10.797650313175524,-92.01505859136789,72.31353653183842,-1
50.77361654198259,-82.0348494855832,-67.27163173441525,83.28258362008555,-18.47835935642182,-61.58260352879517,-95.67705644975672,5.553578362169475,-77.99980792065429,57.125404566095796,1
73.69359517958256,-78.1035267862012,43.359543339874136,77.99949651622643,88.44013229530933,-15.976695608111214,18.07995319194555,-59.5907750408198,-71.18387357180961,27.19233599812236,-1
88.58194078250384,92.73703773740982,-92.10960941546172,54.14572306131319,-87.37895502826431,-77.42323630163048,83.52357603558119,-66.27241846012004,94.46328573152365,80.22472865950121,1
0.6167901559672657,-99.74311489463972,51.318786802826,-78.8765909476528,-81.92605029750437,-60.908399140881464,-67.92726089813652,-43.021457148942744,93.43565459683498,45.958347737850744,1
-45.16786668803883,-76.49963195752534,2.9959621296689534,-63.945692796324785,70.07162104790731,-1.6182970670265462,-82.71932790562477,30.65498241284459,59.22481093670555,-67.15442586486402,-1
-4.0122330565752975,-80.52465417839916,-59.1066559604849,16.046257411991192,42.50821110872303,7.7263295064608,-10.117594140710693,43.546344256973214,55.79416380336798,21.511576488498847,-1
34.957260433482105,-76.99781263438044,19.232559582135494,11.801307797178026,89.57876453693501,-68.22419716091919,72.86992541212786,-30.093491824183502,46.204103732162764,-39.760497632678195,-1
-83.08692438055243,62.060659824666516,71.21906644727673,76.45390331390027,51.78420758125327,83.78921509442182,-98.20693279341887,-45.58516879531682,-24.774059879999967,-41.29115422824583,1
-71.34370825947178,87.55291186364485,97.19233688028348,11.321179636058702,89.9574202616013,-75.15232067268009,-58.799978761815,56.23209474494689,47.819058082026686,35.912315537099175,1
-39.80728661063675,-72.87467679853732,-43.320461085881234,34.20249496897401,-39.80489691791818,67.76351444136753,21.442520539873144,55.43204092157504,25.773631866527367,34.13660044748789,-1
39.92791392442433,-65.77950431731963,-33.23158713132284,-13.331593926335387,4.9242203238749624,52.168370480894055,-75.9690295370838,38.89805429162192,9.738253241867056,17.420498842906113,-1
-19.622560021853985,91.24423472872553,72.95804439997909,15.182093483479278,57.01866129959839,-85.89558924227852,83.3198777801889,14.320659047213042,-48.58363189624364,-27.383857757981005,1
7.187015770423642,30.01849022798629,37.18584414164391,-47.61802162492212,-84.1152600734847,29.57744983465841,-29.37068146782819,-36.622176187569956,-68.86887174611876,89.91445912706342,1
78.79794200157409,-61.74452579252059,64.01187314925073,80.42346172845555,60.50871379531134,33.878222017728945,-64.91026208426706,94.6257758291282,-86.08574716494203,60.45138561662881,1
-15.155598150604746,-57.291429101931726,66.99390989623714,97.73131098280251,30.09581305563418,-18.935058464672537,-42.284629416127295,17.486571776878378,-76.34267024937907,-66.44393365203594,1
-62.933964094257114,73.76021916356405,79.64583863256601,-19.152848832104127,82.39371597264514,-20.832638248620825,-58.48100423270819,55.907083718658754,-59.8971298462498,-80.83235418694943,1
-52.61520122065531,-42.91894193943169,41.382203019798055,-98.37623859260103,-62.101006232029455,-89.89662208803153,-52.811295319733674,-90.65500555124754,20.418394509124553,-36.8442605515874,1
-45.538534696126206,46.52253984807976,-61.591601288199186,-93.72007403745177,-78.98288096551143,-3.584635352824222,-2.757407532266015,66.3234615263496,95.25283450205612,-61.13176173241091,1
34.25416504582651,-30.353872058526264,-16.201262937953786,86.3063602819158,91.46496970544084,45.34193718612357,-72.1289483478619,-56.67766836378885,65.0594822038752,84.77144520224863,-1
-52.02517744881106,64.5520486064664,-41.107180231767956,-33.19706584846915,-21.568668951754248,59.76210397310035,94.22182459642349,27.21099228243287,37.28724870788298,-96.38012558209479,-1
-86.36267604690747,-26.951159676925627,79.16693533803243,-81.40394471104176,25.96022154438633,23.061085825751817,-22.448337970061516,-62.54538232920357,70.11265931320833,-17.47254889083449,-1
1.4469617376784925,-6.9444937448153325,-47.97680339692016,-48.440467567174814,-59.747279547821506,-48.707441638753046,37.59658080151013,31.944787764820404,-44.154452938894416,38.496226845975514,1
92.18402938576494,-82.95990448806761,-81.61241281583247,13.238217479481378,-37.95071506247789,-7.025511216125466,-61.87146443933103,-60.32727875198307,88.37293809996251,-19.26805682272588,-1
-7.213724637533446,-13.446583658361263,-89.6558234890693,-79.3925738049799,5.457344806736856,-43.851609411468374,39.74509950436146,62.76793520723055,85.05796696201767,-19.491780940581975,-1
85.40690895926133,-68.86148044881341,70.9130337882481,-77.69001853062854,72.60157629984019,-43.33942736005953,15.98015818549942,-76.15873386345777,19.091702834200646,-55.731909606735954,-1
-5.358018661688561,30.144876866760058,75.24067244499696,86.42601466023274,-97.85543942112298,77.1454416473913,-32.87325482353478,-72.72356729135159,-12.637576786439638,25.91102838800768,1
25.066033990890773,-33.84140171446887,94.43130190694998,-56.915619278543716,-92.95111018596873,70.24887667271699,13.39132270793965,-68.6011169934494,-11.731150691427828,-28.95048578859965,-1
55.06923008062711,98.04450692301478,-93.70856095079478,41.57840613958663,-92.08088564018443,6.921010911141835,77.7771346012959,-40.719434226676675,32.89609877289138,59.62450449405159,1
-19.452103050633852,36.739909144924155,93.80259270059997,-32.73187229584664,42.47752711252963,36.72493799822999,-78.94794766024813,6.744683004072698,-13.558528577828113,89.89887504720414,1
-30.931609551022433,-37.0133545082135,-94.47404883831697,-98.18116393951615,92.36663325826393,-14.883127971729863,44.569901325127006,-79.05795597922611,46.49260635027193,-16.808903663331364,-1
64.8943035209098,-71.99103757315419,39.30780447757857,33.45192919646982,-22.390193810235232,9.789902009327903,-40.09444954762343,-8.39687635097907,-76.04958374547786,20.057737463888884,-1
-90.79947159564945,93.3116878761088,-66.71714313781203,5.035157986844823,60.26942879234244,-2.719248980577717,28.45962467387423,-58.00647826127911,-9.17580337033263,12.982425323687735,-1
-9.988272114754949,88.52194203173113,-43.23077033077269,-71.94636767291429,22.674033952368603,-17.56111018938114,90.20031633524823,-38.39585244748138,-53.02524344940191,-87.42497675204245,-1
-9.202017760060201,74.71506115194683,88.83487270113238,43.83287635577787,-0.9396692620779987,29.428535866021832,-40.926509280557234,-62.00285976279096,-80.03288807463554,76.21570648624353,1
8.139695328982071,-51.05688059525981,-85.3278480966161,7.462051800722108,48.43580765903127,-0.09292045119195791,39.604942151900445,-9.506694246237075,-41.768891340864386,55.210499795771426,-1
-26.08516011464536,-16.31010056490838,86.38053688412066,-4.151524992133886,-4.789761213903091,38.99232417883039,67.65596917052292,77.68881435176058,7.691609315627559,-63.675368600690874,-1
40.91088560548906,-79.84943120808474,28.943367562948595,34.796254463310134,-35.33538009465022,-97.95239948480092,10.672451119104508,3.337131207422118,-8.428742147418149,-68.41132246437446,-1
21.581018558688925,70.9030871821499,-32.08537175836608,-57.02071328515363,33.23666657011802,-32.03881090084752,72.45791491902568,-0.12133661663465034,-43.83901193469952,92.14900655289503,-1
91.10473919098695,69.1021621681121,70.9640105984376,25.04166434858601,-65.8192409646944,-43.31155210925006,-19.741090274240065,-34.0294846415061,34.06555905708822,-65.92241025961674,1
-63.88493097453329,-73.50586873161468,34.0831029317913,97.46310983972572,25.346017337757047,2.466051053916601,-73.65508052778924,92.9979288348479,53.00739300072553,44.834659108888445,1
40.122299278890324,62.8417534109326,25.464893904634266,35.40813702954347,29.74518069507576,-71.1153827471003,41.786780496657826,-37.79930273957637,71.24170453111219,-55.74829834432955,1
-33.5087685702576,-17.89903573032869,35.07092540173184,91.42131057120648,-55.74464892555335,-3.8974027616528417,-57.31923251622027,-65.02304081050747,-89.42508022319942,-90.1793386183918,1
94.61535958245966,-11.177398964918723,66.22695308073918,-54.22834483530059,17.62048886354053,-60.217641758370966,13.427034794785214,2.635333718791145,58.74970934088961,-63.90602759773374,-1
52.45702695532316,-76.58711740362747,45.22121367388371,-34.32844297339615,-48.66186522678737,84.47969965848031,-50.66322692248855,17.31112286843461,-19.30760601862191,81.96040103212249,-1
-26.29473125524777,68.62897300594909,2.0431868156808264,11.017050094563956,-59.547824463197415,71.21786927804149,-91.04832884327006,51.41016691137665,52.14322980381445,63.79278956347545,1
76.33812236870162,46.102930805265316,-16.1599985458531,-24.542855125752027,-39.14934331804758,-53.263943117104695,-96.82635052683655,25.27531926510285,-73.61250304814513,52.80147841890985,1
1.2532118990405507,-81.08873104512236,20.294220176241467,49.22297144064726,99.42272680254786,-18.817131374515753,9.808436164452374,-94.83177218559536,27.323317769512556,42.72792535544022,-1
64.13923215335586,15.41066834270886,30.537807868185155,-55.17356406798426,37.03571563604396,-36.750311636945156,-28.948602087942902,-44.791301803924654,89.32916962314656,74.70307061184732,1
-20.48112040744114,-75.72561509027607,40.525421264730426,-71.24296539676156,-9.836117708264823,78.93314412889251,-29.218675197953843,42.817920508851984,0.9721556751463254,-4.840645063643635,-1
-80.92781574539929,-24.79164177816871,-98.0828719711211,72.07006696171129,-47.311318502491815,99.58808325682719,0.8781166509248379,-99.32127035702788,-33.38830866737969,71.9290887195246,-1
-14.506694366662188,-47.41515047357059,-3.0517285200615873,-36.017272971939704,-61.224720121436135,98.35112990090849,6.470795227721226,95.688166121655,83.25954943131586,-37.62164536900521,-1
-71.40166358943283,21.46488335861318,-69.44991366647668,23.01023310571297,82.64884515672674,-19.537760696200507,-78.45155225366358,98.53659041673194,-74.65431963486209,-45.77614579703708,1
51.3460334137136,-87.1912952270423,-41.79932731994369,-99.7513122267796,51.70898417932273,-14.787916031450038,91.9013620596426,29.30100144123628,25.17116678715665,80.98378531613375,-1
-39.15155140809246,-91.70053489801873,-98.60848253934176,2.3039114925747413,48.36258185330303,77.4592021008416,-94.82658365491596,-56.16972551120296,-13.357919657078241,-38.047294321583756,-1
30.284077670372852,-96.06970345063044,-37.79165898860322,17.867675590109556,63.40795572183583,96.52355075428659,31.524518780404463,38.44789266664145,42.02564797261536,89.08981876740012,-1
-13.500424333973598,49.07954782830791,-0.8981645338723467,-88.8905533024708,96.4180635048576,-74.69262331623625,-82.28446801400898,-10.86605915203043,90.323881982436,-55.9602165654395,1
-83.29985666026624,-74.8713015175372,98.75462055358634,-28.217401800393873,84.37916051532852,98.63524362509759,19.734051501392756,38.12207124812329,-13.451634867525414,-95.57130696678536,-1
-56.15720252839114,-28.11523463383658,-90.66043642297738,54.65223041599771,93.04553190113813,-43.328200607524025,-68.51918354292717,64.6314456145472,3.761620248724796,63.476079104007084,1
53.89858663838737,-70.67708856803154,59.73747418607249,-53.60300300326233,66.04006613129565,-89.80464730626481,-96.29852502991973,19.418107242495836,-89.4981889028863,27.710870193728553,1
47.13262284783798,-98.58069350102257,38.87117779905421,94.4442741934011,81.55199824809452,-58.02497819245522,62.400787879758354,-77.66983866381092,1.1962716304863932,52.20192607342048,-1
71.44618747395822,-11.568772377437654,77.84280268483818,55.082902993284705,-87.63915208478268,-18.803046834615685,-34.54473980334521,30.407828833740837,29.065091883917603,21.273810192006252,1
-98.32726362462859,21.02032444743014,27.26886306361787,-57.310133551078145,-71.94353828006462,-24.258418250417193,32.113257352058866,-88.76544021955766,-7.966906001410436,-47.08776290159469,-1
26.820806275266264,51.67695431798356,34.32858429098903,-75.79024476553226,36.16341799070719,84.17241838925099,-77.75215923067205,16.059102617054165,79.71013954632684,19.560572683031864,1
-73.6626193127586,-73.56764449499526,23.571830812451182,-3.306187135329779,18.97317017752036,69.99257565836871,57.748043862555335,-28.76369216632426,97.90664473512734,33.070630849075286,-1
46.83025180832925,-13.405390032058733,91.32011355346151,-92.65436221881689,-59.99788211132733,69.422644698184,-28.639653973339676,68.92157340864989,10.863592684724722,-82.92334694145433,1
-98.22734297730622,28.09665862844244,23.219712429870924,76.78367928685569,30.784273985150293,-13.245319667905562,-96.50073967490083,-87.21720484938882,-61.626205577005045,30.622067650458376,1
-31.51040423305733,-76.74526394142387,-38.321081606970786,-15.365432094649023,49.991020220815614,-60.65189551352801,60.95187971810893,-85.11847970196031,65.36112929877496,-3.4689616373092917,-1
12.846363336907203,14.264003086620548,-61.660145767673114,-18.367067019689017,2.4446114895077926,-54.28558460241797,-11.00961378611656,-95.04576487337033,-77.17734696054637,68.57118124143781,-1
-92.93772901195219,28.673945013952107,-16.508785781251703,-28.833924266467818,-10.850275386385562,-13.813711345995827,86.95225009788979,65.3022368415698,-2.2722863692680164,-52.9546093959949,1
-67.61539867355725,54.16290433286423,63.42545643402897,-70.62509740623462,64.12850945965789,89.85985738138709,-36.82434671947781,-7.694378379941625,84.0196654628484,-39.99008411104068,1
-45.202380106005634,62.20307498641387,-32.28280561168529,77.71027654067359,78.54980090407031,53.41657744585811,75.05551255917814,78.62177530997573,51.75766843049257,-16.331537565477916,-1
-58.22345519896726,-85.55413034550443,-21.07900966775189,-39.52029603420446,-88.06522793257857,2.7490288960923266,-8.736818143159027,-45.44686815799419,19.95200558296804,-61.37594373516817,-1
21.28581193191799,95.32352746300182,-68.07401334944718,-2.356128160152295,73.54178955657542,5.2087249781911,74.00975321633874,-84.33275575054572,4.579816747650781,54.484127604808265,-1
-35.082834019945935,-61.031901668927176,-66.8929414612268,-23.548817068719075,78.92405381361343,19.019287468529782,18.37143473804113,56.63191246878722,-61.874219787356964,-74.38098939708692,-1
-33.676630178433214,19.07114450206238,-33.44725693286412,-63.21045876787568,-3.536779122735652,-15.795821087371365,-26.265723299735683,85.61020741703715,-89.30207479461694,24.998503508692465,1
-69.78842164381996,41.445665667084654,-19.711290147999236,-28.0726513641995,50.15763529080013,-21.485855919368333,-19.309506173424523,77.12854993027895,-99.25904073559823,-37.38079330106032,1
-88.47048356019502,30.165590097865618,38.9930537637278,-35.7641482065072,95.39463254510383,-98.15608115781946,-29.97928648508426,13.621332618192213,-50.45393252473593,90.70150491815332,1
86.11904292878324,48.88843356751073,66.61138825284272,80.1673960564647,35.32558856125999,29.054845933092366,90.69924831218833,90.63592335851834,63.98287009971514,-94.17084404912477,-1
54.6283747837343,-93.31469338135567,-68.3521474651573,-71.89525516398282,-55.597893145135814,29.31759010576519,85.55841904410755,69.27361069151462,34.16596609955053,89.84537668542293,-1
-20.19293647151305,17.17261010558431,-66.03211333975041,-74.43883144095741,-7.101466074336884,71.8723191382152,-88.33686713149973,8.339387917611063,-14.917601881636287,-21.255762686407877,1
-40.03989448695282,90.82632831421452,-77.46042791233496,-29.73689094936489,-84.02011980962129,-72.24339717865402,-17.853336057735447,-60.92290707703165,52.71877272474771,-43.2082672825997,1
-88.62372044447069,-96.22382428475306,87.81626097740403,5.118997965674694,52.84870308152966,3.5083610687818236,-24.36688406046217,-22.220559441965705,82.98163413525683,-40.88881588870501,-1
-61.68141085303485,58.05198078833877,75.36959965029129,22.702936543502503,-41.89811744436221,34.981618234389,-32.86822994436123,15.57270489819851,-41.37278014345465,-60.8442006937707,1
-1.290683931976261,-39.34379478691095,-29.756073866486062,55.430581645894705,-75.45181070820344,-73.5492815687895,71.60572137800699,-37.09057404130534,34.05499119854048,43.61242586579209,-1
64.93619318502982,-6.725081099090289,53.40250599615388,-9.62826697315191,56.65283975795518,-14.359677448325428,-81.0383457327428,-57.89188231925109,-52.063463716992864,-83.06192839817868,-1
47.68984185026531,64.77927632493285,-56.90360344288508,13.487850252894589,-86.80381937675736,28.37750070857564,34.977536333894705,-38.97422166311022,-7.776967364723177,19.861475859731996,1
-6.880396373507963,96.74231664183034,-14.42609702940176,39.22918498770821,78.7515016554093,40.01283449864013,-38.26950465301735,-59.89498448215285,77.42936156236584,62.36258347927489,1
80.57899903839746,-90.78616606490648,-77.73713570448997,45.74184969507053,-63.37530804309645,-94.85357540348505,34.405004423979705,-37.49227339993424,-37.96272455338685,-1.5767390275921684,-1
-85.7984670933489,-20.74454750165988,-35.284479192097635,38.68516041991924,-21.09548109274759,-62.397346845198996,44.50983728921514,99.40348422631001,82.61350020847325,-4.607926753841824,1
-12.028872057233016,-11.759779557413523,-77.17704856264429,18.214141929541157,55.15115812404093,-22.36954238220548,-17.706786749829547,-49.876328332821565,43.98988735750896,-13.933999492971466,-1
9.518475230747242,34.145465088520154,-7.0258139691312635,-92.76304049341498,97.87292851037256,96.89629662766265,-6.063229326480155,35.35878200461124,-24.596362056717297,-48.35707790914148,-1
91.48960380761923,9.523220130749422,-99.75927721819642,80.79523437531543,43.20272818656872,25.251346064134054,-4.262631521086547,9.905515180343926,77.7705777340349,-1.1057531018911675,-1
15.380776925271817,40.219517472853994,72.10229731748902,83.47239701305531,65.44096001734704,-75.54939274195422,65.00000580311317,-36.15690758431378,-99.32671318567934,-22.821942229515926,-1
-86.46632761999969,45.904284395287675,-20.795130739530762,14.153759317180288,-67.48273764737729,-92.63350169704938,42.0590942930767,-36.95579730585381,-2.4780900215199324,-52.8512667699863,1
35.293587445272436,89.52473170413342,-22.390145988317144,-66.65088627481268,53.40233880368427,-82.95015099768995,95.32422027027178,80.03194142265707,-86.56562749843158,59.559657257314655,1
-34.24967794249835,40.29982029303321,10.767216500444121,10.182527989577153,-55.25485349934323,33.98280375928721,93.57218832131548,71.75357027280202,-19.180494966600364,-81.34759103073517,-1
-73.75102446352248,-66.64253296326517,-5.125472005076205,-21.977357313213375,88.20686075790894,63.48920046506029,43.1568606559031,10.229238511386,-56.14772455693635,-39.02613274613809,-1
-71.18424279736008,-18.876121948911532,60.58596827485525,-27.638526392901966,-58.16308144465394,14.79688407502249,-1.3053116781189544,7.101888069417072,-84.19176452117712,-18.5870434689472,1
-37.12997736325032,-47.03673564433623,-64.9650272591638,27.260534363811132,66.02867301051884,-8.92645910690382,49.74774182201364,79.39163190154486,82.91446565341468,-6.830468809346726,-1
48.54130423999621,-16.458286605404822,-27.374257902072813,-30.995866677906676,-39.50892403379787,-48.207033419959245,-61.88146771036489,-75.58579403059144,-52.95249450511093,-13.726542039690884,-1
-92.10809342182014,30.157664169380382,-72.66098510219274,-96.17472987525393,93.11141715280877,32.173151680349264,-69.33596427375674,-24.179618766702404,66.72757531294204,6.62716239611288,-1
-29.816997489584267,36.25642210648675,-79.28468677939699,72.89538072356564,-86.11660828197247,-30.216760964713288,40.158360181852174,-85.78766503530255,6.594634319354412,-87.61595135671818,-1
-90.07881833010345,6.382139376260483,2.301672953127749,-87.37015961862731,-95.43585399703053,48.51624467432626,-29.152055170692933,-48.30749871501203,85.89883348401614,-62.75118422431245,1
18.58798696834063,-46.05150682524659,13.90237386888424,65.08288751476215,-98.71011140705983,-85.06541396038749,-84.02919546731096,-85.90858903482457,-34.46542072533873,-45.98606319712304,1
40.49681679742184,-6.118631602148383,-20.409388759733304,23.317567614249285,-29.18682764128326,-65.90809421067428,-31.21935988338207,51.017092714326964,69.08958766663912,79.78759917656373,1
95.17041589250692,7.10849461955965,44.840982561674025,-84.78212573008474,43.45433783746719,-68.18723187636333,-25.469690126383455,37.67353230384521,80.17122538665433,-28.387621380974636,1
69.12087259798136,26.65378346749779,-20.67824013313104,-35.08714314890473,83.9804251319795,17.796368717839158,19.45034605360108,-12.385436630475994,-16.94351944411396,-41.81584991334759,-1
71.68255036860236,-81.51009659258668,1.0664066671760537,-26.989869178893827,-76.48658590535445,30.69450459191222,67.17216223717622,-62.4894625588692,-45.97034525801127,99.83142163885472,-1
60.89892848636447,71.55310967448844,77.51779814377167,38.98533928802047,11.098699292998432,-50.30707905943122,16.957604590168245,-96.02505379547985,62.46455596840909,-50.77442366814036,1
65.21293690965712,-38.88470813443485,-56.64845773560301,86.89113735255629,23.688694386735378,47.57567056119774,-51.50276583854072,86.4525873084074,97.35040226927012,69.90683064928348,1
-93.06594665470334,81.11642751462645,-89.40541879077983,7.107335559438965,-44.68703751687508,79.86689134662703,-4.962372403823537,-74.92585888241597,-77.26745988066024,-21.842115198615076,-1
-19.42534347347258,0.06103127090295857,-22.853534420033355,45.90076528587673,10.56800175281056,-23.778472610976607,94.21438605659381,73.75709263464478,-48.17737883762494,88.85303394027119,1
-29.379422212322098,99.6842467847548,-91.01810069825369,30.032706503528743,-8.856123986942649,-76.70904882827938,-54.56965033266208,63.823875776799696,11.543357030150503,-6.014305941064919,1
-70.54488728958182,-95.4991345142627,72.27254379131335,80.49070784110413,-4.791163422479713,8.49003182025018,23.709423869974614,-32.90033636123435,56.8236984133639,68.55396741178367,-1
29.16216253104119,-85.65293125051501,94.70531036745035,-24.807779567729213,5.892970394293329,-85.21287129666048,32.471716377769496,33.29321909799856,78.47397964506942,24.968542496208684,1
89.19417796911986,-24.393787553360966,0.8149893680176774,99.18132807726846,-45.703130636177505,-80.19193363156953,-54.14902540397699,25.776849606743895,-42.159539604785046,40.063488723122106,1
72.55941550864571,76.25161355260232,-42.66815031054947,48.897677989853264,-89.300358382263,-50.11682371953392,-72.74826751436174,86.35944039041271,-5.966464045880059,-24.548699835262838,1
-47.96844180758977,-1.3316823895239054,-87.91061540294595,-36.58224254517488,-80.63758868097138,94.28083063339193,49.79592665876544,-50.90734839611179,9.294013184152902,57.65528842299369,-1
-58.83175799264635,-90.44372706371892,-76.07391209678593,-35.528981318764735,80.17597979763624,15.66996568963603,68.3588395030088,-4.457369364373818,-81.67990018021014,-44.96741900286811,-1
-86.70074652664451,59.115675251517274,1.8006890965236408,53.50133907907281,91.52725879968708,-57.87169152904112,-14.938912504483383,-36.10489082055297,57.54949031775294,-2.0761911738117647,1
20.588575295892312,-42.75513855200113,97.19438879006873,84.7085513872452,6.3485463229282715,-40.54829061926244,27.423289762459675,-51.10242588803238,82.93477513478007,22.649046893123796,1
-22.470238908870584,50.13380285633099,47.63837946489983,74.79988510757886,-87.79325628535244,-44.72129118231389,-8.030957533704836,11.121905398810682,95.441159405619,22.66561191182474,1
69.84468209883559,-88.3084025526246,-81.75103173914893,-18.692337222597374,95.25432008740796,-2.0653868966876274,-50.82717743951015,27.283117067762745,24.960829344953027,-46.66530950398402,-1
-9.929922843841439,-66.7598926382509,18.268517959728342,-74.39504742778465,-1.8115311794083766,47.095378434184596,48.71382601593481,-17.535757735153055,20.071725500721385,-51.36896130794846,-1
41.29514529738023,-37.6975401972028,-57.18950875451316,31.227408816403965,-17.731841916995663,-6.044998032261745,-32.30133703427444,-70.0754726998885,-73.91781137720099,-46.04773334415413,-1
-76.23641674638561,90.93327137581377,4.798633492933433,9.593559358785612,-11.492556844541312,57.41121916914659,47.0317595838801,-40.82126649082256,-52.93495759077756,31.615283551187048,1
-14.7203286396755,58.40062522603918,47.023164968079186,-67.77801896283337,24.25940684335781,65.38407314470473,18.670865179736012,74.76460325264998,83.74363442297178,49.93880319431142,1
29.563489198105685,41.09933038692478,-79.78470152565147,46.20715166566217,3.536730506014891,-96.20672305379176,17.058515312985506,-15.02299242006977,36.93204633685829,55.51238524217595,1
95.99406587177012,86.30888142130405,-9.188935478090173,18.281482579782775,-35.64588595030061,79.35236925125363,-66.38537053912393,33.54460063558267,68.54841762443598,-83.38650859780286,1
13.280928059379434,87.29866626204515,31.498845996988393,-23.764999806963985,25.36072604909461,-24.378339106882564,-70.94052926482463,77.76329210616623,85.34220120443587,-26.93572225520259,1
-40.69288374246896,-7.129950023571666,98.63415791966654,58.308201266640054,77.36197313188035,-14.26935642954632,-26.997165228158877,-61.40776029362838,0.7149526875236631,-96.00622627936623,-1
-67.14263134551814,85.1503386110611,-42.01258126752443,49.801610849695635,77.94712050078104,80.29393226141903,-46.96432654216187,15.498224187935563,-88.43555015613578,5.408350530369006,1
-79.64350547591926,23.657004202743963,17.788729701469748,38.97741716145603,93.33073426554847,95.17723760397305,36.14242412267606,-84.25398031158551,-23.030776365117106,-50.090888411496806,-1
-92.20079748501769,-63.63830686661005,14.625584654512934,-20.651605747452066,28.85457319393535,4.1754091516213805,58.491998509199476,58.70845513339867,35.54742935498746,55.69345519544245,-1
-25.308410973458948,72.2017642616027,-38.839483510104245,-88.27425991548321,28.818938687237136,-46.35906289549989,-40.10897874773913,6.410452076641036,-6.975108247489132,-92.60037391685772,1
51.879652483592736,-24.637874445157507,85.59381235740895,73.15482447121508,-5.187375169098459,-73.5408950495544,-21.64632682028038,-98.27280361223376,-52.687859609426255,65.7262480766629,1
-8.11064631880268,-77.43189109662312,-98.33005249724607,71.19517207902871,-28.65373437753891,-33.72579074279996,57.867701718999456,63.20296534857644,32.4572567458396,25.39511184198993,-1
15.439977346910155,-3.9730120723253606,21.737752105863592,58.990186564935414,34.90075575324752,91.50279286432331,-53.406015936893404,85.52406629148771,-98.87655020091177,46.25732749891782,1
34.826059107212586,37.62353184127005,-72.58641149191038,-41.21668062188686,83.29306124650788,-72.87667629139676,61.44911659869473,-93.71211540509059,11.392242061291654,3.596593676995653,-1
37.403853300648535,-11.913085868790787,82.93302148474987,11.126951440993963,-34.54127128582256,42.56215142315281,-66.10764795311859,-23.93692575047133,-7.22453664593607,-65.04162476540883,1
57.923628558910764,-38.106090182279814,-10.354683578355093,37.28397879952837,61.680459959512234,88.82956008489592,-56.53022408583743,23.086425041535506,-24.183495733234267,94.3180382525056,-1
31.87078444115653,45.84804981951359,33.307691059537774,-1.1371503899880793,45.88399865085137,12.703203841391968,8.742052672206626,-84.69869205609184,13.991422643417934,-38.969924464255136,-1
-32.50914420715421,63.59695421544106,-76.1400838796375,-14.012050442976246,-31.086354108245004,-96.14032491968149,-80.02130829570027,86.08245192258076,-76.04835737790485,73.33961899527932,1
-7.928345759614743,-73.78402765905938,61.13695777537848,-79.36003761883279,-76.81329786849872,54.83337701374546,64.07570277887939,-27.831996110040677,29.306710479430222,28.299416341031105,-1
37.68100369842736,-15.238362965285162,-47.83831456144474,-52.968885998316594,-97.81860093644103,-51.93580894147893,-87.00521150420492,-56.62121175218844,-83.4560797905067,28.901415690234614,1
41.88777292679495,-84.07097419304684,79.13384252757862,40.85265736406916,31.535486758526076,63.37920745439749,-90.62784884415926,89.0728598179671,0.08405864103690419,-7.0105170303818625,1
87.18744964971191,76.93499699066999,-95.57334488837638,92.7617939241999,-13.959980651468484,51.84153954260901,-99.74997449630007,20.07500030486355,36.908133639736235,47.82827549664532,1
-16.521043534170417,8.471790098464282,-11.078880152779817,10.54115323257551,-46.25867599265996,-89.67832916989435,3.404086215692274,25.149555744174165,49.53658241023581,-22.382005688388574,1
41.24923251105244,32.82514785667007,57.0663382277568,93.47719753273864,-2.287389766924136,45.77847522994986,-63.02216088229944,85.55807429278528,-47.45008435701199,14.187145127632661,1
-55.13628822929475,27.489075743580415,-48.29874957043761,-75.36162239143395,47.497417233229925,-58.09411967549691,-39.283234012925014,-90.67367144452318,-16.50891083141876,-78.16925134552551,-1
65.50473879076341,-7.030039259189564,47.71189962315901,4.078445198592462,39.65384638954171,91.60690393792203,98.82736271633141,-89.92516571521165,-17.708252581447013,-0.0010106078568412613,-1
55.40985713035121,-10.367825326199593,90.65097114416685,30.45130355470883,35.976993020986754,23.282564018632996,77.02598158586554,-83.94708189495049,88.97803858754003,-26.698174458602878,-1
-41.32931571179803,77.82610714097166,32.49937463685569,-69.43436445482155,-39.33537595246801,68.58560250865759,-70.25688621997905,-37.516278555656136,-18.681427937202713,49.78152865870291,1
-6.998096494714474,19.236533880475378,59.26915509592982,7.90071809000122,38.63740075747887,-66.08550869363161,39.05784445412587,98.81103747394997,-61.479086138507014,-57.39779618419316,1
86.3109828618962,-74.72597161059898,87.53642043189404,49.156431600254365,-52.61282411550352,67.53476372176169,-88.67415702980843,-16.20474973603467,23.669282690892814,70.48801914105672,1
-83.03245718296162,-7.934189871446989,38.74825973966571,72.46104731533413,-61.679328496293536,-5.69490290958403,24.733381651324976,69.20149542235515,-7.173944156148849,92.21032998016406,1
47.00503723796467,29.414033251774782,43.13475537106791,-19.302504943898995,-62.485368436248656,-60.40098766863675,92.82219054926426,10.35226152844875,-87.32234970818291,-29.61794142317858,1
-88.09505993044566,72.32499001679568,97.12672401754082,22.051691038046243,-65.16646381577573,6.80178194810081,73.5271156455737,-37.50177334262792,28.746829399031668,88.78697374624275,1
-10.938948999466902,48.261741670152446,48.86074346747321,-69.06493937441746,-57.71739684481918,50.90434494697115,76.94019391894116,18.83387127048462,-39.541464452185046,94.16059768370829,1
81.25091610420733,66.24916101798851,-51.5340377092522,77.81498334934392,-4.590012456623555,82.19940444881291,-55.12490614395165,23.825936894440773,-52.90054296878599,67.17157076160575,1
-43.50425120459467,-60.373851635284595,91.96868534770371,-66.71611241367945,-66.20859177973628,64.05591213417989,-6.853627797084357,-83.29006456182906,-14.109601514202595,-42.68815642765959,-1
37.57714446016266,57.607029915004404,-81.86758229813233,-37.55363207585296,1.6369766573740492,14.374450901870816,67.11924796028484,95.49839877801861,-89.79755749831402,92.99736472458406,1
34.79884162914607,-5.847521522479411,66.85110071703437,-41.41886490332809,-99.07989085482312,-0.4406405932483608,-3.4158604375993775,-72.52637991539943,-81.93459844326452,-81.08028592054283,-1
-20.765461678148924,90.10071231782698,-31.313882396101377,93.25525037947921,23.59974569939787,91.50834107782796,3.9428581772575484,25.42446081373278,3.1890056452571542,-64.80825238843585,-1
79.11256962636776,21.94163910735196,-84.24358579921713,-89.87783184856531,68.097911321737,11.781957374805955,64.1869813797729,16.727695903529337,76.90990426225767,59.04784356204402,-1
33.80446746582166,-76.05064229989362,1.9748112612805642,-83.09347694128553,-57.97646275352828,-87.29890614366695,-58.09085247963219,19.124335566154244,-51.7941482487281,-29.9964781404193,1
85.93953046851462,20.158429867923815,40.884724295497335,80.66820274135893,-0.1369703837510201,-30.60213627027788,35.82055236731486,-7.27560551988806,-55.49253457671375,-72.41445269954485,-1
-90.32745779024383,8.301256424497566,-63.422469820689464,28.905027134072043,-42.579206662377885,81.36179296734048,25.99762271859929,28.252855437777214,-80.84323489490077,-93.09423524557536,-1
-49.90642024150021,-80.84916026732847,89.53033061621781,-5.618178017082485,-43.74430998537784,30.829118448254434,86.33801288680007,-25.728514695435607,-49.67245123425392,-43.931632123554444,-1
-92.07623493032857,9.882366412192908,-77.24750750386964,25.797677444870445,18.087456155782974,-76.38164836057334,-58.776184347904056,11.107909358110035,-26.38193420268955,28.900740681750847,1
38.72361149475904,0.714014880710991,3.529617803521006,38.85542341592782,-75.08892232010214,50.2362322998317,-36.29370627403357,-77.85409779209682,57.254662646241826,1.668265617311107,1
57.47740535046657,-35.81291233611192,43.17000310536221,25.9118111990293,95.12661307310108,-94.47672477901408,-41.98478333885485,6.903484845940426,-23.069865543175055,-59.757521538369176,-1
-8.335281082484912,-93.04016002632997,-71.28450731028096,48.373372017318474,-7.759505573572795,-23.445668891194188,64.77523501952084,-48.8634519075229,-81.2836161784926,84.31727844497664,-1
38.78991810203135,11.562025147086885,85.30012380884426,14.662748914304416,-36.1945463253301,-37.93145718855524,40.52894407381757,29.78094161213528,32.667219869096385,-61.323469784557005,1
-30.903829255310853,-19.178030451408574,55.562428688783484,74.80918286823282,-30.80850198797765,30.68869172216003,-41.63801841663126,87.34459738011086,70.98411503019543,-51.39277192521252,1
-7.152296052155009,1.7077782995415873,2.5446402147104408,-42.52401694888632,29.412441409809873,56.806647236625906,-35.233344384729264,2.837098983188426,-46.62784583873481,16.382729721404885,-1
-31.999122788021566,21.45333402029759,-83.33948337764072,32.656127371563656,93.22326449855098,-56.20430980315236,-82.06627864717674,-63.86577436381564,68.15230756540913,47.32835732201852,1
-6.740117412036241,-46.993016371890505,11.494909795130752,-23.71234037019856,-10.99094333702692,-25.443448011628035,40.52288191882781,7.3972768747264155,-43.05187091748102,-67.58613485175255,-1
-27.97271850569618,-64.33369751435674,-65.0006342498832,88.20396453944684,-56.24225083848331,77.72863617881725,45.095537820497725,88.7911847303512,33.82117796145724,42.43330678082526,-1
-18.52689515743353,-62.19654345070056,-65.9786235975848,36.48123239106354,-56.76923447872406,50.76097241204397,92.11331856359669,-61.6539326515785,13.423116848453304,-39.96214359571057,-1
-95.88310114083951,-66.90004506726888,77.21479341910504,-86.4890313088626,-17.104654518486157,80.97854009958326,-12.904781527635947,18.02951620257005,81.45928398414563,54.73335466834692,1
38.487230264873915,-9.208233390428049,-5.439107177455057,-24.018091035175942,20.68597169895341,78.60298670252251,79.01222076979707,-11.126810441005162,-94.28894783269392,15.488536303055227,-1
-4.982025426646388,40.22822627671539,-95.78386791429261,-34.504722657075376,-68.26896600738121,-57.03029809594642,77.76536944757015,-12.742811037935681,-69.63720228656678,-31.350156423596815,-1
35.92663647902873,-16.842787586163396,38.11052807992897,85.84978304862719,-13.967109497100068,-45.157492325864524,94.99299604741915,-77.48970990402077,87.9535482735644,-69.90739766867644,-1
43.16499293641772,-28.645901930149748,-16.065541568546337,30.904453802188385,9.589260814121886,69.95933413073126,96.59784194499693,-15.668694635682371,-16.204128864752462,27.230281588469254,-1
17.117536774522506,88.39828937677433,91.74865938168745,49.18338759971127,74.88775703214878,91.6368311951137,-90.96077053877278,-29.45259867129306,-50.20380323786284,51.80309734849337,1
38.3311303733083,88.7577778415916,55.86725306389738,-82.7031115696723,-51.70339275850533,-71.76390025268662,-76.91958607528618,98.39596485723357,-44.478572157719334,-2.9885212672349724,1
-88.87889566390788,-89.21348343182575,30.760931876866124,99.0062450012071,-55.23152228732033,78.71996373640224,34.9268887910379,83.27544090274839,30.223575620559586,-67.18708996151636,-1
-30.09872558263625,67.22372310900852,8.708782929888415,66.5446195594293,42.4901529423955,-2.2194322691998707,-40.93429597195977,35.20681466324723,93.11851889478862,-7.678128996876637,1
-40.55243845827656,89.48559961195863,10.059104636625918,5.108146225143244,5.117218539860119,60.75399050822293,35.00069414172532,2.5095836835526057,99.22579625072984,73.88432955713347,1
-22.159664253167378,93.3244441792215,-46.14591513895847,46.776194654748394,83.73683558865952,-56.063423274945464,-57.29616382898672,-2.765538774265792,54.05477778277569,-25.410453510701103,1
-89.74730816480036,34.542722300087235,-70.00459516969107,90.56091711278816,89.64388949900652,-35.69401949719176,-38.46040962255199,49.21851362672734,-40.27277628920702,41.59314167867606,1
97.5444779472063,-38.58245132795026,-39.954577691722726,75.18678508906495,-51.323344147878224,95.47258158172724,9.343189188944947,-16.31990419754743,15.880565993412347,54.78621404289598,-1
-9.949150771421927,72.53503258914515,-61.48478053063193,94.22110167295091,46.213274659691564,-86.51707457143043,97.168084189372,10.23943759836419,25.910073251347555,14.490581029300003,1
68.28951061695199,39.86258423106074,-53.76482337252115,83.0387422849133,4.3831741364637224,-46.59353245570097,4.9523908042499585,-29.780193000088516,-86.59826891429343,92.6932486925889,1
47.50024962194968,-27.691962447408685,70.36736176378665,-48.39122119265691,17.775599428060858,-39.30780307335977,1.6187315485575198,-53.339689251753455,-7.88448745216246,-87.60062453681564,-1
23.00259360777332,95.04890705679173,-12.729761139277656,-59.19827269784659,-29.278944752702813,83.04965390402288,-29.66781737600526,44.48991122596422,-92.3133713019702,57.21015185499604,1
-89.95479770720524,-77.3225808894855,35.636516917813594,10.69798610008678,77.12436469178942,23.288028493530803,90.10947182986462,27.834164383430803,-75.57771142404283,-61.93618738705751,-1
56.10510304877238,-63.23742210363701,73.95371360278517,49.36962425922363,-15.116168166471681,24.947040424592544,-82.66468535378932,-23.694196452363087,-34.55683735865958,-94.39030767614867,-1
-91.9722281829267,-54.32887716423047,64.50720378269435,-86.22849247849169,-87.31013926799243,-93.99547093106256,-70.13280104654672,8.259586721741769,-22.20914196586088,54.27277772887348,1
-30.730801126807748,27.46043130760478,-94.87355002311548,-40.45603038829662,93.33952335886426,-55.94276645065348,-39.953530124410854,-45.70730086029287,-26.66390878095926,-34.51469887361358,-1
18.895267037234603,47.91264962225361,78.90777044811821,33.32949313985549,-63.204300477818244,-46.098708322703445,-16.603995282088803,90.29749433235807,86.24418407379613,87.02424610789649,1
75.95048045886873,38.1402078998332,-6.342286465426426,-70.62857027195955,-38.236217282230946,57.17433281331796,53.18001561775958,11.896927552714871,28.79539420604786,77.62500808920373,-1
32.06054394026762,54.79901745880181,93.09713140158681,36.35662424246908,-97.75220346692461,16.281231371313282,-40.00921596120295,37.497772398861514,58.54382236686601,35.940464580008666,1
-69.71089561292854,60.28336218172544,-99.10366133489423,16.113404718157526,-4.527694607860937,-98.04242225875895,29.64936450921644,52.60119460524669,-11.782605508786759,-72.6487512515387,1
-17.476464617714697,13.841292625885544,8.337364806745668,65.1947339166974,-95.43846786247539,-34.11342388690264,79.42555833383892,83.0341257890926,-82.6941257204441,9.706181871484304,1
-86.19848147743674,-79.06787321842074,-77.21236337440294,-62.14529996642491,99.36695239223167,-45.36726191618896,33.402979880397254,-81.7278777770087,-74.74519028001676,15.132994076838813,-1
25.13015788545529,-67.46955636201989,-34.233390623761935,79.37564836598955,-49.9026316797555,-88.25541312513371,77.84609320708981,-25.43720561579208,-1.9932740874350117,-41.797881016957206,-1
-34.23547643027814,87.27051156499707,-45.359298789953506,-61.44191283617884,-62.969662531333384,-43.46900715450717,-48.85447630656137,-39.585182402543694,61.51521885142253,44.86286994340483,1
63.39478145436735,37.606103790396276,46.1085262993158,81.30612642389787,-57.70809812262265,-25.798322587041838,21.87841861726561,78.52898795942173,84.60953656786518,2.9189225270346952,1
42.80652889337128,6.417364787602267,93.86992288396505,-99.29020162704573,96.01854277185501,-71.57459261682469,-46.046056562206125,58.15625376084307,-11.492118563617339,12.628173790383272,1
-69.96619983659167,65.17764528536293,63.64240027409264,16.722443228209926,33.84080099115309,40.601296567062406,43.61382053942103,-65.1710943417107,-57.17186781681025,-28.4831720817603,-1
98.26558031284412,82.92329090303829,-53.38998029507689,35.88946716331958,10.949260766385123,-34.710894971833454,-24.637027745517216,-83.5516913422531,16.028617065582125,75.62343213697088,1
-61.075232659025616,-48.79576538769739,99.66138607639763,2.5167933868466292,39.244383000973386,-40.85818087900144,-55.830036698249266,-34.841068047838974,23.84346932088701,88.9327501867889,1
-29.045741632803157,-2.135450504975722,32.38354603158527,-48.66029070708695,31.235126193283378,84.2549432897786,-31.800855448871502,31.076629774078754,13.934426695795636,-62.12170342570103,-1
-94.92272886793103,-16.874443594168966,82.04434028206242,-8.130725734531723,-97.27717054877982,45.72313582409822,16.938575049676416,-16.788027040937664,83.28710443526154,-73.56182024121496,1
19.382138109331223,43.72074813803911,3.948497287453449,-71.63003561615157,-5.379827701981839,52.97140982100822,55.2884111368536,-55.41870714359203,0.45832957840579525,5.425431945868397,-1
-85.90161087137108,27.618545159290477,-56.12638698694599,76.30620960840122,66.23759120328896,-53.001395891992416,56.17281127688304,14.020768518034714,78.6356693379241,-48.64985986515937,-1
-29.882488238680608,86.13445111247967,-90.68401158269168,-46.55854464868619,22.08224073873322,-34.049381542446895,-39.9638524762026,-84.68727706701952,-8.701661092563612,-1.2230211473348334,1
-42.592373365017444,-71.56372472252968,-82.80525294415767,29.916188923567802,17.23006483260528,-29.931719576706357,46.33983799094429,-20.775424001016376,1.9962949727981254,66.93054890005436,-1
88.72318403351977,-26.655618281240194,83.03526743731956,3.409670938026636,35.665240926252636,44.13685005426305,-55.11462375823235,-92.97315937155692,34.02484825674338,-90.12158476382488,-1
9.339136414426036,-49.05589990849022,13.64166815749816,18.96607547179734,-60.596824076996135,82.87182597041064,21.346311801600606,-84.63860078041685,64.21348776226213,-65.29606030094897,-1
61.98488406057987,-46.72447171399523,3.636988468621965,92.39437395481417,72.22383367255424,-81.75039462019953,-71.09068200433646,5.345788891156062,-72.25863325903632,-77.39454996805213,-1
-90.95454221789238,11.634236778088152,5.353781453898392,-52.734796478108414,82.5763490445394,2.5322890734594807,15.793932803249149,34.75549670399943,-11.838405228964689,-73.07899309623272,-1
57.79703198415865,-19.442893190701,42.93748988699082,-4.008701307337461,-50.58667091515823,-22.44423609855373,3.3037373648906225,-14.732480001968014,-66.47090392738116,-79.98382101930599,-1
52.0455719779373,-66.25011232035409,11.003704841058209,-84.37913919581743,10.329347219609588,-29.91821103639232,96.85626605193775,-74.11348576252044,-37.40618796895481,27.512937108572117,-1
21.154963871377433,62.57019430735156,76.40963720153974,-2.021171573835005,-56.762933524266444,63.068365227553954,88.69214285597519,-49.362733333507606,-56.50334137245381,-37.57253724562024,-1
-21.37921848811979,85.85219503957842,-57.824431878529566,88.42932061323907,-92.17089727819669,17.657576767099272,-37.72943131433701,86.77367472531893,64.10996569846725,28.68002579901068,1
-64.58354892054203,3.492201876858232,-60.542338256586305,36.27311511611194,-46.68048463391654,-33.27976416716159,-22.270455368360302,-28.451865605596026,95.61405596367848,-91.7919518175279,1
-86.70733484474557,39.24428722425449,-32.19429005121806,38.48909624830938,-17.970056022272047,94.78113468740074,9.051981375872401,54.72903649117961,-81.04732475107706,-75.41771162439127,-1
78.77851661019153,-12.446989002374309,-32.182477347464,-76.5917034623113,68.52452349516403,-25.949043215513996,-4.708915354935542,7.968687196370183,77.65549942874924,-30.724202539908333,-1
-90.3575922278888,-88.9280366123181,-93.5760487864371,-86.30936611479146,82.47532274614363,-55.51140884117947,11.137108558123458,-47.3046434538654,73.08442482161516,37.38453238429514,-1
-4.301785978562165,-84.78305464689855,28.54343094911161,52.440154585216504,22.27401131191465,8.207829433720846,-51.15358806441426,-22.60535103636323,33.190136228658076,-52.48880775368079,-1
27.380463490948642,-50.01965567262203,-53.91560563713256,96.08977972727854,24.878552859168494,-19.167235693401352,-56.45225606311772,23.11404015556981,-54.57642431223712,86.68388202785587,1
79.47317315818637,-69.32703451685087,-75.79685665027023,25.521344266412726,-86.56491374682878,-54.84554746050663,81.52660591128117,92.31385430993711,50.45065535664105,85.05278786715792,1
43.1944457694795,73.40232138212008,-10.054917881578774,-66.42421978343074,86.45851517463342,53.88108018194322,1.721559867450864,25.380810640511157,-68.92590251563044,13.096617523962408,-1
-50.30217203710685,88.15017184689222,41.00690445266656,10.358012715899136,-6.07021533367525,-27.91682941039973,55.21920276780966,-30.230894210769634,88.52615927566401,-3.105287204029338,1
-82.47145064723229,-52.12603273159073,77.938745065512,74.27146824644154,51.68934000151512,35.570236861366965,27.2236885848329,-54.67064524869591,16.21441232956373,66.31007085093131,-1
-37.128803784734664,14.181410750428952,96.28314436673278,-62.71891718637779,-38.32215741966787,20.35743288142315,-76.75922740053657,-23.06118539068632,31.01488660023776,-86.22918710131025,1
9.409069123115543,-76.22948430475256,40.31986997991939,-36.25922019435648,40.18133682589081,-23.541842295845612,-74.6398914292252,0.575065395404394,23.21338473201233,84.66810073735223,1
-51.595584003824555,-38.95709397422817,5.126205600073931,-82.95718261964582,-56.63315646140188,-34.71798279311483,-66.30667895319291,-9.824727844453633,69.32542156777453,-94.46071019094859,1
52.38036252097399,-73.15951473472995,82.6491238976632,79.2970545284993,-55.48537774227298,95.94350007715732,-20.236882028121173,-71.64179171418999,-33.23938335477099,10.574623959063032,-1
40.50810030696138,-95.22316173617145,49.28384656882099,64.53069181007382,-76.29181260487034,72.39812263557621,79.49727604679109,-14.937026389770566,-30.916847100927654,-65.02699555746523,-1
3.816357027243612,-59.764953542224106,-38.328985873537945,-39.59022690213197,-37.46749133081793,-22.345401840747044,-55.28170777753125,62.660690397137245,25.45121566773649,-28.316440913512437,1
-89.07311599980554,98.41843740576402,19.24621596847001,86.23161822212447,61.850645530130976,-61.579763880122144,-33.17427122495231,-19.473663177863784,-78.79712881550635,-29.422701861923997,1
53.212955307060525,-24.01514180759709,22.808721394512716,98.35727105758596,-13.368356130560528,83.00535611847909,84.31291514746894,-35.34461550636763,-95.98351386450045,96.42228105899596,-1
-24.61111411501848,-8.886643601978236,-60.96507699199876,-14.370111601529587,-57.37543997888832,70.44696328462544,20.174978419052252,69.26149654315586,-83.6320693310868,14.717272419642185,-1
-30.884082825837396,-63.91523558372592,-86.94896217499881,-26.93214727785991,96.10543365945855,-62.81441075030361,47.2752135428596,28.91237825391667,-54.37361348345333,70.54578733535018,-1
75.4181162036378,-72.35088687318859,70.62227783140727,78.44617198977431,-21.181270285586535,-91.8008476323932,84.464769317015,50.17916433923327,39.65247441276355,29.39703987560759,1
33.84005258761567,-46.942982182789514,55.227880738304435,-14.6749253047211,22.903735934969973,-83.9253324218401,22.598596176313322,18.546126266643753,14.86260613912738,-81.26143576024099,-1
-11.960200408901883,-72.69939758328357,-33.18455651643055,74.0607556999685,86.35953089319972,24.622137517611236,13.517162968735335,-20.35415150641515,39.815725892799804,51.29396916852659,-1
60.30742237659791,-10.083329415947546,1.5788419062555192,26.770580176708478,-96.67675465456789,-24.57498002874958,-55.20868965249313,-29.307800465165997,-76.73285551824412,47.10769922998958,1
-98.01786090176927,-51.45700264028336,3.330880145720542,-57.59132756140808,-59.86999690446475,98.34325838177602,54.40241308273826,68.20591442036684,-87.286804095061,35.335455973434506,-1
13.203684977564194,-24.812324919341336,-70.17297843049244,9.128723664862676,6.127116474491245,88.47457430050295,-42.302317923409994,94.79954660332291,-1.4102755629039905,-90.38623238831403,-1
60.52806247058592,-38.135155128355414,31.2826268459346,-25.464780900832423,86.0337429295356,35.00219921720574,28.245228710884987,-90.57374966185941,-74.25270351760568,-30.926737050146656,-1
77.74961597379544,-89.59524899411062,49.216431314578614,66.02338226162453,-17.76867240893867,29.576034702460532,90.55193940433082,-35.66897459343599,-16.853173322269527,54.427976023683186,-1
-59.54916389509302,-93.43490023615198,-60.483082834336344,55.716369744128656,-53.359016669952844,81.05698852152776,36.55969003175724,-15.863375178719252,-89.50101974700377,-35.999096057572345,-1
-6.4637575030245955,95.21411720638088,25.370724250706672,-63.953269636307766,99.59134310045718,-14.681810962813046,66.89428859388698,15.86782215914954,-40.77167057261843,-8.45409345756913,-1
-5.652032496312188,-41.75533628434478,12.359570532427597,-75.26163358652416,-53.82928941291536,-57.07836165365967,-55.56019387150022,-6.168843885804591,74.56123865776885,-68.82301636065513,1
-81.0069449543247,-65.56114651484914,74.08103398841996,-23.29698109793901,57.927250529480574,57.22165955164752,-2.360854295238866,-17.953753272554934,-77.55558365831573,-67.00462420440856,-1
-94.69773789167564,-66.16762123151597,57.23653383964262,19.537405988700158,-7.923824914804499,-79.90675769829987,-19.037368174156754,-8.898290193615011,88.53118655407462,-95.28420988868062,1
74.30736123047527,-68.82969268971131,-46.96382497393543,7.471280954577409,-61.93575536879648,70.90647391715729,57.217245836689955,-94.58629646415359,-14.494514527417948,43.224178037319604,-1
77.21722176270328,-79.24505827305185,88.85323193111017,-98.15554528255461,-63.34882706218756,15.597722272554293,72.17908974424597,22.33832450673185,-96.78105769855509,55.20271107928488,-1
-48.64468645589841,99.71216131712572,51.29553576808249,26.386592570288897,-84.00280841186067,16.94034090719711,65.2677855171406,23.489226443072496,69.21353757508919,36.338614708791596,1
26.275195528675326,-34.216044357855125,74.50410336923639,90.71136134401968,47.56546546875745,5.610427487102456,-13.773264349868825,93.72491346021178,79.418152150559,-45.21649297080543,1
-74.39083220844552,85.71110657882718,60.535162505257375,-77.75668499955692,72.07344693438637,-81.84404792906285,62.28904201849829,45.77815450644164,69.4900625533447,75.5674926321391,1
-40.25488528224539,9.322987932734208,-68.37347085612708,-66.91167199622446,28.471964743355613,30.794465142153285,30.368923691253798,98.02178275063653,-67.11334915986325,-95.17406668797126,-1
-34.96333559465059,0.9822902500278445,22.462257768079354,-79.97134245232978,4.978056551030122,51.15514782646636,-74.98526121411287,30.161248672597594,-19.88524984464557,44.066881872540165,1
34.68648666498348,5.906723004491482,57.16009303759489,-21.438456609492235,-61.9811820623837,40.170895561832964,-21.142259707915372,-84.24728520265008,-10.874646169291282,24.968642186740666,-1
87.09690270549913,-55.98674904306164,-55.667231382522345,96.35592065559788,-48.51902230412686,-41.84396301338926,15.126178018343467,-76.16385615352735,25.88873339633075,38.970626974063094,-1
74.86146682741611,-65.76305123297495,-35.488152673346335,2.780942509934576,-48.46761603266294,-23.369368804385957,-93.97944173760192,59.50435820995338,-4.984886241211356,12.774441882307826,1
-98.43168184561664,-82.45647165600714,24.111839083799723,62.68308286417377,83.565410751439,-17.703024772691563,21.911020329135297,-63.76108494597705,-86.17627770974812,15.38215994897594,-1
-41.61776530043855,-3.146760378054907,75.5091085118946,37.89783126539143,-9.23004459071737,-98.08454077397558,34.14376070287801,-71.12405932685499,-58.95961058826011,6.561363421786638,1
51.008385749255666,25.591747068581554,6.394346899299649,37.50898110566615,-72.12176525392985,56.51249805853473,-17.19527830215894,21.216155500431498,-98.27963631345693,-41.47422839743173,1
-49.643540834927165,-74.77693552491789,-6.139400727998591,96.32188546640285,-65.23080043536945,23.403441386742017,90.15317923346404,74.50672983643341,91.22019252729234,56.31361390965125,1
5.930115671201293,87.6362345049445,-65.8879243986963,-57.17675131741289,41.718661524400574,-28.652746221578425,54.35607045699257,-38.49149428945038,-60.8620026460776,-74.28404216197842,-1
-39.21149754899454,-1.5567633425066276,78.02109468854081,-7.41253328456331,-85.21565667084727,97.59882228126534,33.55989417793012,-58.43745595959844,77.96673442877935,-32.308698337894114,-1
-16.322093324333295,95.77120303564692,82.96319515299615,-69.54797397762466,44.74993052685866,67.71172854922813,30.981281641547184,-92.61106280966737,-82.83670586591332,31.159941863982596,-1
-78.39108812471858,86.56924427205982,62.65246027013086,-14.214188196616504,-5.535669914338229,-74.82335220874779,82.96173185069685,-12.043432301859141,-21.15061720844669,53.416966560316524,1
-41.07612073076137,-55.083523469219784,-89.26056241212514,-6.364447423959945,88.22898944077596,90.9123490696476,-8.086538222490347,-31.25371645845418,81.44197010610955,59.867322593112476,-1
72.2739992726872,81.6820214537139,76.14971541483789,39.764116248856396,22.584970104547807,-16.57277143792419,-56.6735597948969,-21.606652665781596,-75.41847839744091,19.146452486447416,1
-44.61910252443821,76.29716391778209,-14.689429151672059,46.10640420107245,30.62715455631502,50.97510935542496,-31.10099662737551,82.91643345919769,-60.53349729171919,21.857741744456632,1
-92.12163326143612,70.63459572934448,-29.856298109149805,70.1861654866482,-8.679815158836846,-82.39179845913685,-56.51904005150743,69.7339688668772,98.72743552167734,52.09866302873678,1
-13.802955897340752,12.23004248703488,-2.0878187544788602,0.19936732243913013,93.68215773823025,-52.62166134773389,-8.564422775339978,26.448036741219198,-11.341294220015243,-52.12921296925215,-1
74.71572482135545,-15.739823673327066,-22.090167103695507,74.32735410401102,-20.370143213133957,-40.52044536845529,96.2439877447714,85.33908326159923,-15.908933495055095,42.531497480282184,1
52.20755805015659,24.6628867518115,62.13315469670249,-65.18717251853832,-73.18344560900336,-51.79547228846033,37.93079281518499,-13.083273008194013,22.040263994513822,-83.71558365399032,1
61.67946962329222,-24.052519035670244,-31.042614269092695,61.46286015381045,62.546009886317165,11.415368394886059,-32.22131530427279,-88.99515288573335,-14.957086146664949,20.071110156633253,-1
-62.686595189738846,-88.7572189080243,40.91720642667005,23.78447124694432,24.761452784175006,-6.6231556733357735,-49.56948158823684,58.273000867428976,-67.59476771643156,23.819096377513375,1
20.050282019916608,-41.32206488340433,53.80464775652959,57.95309755893328,-21.2779316110756,-81.8863052996278,15.941447819578713,-38.96366514258715,66.27065743923063,-6.245684302855807,1
3.6016132809249655,80.61950140986193,-40.80147497120661,-65.63676433974462,32.02341922503081,-79.23458279777613,-31.9581757253665,-31.666171991116627,29.04601174191845,52.547493539409516,1
11.408102655007028,-25.286742792183887,34.44507610943498,-40.49408932090222,36.69983089327559,-11.190431432401255,-16.560672435463715,-79.9700946601778,36.011905405786706,-63.31619238164925,-1
75.46787067619621,87.07889793355974,-24.808018071867252,2.771471853824494,94.46574206207868,-3.4695163374246505,-77.08759132079038,57.99296134795651,-18.24674273689442,-0.2914095104848258,1
-87.97153147984295,-18.72671894450771,-45.189158514090444,62.95373626940497,-61.1996371169574,-56.387485429186015,98.17547737479188,76.44876011378918,-95.75817295069216,69.67150852593386,1
50.67563705178833,24.04696979222409,35.416394390221626,-37.71684922376826,-70.55950778041819,41.642167517637404,-18.865709424051232,-47.86052818461977,-85.62061669707919,-68.00615659290085,-1
-5.3056458438868646,89.67391055778378,13.128976476957718,-21.267317188871843,-43.64948433165188,61.70633515445729,78.07150069098205,98.69445525152574,-15.18997296717184,-59.460750530682226,1
27.5376493791871,-0.07631760024760581,-55.39747171762439,1.2147796933420238,-75.53913674125523,69.53783887292911,7.734345071343583,-41.58975411660442,98.05373937801193,76.9785851292668,-1
99.88274515413332,62.293187830336336,34.41687812121262,-55.103899753454336,-47.841722895109015,-48.35912143259,63.08824929759396,-51.50443446640311,-10.626885152285382,31.439897348128483,1
31.738726323788995,-42.4977601232482,-78.62332498259372,28.841096368138466,-45.860563815570465,34.913530225397324,55.71760167615045,38.85091260390507,-55.73383747445653,-31.77364578820341,-1
46.48020981167582,46.68036986698115,-27.924375688686084,40.350954451699664,29.936167589076803,-14.028554196501531,34.32295267744698,21.72860175816527,51.72992047075192,38.28047390507129,1
-21.288932778736893,-63.86901958176594,96.50975230791988,66.64585279756113,-39.52692152198662,-39.93107434967771,-26.774400666082386,4.211193726445472,74.94098222031738,-27.832552992285827,1
55.91689471335067,-60.36072271566637,46.269019037054306,-5.6124142887082655,-4.355577023376441,-20.268181586478235,23.28992943006476,-21.095275279645094,4.173159400420374,44.73238564393637,-1
78.05275677818327,83.01969089800599,-35.630672959735946,37.42450407196114,-54.071064401970645,38.51752793432638,-75.51293923030285,-73.05102726926847,-94.06785128714378,54.47121721490859,1
63.31988789431543,-46.779726292538285,-2.718180201782701,50.2065923075217,-92.65062467528918,-69.92997481615396,-38.52788374082004,-7.02379992570836,-56.52861210807334,-35.331886234360056,1
47.773335426606536,43.326387340406285,52.43422109673557,93.55743838668985,43.98792886949204,34.08676881254837,4.4202816334368435,-0.7686551010879441,-29.339337212856947,13.35822051576703,1
37.68047928554722,13.37168665881893,-92.44340638708097,96.00008311986628,65.0429989809146,-40.749510029466094,-66.06113830113807,27.583480582292992,-18.88145395833331,3.1419877054256347,1
-93.5113107905626,-12.543670351076486,75.2971226174731,-77.02338178424222,-61.523363755150044,29.008402448158535,-96.12864239919008,53.69194565312608,-16.125746257635583,58.67296174199873,1
0.9591196609056283,-9.347645494828072,-98.77427053726385,70.28700757149494,-88.29171560998441,65.1492964534676,5.142440402316822,-78.90654763886951,-29.905839871805043,47.26644780400983,-1
-0.3488635473092785,-0.41028148354722305,-81.31362663150014,75.11527333354286,49.34997650306951,-5.151697645939009,23.90906802431158,24.00800734457684,-24.85656060321213,-63.420168981359716,-1
59.56272977172691,5.6355442846034265,-37.10467282669789,-15.12464659722437,-95.80300364874306,-0.7078243099174983,-12.031051063273225,98.5268059975603,38.905346452131255,90.45478320627564,1
30.333365075177,-24.259328883768134,-62.650743080534625,42.899230556869895,45.08312615729025,91.42006417604841,-30.826141628847353,7.815700095404026,-8.148307584844886,90.46085471465207,-1
3.339677045253552,-61.256589844740425,-31.97821269942625,-83.67367002973234,52.729726782510824,-34.56461149429121,-29.66229942691008,65.85689914900499,63.01449866458435,-13.355392721901495,-1
67.96045712712345,90.74072529834157,-38.04828734827588,47.98625029408163,-52.18092140267696,-73.80361924641753,50.72919611983508,-57.998265742418084,-41.79135871204978,-33.18770193657778,1
91.12989345329788,71.79727820642336,-55.165544650619644,98.14478211075556,-44.60204364302292,36.19990283201045,51.51834016798725,-3.9928084985432406,33.747256827046044,25.6426099704034,1
-65.11814657770009,8.906258580901621,86.83106875860128,9.75846247397692,-26.799890449895884,58.68880852974016,-56.997405733099995,-94.29429821404428,66.2078023638449,6.279128609333597,1
52.198152005618766,-92.44309868086407,36.234510087900986,-10.182408566284579,72.04112744134531,-50.701494985943874,14.042061214644576,-67.98953645863,-3.5472233374248106,77.48013805128878,-1
62.96502274930245,61.75988890023015,-86.41475915543475,-16.960472171618164,63.87956894110826,32.74116395915428,-1.403198431951708,-76.20283120006384,13.028721318160578,53.7613391178117,-1
34.5405988417796,44.05358478947912,94.86352744088282,29.138133689907676,4.649415047995959,49.17590906415762,1.803209660735419,-46.00263449331183,-92.53074436736624,37.34121859022309,1
-24.6647119141075,47.44553544996535,41.7408578427293,19.65058610341039,90.07742883582253,49.85162306918576,18.64800896979932,0.5162617627578356,45.51378561860889,-40.987865800421844,-1
-65.32528094104904,70.17055146441908,81.77748807729358,23.27126471980499,-84.4576048622219,7.138234128587115,-37.83034581456797,-10.778781375231432,12.056169813340304,-2.0457485294141975,1
-73.85653528204854,-18.6864384189018,-63.84601613981937,80.70624518255852,-91.01598895157288,-38.9097453290814,-45.223765290056626,43.02063571141838,-41.51339180732971,40.689226005595,1
49.41565342580577,50.988040031665804,-57.04812000750559,65.77251463351035,-20.99091620606643,-33.20011600999703,77.05251481083047,-76.69067322588839,33.81556947747893,-44.47256364064902,-1
-12.60082286687583,45.426239376385496,-17.271049030920366,81.92275937658243,69.25547449458384,38.1287226279002,32.549537792522955,74.76488869230218,-78.23791256660846,-43.281945212289784,-1
48.32545749037777,-46.04078842152717,-11.771280126184692,-67.3868265279873,85.37444056293165,-83.4381942061895,-13.215502173530027,54.789733786186616,10.315075555433339,-50.55882909267957,-1
-76.27124685168394,16.844957766343626,66.30699448937506,-20.4968496917529,37.07904918190772,61.884507539208585,-81.01459943502567,-35.355234479279346,44.054380556883075,-5.692458006426108,1
-20.398941409099436,80.61013062050307,39.646597962626004,48.35666617794067,41.29113706331614,61.86347512511148,-13.735948282133847,-99.2985696378611,31.980824005098043,-51.3733140416828,-1
67.77077238081378,-56.14094349903387,10.607568797920237,-75.02333735187077,39.48509163111106,93.55443238596968,45.7783356259454,92.10616345051801,-67.36190812267355,99.00986154528258,-1
29.992786155553034,-33.45410469792418,66.03659332353877,30.114958221869216,-32.820345976598574,48.05686805256704,67.2712094454242,83.96240964204785,-24.34386145417365,-62.63605729393815,-1
66.52235466522623,-70.72538668220645,-5.356994016378991,-11.993369399198926,-68.02052794121238,-44.41905050958768,11.584654616932838,4.021954543426148,6.118186304216948,53.464024804463605,1
-14.578990927931358,-72.82276997448116,20.568949357270156,39.15166759843615,-39.187292498699456,-56.690567089333754,72.520975309258,-6.935320985829591,-31.173075131831695,13.061890374122669,-1
-93.77018144132178,32.58125046891317,46.64096099059532,92.29417690494984,84.31846200266361,-10.962490852051104,-82.45584499729696,-35.420129601861234,-45.8311910456787,-53.557817951451895,1
-63.43244402623658,-18.39598174298378,-70.40905224520586,26.54302486019833,-0.9079733655279512,92.34725406133285,-11.010479542929104,37.29285887727602,78.15976703209563,33.53529852429739,-1
-95.58677026354184,51.01364082632503,-17.831364503818065,-97.24706133292,40.51531399284403,-50.18142910865724,68.46171293407173,47.45006011215952,-92.17796332149821,87.53872687763607,1
-10.65709454829593,-49.5860226299657,91.30554981560181,23.24037171145929,-24.151776047586424,-71.24190483185339,16.30194534419587,94.89746870017018,-69.72438878790769,-77.8002165604747,1
-37.44440215792919,55.08190291849894,-84.46682764432929,-56.54424424657272,70.80308304118827,-40.57227608640657,0.776605099157095,30.506381243371266,14.638619318929841,-96.14131259631927,-1
-93.35937824172669,93.31815404466334,-11.929645221349546,-92.84506185719843,-80.94758687490881,-51.993283125133956,-15.805627921491634,-29.587766086929307,65.92091764553402,-18.160408852565908,1
-89.27304169583383,-42.53393335447011,-56.312351002263924,-40.57013626220167,-48.99286607270798,-22.219405221700356,-64.35631622603171,86.79425315093968,70.84192181734844,39.35529094167359,1
31.901196330265435,-67.16300718872824,-92.80203422626643,-1.1528147184774298,-51.32909601634354,-29.2237297292139,46.77096499364558,-62.08058410118213,6.545452562498099,-53.15060953425477,-1
-1.4270831105106794,-38.752150954319916,36.55138494670399,40.50961611075539,-68.02626895257644,-50.980998539021584,-20.293501618312405,40.26594609773778,-72.87009514798442,-79.93789062160855,1
-30.48569515220359,-72.32048280637508,82.15036254762944,21.224877776595548,46.26483533488761,-71.34337714388693,70.67664295339685,24.277079752375414,2.8802319735370787,-97.86596014806908,-1
-82.02462965276787,-7.793286380437593,8.407077101223635,-23.978800256839207,93.14532468235765,-70.322927300072,-82.65413686284151,-81.86131516133304,-25.198876903601757,50.53315601287494,1
51.75525075146504,-30.834285938081223,-64.25877581347822,-40.30117744252626,15.0933777705974,-15.872068486936428,77.45973398483997,81.42392082815081,-59.66200805865742,32.80154585353094,-1
91.61469602387604,-53.804137894387274,55.99244047775588,-27.399710003487712,-36.029392214057985,-32.431876185030475,88.40505538181966,-43.638955377221244,-65.29216024296872,-6.280298254232932,-1
-38.55671659574582,21.88905946545576,23.2583580508922,-56.22630153409063,-92.1432635546419,43.86456386222838,-28.275916476637946,92.08036377216371,17.874095186398065,21.370170637830526,1
-88.68286877065688,-53.98310162850499,9.787735703734995,38.19483023031279,-24.02907424750957,80.90082824361576,-49.486054189214656,1.6737336921408144,24.982807227423606,43.78236273451557,1
-33.16145716537801,-35.361186935132764,8.850781870172582,-61.580470959729475,-79.94060661442215,-91.86191256977132,-72.51317324963738,8.532037392012228,87.18356081768769,12.840122913352587,1
-85.19106965318193,-52.678043458498536,-11.569177242683452,-31.50000139837252,-17.062458070113678,-26.36885192744242,-47.89536051085,-38.998152500654946,78.35322826686516,-44.86194577577223,1
-66.84509196734484,85.97409645877582,30.073112099089144,-59.241232940015664,-6.314011900949865,-20.670838828973757,29.439434458822802,80.93263394638586,51.64556551031808,-46.55960174924374,1
64.50695887683935,-61.59674980641023,76.2933529759112,-45.75569592317636,-0.5994054979366723,98.92230281832201,0.6316306938599183,5.547777988380261,-30.878539872551798,80.77826881788636,-1
18.969475900381923,-71.86933215326665,25.772117068900428,47.277958010008945,-18.257495452096222,29.733094492528238,-85.69625284375687,28.901758856463545,14.957387452794691,79.90741607762456,1
-40.72847729734232,52.72305979233133,78.93352486280273,2.4156907875358087,-38.39492963961253,-14.983936571627623,-63.62611351566674,85.53354184971522,-27.6366121127962,-40.66589114265082,1
-55.079035412003606,99.24489860892774,-54.21153277211095,46.15246037065987,76.21887927668917,-5.756330200135466,89.8512169373571,38.51004736175955,-40.144698463937644,-29.137883159647984,-1
72.8716499679274,28.84260319792358,5.8206535320876895,-78.23852195398689,37.95509119921388,-97.81052523372622,-39.91125863116247,-23.56535761234926,-58.72350707567158,-16.873114609526255,1
59.33627943827446,37.45660088262554,-96.56540186752609,-19.51630114860359,-63.16229489532572,-47.58581469957035,-38.762404984627906,32.73583387130557,-65.17875914645228,-17.487188997646257,1
16.889781951485205,28.971208685945356,-23.593033917745814,45.35121147964719,0.9895525580169107,-14.654844025321268,37.213539345844424,54.98076545088102,-2.758277602327496,-7.202390234682099,1
-30.961558301157893,-14.928700746003273,-89.11797444996441,-16.88800111257156,59.54078605995369,85.83802730586604,57.58367188295722,10.004328351084098,14.017061904323967,4.105027602820428,-1
-68.2526473251381,81.85300869106814,81.1910419498765,-20.15216606616417,-83.64017723451005,26.70359139076494,58.386519335689826,61.67256385467388,51.92328569011795,58.08033042215317,1
-21.651509887544364,-84.04217527319993,13.794006752248194,-18.427407314867622,-26.492082269563525,23.335120586004024,16.601698746260254,77.69311177398217,18.601845614930284,-18.02676424113632,-1
31.902153728154047,-68.2927683000153,-40.53125049199087,-74.38429820302414,99.362188065158,90.66249919576057,-97.50831762631134,-66.09914548517919,-17.861671502230436,-91.40996712997618,-1
36.028154352060085,-87.41850479639521,-16.867799699910165,-40.497298977244434,36.221899728851895,-66.639651925833,-45.64416497242269,-1.9154920450376238,85.19632704163678,17.00312155019226,-1
-97.83246970394033,-11.312179432791197,18.117931547716992,-43.06892130128159,15.280938687078361,83.01568036340333,-53.89066395566964,88.00530440621102,98.91907120810919,-86.57669234791486,1
48.37926539174302,36.11661858375345,-22.486732340033583,-25.9541028350053,95.12774381952676,13.858225394228072,-87.35421435486069,-20.364443070586205,35.890223443281286,39.45370197844329,1
88.17603391184085,-30.027661155504305,-20.970178300472654,9.068996800308966,-2.0561492318100107,29.737956909977726,19.58193506575256,-18.573635027497957,4.248442190154876,38.768233227132185,-1
35.92406654702157,43.804564086720205,-28.167212273209373,63.22511473079078,-12.94555222721175,-87.28957399090551,57.76406127045058,-1.7101537794757036,66.55271022979875,66.9533947528281,1
17.070872879350432,2.41771533973278,1.1966658314126875,-0.7529652260097777,86.74952704994638,19.496626746155314,99.48005526392186,42.41550241429627,-10.711462805436994,-71.75693303584951,-1
63.48994169823831,-73.93640238174181,-95.76723720359234,-30.29066967932448,-27.98198083728984,-74.33008751329507,99.01464316868498,-86.87953061850733,26.07439787310979,88.90800879900829,-1
63.820463534839945,64.53149369608548,35.67862928118146,6.3963599810001455,-1.4291322190126152,-86.6914369783645,80.74484515027592,-16.319068050709973,2.3013504693195586,9.749255688035731,1
-32.10996149143878,5.189315380291887,41.69565062736703,-26.28466123237247,89.57255432699216,-45.95416535848524,22.07545247101072,-55.687696519091425,30.693899481769762,-92.20130941962712,-1
45.00121525982374,8.4066690194404,-14.190401205576862,76.24254649310274,33.58030254697189,96.35889428092469,-0.707857815322896,15.875130199515894,66.19529717315973,-67.44465956125043,-1
52.157009723379474,66.83282164168827,-25.601048042167633,-8.599538124611868,45.55829773857937,-28.87663395888596,-46.83089323804956,49.660055677279644,-56.120446302944394,-69.65371201521462,1
79.31493169380204,44.064583295712,-5.7263688597018785,-98.06549223061616,91.32130109271438,-42.75925190888206,-8.681587556756341,77.699509709909,31.65451994332298,55.78925543782151,1
-4.8907925026346675,22.83377006377853,10.266109938460247,97.10387138057308,-32.21835934325543,35.27536713098246,-54.77064335423974,61.532763138924395,72.68920603447313,-44.14633355893387,1
76.91737764592276,-79.7943507017483,-57.416542879138866,51.46835613451026,17.354078498779103,-76.58256652903106,-59.639183484912216,-10.451338690304198,81.27284740910969,97.15606633439054,1
-86.55316398188776,-88.44236059602717,-49.43324336696775,55.445704000331546,-14.10166426043125,39.027594505499536,-1.3613581607304468,-34.55164632259611,87.55193400488653,93.9396200226904,-1
-78.39484917386173,-27.17578863169892,-80.86625791435746,20.312413764380068,-59.23626396302335,70.85208741862115,-64.1614754289276,32.97209818267598,33.58172085018603,-68.53150588781187,1
-79.77546477544195,-87.1810577927649,-5.61252684894113,44.94189749287551,69.0773895184924,-11.573851545923986,-94.23296478420188,-65.88612862294711,-70.58118972062752,-5.257316970230974,-1
26.29175851660412,71.25702560935247,-27.223921274623336,99.44701431751736,15.307000153631776,29.521102116342945,-53.272180387661926,63.39719753028672,-45.278447867486385,97.87558247816071,1
-10.277873809091489,-41.62656459272005,82.98638035405926,-91.86004094923848,39.83667499805907,11.434633310988104,-10.669713898772088,45.02197466837694,-47.31167906261731,90.14486140487722,1
33.77530620813707,-5.950182934249142,13.333490750032922,77.11981896996707,86.86105372729469,-70.51271273549355,-93.58177108410281,-76.27634512402992,-57.40688238168359,3.2004711678074216,1
38.47178449221161,-53.32074610837461,-28.76660693711139,-28.19547666198278,-54.66195466629733,90.8650931357567,11.090150453748592,-16.64918903467762,-17.890329800415543,-18.153528957407005,-1
42.81054467562535,94.7485164076987,-81.74988614355094,-90.69630073098627,72.96676291529701,36.218207945969425,-9.658521598708262,-47.179589135797805,10.798872464225056,58.83492976398611,-1
-80.85708889596765,41.36071924210103,-69.68241761953611,96.35347023959312,21.924056759776207,-64.12192948207624,-11.804274434098389,-6.835602140460395,-13.605873100016737,-6.125521408066746,1
27.274856306674877,52.72209592283173,24.22668136966628,-66.21118170968302,13.359968760942209,19.776729914058237,-94.32189635534472,-12.81467561167122,-46.340189179839506,-20.40076086909886,1
19.077003464008754,1.2089384823673157,-89.27432192571017,-11.168185537499937,-55.13947463500508,-40.34726138482032,-19.20899130257891,-35.52203572530499,30.679681085860068,26.660607926626056,1
22.683039187157974,-73.34314838356536,-75.68253009329462,-41.59717991185319,-64.20991194056454,-13.146367787265788,-44.8299749701559,-90.60813933549775,56.77373882277027,57.8136928059057,-1
-52.08762186660552,-59.64101034950862,-51.95456672089094,70.1611915934898,-88.82234634938496,5.711692486736325,-48.2749215027056,67.3141525212661,-94.97867209896454,-16.592637586496124,1
-73.82526785633004,48.5271979363381,63.50648319162414,34.45430152683849,-99.12587104279756,-64.56975609879345,20.485478390837585,-49.655304348017395,-27.012226562963804,-9.795213647209906,1
-44.507064055009195,0.6438414365924245,-50.616700978241916,63.33574785518468,94.8999766525566,66.75766625972838,78.96315001218704,84.16783721875916,-22.859748249746232,61.91802214133969,-1
-79.87250429529334,-45.93028190088313,19.227612339306972,57.288964638884664,99.4764987650739,-20.857426008394157,-5.150496919946093,-19.682482906135817,48.43468084710878,37.4219388800492,-1
70.11634581884837,25.018310537305723,72.48087045861783,-29.065834677937914,94.87171992317772,-35.515566777309246,-29.16398664038111,90.97205860381936,23.618383807466174,25.639322075856214,1
16.75455610282232,17.052175101969297,-88.67700537305532,-6.761792734212307,59.489784015262046,-85.40842205708728,66.00580044125132,-36.03219803804733,-43.276678297447276,71.88304534088331,-1
-85.58313280026533,-37.43107439886637,-4.640955219923356,-66.45111877207945,85.39471415835362,-78.13063534036218,-6.970895675057591,3.759637568994023,69.59408927154061,-89.72722350862179,-1
31.809082026446475,-62.833588886931494,42.44977836880278,3.3696912615851886,96.9394778943099,-21.542908467194692,-74.13933958071163,64.91116495728693,39.481654809972326,52.4306182230097,1
40.81595361984472,-31.807605271402295,-76.42797826404598,5.4449503200791725,-72.05796187016833,56.00602151866747,-16.18560837613225,-49.90665243690844,40.96294484629249,20.614940820848716,-1
-34.43236022999318,-75.49617149258123,56.15464697743789,-32.356696563498886,23.546243270926,53.94668051480886,67.39183144873374,82.04656203070235,-68.47922392608436,44.371866310156776,-1
30.834920294814907,-69.55435721662664,-38.14622424156207,-35.02502658014225,93.66384124642036,21.00491944058828,90.21905884754483,-82.82446991537284,-16.11566459682929,81.6554659703514,-1
-66.74332624878411,53.946283659376036,11.413186536783428,7.55415555892192,-36.68984010447522,70.97380495665519,34.68718029983705,95.57377695883349,-28.26707713008183,-66.80722161326835,1
67.86769847120047,-37.36358985927297,-45.99900070699721,-90.93373959040119,0.7374071389467645,43.049685201154574,-34.059392606372384,3.690859014450851,12.406653141355136,-49.02456331959462,-1
-54.271438899307455,73.59991837901799,47.59062405058771,-90.29330985406621,92.94751192039357,30.975347766277025,75.48638979128611,-59.25508797177332,-35.046677132196265,23.9305043809412,-1
-55.076877631229614,93.60443440914773,-65.46851978048204,71.06953373672454,-2.2837710049909816,56.15255254968062,-37.061027339331744,38.08713890897738,53.609944853841284,3.7180568061504005,1
96.97168055249517,72.69829009256367,3.8905533035112683,-90.21763494430259,-0.7588240099983778,-24.295391307349362,-62.32093534560601,-98.80503185481268,-20.170958888434782,23.047250713639002,1
-64.19367251168325,-13.520727962982008,9.318852699448925,-26.194048723480435,45.027880519166644,-63.50686504161369,47.440650285250626,-75.00862907064331,-72.43187053948132,49.343114840849154,-1
46.297271940623176,-11.417180391607289,-6.761953968893238,-18.29542084722749,36.59639846539534,43.47417867413796,-96.09293060209785,73.95125974507476,-19.573109289449107,-31.901402986195748,1
6.5915573102670635,-50.43751141861863,-58.6973670140432,-53.57427957937881,-82.44770510422282,6.188746214472943,-95.93121267715084,43.320872903902796,8.71446098852509,-42.411374079358374,1
-0.31156021418854607,16.151199811131818,35.87869762248522,-71.34080171381312,39.12554908060494,-3.655559197339798,-85.07735819621196,-40.93492998642887,41.3677675686323,56.56042507772824,1
-29.534589149492135,-41.19205799200019,-53.9250355267952,54.93535367469079,73.9139489885292,1.5507969265206896,43.74179861283665,30.338674299128513,-90.84334696733345,46.60554344318538,-1
-89.71483730314993,-70.01814935057206,47.331347043758086,66.99481467297807,79.99330395923815,87.2617272786581,56.94932922455013,-91.98480063143455,-43.89838505489892,28.830024920179,-1
-75.91053200068691,-9.94696130067237,50.64728286175216,-87.23380159477729,52.347380442503606,-36.77858897443371,-65.11227869271288,-3.653294421560176,-68.24183968496783,37.37481911526811,1
-46.88343340827878,52.406544207810214,59.451805129621505,-96.9000166619358,-26.68981236668195,39.747981465989824,60.30492582331166,39.98643713062276,73.27911604171265,-56.854020149960775,1
-70.72520156755019,60.64242464881863,85.6017483549108,-64.93566432428017,-24.223686119608928,-89.70026361239181,28.78466956187316,32.028703929415855,74.1682552667352,11.916128201626435,1
-67.70843318715198,-77.55178560168227,-83.89668828169764,-32.1115588525231,83.09027372301966,-50.692160424611664,-70.13018690201969,55.47858374095662,-82.07301408874976,68.39712366074323,-1
22.514693668963844,-0.7409748998720573,-49.46407445213019,31.16687752348105,79.06543598878221,41.55838547523538,50.2351187412105,68.36523363810886,-52.49433901818952,18.424143921283175,-1
67.0604991178476,96.93089551816792,-74.87745929593959,-68.20698119547387,-45.54912812310678,64.81752243414874,92.35573772889137,70.91436137919592,99.74990233191335,44.84940945996226,1
73.11542912491043,70.06354163151977,8.419301839663746,20.94195877747839,95.1304262782543,-30.421211823751236,-88.99725700157065,-26.10449440311264,-99.55563133407065,64.57201721205323,1
43.49299812238243,-67.62087798952831,8.482025735661722,-3.527716707052093,-64.42587329315438,27.948775896669176,44.123292694360345,91.17076617528855,42.950714141208834,-53.98411957672644,-1
-29.974948166653974,74.87960634166615,97.86665736565504,70.54734914638632,27.574566614695286,-54.04070896427999,-84.43527622079392,46.09138707857184,5.821088430431871,-71.03708905668287,1
-40.93970448563344,-44.51465303980417,-30.684402424844166,-74.5761416285903,-56.85530190687811,28.54945689187514,34.341043336800226,18.641481764977357,77.86324864981077,-44.515366946875766,-1
-24.432157254562668,-91.53310149633933,-80.54915682889352,60.17735409583588,15.618367753736933,-25.311947730332633,-19.704403478208235,12.950312725656474,-51.10563116255673,-82.54584052229524,-1
24.578095163800057,-14.329639886230751,-90.90269170554508,25.099367423340823,70.9171537618962,-33.16845483057375,-17.00925366557628,-60.59318722257634,-48.53524024600979,-39.45034157896568,-1
-45.1889558625588,-17.774544348124152,24.463071290852852,-12.790155875621807,63.067295498219806,-18.863619899573948,64.06523907074836,35.05349237327218,-53.476601104554874,-76.8298955043459,-1
-2.4744380665578234,-90.66303602014526,-79.82223957882822,42.78854224147551,78.38549562521118,-39.140659688334864,-58.439225099602886,96.27359496216593,54.37842487642638,80.66681276280087,1
31.884592416399528,47.14359735562198,4.79484053714279,85.0709814198236,-2.9626127582301507,-17.95893100547572,-23.365467505473376,51.34658936330436,67.4553179979838,25.518280024892277,1
-13.530754719330545,-65.86451293955326,-67.85688302169888,-56.39670029361228,9.403722955340399,-28.812057996539494,-63.76078923093094,65.384997187014,32.38275601343673,86.26610328317417,1
-37.587191069595875,39.070850146373914,55.840627353021574,-79.96579855971335,85.34955426903366,30.123860880439196,37.48173321597898,-22.950691864552937,55.02693983924402,-50.7562569893875,-1
99.43647078059007,-48.19297117933057,-57.31042373479154,-62.49439041068783,-44.06099732860467,66.16905601188427,-98.31831382184957,-27.31463439248492,4.658551121980324,-24.768208778127644,-1
-64.92574427531008,58.01664999428755,-55.317491014074996,-33.06699800309103,58.9787499412995,-64.96676716984267,11.405182508629835,96.19050094798655,36.53839206334416,35.71360736648492,1
-85.97837207174861,-29.952677134584647,-7.986752208409811,-12.505235445831815,-47.35126874535067,96.96036957674903,-61.55258660142087,60.74681508829789,-85.14416984048871,28.014066444755713,1
45.07432004697151,-22.409566269021596,-78.28737105943813,32.84359445577647,2.198369995983569,-47.81470685647899,6.921557498225738,-54.71187593378368,-44.13678091415025,-5.76485740887837,-1
23.917590979565915,32.29324106473038,-24.951773500617037,21.19003460154221,-6.895998937170106,-10.945994363687703,-22.785934178427652,-57.761688221886985,-60.779869520676776,-98.57059234615346,-1
-12.947544068689226,-66.05895216895101,-62.0006981595431,83.24976065652697,8.544473387650967,20.234185721365037,-23.59188286265173,4.651202979101598,61.94662024585685,-16.95627143997885,-1
-67.92691877605137,-65.19791039677516,35.028770888769685,-43.46886944853108,-70.82888822329909,-36.039750810402296,-81.95681408268614,70.50533393909976,93.66831914177192,48.73574722726576,1
-87.51373454444393,-50.745853179365355,68.26167029994036,-84.32231460594829,-44.50860102241121,2.0672090883371936,-37.997229969804394,44.92541836475422,57.866210901984886,92.52220657213326,1
-39.506736507706066,44.46223366474155,55.5285139355378,59.39852479581441,-32.43138952662912,-27.968862088845526,62.224566861477,22.729839284032167,32.419443269172575,-56.51229643973832,1
-81.68358533467317,36.8870722138615,-28.11099476355217,-98.48171676521717,-69.80700137394102,-29.166064295948573,50.648239428224144,-51.92198736445928,-41.008857655463736,43.66112424985184,1
-71.935096361297,72.84612045231142,-34.762987744418155,-79.15136022304449,26.198230842728478,-31.593232025908463,8.600850845625502,-28.74162256101016,78.17102929608495,-52.49628985027426,1
-59.06397818854321,-22.589997613022604,33.26106462565846,-47.56568965167691,39.06113552045929,2.812649294299277,-72.10397203326968,-14.35245189292256,-63.63290560349011,57.39351282447748,1
-74.80896072412835,-49.32037848812547,92.8291591731116,-86.68561053951298,-72.6623360552234,-30.088377497794312,1.2915090890457606,59.98922524168296,-99.98128122834554,67.19944836898713,1
81.0597998021031,-57.76839251361461,7.628686016290871,-85.54275348993663,54.88234231738085,68.21138720615093,-53.00728531614152,1.0308189702366661,-16.02791479470804,86.98577788967032,-1
38.93929417088535,8.403059695945217,22.928563786977207,-21.30388988227476,-93.18042766664935,-28.90839990350507,94.35179518424323,80.51609898326879,81.23654310010338,88.39383714317538,1
14.705790291114653,-74.98221803271929,-62.6384203619003,84.14758713861124,-50.4911425963908,78.25036262963326,39.840385849188834,-39.60557245163079,98.7144342981722,34.07072489771491,-1
63.74804589681017,-3.8427663640545404,93.18059837316218,-14.54365837453446,-38.84263720207797,56.396770715341916,-60.194940113394544,19.079181374639802,15.801249190495696,-26.565685783844103,1
-83.54553514458763,54.40635719447096,-81.82021970509044,36.3363180224834,-19.418076727669487,20.439615939509693,98.84159798121007,-26.34639122656837,73.29730869409838,92.94049421200307,-1
42.865327146999505,20.602772672917638,23.16877888424716,-86.46496735488,29.78838719046655,3.4447230232500345,86.80142825902072,-65.25994679726787,91.75901904433198,85.47314261542078,-1
-28.936050305222466,77.51261436323827,59.98940971697638,78.89307586301811,99.23058084012922,39.060542136319526,-56.514531027834146,10.700374619737161,29.026485163608015,35.383868177104574,1
-84.6393903371157,-75.13093651151786,73.89182330757751,56.54696827140555,89.5125279920118,42.04828127218448,-76.41912659784138,8.500985734678764,97.10485075647114,-18.999793457074546,-1
-18.618407855425872,-85.88998725802108,37.27444655452868,-66.14275794544211,-26.687656025701955,99.82741524330197,81.82681511136903,-57.81418636287932,30.785162373553106,-31.81333279546716,-1
-5.0738248500372265,77.71985608743049,18.050673051938887,79.18689925838044,94.52389264459461,77.59705980933336,9.691628407378687,81.23804918519912,99.5450196211921,-38.63301519182127,1
2.268479772187561,-5.674726960947666,84.44617396774595,-24.964720337379504,57.375839564192574,-5.97604678670622,-18.360433581713593,-85.95983708840967,35.625280206829274,36.5199175205116,-1
32.764894970545015,-41.74125055889895,-40.658742166020076,-42.599964184206016,49.48850506411182,2.0060417606509304,80.8124775066349,57.928380328284845,29.6200674056619,6.800807110214606,-1
15.303295102850711,-43.74308728939318,-95.94400524651601,75.5196746322838,28.192879199466375,-65.76285531925646,-48.459033578111146,-51.00115729984549,49.66742984520377,-87.32652070849713,-1
-6.191850496369213,13.150312844916485,-59.946769056400775,53.048664572151665,-60.56146152559179,99.94641685913447,97.2716360778519,39.64169929046801,-33.91337083319188,-7.409766438575431,-1
-74.88995704746932,28.94399547636354,50.90466148511291,-23.785864713115544,47.13774973404091,63.81376496128141,50.418768954290016,54.77862779569685,-88.19667114725165,34.92069023199997,-1
87.23095483215619,-86.24921871550251,17.57713838595633,56.59767145314717,-85.94247719401626,34.580472033079644,14.789235944350736,26.775893637664154,-62.54059045773879,-6.178488499035268,-1
32.33345192583781,31.07663989269065,87.84482723424134,-44.142500841166864,-30.38954260181316,61.488397718908715,90.3945509415197,35.798782961539814,75.79715863381489,37.76048446878838,1
-24.822342970846137,76.25950912281834,-97.9532287182485,51.93899955998236,-19.137780395912145,12.849990952598134,41.67563115417303,90.56783793130043,87.59438790996714,-69.726201628181,1
28.559014101261823,-82.21409544899522,21.40573087690933,-65.47454594615525,-25.69060099936496,95.52581966054859,-21.85101154844145,94.50791755357815,-1.43390529319025,-92.11632434068184,-1
85.2388136863564,-29.115201602522774,-70.63036618531477,63.469264676557884,-68.11171767595752,60.32587909257512,-91.48584243935214,-97.58146103879837,52.95574911915318,44.26836580441696,-1
5.138036460537165,97.60279241308433,55.02921554571893,-94.89051977567917,43.45659438642133,21.522705206646947,-93.54179657467839,10.446876045813667,1.5250790851032718,-89.77368150452085,1
-33.56179337687908,-69.90090038548288,31.98485905181198,-29.15586439314481,55.11362956188634,41.66941589965151,-31.325812655501053,-53.076561513937826,-63.07314103818331,-33.00952644650894,-1
40.39337545154066,87.98487457714177,-27.90739417014889,-28.77216759700636,68.65189612954853,-48.5414864833911,-48.72293734170936,82.85437022597091,80.45391652491551,5.377712145000288,1
73.10142517879606,-64.82194331626758,-42.94440061182405,-35.86705475543002,-92.06773900514591,95.55255769277485,-26.351290970976777,-65.20654624223756,-82.65116173041048,-49.71004402719312,-1
48.454278450457366,24.750676873846558,-18.954843414133208,-44.08579892588611,87.75765284261519,-87.99547977507831,-57.82132157450954,95.16210078680533,-69.29533913452886,-46.76370575919548,1
39.12362929936137,86.88215891424295,64.6056617591529,32.31640427511866,-69.80486369722385,64.06011905652505,-90.49216364374364,6.466222271739653,-59.982277823510756,-27.333651436421988,1
73.05915178178248,-45.368075926010974,88.04683857457789,24.37121709691516,-83.27954379511719,-56.802361312848994,32.602200698804836,-79.14942685507714,-6.883504343117579,15.23208220309607,1
-32.976229148171626,-50.204620167727,66.9596985159881,21.7143448612033,48.59582689779137,38.05107188242408,76.841451378995,77.5152702044966,-22.160407360878565,-57.361139771758765,-1
-66.4866921390987,7.324655947098762,38.488070503626005,-35.04142584233685,-89.52792516111849,-44.45781161832472,27.002487498615935,-94.29904021588496,25.35616043085507,-37.5930483753332,1
41.02782911411268,-49.467399565743534,16.224479985811115,62.08198654700604,-86.95190916490336,-56.44028781925072,-66.7021200085494,59.823323669112085,30.054487342755323,-10.972960211412897,1
-87.59264727424369,26.70705872323404,71.12553630704673,-18.561430062829288,92.36908090536687,81.52362097569753,64.69568988414193,42.05437077882374,-15.994456307561649,-10.272427885422147,-1
99.38988348233394,17.364089014712732,-91.67935332893573,-32.400793737615416,-4.066563427983041,-79.90727826805883,73.25871058394696,43.783305346341166,-8.671052404360395,52.72542911961369,-1
-93.36212908751476,56.01680474699296,9.99768317319058,-7.6942082919896535,-31.922658018303252,-88.23812241746363,28.717655268377,91.77566382369156,22.78492559669604,51.588840421213035,1
-14.065327328970412,-7.863005303573246,-30.452043540814856,48.24753942743868,36.639570136999424,-6.635291118536088,-29.708342470922574,-95.04233359262231,-18.674866259416007,40.52762417771564,-1
-81.40187203537357,-92.08849868747737,74.1783580935612,84.95718194280272,-41.62960681668206,-73.22458316730804,9.36111484172686,-15.171165244099512,74.82382841961956,-25.688545230776157,1
-25.905579441723603,64.10150084642183,22.95419063125246,61.10062225197265,20.78565687706198,-5.050202490653774,76.76716138626543,1.7114977812705519,-15.006497755829258,58.90638531076101,1
-23.15865740283995,-39.04781744053485,-77.55769215054542,6.082137595080667,98.71299987066305,56.16946896374748,15.634193094775583,82.12190992858103,-42.65461541329649,67.92990400562954,-1
64.01350041112988,-34.11666852511142,-76.17998847812888,-74.08925244790088,14.648532969601163,-90.68630274524969,45.33691706276676,-37.17329661491902,52.337342594149305,17.427641901535097,-1
-34.61367673238418,70.29783632930932,-14.023448375030398,79.52280166847706,-31.50874294067296,72.57732164989719,-16.5516002674467,-31.492986170340203,-15.146548142477585,47.14252202660657,1
-10.559491899032864,-40.764646888200296,-40.23938718334507,-95.04517461312325,50.31272635538187,-55.432148951613016,-31.354449432927282,-92.76277390482697,60.852906705108325,61.078468574028534,-1
-45.921342723094895,48.88385076266519,-72.92428079777977,12.77842256585322,-69.41891118995429,-28.22545363485476,-68.36083249110499,-47.144709118221705,-41.81407343756847,77.30364765932336,1
-28.101769756048967,71.5715567034978,-37.970555781839586,-53.23032618290446,-7.154966762160228,-71.92745372277989,74.33495511671339,24.29063136564558,-40.09885620010871,97.17817023846658,1
-5.586610978000152,-98.27619948164394,-73.1137834328532,-8.30647797085524,-6.776116146448203,-21.122580051671875,-58.346904133091826,-24.810854633100618,-30.955987889164675,-7.479807891376595,-1
76.65472028524476,1.3860232154388825,65.66459372836852,99.39738017817234,-33.985839910169105,-79.83370422754493,-96.28488084697567,73.70082339137264,-58.87037886015287,-45.99432204261888,1
68.95664562337754,48.10190424366371,-14.82628782337126,-59.92793919930995,-29.530717634398115,54.236339223645615,96.4096797981505,11.718346171128857,94.34515637271821,-28.360155285214688,-1
-0.9706945972051386,86.63858340980366,79.99665537573082,28.178332967441406,23.0530735941946,19.93088500929585,81.40162425212415,71.07659578713964,30.473654560706564,82.43210992018953,1
-14.068637452212982,65.5849909090625,83.40434237611129,80.71659706032835,-50.78427900955664,92.96118396978568,-81.12746643681538,-93.20854759650676,95.05795404315472,28.9347126753255,1
80.83173889874968,67.27571548207987,85.70441500848594,-69.1687900749317,-27.609185670354222,-26.44448137691684,18.304353579071147,29.76786480048935,18.98093738003719,71.3785198817138,1
-20.968940505538995,-3.421112680280274,49.31333476067857,-1.709171286389605,-64.63652844404143,-7.683000187570713,39.4636678774865,35.79889604906771,18.96497521304825,62.699073007408856,1
-7.260319012003563,-5.113017170565186,22.43324414462913,-21.992344469138985,44.5481535543243,-85.1990848600995,54.53748737909683,3.795870628961268,16.11715125693385,62.72610289593604,1
11.07271018752624,-92.48675409120388,66.7981524198193,-62.61293099166472,-19.139068387468683,4.057746174300931,48.644050080521254,-3.2688968630683064,57.838627354666215,-22.81488633644844,-1
56.74765021504729,-73.29688972943609,83.46062909281011,73.28975612685284,15.064915748612734,-45.48138880328088,-80.13578704364667,-97.22326806173585,-39.01676046925515,0.971950194508068,-1
4.951286326447573,-35.58649296085406,-51.974675909696025,41.337541692108715,94.43659363740821,5.6964001919094045,-79.4508178921158,-71.294144985629,-29.105549912329167,-38.042097265505824,-1
-59.305451500480835,2.0785442697413288,-53.118851118348196,-73.68118458969796,-16.286880372528273,-35.48901381077091,-48.01468437486942,97.70755152570243,-92.90809686446282,-55.89630631954938,1
-21.453851345716757,-86.82156699360546,-62.8196576887466,-10.173886821301807,-83.76365892166142,70.44175706217732,90.59064001756764,32.237786511111864,72.28863997939922,45.791193097213124,-1
-21.227118869168308,-46.95429549946508,-52.460247938754236,-91.35601254900855,44.049080154996375,-4.577393664514233,-92.0195314913823,-7.872016906563189,40.87219396360874,53.35342315070136,-1
-83.29501706399626,-49.56360363614611,-84.5025419728501,-22.080950312274368,-58.52440391273166,17.553773532659164,-33.10338183730579,-54.98664683708463,-8.302074974941405,-69.17560315747149,-1
28.780850708226126,-56.94619084283315,63.582925209332956,2.1993583868684823,-40.80335725675839,62.21595874713469,55.47001257680205,-85.33421759076687,59.34687040900951,52.39011870149625,-1
-30.860801299216106,-78.50988947421837,41.35305637232622,-21.603777418607976,50.919439711558454,89.55750295759071,-91.74896792740867,-92.6164713845314,9.033449635871222,9.431310642215777,-1
-40.530198525489844,70.65695971344039,-91.59884651623761,39.27516997411317,42.633752600056624,18.440036001702808,-28.812454662295778,-35.79618411348156,88.80148078064445,-33.89964502452676,1
-14.259595802713278,12.13889627513602,-24.900551735675805,-28.335414282123367,-50.67864726395288,-85.08940502958953,-48.7874449147369,-94.81995435794475,17.56698052784749,29.625303285619623,1
-84.8600545380425,69.4593491070988,91.37768852659326,10.394839054355941,16.10630089154732,91.52189662567085,74.35157971368747,28.253150644577232,-14.580033653294166,-62.42920236935126,-1
-50.604240185600034,-62.64549435377413,-83.99348604681268,35.708405958151786,-98.69673686162494,-94.74203022385541,-98.40788640688172,-45.67664018439959,79.28264735585785,-37.48911655932909,1
-29.874613758163846,-13.576752639614128,-31.53854303449606,24.518179588504665,-20.99766599726061,15.719293935909278,69.74511409923895,-77.93542479510569,2.5422122952303567,-41.974825036426736,-1
36.04555584167065,-36.61739723629114,-63.42124553416015,41.17241217925124,67.2006077617259,15.453698698464777,-64.53790291445819,-37.22391744192819,89.15548262798097,34.42017294465049,-1
75.49400933089638,-43.90735515906952,4.414714227466618,-80.92523842039449,-84.80226962089168,-20.570619496026737,-46.108046290284264,-33.032929422078766,-96.03786063447677,-29.029049435356043,-1
-97.72927104651619,-26.664224059403722,-49.64230933062312,73.28302590496486,-70.57593098648307,67.20433168919456,-30.31013319970843,24.689979061131396,52.89516176602115,-16.447283182694306,1
44.45338637113184,43.7398531945592,71.0971909391915,-92.52967303683744,66.55141117420754,97.36608686123495,30.059261618135963,8.63868156206722,-76.21121508399008,37.816317647323814,-1
75.9202993423524,-27.971577172212392,-57.025765230173086,-18.929677274895695,37.4476828675603,-70.26153875467934,-42.24492811789151,55.55906658081142,-25.931618421572878,-28.235023808513503,1
17.245966403359446,32.57195752693315,-32.21275601259475,-8.290245704119982,56.43901701361477,-0.44821217961971627,63.795426412487046,-20.25926896483692,-70.75311868166753,70.02204494312812,-1
9.591897794738586,-42.63067087056,1.8490501005750275,1.1734597057376845,-27.026478135917742,-24.938137872861745,74.45657778040348,-86.3359455535561,46.296349284981375,16.777215105121584,-1
-50.19825277818202,71.67467595221248,-90.8295963250597,65.39537544418945,-1.7454163791056345,-70.99550654596167,-95.39609676444951,-18.12268333954414,53.77688377262086,10.295409838154399,1
-88.85182928251166,-83.14588816384689,-6.42149437359501,-96.95669406180455,30.276634231202905,8.966082665957018,-33.30629204303844,-97.76029492381495,24.596209230063806,27.26479916405971,-1
-20.563294076309035,-61.53684544312989,-27.84231978425467,17.594849674069707,83.60951397628969,48.647450555816874,-4.749166157014926,-91.84143034787647,-44.43309082499653,-68.81297701081138,-1
84.19890421931518,78.75483755238898,-15.847958444707857,76.9826914423987,-41.20427384838634,55.34947323677815,15.838988070559012,-6.2792200773561575,51.713718921312534,-47.213928823571315,1
93.82052602816228,44.53671489489733,74.99789900488429,-91.04552549638099,-88.30414727681773,70.55504083304584,60.47079147215629,7.090576522810309,67.98790138760015,-42.32555791709534,-1
-40.46994448634391,-47.09074275479166,34.76759223339539,-87.9196262414146,-5.932077074803587,-5.198195650467511,-92.50874651997296,-59.859691565125495,27.49505154152996,-89.61659297587885,-1
21.234926890176013,29.91120135139235,22.497901419416678,-40.00170588925778,-87.46557305960683,38.05187234932822,28.51440248492844,-64.7905040128362,-8.855962589820109,-72.40336572314203,-1
-83.75407303866547,-27.22011870093351,77.63558207567652,85.3881325564079,-70.97823657494035,-6.24784150495519,-43.369765984736475,-35.370524045931305,-82.96947712821694,-5.34525116424814,1
9.385775197095384,-62.22596264742912,79.45931770665894,-82.8417823475927,-10.490703717155242,95.29413456963982,84.47529094898792,-97.30648551571008,-95.21210668504511,32.9037867075194,-1
78.07686417105322,-55.47015295464293,63.39667616181387,96.31034758344413,-99.65899369954698,-14.912941457898299,-62.64987734901881,-10.99178498849362,82.92097187785768,65.8908806801121,1
-61.075497635846986,-99.23394189993549,28.87923245637313,9.09484654763952,31.510975166667777,23.679096885091468,-8.578132360736632,-37.24823794631607,-28.491619314802037,-55.046934077509555,-1
-63.09579612872454,-79.62424717208869,-28.471890082217726,-14.381424675011246,-0.2803935205969168,66.74978618413664,16.886087311314384,20.115505598269337,-96.4979037170184,-61.50871698288911,-1
-8.172848752347733,-92.01040534278113,-18.032304378081193,88.45223473171222,64.82082477104436,-79.83695718692229,-17.558716617111486,25.96539284964969,15.099539474199645,-12.834577330581325,-1
67.09604514843889,5.9751251036412185,49.555327654420154,54.66471054081535,-68.93400653636239,-70.09933688395434,65.3732079111102,-55.94028163655167,-7.689295078652478,69.48561621619137,1
-67.44180215875413,-28.8063218335527,-62.36316616641089,-56.23183660984479,-27.427234020658986,-29.358550515907297,35.92695867324795,28.68090586781247,49.70242546781901,63.64560148205288,1
-67.41311458371406,7.644020373695042,64.2221055483032,83.6383546459468,20.361961771396125,65.56284886882503,35.318397893398014,57.078235003435424,46.98748302986721,76.0788053075386,1
9.771733015471185,67.88160752185439,13.107782923932021,32.73902778247654,98.28010831042712,-26.881431424884354,25.50944653685856,-13.349915245465056,5.576016076419691,30.849527142241925,1
-9.13091538646897,-49.549433228965924,52.3939489194307,32.02388885262607,21.554644775480412,92.59452514854331,-12.396895550071491,34.96491516414798,54.91820622211989,50.97794232925358,-1
62.559913451500506,-85.46688248376866,-46.668761573499104,-8.490918525317582,-56.435082534271295,94.48133894206347,-57.1308879872652,46.13570889698394,-35.05971290775858,-26.91853135007338,-1
-26.338093898630333,-56.928143429078304,83.92068388428731,-60.06806267020435,-89.04812277793866,29.246642950276794,-93.87734402058423,-57.20366325456618,46.66888998322193,-1.98231577263374,1
-49.42837634997777,30.924238703092584,17.807788121668096,-1.5115478266996831,-62.16562727965813,68.18840489836509,65.7723642936111,-48.63637047201459,58.980642525657856,-80.62026171087832,-1
75.1809849999789,-82.15868823660723,47.96432687311929,-14.68619905769279,-10.774398116162715,24.12053551879825,-76.0331634422729,54.470084222648666,20.540215027759444,47.81102216229468,1
54.40249526199807,47.659102095661524,52.844096768461725,83.23742961477751,-32.42157108130792,19.769987261223363,13.229518268152859,-38.48768166387608,-94.09902816016813,57.061968491297705,1
10.045308431252352,0.5566883693361149,89.01011067892071,-89.07569270219236,63.57754842574985,53.86611776492697,75.38972336049937,50.82153910203644,-90.79772847371707,71.24448133828977,-1
78.5046579909692,33.990698171843604,52.67813568827194,50.32411016896273,-67.75263831307088,49.6468982866389,-82.53092497268202,-36.31342051661224,-26.557563723370322,86.70550067504675,1
80.49066145716836,96.98582168829833,62.23125231750112,-44.014075668711314,-12.372485726086651,34.53762791847183,48.3265747862479,-4.608816448477413,-81.76707804863292,89.83406657360104,1
-38.54200701474269,67.04881203177314,67.66756411867703,36.039824696780784,70.12532896272262,81.30005530268139,15.913299190777835,-85.57088528672885,-87.57376296042267,73.0142982759566,-1
-47.54719114003498,90.45201567246474,-10.374260106968094,71.12491323517543,-25.678980139828738,99.59652674149476,45.65394682669523,-10.694851467552624,-20.35366735655964,63.057575412281835,1
-16.911399881582085,19.636489108400482,46.821396176225335,-43.154829872491504,1.6054631107641768,-42.6977428200594,-15.907983833082298,-50.3816387996413,61.50584273523316,-92.46405097827146,1
-9.891172937981295,5.637852351271235,12.530823934261832,6.963632988628831,-96.44102199743496,0.0449561871091646,27.687944355965627,-91.72723983613858,-46.52314951280634,-36.870677451356215,-1
63.444440040243165,35.32344671050129,69.82644959770212,-15.26196426790058,-61.254242760682146,35.17094752542897,-88.0383049295341,-71.04649945188763,16.545831850062058,-41.700937437241635,1
76.19460112793149,-6.269672600722956,-46.89287887724758,1.6694192027272976,84.59622654682954,32.26643213993418,-72.20082317270524,40.85868973854534,73.8258868591158,-74.24613682001055,-1
89.53760519289415,-7.029043837345867,32.485994684270366,46.78729094665684,0.2881494283105752,-96.07928639074359,-32.276064003672715,52.66717605859651,-68.8347233392841,-52.95134162941358,1
88.19846451488743,-49.299796778845376,99.65379524081374,7.3241805709917145,91.70165387204102,-76.55588236108366,-55.83192554305636,-34.209147063570256,-28.148974659427424,-92.59438054404545,-1
-1.4763812014260793,65.27806232011105,-5.543807134239785,-58.72265155036385,-32.77390390337089,-76.23675054697057,53.31961893029424,-48.01214197314334,24.075537236353455,7.7302900549464795,1
-30.955371439661576,-93.75728793225049,43.9327851193423,-43.51913423082714,29.635911653074686,63.97787670783643,42.50511737531275,41.28190279361311,96.60819408340575,10.178572080961516,-1
-85.79302219119958,-8.536678021435932,-48.53160236209355,-53.48128020484819,17.477894891242613,-41.69897520908521,-55.59338075623603,11.22598668942905,-12.637148284663027,33.009626802337465,1
8.60491679153263,-33.17139552322756,21.08007439066884,-26.57684653189294,29.62211755819439,-26.770072557885854,-42.86496234826265,-40.956760861433054,-74.00066287436012,-36.824743821605786,-1
-64.97537197392936,-67.77999534871554,-93.28816367054978,-56.0039590203637,62.15229362952769,59.38911272433154,-48.93008829313865,-4.228384294389315,-7.805153768991175,87.14212699386411,-1
-53.78382942510076,-24.167827204011317,-9.756937344320747,-34.35876628571552,72.33345173565067,80.29790596853917,-4.850061253921041,-51.95969482921004,-92.04772488124182,-34.67312255473823,-1
74.5507679132256,87.54092307587354,-79.68509115292372,22.801667807787467,45.30069188139251,3.1651596984899015,85.35816913108104,-74.67674008801879,8.448321250716461,1.1365611654110523,-1
-75.92728475800278,-72.32428749161633,93.86602507033209,-0.29477517072041337,6.260960393238776,98.88513777883554,58.4994065113263,18.467296020014686,-38.6668824780146,-86.62165783967176,-1
91.5868242113541,24.940133881321586,9.140603206589688,-37.72473261893523,7.475837582741505,39.10951688310587,-69.65336537995822,-16.294390646441585,40.98247368693259,18.42805136728694,1
55.282592148399374,16.6211514559796,9.072570426728333,61.71723388581958,72.40129445371764,92.41168960552764,38.135972436499344,-93.57497034810545,47.31092840043826,-8.277484955269571,-1
4.878053865516009,-98.50737191655612,-78.37081153256027,17.622314091120472,-14.206804862647246,80.18689910585613,-86.61927419750856,-57.10320842593555,-41.9025001611339,41.269952118640305,-1
-80.16438008255682,-7.883489861066678,34.934798404632375,22.27060615502836,90.30842935109968,-7.40519762504907,-66.21942519870956,93.03446481936334,-43.065341699071816,-96.76510450076063,1
-76.36703447566875,-55.1234040400409,57.716353021694204,77.77758793129652,13.186749738409446,-93.79431151639355,-76.13761729660649,70.82506297844782,61.44625833607057,-72.05345943352324,1
41.11717252876491,-42.74819292336336,91.70325500052115,55.872653009543654,87.75432220287794,-11.791695548694634,96.51458740047764,-21.606035251780128,-75.29909431102047,48.07367355939584,-1
28.791315889522707,43.295252528433394,-51.89759151889262,80.42129314366258,29.720424527455805,-42.764978845621606,-6.925176250268208,51.27022789977519,-67.11229301290649,-92.33895092791839,1
16.017241567562237,40.47974421611974,75.32105567411969,76.78036299202171,-69.86910226787325,-88.49400024558398,53.23753669068071,46.08238102755959,-0.7532006157990025,-93.70138930479077,1
-92.21239666246687,-97.69479718940295,37.998239270861234,37.316185604257555,58.12546787661543,-6.399859783735479,5.806921168546836,-75.1838638046288,-18.50627395551514,-32.422018245742734,-1
85.29275959123697,28.981264772983394,-84.04731490978578,-14.141016427797354,22.05510977786753,78.01940707873823,-67.17796861038047,-34.91177363427826,33.54341032837016,-99.16035043189608,-1
-30.81300149060742,-45.266723015708465,89.26177984167748,-28.00529636466611,65.89852729700459,-60.789129709059544,-72.72540380388419,43.42356412252764,79.15820051537631,-83.12127339762378,1
-23.919890205918065,89.46137984739241,35.90160454731108,58.10167623463124,-41.82800521141383,39.78652536905264,62.35145307544232,17.234236963136993,72.18391563933741,2.1282737388631716,1
50.255784874753374,30.739738581015843,53.58751032360223,99.65035803725121,78.96740934125029,71.3484964814516,-72.70953517562393,-38.83495650831621,4.151955062895368,-96.50166839612142,-1
-89.77292371157985,14.698352778195328,-61.07407055935508,-46.05659918349223,80.01936229262355,95.45027904785567,19.612986685955036,42.187242390389855,63.993368882476176,1.49507967723423,-1
-35.829091450031285,-0.22979525114514843,-73.14060712096267,-78.8529464147099,-96.5170192117548,73.19132038897368,-48.05281232510406,-27.560171826047124,73.24356561889113,-30.66448126847203,-1
-31.322659564471152,-37.349851902235606,-7.092307295116157,85.21227455735058,28.890472832947978,-75.27264653239723,-68.43171782541589,43.841817551407274,-4.388410234923597,-90.68724041854313,1
83.52945558088669,-33.58522183523591,17.586746606852913,90.95073578919138,-2.529125824272853,40.69156862193401,9.793951782363933,58.7415665375986,-65.37430105629,0.9709497764094124,-1
-31.625566792262788,-57.976444811957094,81.09373842748312,81.91378866891753,67.98079091131314,20.00330161759618,18.991324111653,-9.332200256740634,-45.03882651560491,-20.583228283961446,-1
-89.08691834346021,-57.747416612360716,92.31579420778317,94.20582624901994,33.59452193385522,-28.162489316686987,25.019637686224755,33.037520177987574,-87.95910761002025,-61.06260055177128,-1
54.03164235141921,-90.16783416899037,-71.82297588592026,-16.531705346734853,53.77105413796275,44.0222237749733,-69.82732290268747,46.934513829253575,30.12378308449962,94.06591525595559,-1
-2.2306839486159618,76.32706983508214,95.88397462757044,61.18587323189311,-3.3298673222233504,-46.359927582356164,-89.89697640595134,-17.064210431320248,10.935618803617729,24.59796442124214,1
82.65738951524736,-91.5599062837403,70.98513130221426,44.13527181850364,83.49304511096076,8.392957485220222,53.32429565070515,-3.507110167208083,-14.098615512901077,-53.952829338025076,-1
76.03134758429701,24.29288453135692,20.65830212240347,-10.381777440816037,2.922558247552317,40.955345822990154,-36.608877008288346,60.51531974915315,76.42113811180877,-42.48720750102555,1
-22.254730424690663,64.092258031663,-5.458620272742181,56.81894011596961,-82.6327159119977,-26.608577449509042,-59.94810953793932,19.023312989335636,-17.35188489442143,-4.80092615539786,1
-34.593367687352256,42.79158957295431,40.59313270892869,63.124354208077335,10.372727166899793,49.94484044272002,-63.33429564302344,-41.312335042188494,69.48207450136377,16.168000096770356,1
59.98321707463788,-3.9632969476224247,2.730534364265907,50.01681498973244,76.42313743883108,-8.530594810178542,-80.90653984119058,95.37342059286601,-21.493717064357057,-94.51621691961955,1
-51.69987440143331,29.32422673151106,0.3405968352698068,-46.70661175815947,15.907868698745077,-34.617506549521565,17.550136094465714,-80.28998552453132,-57.94205964312253,-28.45643963498202,-1
56.88109464255945,-77.52340501425812,-74.18073002807333,-93.89160437005233,-65.45379181045108,37.673210832406,-3.196273066116916,72.47638369770317,30.45246511973133,-70.03742681204297,-1
59.51182012743763,70.30743437958512,-39.47554298362226,57.359341812915204,-25.454659033181144,73.47785439597743,33.15988199513228,38.961814287659536,67.34686681198266,-33.924333857148355,1
6.793494509552758,-60.57879223526956,-70.94165760684368,61.071534032355146,97.53983855221654,-88.22556498204983,-25.608942534545037,-99.32782896361414,38.54125069308262,68.35764996507402,-1
-86.5847045223145,-67.49778694050875,0.19386037177366688,-64.62735758121687,-48.064908882210155,-50.14442672672359,-2.5902246633971373,-31.770930638201605,-79.16827311611962,52.866962570689196,1
95.31220466458086,-89.82920623325204,-71.86091522785074,-30.382193549663384,-81.30421581467462,-86.99230805576134,-56.856554110361145,-95.3594738837013,96.0411881806703,-21.2784630544205,-1
28.174948960642922,5.063652890144283,25.169333210122005,22.04979565796097,72.16024066644258,56.30463021237122,-53.25289363829073,-21.325071670221533,-59.75777658725296,39.97344875295104,-1
42.435844269507186,-21.248971686918665,81.27084221912924,5.30312330432605,66.62906077248508,-85.5253313964991,3.833537776912422,-44.6046268076298,8.967148601588605,-33.841477030741984,-1
-39.37432881093428,72.99899524155526,16.083633156029407,-95.84642265792176,34.127549265289105,-5.295207006007701,-75.79391754134868,79.76818142400239,39.79100309527709,-91.30690282304192,1
-16.241336185167725,20.760615768750682,-12.10149748602727,57.864602072232714,-40.75694766965889,-94.57335502638678,-89.44564242574256,45.96857206359823,38.279336900595354,-2.6336712228177674,1
-12.774694172936663,-83.15739776458034,-84.65452561435882,-18.361383636516408,22.92932649658077,78.21216745050924,-88.08668492485356,-13.529081926584823,34.405479137029204,-38.4642868519937,-1
-35.58416688336435,63.89913707721047,78.86057866372963,-14.157844091660053,-29.809335054524084,-47.353798986944675,-95.68524471873666,56.22305152085772,-27.9440015276152,20.015203730963975,1
62.987945708107844,16.147427959470377,-8.418118607056925,-58.599833688390966,-68.98805571751731,-29.37338497131752,-48.36100666879122,-89.84954177530444,-10.116882362683484,5.5699031599543645,1
-73.30400551681124,68.50690167036032,-21.65444727376436,-41.07634006301932,-41.60479826688712,-79.84192585367609,63.04968688849581,3.0898720349388498,31.411770888416214,76.51552182179796,1
2.4186116598561966,-95.79816860272786,2.6283003026554184,49.85807210985004,-90.91796878325925,-90.37475447702981,-0.8415153401921174,-53.10989844774192,-80.7025785900899,-51.28775015523246,-1
-38.038624935506206,-86.20199825790812,-77.67936010962164,-92.40355580796096,-67.60341461403513,80.59592981126977,-68.49827237861473,45.87551557494072,13.811510308101262,79.69198333270899,-1
-56.358493089565556,0.5095213444046323,69.02145980108244,-12.181075685624918,-26.909168162345253,61.38263029849307,-99.4480702989438,-2.372215467116476,53.102379414211754,82.29663563457069,1
-21.375640358584164,-9.883501436776527,-66.379490038964,0.6058961593401193,-37.1957498833219,-84.5993014987568,-45.10296519909485,-2.036582426617258,-8.27468787868338,57.66733270379393,1
49.49418762675131,-31.520975340828073,5.040440046159418,75.24465862632817,89.82553618328129,-6.9986735575327685,-34.5131860563922,-21.04404678735972,89.70330195391472,56.07184837047012,-1
53.716266182640396,44.522344966889904,-34.804191246237565,-80.14797013816101,49.74877033289664,47.11066445666094,-0.6691535560214419,-46.395152436002675,47.67465425060499,50.97206045993374,-1
-81.21985684211631,-95.79261950790627,9.001683144788103,-49.03647527112371,-86.1931166404667,-81.64962243483085,15.934965566395505,-96.9189012823856,-80.25193229340901,81.70351898118687,-1
-94.2434647373322,47.184081274789776,71.65826711062121,79.35027292261293,36.716166664941966,-35.206613433891974,56.565403991689806,-98.5912892962385,14.092291695287003,64.41308215506984,1
-5.215755976779462,93.61450058193569,13.088699913068538,1.0315837256333396,57.26342893985242,28.357259540960968,-34.18134676171903,-41.520137275224855,-93.02978597659421,58.57311289548929,1
32.605440744629476,-78.61602712403572,-0.28615660728894454,38.8448978365451,-61.51087892775185,53.72956712999675,-34.17194016704832,-25.298474054359517,77.1569704705378,-21.557198420701766,-1
82.26783801572614,-9.180681324492681,78.94282095112257,12.731739927003034,-61.19401035207916,91.3997346279595,-1.576648761733594,-63.146912694834235,60.89375049246732,16.548809769682066,-1
-94.91044801884982,79.00677177068738,-68.74773203772888,27.725079820485135,-98.1492159566073,88.58999894400165,-57.191968511247815,86.18025591646236,-65.97874391083398,11.894168091690503,1
1.1863308639116923,-39.16894910290698,65.43003910077542,-7.351170903238398,80.24329285215805,-92.17951293155133,-71.98629853414769,45.79765902910745,-2.2864841547765025,7.511084526440911,1
-46.36512645101733,-31.88481251577626,83.2541674687063,-11.039401792673402,-13.791316957633,37.36930747434522,60.312443515058135,-22.193901683019604,-36.37471354903161,-71.11243178255148,-1
15.071834625819719,48.15597343213449,26.4801790270393,28.895605195976685,-84.25859972629672,-28.808509399500466,-64.64606989333141,-91.33450445406193,65.95391661675686,-59.49052426487973,1
-57.29772673786562,-83.41708372110377,-20.391365179180852,80.22624785723437,38.62643503872022,-60.39985315594918,64.18116574037484,81.72897422384068,12.699171529223534,-56.642510472852045,-1
-82.61594238251526,48.33682579836463,87.3375853334299,-94.79409003657302,24.06061800867596,-9.334105736523128,-82.32810930278056,-18.71621104846939,90.9252359831087,-5.780248951413512,1
-98.72419131868186,74.49256301673483,16.043792738108095,99.97428765482675,-76.32655208488367,-28.180619388190365,-92.0684922088433,-18.774197617795352,-27.021776782980993,36.44619746405883,1
35.820463828897914,47.045703620319216,69.53623959244334,64.12511861343893,-40.25981973112256,-67.29580976050822,-13.871583565235085,23.28730019991289,85.78365211118205,-95.50141632383213,1
-69.71353712600734,32.74089578525121,-65.63308861661676,-91.23059625780736,-3.9316847555546275,-97.68535870210823,97.2326221216511,43.60061933719649,64.93568695118762,-37.483313394743625,1
89.35124893844815,5.414187702691663,-65.37491216696884,-8.575885146391187,46.58285983390104,-10.38611939093073,58.85158564724995,-33.14958345027938,-85.72057907969332,91.41337501248833,-1
-68.54535836405694,-58.096155137493575,38.581830313616166,52.10644042088728,69.18033348742259,62.04789257985354,-15.33200587576708,33.558082979804,-28.473561317143094,-84.85071954572663,-1
71.43585139975059,-94.36173191055556,51.78638972293629,45.30523872198458,-87.39478603369236,1.3298483357410191,-69.2708390023322,63.28095659854844,28.83878512556433,-98.18408161566481,1
52.9301900769747,-85.69939513367294,-30.720136047429534,4.9667027602753535,62.993467603969236,67.34683651053217,-4.994419847584638,-53.27809474188785,10.784209747172667,64.39145134457854,-1
36.022377089394524,32.14547862183031,-99.17970991396659,-9.880574179280032,-82.74536845329088,57.0540131820149,6.445686151386013,-43.175637445004256,51.259763532562175,-77.09867924797848,-1
35.478625977774556,-32.61561738465089,57.887679763091,-77.36819868206474,-55.39020633559524,32.41773541849548,50.13841171510006,-4.982818287861107,91.80354196227219,47.98123108500684,-1
-51.92021742129862,39.59809429955848,-17.844582095141874,98.43028704600962,-93.9717364554944,-4.527195123159359,-52.39731762072668,-43.72458785747153,-45.33609053918428,-68.36729031606856,1
66.98604735985981,-33.817046843960966,-25.696084951285343,-34.624242046936075,16.838927066912362,-24.848724298617597,-8.564994489276273,-91.33204247814739,-29.072130743947383,32.5698405537068,-1
-73.19695430987186,-77.49937389467365,-79.03547181184689,83.74474986676609,-19.22328662278244,-10.670986138017469,47.490694323623046,-0.6948090646415039,-77.01413169126256,63.67759592838999,-1
-65.3007899289956,-71.26247496315744,-25.347653594146237,93.20241922552108,-42.65206211214101,3.3078650615485685,80.09044234241648,53.60162772851092,99.99442947359648,-73.50479029794448,-1
-38.879156901957025,-16.785865918262772,85.31142302836761,90.5531794306666,17.25536968392369,65.54223816268149,78.31705898942886,8.959991891174695,83.92163539075446,-36.80138506062352,-1
-54.93661400975298,7.538425718194304,11.44380898600879,95.46406102259536,-23.164688959116518,-39.946032829639556,-21.902527606381,-97.16594207427487,-35.53534780255944,-32.34527385989119,1
74.84450493703517,5.318988517957862,35.93502622812696,19.08998629385931,25.610906230085035,-95.11836428147835,70.85775974936519,26.4111184566395,-78.15038336878739,-1.6546072791239652,-1
46.61425920593496,79.24724982922663,-40.83732744972806,32.36585793562071,46.99910005288433,-84.43997733558024,13.094791067994464,26.986708062083437,-40.81775866987605,28.80602823437718,1
-47.37748601783143,-35.87601868995465,-85.2073625458088,-20.895572749716166,29.385339593137104,-59.70900946419413,4.432339243754086,49.715202514961874,-38.35501971937785,59.797977325869766,1
-57.84137968999428,69.23877323087467,-46.033309341781134,-31.419471289823676,80.067992774859,3.2122344372723717,78.6012127683806,-65.34636072480207,-24.13056865474215,72.58378492224608,-1
-60.1560628325847,-29.399049805632743,4.4190473829578,61.11684982872549,-18.341321242156795,-52.412663655720436,-46.724030873884324,-81.78384544586365,-48.24794247422499,-63.630973934196255,-1
81.22865095315328,-51.05098407261455,-40.583890024400326,82.52050434778019,4.442735925544923,30.02260550829311,97.97652275386665,-39.70732910337868,12.463439929008999,-81.27978227616939,-1
-11.633259039609072,61.11616528824672,53.92003025894644,-87.239051180413,42.705406540919455,-14.545618699329466,-76.39598490954565,57.57285003955221,50.664257513755445,38.629095119108,1
-65.49522461072759,-74.69093776072455,81.73111226807194,74.82192554363013,54.468195110768505,-90.94097423149977,-60.76170125158327,69.4923733829632,-35.64426097234781,-32.59164765758848,1
-0.752155619837211,-24.40632887174317,-93.43291418322448,-28.480094862708015,91.2962194462454,-2.995858462080747,84.70173874055112,-5.131389826648885,89.79776285993927,-31.79209872257887,-1
-58.80399282460766,66.03544859991749,-58.95321464393817,-51.29874785228105,12.600952796139424,36.03958017130614,-8.757849143478879,64.19187722730607,29.02284683603392,96.82885343893889,1
-82.93006638427123,-57.69865014364639,17.483032758533355,44.38479398578667,62.22552081279474,20.030529614722937,15.119869373471161,46.5047494575044,53.41533150717555,-87.36834322446578,-1
59.88207978180853,34.15300508860716,50.37524887383819,47.13950106125077,0.13332804454375946,-37.95481441246813,-44.80833484932341,-68.45157666852188,-91.43307970029215,32.040213711198305,1
-77.80210615730378,62.546580860935876,-37.76151112912469,-70.275173906019,-53.9633017331997,15.700230330229033,-18.49934159248025,-30.566836163327366,-5.892859846260762,-85.26680027001647,1
-16.163424819575738,-77.4991733523817,-86.67558252650771,81.8998085881432,13.729927235801,20.041371518534262,38.81245839540074,-76.29355181008235,-79.4653509104929,-29.29481620417124,-1
-59.355381782782544,-20.541741410818858,-58.58303502245792,-98.40916374429187,-41.96927300800508,76.0916466735408,78.25196598449881,34.182121596261,-30.904561057594734,-80.92426029876293,-1
-91.9428962444003,-26.02227487037503,-90.23167533585121,97.13320460490141,-76.7962977441721,6.522442928200633,-79.72121227455855,-18.607792336197377,58.512928179530974,28.725402386135443,1
-74.32114210917496,-23.19618520700837,-32.76806700298023,30.62613405793121,21.847671114384454,47.380402318192324,43.40348027295323,-13.35371578099118,-8.565900141963184,39.97415649624307,-1
-19.70764418219136,-41.94326453704793,-62.58863279472393,84.27348053990374,-8.23741435171317,-48.45245523699609,-3.0103120515546493,47.754918611965024,-24.05763288615597,-49.46544851701913,1
22.72082284749169,97.84333668411722,-56.454193150595074,98.6967043412499,70.4695601905276,4.630579862787187,-63.21809282488295,-70.673345265536,39.84088555036621,-68.07826570318723,1
57.03790862968168,26.769963747064793,-6.387827440907117,-13.45871015025925,-94.48635183283088,35.010124629272696,70.63657384123013,83.23258656523106,1.7673319433270365,-72.82369055462891,1
57.2690028831104,-10.539448749479874,99.22904842483837,11.339134164170645,82.62175738390988,-23.458742961999462,83.21679711627505,56.566892674372525,-43.924998675898586,71.34506716103391,-1
79.02354814130729,74.94941469779494,74.16208495512359,17.68876552810464,11.628545688131055,-75.66562139922495,91.55991830999724,-61.05074274476141,-47.352572246089395,-37.08551489621037,-1
77.63826993226081,-27.118026800919353,-96.614129514893,-28.234278617123294,-4.908730767595188,-24.578482332378357,74.56488247357174,-59.641440878423914,-27.422088804625687,-58.874614627961996,-1
37.892993827453154,-36.05583013202916,46.14137687257724,68.9611334072001,-62.0822137804566,40.77470661898994,49.641564345574864,-66.17013397520238,-6.592960945092159,11.557840372881614,-1
-40.541841938533274,26.35496873055108,59.3097108092997,-83.54562186475871,3.6453786949755482,-35.37101111292395,7.8010089651501175,-10.42016149538729,39.45561876399475,77.87841546105969,1
-50.279023077338735,89.49544687912493,-18.963579239807785,-41.68292529756095,-17.275079477841786,37.48814549256815,-95.99390651518496,-3.543173382508982,-59.159925562866576,8.406424129376845,1
-75.69972473981639,-16.743014291129057,80.60021703029923,61.279058666996605,-15.914208771909728,67.58001017219758,-44.108968935973756,-36.34964388763113,13.855197436479429,24.941805452461765,1
-32.138946538086515,-50.292851214581425,-4.003386894201654,-36.06610575308204,-22.94301479320346,-93.02443345716509,-50.01811012998792,-69.34900753617686,-71.98375841988135,-52.16891489359106,-1
65.78309483013547,-79.76687607737935,-96.90350817249693,75.1398745885131,37.9703257492603,78.12997828091937,80.48632985512378,9.180941966791423,-86.22171985616336,33.03130478112263,-1
66.30366662244472,2.2935080085234745,-6.151010825892072,11.800614014966143,-54.94684426098899,-5.210096830140515,24.779853808830723,0.0394691729007377,-88.99212125408526,57.475593869402786,1
-60.091509814170976,-66.35268417830162,-37.46873712895611,-31.065371797490442,37.21519285243397,70.27544105721157,-55.469371449308035,2.493682717695563,74.11979854700704,83.50967689775274,-1
80.23160209819778,97.47369446244,69.75054011304701,63.01479813652199,-36.39871612111993,86.94847259539648,12.084503723173668,74.12840748299288,59.52078588667712,45.27317223984858,1
46.873135298443685,88.5825422783513,27.30889771534484,93.09818768755696,16.867527216224374,-46.582044564886374,-86.22345315626568,-94.52004569363197,12.335429085182994,-76.59662588578091,1
3.135885539299551,-11.62925838178721,99.72228540749083,-70.87084079470046,-31.665192009743407,-69.32131549461576,-14.783537387478333,40.95455584879949,58.33679310163288,-15.435407834761676,1
35.93944336666905,-0.37406516320392313,0.13932555906197308,-72.92750764794845,-35.62406982277588,-27.015897120003117,43.39014906334319,84.5387026885866,-10.276990259097957,-10.673836369261252,1
-28.43775013288139,76.05035465633742,94.67583915502345,-91.02833276292284,62.81940139344721,44.98788812209108,-91.57103003644644,-91.80013036807384,-32.16574018584252,-1.1634260464063289,1
57.786494355201455,72.20667999444808,47.08280510140062,-93.41724626776526,-28.69157135714555,30.44456488864563,-42.25919024004874,16.977081465339666,80.97789427749643,40.67206317075838,1
-3.3185128053706734,-15.820694248154794,-21.312902112627953,-9.18477113753164,88.18709522506288,16.149755261396123,6.934941636657641,-73.01308313270593,92.31000121676416,46.755181650923305,-1
4.03397846215023,78.952397402499,-14.847677013938963,-68.23246092359688,-56.049747123186535,27.245173486325996,-56.954422824632125,97.10764263480888,53.827224134368834,14.731737264499316,1
-48.373313459774494,-50.66871063104443,37.72585798010866,3.2466195871658385,13.058481903579505,-34.464045207516364,-74.040039837332,-74.1541394876543,-91.71625758932511,72.9051804755637,1
24.84759918279842,37.33572234482588,-96.92674985305534,-92.41661118527334,-5.840117012838391,-63.75434216324598,-78.08124508662529,-40.60328630900531,-1.6187258879134987,41.06299504436498,1
58.51896264182693,-43.307770147184165,78.55867128413198,95.11532688711179,-9.271753711258299,79.81947922834854,77.1747034625167,61.15969678147985,-62.8745613358588,55.382896390099404,-1
-45.95046157384335,7.28207661600608,75.37171660523433,96.49796635881236,-43.08385219047022,-78.09650161152817,29.371493976892026,48.88081676502239,-87.70503459200603,-66.18565221724428,1
31.784788382030285,33.853658350166995,8.752491183731138,-98.06674666196353,-39.190946072838486,-30.486975480816454,-49.61383906353933,98.95267402360855,36.67653788703882,-39.20772565930519,1
41.67259534300695,15.954288352495922,-95.53965902027129,95.16637795654142,40.60572330758919,94.7361908796413,31.715273632628993,59.6856531268121,20.136755852576186,8.563865666816795,-1
69.83913031306386,-85.420309625669,75.3837863741694,-87.77247399755528,-85.04843065564394,32.09838526424775,-50.4588224018484,70.6646565675876,40.68241410561919,66.76501758599167,1
-25.792247403079458,96.00109263936338,-71.0202681385308,-96.79271999387085,99.61425071844744,81.57241743469962,-33.550346173490325,-37.351454763217795,50.98839392286874,42.11640070246807,-1
70.43630006370802,-22.988388856207663,-19.620258408806677,-38.63237385947633,-3.583360222570775,-77.82169535116577,98.52509469717234,-20.743328786507576,-0.8623707565511296,-27.550553912630036,-1
-69.22081873202899,88.75327644240286,31.155460356836016,-68.2916928816779,7.047867382946691,42.336153932277455,66.98412865025395,50.818631652972414,79.8958125118431,-92.80527006012366,1
35.60323051181271,-78.31992545667546,-56.76228522590492,78.8215196795895,-71.7898157859527,51.82425190920483,75.81579765243131,19.354588767294814,-86.7793807250082,35.89753241013693,-1
36.5064919075443,-26.00022280800451,-70.78186004538279,-14.16559444818759,26.042052479856963,22.69352011041677,83.25224301864387,18.426170268859707,68.55061039363275,-35.73121195446802,-1
-39.41685423336148,-72.05588660420918,85.23778428789001,86.16740631198209,65.29678819621427,-86.34280325471597,-17.77877554286269,78.30908999946772,-62.05548305402318,99.3177910237948,1
-52.51330632503874,-3.02825205677928,22.128550184328958,-36.157792822545495,-13.154444601405572,-37.52054322656102,20.94312163079448,-62.43563780106454,57.259211222627926,41.07071689536889,1
-3.3535848249129714,85.05292833139288,14.128836509008963,42.9538716998519,-53.38603326102977,88.09467261228764,-48.23262088681965,-98.46179280453762,-10.023495389551854,96.51512904970002,1
97.37738732010345,-97.5993945454635,78.81092104077732,89.03229143557937,18.91969078979558,3.2035086835259676,95.2718199262612,-18.99570083447395,93.94721645748584,-78.42109570113678,-1
30.930137373190917,-11.693197924220613,95.69133443685678,25.133865984981284,-40.85521900966506,-32.00882035235959,48.50149133554555,24.49402327032388,-0.36787453541498394,52.129894473397314,1
-34.361449278137684,76.4990210136273,9.831138158047835,-84.23866039091851,24.067772812399895,-91.0199445559655,16.643853504677537,9.826199073365927,-22.649793998163673,29.616332937385607,1
-85.64483875469739,-16.510343220707497,-58.29449194016245,30.463840310710196,-34.489647031847596,63.79526360331997,52.862407685847074,-2.6661784496229757,66.06443829612715,-82.39411210536682,-1
24.642074613601395,-33.82258246124114,-90.16220195359558,-44.09442291763621,-92.35984100216406,-70.95697170929687,-18.431537730083505,-72.78786989826602,-44.52878319407772,-11.282189293733367,-1
98.2337252273953,41.85922542815362,-9.921984718813803,29.098107833270575,-6.813443339781529,61.9721265610718,-13.0164239749611,-28.182945881595472,-7.904433112610249,30.500180287547494,-1
79.13495552375574,58.70748044576618,-62.71723056673464,-38.84823536886024,31.822948379952322,-66.70008977972745,31.49731638407377,96.29242229582317,-60.855296011409756,22.394750101858392,1
47.58347867080508,92.7635322376361,-99.14364843277927,76.57706132903684,68.14923093736303,-52.74245839209575,30.81288568449611,74.18981726399116,-35.864663929852284,-85.73654158915049,1
96.14786871668588,-57.429982792328516,53.09970008105992,-4.110754252598838,90.47030079181107,96.26974341743124,33.17034581972442,-8.082968829994215,-17.09934662783374,-79.84768108732257,-1
20.103372086730673,-70.67833992799936,-65.6954612425626,89.6489071444937,95.06648602131577,49.37966704836671,0.08594730385287619,-91.7312828292003,35.2553571664136,66.48475638705136,-1
88.54635482702514,-16.213404403210802,90.56076964983464,-43.732282790872645,34.24561557133404,-39.69591922227265,-42.94000484102363,37.98856152596346,9.337825940510996,-12.280305279521443,1
79.42205199051543,-87.24108874928042,52.53069798229686,82.57173799287747,-78.90687399811611,-30.62762587054317,43.594221348205764,19.756623795450707,-35.49105164285436,-50.767632495212034,-1
-90.36279752134075,-67.05645061140382,-30.920667587280775,91.65969661426013,43.87116635010463,-76.58118377200039,4.298997879193948,-37.45437678654111,26.295877079758313,-78.92081759525449,-1
58.57088380676788,18.49659878031929,-62.69779749918805,86.73150908165434,19.365644273048048,3.3122652970462667,6.305215105001352,31.82034907070272,-16.03615108308199,-74.82879260523885,-1
-13.080807828257647,-11.104004404441795,64.69061075186414,50.230740729115695,52.5335632775284,-30.763814918059595,27.70497858084336,-1.8915233070654978,27.71444610081248,-39.62099551342724,-1
-98.79059136320431,-95.37786630644156,-72.55655367798681,-56.571168432016236,59.64686277476275,15.681389954172971,95.31500637743247,94.38759851409358,-54.06089743895439,77.1286631095713,-1
94.40106592630741,17.353581568918244,8.778739298528222,69.62725786063564,97.16027014970433,33.93022446072197,-16.832975513413714,-28.823595410408103,46.46177147481083,-28.137878189175282,-1
12.68167289677082,-80.86197678839977,-79.68557127106774,-89.96623130026227,-10.035344856409552,61.75630922793886,52.90994719380035,-2.1547826258729685,-11.298655338924334,-20.791726406774075,-1
77.9826752725725,-55.9780339961673,-18.797492762356157,-76.45636018347453,38.6175517539146,-37.89264492942777,59.374422759025066,-75.52424676487841,-67.1845352727272,-7.947676148644604,-1
11.356982185637591,91.66553729627736,-78.0280485894533,-1.0969086083363067,-58.98303360560497,-68.0121381120872,6.548389081098378,-47.877725838380016,10.474920200910702,61.85791842196355,1
-43.84552751182884,38.34402282693776,54.61802832342241,-24.84101954238855,-76.36747229321008,27.051827729385394,33.704573007193346,51.160575855187346,-52.20883001090322,-76.2941454302375,1
87.61282791362626,12.107870483354176,36.69054868421006,68.50541025752207,-78.74102790007171,-85.55568544889856,11.706158816205473,-17.626270799899004,76.49564551950075,-39.576843656743875,1
-84.58834417313376,-37.99319519750999,-3.131419545575028,3.0275346922201294,69.49120371267051,71.96149640323765,48.78678477249568,-36.19969381582524,11.463307414032016,-49.48531994037244,-1
-46.51959442849174,-97.02877549849924,20.275242288632086,50.23832729027714,-70.97206134677188,-91.42081809378477,-47.80623040369281,-82.36026930918696,-94.25253966637912,-27.738014835902774,1
-16.180105416582947,-57.052974975687356,-9.758918357520699,31.30661398060036,38.50350185070354,-66.18120860967804,-76.6166290763222,82.8384154805766,-60.27095892675756,84.2098352816559,1
6.233905600206398,-60.1686204805866,-16.81669341345679,12.78489158419265,-96.3300247091813,-20.97039835326926,79.75943885382392,-27.081082134883403,-38.9132416286025,90.69677757558367,-1
32.996980695199056,21.01425068754874,-13.243119558525464,-60.55882055379984,38.51279830286654,79.69266969571066,22.39182859816775,29.711602893408212,-69.42293402713742,6.6923203842374335,-1
61.974889170926986,-79.30498727068307,7.615908574810845,-91.14091380060152,-10.296858556353655,-70.0987380252406,11.757165383064887,-47.24783086822344,98.10716376023265,-43.212619293449904,-1
36.651752731919174,-96.39419820821755,12.639618489632241,-58.85914100468603,40.35515409751059,-76.16794696102517,39.51618179190646,-91.42246259853432,78.83754972780471,-83.25711828603895,-1
19.060653185497813,-12.593254910045843,-50.57098599394134,42.034321480600255,98.72602838507453,-45.08706455513738,62.05747211363922,-8.769425304746875,-89.71584950314107,-96.51490761822,-1
29.95760935285992,-17.790561288788382,27.269625053411303,-62.15293781014599,-20.00108063810005,95.99616127501733,-99.98048608761462,84.83311305789249,-48.24820865402542,92.57185162547256,1
-86.66959188786201,70.11603946131987,-14.028726177757548,75.64326205484059,41.40986098459766,-68.51715988156445,97.75242754732537,6.382884906945435,73.85396577399894,-41.178513868530246,1
-43.50078680542955,-28.431768271693358,16.98722366780956,2.8376361842022533,65.25827298747046,-2.83674276531589,-88.13971335753341,9.14681723412842,99.02459989466027,70.20540656896145,1
-95.1198436886924,1.2279705389288722,-22.716887633883758,-69.65867689922032,50.65534542626071,9.810587971533806,-87.32302074009831,-91.58637154800866,17.673197325054076,-75.12835572636725,-1
-73.39804021853425,85.15770989891368,-37.60569151351585,77.01075060599314,16.71603724673774,-69.85290330384335,37.92065724059245,55.9519770823386,77.06819016949359,2.4750386979076353,1
18.339432461265105,-61.70207701837611,-92.12196742206267,-41.530515156969706,30.159428344015907,18.690347834112075,66.18462507135152,32.08401666877501,76.96794949993361,-96.1650917492431,-1
-44.01322061081143,99.7585871631309,-94.27376123286943,78.5022838188303,79.73455111272759,-5.217049919595709,-98.57845058242806,97.18277716539455,64.86265662858887,-7.793327231197921,1
-43.863356896805136,-84.40122671811818,-17.932481132845822,61.956805347662765,68.49084087450291,64.85797510489044,3.582588541576385,-97.38150086023056,-82.28035941611478,92.48268039794283,-1
-99.01200381311807,89.51302526480859,-79.9577301898951,-46.11230185038166,-40.132708562126936,-24.15022187178353,61.02947462088321,36.2775141226287,78.83203656453173,48.46787838267721,1
-53.408105049273246,-78.84069594544022,-91.94436745292242,84.43994476713706,-22.708717199885257,7.260755983746492,-65.25717935847547,-38.434007884198174,-95.1342358843503,78.15509015661883,-1
-34.9791969136602,-51.647098504063685,-27.541400336702765,-45.83357193200814,7.1593292373888175,7.929544106072981,63.24143416427813,-79.73097377271547,-9.445322429392021,-19.632908337844725,-1
6.37435330100331,-84.78000220384514,63.279545272314124,-8.740823374440225,-6.261986554171813,60.37048167812071,50.2294703385769,94.5924000587128,-96.34092135615009,-30.641156179166103,-1
-69.99026706120316,58.56800905470544,-13.656622994677775,60.71352028006203,19.226277625652372,-31.251683422392645,47.39311094545778,79.31144267665215,-13.550415611115142,-61.148945067495845,1
-87.49474085143085,-76.4122650251533,-86.71671910371302,52.6493147028346,-64.11344557290357,42.734437401897424,-78.41674942451245,-86.25435968552004,-29.270804797457345,58.84886351884634,-1
-55.58482586133589,45.5158644269888,22.242866239766016,-13.865285703508974,49.71714534236054,70.63247841003962,-58.43423914137604,24.321319517416413,49.99657930452332,50.908303893834585,1
-96.48952732667422,7.475838088771013,-8.603928074399022,75.99713831216727,-60.796270939028375,9.477515738849078,-58.850148985326655,-1.0921551572208728,-88.53848149430814,96.67566041711174,1
-99.60157295618595,-37.326461108544365,33.015487999685604,-89.56855382933415,-2.5709274438382295,3.8621282793744456,-91.40732143847283,-42.0568161631365,-76.17471186096745,62.29878749572134,1
-88.08258052937126,4.016536643316783,90.41168365944213,-88.36939440202998,68.8946535027695,-43.36079883848987,-79.53592449774274,-31.290710006152295,72.77365269426721,-3.5291484844375702,1
5.535493244338994,-58.632577876678305,49.54916418652559,-69.22740610923259,65.40909822856594,68.28960511661205,4.336006502687283,-52.87320858990403,-92.36820528919199,-26.2710287456201,-1
29.494942830920593,69.06599513774535,-24.870252901399837,-3.8437164101773362,-60.26787296573639,29.127943952595643,62.87662152958751,88.10179609991968,4.4202917894141365,64.04154530927244,1
20.697533319290955,-74.2491125263889,-67.47434073685659,-91.97044599425192,37.57043700843076,-92.78804758754657,-10.552138273350238,7.350807235129949,-14.929396240508225,-77.05332785022627,-1
-88.73934486363252,95.29130588708205,-95.95275347200992,35.91082382145777,-22.786413309654847,-67.50587267715203,87.34031290142545,-32.39756245723902,-23.24857129292272,-36.69716766471745,1
33.01119780132623,-3.7452096344789965,37.36424319845918,82.42718038463667,55.042263446834255,-22.41747392257429,-79.95566306626982,-81.49403449570826,79.84748037083656,-21.762048020682315,1
50.68558445139382,-19.069251670289972,-48.95375661628692,89.67274620429606,83.24676666264301,-24.054557681330863,91.46288748158722,-41.035276795709244,5.348542744323325,28.28749338720374,-1
-92.14698967026796,26.850530690307465,48.22140832593615,-11.583396562130162,-1.7530862336229802,25.77351905900926,96.6705229404453,-92.04416052045632,-51.424864394472316,33.32546407184353,-1
-61.978470043254475,-47.30531086123035,-13.003164165907407,54.48154442464835,-42.98623190554167,40.132841144658045,-67.81154650495509,-28.252141196794597,1.2121697272886394,-22.31545820426686,1
-96.35563486969005,-30.608209924482836,80.89478545625752,24.880097494432604,-16.762467813260855,57.90043522307852,-15.912821077248921,47.77138697658222,19.7846892022105,37.848144393591554,1
12.088126196087984,-64.71761791442276,17.758905836045912,-8.547839081635871,-47.28722216289651,-59.73710981367293,19.412300891930386,-28.880007531993783,66.77312852170868,51.2659957121229,1
-46.59434596611574,56.632005805580576,-95.95649597044051,-4.259663621929974,20.701100689923948,-43.732851838717025,47.545186926969194,-17.289688153022382,-38.63187940434689,-59.71000873374421,-1
50.479576460757585,-45.5065631933808,52.879840512514846,-38.779207968476626,63.09994542070385,-12.070849715052546,-61.06811909417333,-22.41880075237978,46.4535874220671,97.5391012479908,1
95.82098760303091,-89.60678037376395,22.80623968973012,94.19681157537411,87.12387126573142,96.07569381174858,-0.03376949273359742,-3.3276294096542074,83.37516951612301,46.705442380288275,-1
-25.566595232497335,82.94986574553207,-97.54186776886581,81.25347945796605,-16.626043327112527,-53.892241565817336,-20.949198303088906,81.77695004021732,83.90127483517708,-4.686156106198112,1
-16.446643566533254,14.554501947421812,62.62100942216878,-43.69299197862113,-24.041947704408955,89.97899600372483,16.834836836344834,-76.95542073680544,-92.46164060393096,34.24171230676066,-1
-86.9896814029441,12.883317555949532,75.56652071516288,-91.74605052507563,44.845647461367236,26.127457791848727,94.27053501721099,12.27100566870807,-82.4418748562315,-78.76722448345839,-1
-52.24075772369214,14.795035006348371,-62.12875446386698,-71.32486578635209,-17.10049497221,24.968248802341563,-20.01382738711635,-77.78668268128351,35.99144288900024,-31.901847044476355,-1
-0.6073034188339506,49.290425771422804,59.02814450230446,28.66486273515764,53.32349282586293,31.435301054695685,55.83323950524121,13.890273497500644,-24.125876832100275,6.5273143530370845,-1
-0.66091543641069,-97.6440247426716,-12.314221597763876,-76.75084946201241,63.710050238888215,68.31904536007642,39.52645185905132,-53.831877350551125,-20.492972844411383,27.828430474513354,-1
2.9866699826518897,74.25539762423142,-14.619582535432556,-26.386058956540253,-15.575688589963647,19.583371680248902,-57.3087825332713,-29.259208380504404,-5.780719141887317,84.78172615148733,1
-75.13083171382593,41.664809815594054,30.75793016734457,-56.00458386919609,-12.582826808114802,12.925226242683223,-94.55832323807401,-63.28178593911158,-2.6416318566647874,-6.9862319856903525,1
-33.943066499583125,-20.554494086753493,-84.42598713872673,-59.62078877342203,-61.008100793297906,-31.7374779936672,10.27032502002632,-13.634798454890571,-15.979657217469082,11.411140029452113,-1
-23.232223391004098,-53.18844499650017,-78.88487155610733,97.91741482813396,90.22740928835728,-71.20300375703827,91.6245889123542,-26.47906424285749,-90.62132666247487,-75.26805556411362,-1
-97.56910506203673,37.446868692136576,14.41996339432501,-89.05207281801262,-23.153892392130217,-70.40129511391822,9.073450533876454,48.48937176354224,77.71479695205835,83.9444778843953,1
35.92945653861398,8.821724787893714,-45.23149618014817,-84.72133664093886,30.995264612405208,-93.91941978427016,94.62037652621723,-33.815538433281134,-89.08789165377446,28.866832571108688,-1
-14.491796328290079,-47.518324702139616,44.163263294983125,11.81225755305033,19.44253883719864,80.70162107141172,-90.38537749318797,-47.27113734433716,-91.68078612257584,54.276345352022645,-1
93.98240922145408,-46.227691004198675,-40.748849336643175,-21.029265119264323,-4.903238763342642,81.602325492843,-72.90610676791538,-78.66244752335541,60.843850455024295,-45.37019227161308,-1
70.06960022397908,33.877084733973845,-98.43101575187536,83.78694862209946,-37.62246315701046,-61.00720717525818,-14.922443640247465,58.78253054738906,-58.37577451466931,-70.23361769371246,1
64.52011213193165,-92.1276240360541,-36.680730317470655,39.526964566532854,3.6796381575937573,55.84385667445983,-66.57232764434875,42.49414747019381,-4.624077008796121,-98.2154389836871,-1
-91.36801760988477,-87.81889135296346,61.185630683071736,22.741296369915347,-59.95680058309964,71.51174127254058,-35.27246633217567,-78.29656255721838,62.142219781476456,-87.31786350286201,-1
-81.2650464343815,-66.39598956146429,93.00632458198376,98.54492391872557,24.36481726115494,-38.49944510731398,52.79521692904822,94.43553749864441,41.304592632083455,12.258292319157178,1
78.61804103908298,86.08972010900621,72.79140562300461,70.52644655430797,-39.0373730771129,63.892716835346306,-38.67199352414048,-31.264542821003843,-90.37021499486306,-23.028440421161903,1
-28.153326120046856,93.57291319027107,-54.439848857428764,5.851108190150029,29.25267540814548,95.84701850723468,-57.53569320129308,-65.29071977977694,97.890902745023,93.75896933158455,1
-96.90867669422651,43.45237517315127,-46.65931387255715,-68.82792648258459,21.115735406152297,-80.98124003945412,88.65343776746454,-33.176146070312356,75.16536949144589,21.008656123074815,-1
-90.00419426806425,-8.899660956155955,36.01220566136732,-84.40343340200334,-34.29297668075881,29.779679599415175,-7.173762440468792,-83.18206964266108,75.38509987951068,63.68407599458925,1
-27.146027790384906,78.1664296579267,74.23740927006355,37.17449104628804,-70.76906354515728,16.98749973564739,32.98971329092771,-46.942296928941275,-11.176921109534632,-78.69453324745524,1
35.50916103675516,64.57761365870041,99.17128583563246,87.66595571530371,23.018673174880306,-70.59381189590343,-87.96119193974164,17.446065652681966,-59.803813591042896,-2.270473910145185,1
54.77593114603127,-48.74152492615649,96.34544347633181,52.07747643610071,69.83261402872412,-18.858755871726714,-0.8406250119344207,-8.01787927595943,-67.8215698180802,80.66043321859286,-1
-42.11209567610241,-36.74153025487512,-69.43883813634335,-33.93446212668914,-28.703768267889785,30.78084743390852,45.855966768220696,91.13958820008565,-47.77655113567849,24.468292658400358,-1
3.3145256891958184,-1.4437308270088636,-6.039584860464075,76.63519412286465,-74.5247934944298,44.86548016280426,40.96073024681522,26.098514240480398,52.568656475257825,-11.57131566028444,1
-83.95325086767156,28.089454798650564,-59.08127714164484,-60.44647447649631,18.796150641428937,37.260225148724686,-94.36547773897908,53.37175106404584,89.4372931116387,-30.397989631150907,1
41.455782381133446,-87.91269101188719,-67.43068494418105,73.79988159036054,-87.13969382174314,99.42740307266843,-7.907107524273854,30.632633793822635,-90.10629304268902,-89.65555533176959,-1
-98.46719347015494,95.6530927058948,78.24588820629347,21.834975875931633,-68.15152119802146,39.91406596908189,6.051654965503303,26.556061998359098,18.03302549020691,98.43515905972032,1
83.00030754950544,64.20638941928621,15.966548253372764,-74.70180813594915,36.71760225638644,57.07399434221787,-77.70616276048906,78.3870518479371,1.0465699045115286,-65.43594891393613,1
71.76335423363093,-24.549602856860915,64.9876959634795,63.873963586871724,-42.139136579189355,57.91012031595335,81.89738722754547,-10.17477091619466,99.56788662352812,-96.39616181854063,-1
2.0864978008464448,-77.42837105744755,3.2679637676653215,9.04221576348003,66.98816064274249,84.61888917673838,-26.845262207311094,49.24408429499519,81.46334399590867,44.37008803494794,-1
11.23813852600233,-36.998344962045195,17.738344072680917,88.6998459407854,-88.33334554303967,75.17297651622562,98.57121877854598,45.68744113693185,44.22378651600002,-18.51409486671747,-1
89.45666792236307,-57.71374840021777,-31.112342314298004,91.86478090164275,74.25752714693326,-58.81356993753093,80.68865804310715,-73.70842157673805,2.4508126752997157,-10.253480502381862,-1
-27.905098971689227,-14.888824460656494,-80.06776945375027,-99.58387216474284,92.50574131731105,-14.502069963068223,75.07599558381736,-41.76250823628822,97.36432339988932,-28.76589030626762,-1
-54.2249075033002,-9.980946281828125,-32.990165812303516,-26.07914047724708,-73.31870374435734,-79.34446294378324,-25.03787371669989,56.61233271495601,76.48704804956236,82.1573587713197,1
44.41321284075707,61.00353864692556,-74.69461719018486,-98.8733443237235,29.237436802976305,-26.018753600713396,-64.99853414047763,-97.38615298708204,-64.18215165246133,24.239257157378972,-1
71.75285586989443,-74.59328480535365,25.6166953142871,14.375143294190337,-55.69984379816253,-46.87226672393656,62.912311220523264,97.83408015341882,-47.07616228032159,63.598712577925966,1
-21.55644131329197,-18.638141728630117,57.32261224358038,-91.16879017765376,-29.373718297789495,-33.79188865590355,61.218371431186426,87.56821034226132,98.03297866739535,-64.316284676208,1
22.124008488326524,-38.10748471076353,61.89464192308688,4.074443288193578,-24.35541889879063,-61.337200550957085,-45.397776381386315,-96.60899570185425,-31.677243071610533,-38.52513455199422,-1
37.02686197489683,-81.04630579308122,-5.891702790804956,-34.01399583150504,-7.405266970857554,-97.75779535054394,-95.39210632899189,-93.80148401183304,55.27656494896641,-87.06415485467916,-1
-16.561316287084708,-82.39879449770955,35.8138197953937,44.19106209673447,14.659474017332812,-3.0594482646149572,-22.69765737438891,-1.6375612058654667,-54.6252662092692,-94.32710780400501,-1
96.22358157358715,-64.0681421940176,-54.57472688162688,43.53846210826646,71.03916123939572,89.8059084089615,12.875116050586428,-61.52154728136414,-44.969068162540516,-25.958113197467597,-1
-57.471124725780776,-18.087814547498155,78.06289124273025,28.402716935048232,-4.280924280808307,15.686487604039883,59.91892416584068,14.837225454502388,60.847299395988244,52.4360856472218,1
-46.900718514185535,14.680325179540759,-74.17271918673313,48.66309873105425,-59.066210481210504,65.83469639983178,-81.44924146842266,-23.349113273487205,90.28844494890055,7.609026624863986,1
55.28948929994493,-85.61865653671089,82.12250147452104,-10.788554867111813,30.31852129614495,53.06258457839331,5.438414217555689,-11.628075237875208,-90.48306687243218,-53.84255542463028,-1
-84.45307260700304,77.80012216293318,18.02328446889416,-94.70909890391516,-94.94171820207337,-44.88350716844829,-11.540145074088073,-10.647276907144814,94.95450094419112,-92.18055601374306,1
92.62302231783477,61.77170780671307,80.27737136213142,33.400306536172934,-30.700045796630462,-88.99445720552652,-85.31758128512152,-84.971610086428,-63.90101358321745,-60.43389899184424,1
58.91565574003806,63.88557073407301,-79.43343678716852,-84.2106070326756,63.486281842773934,-99.9749722486849,32.06068939382453,83.17261446699916,-25.27806369640757,-97.65407553462424,1
67.22354064144974,4.131070746822303,42.43759639589845,37.0090351417239,-73.56876053913545,27.96795312195445,70.94247895065178,-83.44629329562224,92.11984827060786,-28.712633318604745,-1
-48.47855593325563,-56.95123589980926,22.595468317872076,46.606356189179735,65.39576549680618,-85.95681542785476,73.97190974143368,38.09215509163681,44.077721059885135,80.64721573875403,-1
1.1777357768932006,93.08972692012424,63.86675045977222,-60.03581593172718,23.163779957974057,-26.769307456544695,0.40377460969639856,-36.84962637219535,51.12385404248408,-14.429969859075499,1
99.94353465722611,-73.31673289535858,51.75882854086257,31.169789714774822,16.401856176382594,21.173369502377668,15.050648018622056,-26.042410495734927,-61.34686187847809,65.41234806512517,-1
99.32736741478107,38.32868039466365,90.62221705638609,82.24903115085996,-16.013232305712847,-23.37916663115358,-46.16872447771448,59.79841770666917,-72.96276358929437,-91.7152266485201,1
-49.799723347539945,-1.1976658801388709,76.81402188314627,-29.214464684939273,-61.04124327247964,-69.8456986377798,41.403567115310096,-42.98711275931315,6.9986134573672985,83.65012564452539,1
59.73115607132732,90.8895389705977,30.83366239838645,51.03371845906554,-95.87467359724712,63.488757287383294,-95.72736738060752,37.03262442818007,7.970112626069081,42.71945188499629,1
97.60719323111837,-64.85695083263482,94.21449172556393,-77.91312573825671,-84.4051152956377,-93.76382717304743,12.233488749284007,-30.88058413323087,-43.54564280745037,86.84534968787193,1
-43.695760317014006,42.94046327645154,36.49581324737238,72.41017139522557,47.98174231777659,-33.565342442302864,38.944825527316254,7.710850131284161,54.07749852690614,72.34798050653325,1
-89.6021296044585,2.775166955646725,36.55590003882608,-38.85250519707526,-28.61701970569696,-6.553523538043706,-37.0364487930481,71.91899131411589,-50.91424819600097,-37.8272834288365,1
-88.60425460052635,31.22921836948845,20.215359801278538,-76.63753663757547,-22.406733323235144,-61.37455123545603,27.58699887295009,98.1501465679004,-23.686261341993003,-21.77913209743663,1
-83.68025599903233,-82.75016573920702,94.92184217264833,21.61408953981632,85.6743687442102,1.9360267056662366,58.886286913804355,-81.17290048237251,49.8310707084172,40.51222969539734,-1
-76.29947528036969,-58.75945681964423,-25.33900197542252,-98.00927485732713,-23.209309423315588,-8.09354539480141,0.9887261235670621,-17.365426950696047,29.25406222254378,-92.30900336979127,-1
86.88720536110287,-57.64037002369946,-96.4243031930364,57.42457258788838,95.40285191997887,31.07371222235156,-17.8406929424101,-93.58047190298436,48.42888511023409,7.430724863816465,-1
60.01419373983191,86.00107555821452,-75.21216114711211,-98.46043940905744,96.7524269137804,-14.67944390802343,-12.845870418155343,13.954100781580308,21.351136228380938,-30.28230295787388,-1
97.30304975859593,-78.86993091021387,-90.40648828410482,-78.07500273399954,7.619387094567401,-79.28941157305809,-82.03621197454356,-33.284721080741676,-69.90067845265982,65.48784667581137,-1
-31.63019161654836,87.71711915570103,-2.9254209661611554,-81.60708653649729,-76.12329922826532,67.10198557589433,43.5601268918588,79.56389836821216,71.29902162470603,97.73013964573244,1
-13.283441473477126,16.951361667460944,-7.66816384771694,-96.76306621362176,-8.00433729774683,-25.48466470839419,-50.838275602235306,49.49969695068728,83.5885303739982,82.98235561639027,1
-43.62904504532001,-52.342065889381686,55.37206537965628,-59.89809528982251,64.33425287360319,-62.789993438260105,-74.54091719924791,-23.21400232230468,-29.330428158934893,-36.387985902822905,1
69.50952661094726,28.77358551102526,13.080678390100857,-76.6906624569605,-51.04141871684587,-18.60579391439859,88.50584905302611,-8.856730902492814,57.30355677668172,26.31679790319845,-1
-98.60957389376186,-31.34490218711035,20.14795489007868,71.60273151366536,-43.062862840111094,-43.31082809891092,64.57635710815751,25.6286951564161,93.61977874769784,45.77949862515277,1
24.09475701039412,48.87364086079813,-63.46103745772345,55.81958795863403,-20.743896352125773,67.1020309164119,37.07212255243664,95.1194511195826,92.22087978275334,3.918435244228988,1
47.57699696692123,-9.802699470331248,-14.79983789951811,68.91127514243206,7.968704508540455,35.04392950792638,68.74301012610792,-53.44992542330007,81.55293032743364,64.28433564476597,-1
-39.74694784799993,71.8649902140952,-32.904677887826054,13.661020918967367,72.6608572870787,-35.06142867999675,5.587250505373191,-21.99247041454197,-42.8813473077144,-61.93149178479338,-1
16.139816910856993,29.641835489711184,62.25777078920797,1.2732507123578216,-25.637425413867064,-64.57588086017903,47.87560180382283,-36.311796408068275,-84.55595194170581,-95.05636226152627,-1
91.52505690107603,8.16541279430794,-90.01550286732419,80.66293351323714,14.205678250090486,-81.0878049465064,29.379183378554018,57.85635641042046,-44.265369470599914,69.23866733785354,1
-95.6173342449982,-74.66882543056121,18.62119102243291,46.347994717121026,-36.78405626409899,60.5530575072608,-1.9115494961065878,-76.75300390453599,1.9243678115115728,-65.10251780461103,-1
46.51441944205007,61.023841750932974,-50.6765154618652,86.72330384607346,-49.736206274736915,-43.46903356726468,-10.193006747161974,-26.728577021930235,7.356341732849131,-90.72874673347049,1
38.506486307421596,-26.123470483482976,-89.09206786496986,12.241130619773884,-8.709319360854323,-18.63676959378286,-22.014487653072877,-52.57336870898608,73.12359565382741,90.91686676410313,-1
-93.46818784310082,70.7259857055914,2.42077109275985,90.78049222585,-84.03221372991996,27.828131195884282,-93.21203405531595,-17.143585055318766,45.066829454817935,49.65767315237372,1
-42.223012218166865,75.31209815774352,-16.495438778493934,-5.671380579655278,31.559253005149856,81.36212099625658,67.93679409440665,-34.69774539397963,-71.27611114507366,-47.16209784687131,-1
91.58917198522752,-59.66895774662155,-29.618988848267833,-20.327742746651992,-68.50973327074696,24.46070264695996,-99.46777927614411,69.66345540360595,50.086035358992035,-57.388666829772816,1
-77.33929905450717,-91.80435555002191,90.71444476703175,-10.214658146221112,40.92796388814395,-18.032026340090795,39.95885641949434,-16.743821244602387,-78.43266603495162,68.47703492670257,-1
80.01663660329615,-26.458298374491363,66.44515610087575,-95.48766984853447,-89.84327215264973,-82.11035031503084,74.58545966221493,84.114398628417,-3.7004725690644307,49.43982125294872,1
65.91254313660997,-38.91115469030366,-72.57936238513427,20.219412274501863,-11.173429848394647,-43.144490461868834,-69.99922785450552,-50.42273720318751,80.7399565376962,53.39869323062376,1
-49.82418002185995,-2.1606964038768837,-91.95104587614986,71.52224706511149,5.605470146044198,23.27592092312767,28.59022785714714,8.66254781950424,-23.72955623475302,66.83019382848494,-1
-10.588891238714922,8.35206398820307,-10.06402982296855,-19.000592224610457,31.701289438479222,-22.297934287977725,-21.866763064363127,-78.28899737606764,57.69724889248704,60.97081897896345,-1
-21.581284619085466,-71.23310580193782,-36.95227431979578,59.56286451061197,-91.51205484165175,-65.15331182311641,-78.87216431443566,5.359747307827817,-53.77700756397567,-68.67557159610234,1
41.56701944595375,-95.93178362356447,96.64828729447973,82.8376848267022,-67.43357083410743,-21.24791992408734,81.82305504145856,-78.16665082438865,84.73459839785946,-52.868968107126044,-1
-89.76995887592048,-89.98709458134113,52.100400883447975,-33.817622864325074,-91.03191263201744,25.754623850279785,-48.26926704192227,-8.326793792512888,57.97721038718231,-86.48667074428039,1
-49.64018821860945,19.208719095529432,83.39574980370054,-49.43275938504199,-66.185639488647,-95.61389151292074,-63.29165524687011,91.09762609345208,-15.529298186223414,-1.617642444980973,1
60.117339821816586,73.61963197341257,-91.53301081950158,-48.276245737904766,61.37012022775309,12.502283220953231,-98.87542274572752,-4.450007769254299,77.04203869423318,21.248764568576377,1
-78.19727687181427,-79.1257083834342,39.5609396988817,-25.833183081202108,25.444716581596566,40.609679133975504,-12.441975853985099,-61.98030641190464,-59.233708837761114,-78.85082841260196,-1
64.25003091194085,11.976633115396766,-85.76464022726464,-50.469980305079055,24.618747065556107,-35.33982499912378,99.49083342685344,-46.748263897448325,45.71391914379842,51.437272218147115,-1
97.32602459176937,-12.785903956137474,66.26481425704992,4.278947252587017,-67.95904912089092,62.99987796912001,-0.2934194054788719,92.77452112915219,-75.73626658375683,-23.86054412904481,1
52.20479818859977,51.38536902540275,-62.565377014610604,8.514040681613565,-0.2151803281425657,-77.6587755534057,-65.89672829106368,37.52050216592713,54.40677351639812,-3.7219339401684692,1
-41.33827784388706,68.15701438782293,-34.34554128836976,-79.83904302628848,-50.299534499545295,-93.9252242456859,-21.73989967101147,19.136995026927522,-27.811206155262624,63.21184578895301,1
89.44971547677173,-60.18131601281487,43.21869649799231,-31.84730213022256,35.331660898996915,-53.40060238940949,99.75608114974472,95.67689289174464,-1.7417154909551869,96.90201597295405,-1
-73.49506545163031,38.82633079524737,89.52050032154443,-46.22503013169703,-63.97259457355875,31.634951902758075,-98.57449943427576,-52.96605978600382,-63.6322900503602,-64.56986683972599,1
-36.20487394124774,58.802890053192556,-1.2999271854766619,31.22576087344038,11.357895383769318,97.15352116496268,43.70726579915515,85.12291680196614,24.72554990357314,-67.48102921058916,-1
31.47069643402571,28.455632701422985,58.753361405950784,82.8462752688325,-8.620185817101884,16.268720747948635,-83.96453551132873,-55.29252278825896,-72.23292059037817,-56.66455066831186,1
90.78571540051746,-15.852687486276636,-57.198577365225155,8.708047546114187,58.57299742049423,94.39801971614526,-30.784542084030605,-64.6842055021072,-85.05956782079451,-70.08309932179743,-1
-32.38311812674772,8.237611171404865,-2.1965239306811526,12.000872815451771,-67.3097782038146,34.837482161731,-58.70679957231395,-42.63206779339463,-1.4744935399041026,-88.96954513800404,1
37.817530749645925,9.425528513780108,-23.11821381696302,-99.12526417980409,-37.75222626648927,-41.33055246827912,87.50882909721614,-32.046272442347174,-42.991716471033456,10.449204986500078,-1
10.946360656470858,1.681195328925412,-12.440093745045289,-31.571736540592184,-49.934311239593555,-9.419739912008723,-68.45187683914847,21.652497007146536,91.50269748906123,-49.57210026265213,1
-34.267090926016806,-36.87335692656954,-83.5533556978799,-19.88212853603777,89.63256100406116,85.52754361063734,60.88829033428513,12.090672720130897,-51.27994726868814,12.01367596756559,-1
83.01801368140863,-98.1668899632367,-18.627178492140047,66.29064684907104,-93.23112583339943,-87.94047972849006,15.399985133867204,-36.81233055536095,43.30488197671795,70.31003758112749,1
4.546565876398816,68.79869438840495,17.823747196047307,-39.30315828968784,-15.687648776616086,-0.31991486759616805,43.92531490322827,4.75927467445571,-24.2119976510033,-61.46435820264353,1
-58.97207190359857,-18.645250285598962,-43.88195680512621,-53.87307086771733,83.73463451559289,-21.34526846820218,54.736912598885,89.16227331162582,-58.53921911877671,67.26403417502257,-1
58.14463296779272,-74.57790182659521,39.12804314378718,79.08906275334158,15.694184602744812,-72.9518428750888,-53.79303995564728,2.6269680107558315,94.37450698591093,-95.01349306699409,1
16.017766933890925,94.62894228538173,55.797701179921745,-87.59094791563409,9.38180385304561,-94.79347003527887,-22.601038038284372,50.44240539426235,42.594737928624426,80.4759824921118,1
42.943766700407195,72.43059165862437,-93.69307437375518,68.55308723006021,21.738025840070947,39.82588319268706,79.41737120383095,-67.70217894204544,-29.585977906988276,-82.24098230255564,-1
89.79613340940028,-53.545327041899846,-91.8998627036161,-70.64124811260741,99.50955232347206,-42.89836671672171,-19.013781106740765,-30.327731522334915,8.425409672669076,-19.73606284669478,-1
-49.76614649031974,51.08745450311622,67.62983307527139,-3.893731368318342,-87.72541403730423,-39.37924523961054,54.74478561260386,73.49770907306433,-92.37254543843238,-35.11790080474178,1
47.71949162646615,74.19351997250851,-35.7489653172175,2.8892856270619376,-65.69803540395145,-58.337704471565075,-56.248513785976954,33.32135549477468,-48.63196084253869,10.599953331359146,1
11.928066261643579,-11.461259606512826,93.90530466480135,-84.62657932364903,-82.08473254111419,-69.52774312692036,-55.90513490338325,-55.12874853066296,88.4729693151045,78.08338452204512,1
77.44254851526532,15.361583927651168,51.45911441423857,19.074673309778703,0.58678741664977,23.972452566020607,80.48799922748728,81.8605662232309,-7.454924666068379,54.66499580289238,1
-13.914517935801967,-91.22378232625128,12.222021753680139,93.88002251323735,-23.065875040513205,-91.91318089696856,-71.82267809518223,16.763933589355545,67.82912509218218,97.41759681076408,1
86.9087761431031,-45.14762996822006,-3.611144121455851,43.78196306504219,0.8090366246922542,98.55025465039026,81.29678609924218,-49.637929909224134,72.1892686205507,-60.025591587467474,-1
67.83607899605971,41.406233864576876,-11.241031804054245,22.241350371638674,3.375148638985223,-18.91235438569123,-13.994364936682203,-25.11728320571764,-75.72153490282571,-23.106891306694322,-1
-82.98872290215178,27.586097915933095,-81.48478658958025,-8.926453299287289,95.71755116995641,80.2070500636955,74.47370555037031,-0.6951850869662906,-53.94909382326703,-23.117718270223733,-1
-92.20413586777391,19.00926898475224,25.383255862779123,47.24751934302358,-2.479835720258805,-32.128451265630844,-79.80969637444888,-11.81430613407035,-1.0135457917141935,-53.788468190770764,1
-60.780457452321414,68.49282136711503,-97.71346466555919,9.422263947656191,-22.554084075406152,-84.04604044996123,98.80373836287785,-82.95911382171275,30.658472334460072,70.59762561030772,-1
41.395297491143225,-32.709929636497975,73.24672457178448,-15.663670629421134,17.664998892489265,-44.72383577874628,6.497116583768303,-32.93887298331866,3.365044004803906,13.719727221292715,-1
-80.67103314244955,-42.874680063284586,-29.507443120152033,58.42115588299163,21.67659062995908,33.55637980604146,-7.8549288791483605,-60.23026316349671,-0.28348871308342893,-51.49510610066665,-1
0.4854574332752861,17.02433218542494,-2.8783364006306016,-98.98657710054755,23.59110420865011,-20.32953903934873,17.287040707399882,-78.52148363354436,-68.65337705778443,-44.114944222265784,-1
85.6364196227903,28.142044945444297,71.08323092623601,-9.449869628392833,-87.09043899522335,-16.184293990923166,36.10027386137952,58.328155511946676,-21.23753846793737,54.688312219932214,1
74.2408964526104,18.513636552965366,40.5701646792065,-18.162125056040253,-18.531249565962554,-44.49350515789459,-7.371393948486386,53.167777578195114,-53.0625172896519,-80.27639606884942,1
-83.17863877700051,19.228529909979386,81.57812008256656,-10.936076355249625,21.84926207515558,51.36985310032938,82.15213714939298,-14.927825731830069,-19.18348000774735,23.20790084178053,-1
1.0504744895714282,91.62762396089923,-68.22946161120885,68.95807205791235,88.87953900202831,-88.39388762327589,-98.44914436536729,-72.63311774348087,97.04513354508123,-42.32460520431265,1
2.47856414642132,37.2733213157359,-87.60499280209612,5.703034231952088,2.657672077299054,-79.73551672416818,-98.64101452017147,-85.1943247253378,-2.9922781691310547,-94.82318603050288,1
69.62184700312602,-52.54912726857255,-0.11908772395108258,40.388964914917636,-43.78697021065297,-88.85595360425735,72.28729269665325,-53.68650434421458,48.39054528412626,-43.04781974054694,-1
26.680751302084687,-42.95883946391719,-81.15138671909487,-56.66315120219947,13.385990435936918,-89.45958108251662,11.007406111398765,-66.18728635939996,-65.41332600833385,84.25894026528181,-1
-70.15010605170522,26.006915508487637,58.08305006384205,52.00944119219548,96.06582657527619,5.388245007206578,-32.56091159386591,-99.18407863011906,-88.11548861801386,69.84554286773209,-1
19.87194500843313,16.599695943663136,34.391228098982396,75.2816977158964,46.17881081733907,-53.076808614953386,-38.329851971969056,71.85385400696808,50.670389291823,-61.81885008466441,1
27.23547294164655,40.52591528758316,2.2009527089173844,77.92027902487894,39.847798887111225,-9.448909745016891,31.11995384520378,-49.32800546329319,-69.34417244790983,-33.67135988693677,-1
56.47709681165469,53.270256111478034,71.51753515248032,-52.48683132330303,-14.568791770065133,-18.897300555143673,-36.345194912730115,63.713079919623596,18.547561234211244,-45.95533119062287,1
12.13565898778998,-26.981215953638824,47.73053011762843,2.850855812395011,-60.718806470185726,-41.747792107754634,72.90159561102791,82.71173883804869,-15.674739584993674,70.9828360222717,1
-67.46005123828682,-13.698376030471522,-88.90185578578786,-46.16271196566255,-5.4159766276441275,64.08571179188769,73.1032926924334,-18.50398309657244,-21.30038288355611,99.21301598892433,-1
29.291748327586106,-55.348919786127816,-85.53788504544171,-31.422134080788794,-50.9761885655313,70.5446755669513,-84.02586520074003,-3.7997492572462193,-5.705030545464879,90.32513209465128,-1
26.981331830632556,86.07023542661355,46.112016179493054,-31.491566868129823,72.76251144724378,47.692681616328,-74.68203679889291,29.396523736749742,-26.069326041526097,-41.48742202814195,1
-84.11612620220268,-49.60035567118566,-73.85305210843,25.389571048351,96.13083831250776,-15.993058667343576,-52.194023372116426,-72.5105020802423,98.6705647102306,22.02730980619056,-1
-10.192246413974829,62.14609304608254,72.3128568499913,93.27945837485746,30.67965351799785,15.920857565979048,86.54335280171682,-70.93437160204878,25.695873662544756,42.86280927004816,-1
46.7228761122804,-77.35130967203602,-12.400450420889172,81.01680755219073,-41.52397745694725,-97.23047289872362,-61.93096963929634,75.25439974901212,23.71272448740885,48.553725984590926,1
-32.53387823084691,58.76718242972328,67.16127392356722,42.00454630003691,-91.10111463632018,23.12997965797217,-73.8002654327319,13.318854047638723,8.370426149857948,17.126360005784846,1
-95.81317643465334,46.897408064480715,85.7212659154039,45.29418643608864,-21.72186712354609,14.784605373929935,9.927721057307963,19.57756212394834,23.765358928462874,-14.751347212091886,1
4.94712753228643,31.65675668523147,-92.03886335558254,41.29529744388057,-60.12705365056736,-57.52408717898596,97.94913498158442,10.954732355396146,80.89873915013095,40.61984999236867,1
47.50167189180138,-77.89136673828389,-27.274450245768605,39.991882542767456,-14.04503311172678,65.96776900464499,-12.247515426617255,39.79881709580573,66.4984759793027,-59.2542610372973,-1
-91.25218553821053,-25.35852617897463,-69.4694039998786,93.3345333410586,-6.803643592369738,45.51312831419395,-52.207255891788606,-99.72761551229871,-84.16030463239852,-80.63076549788974,-1
-82.27991406407655,50.54542756519521,98.67455763203498,91.65712562889473,12.273803443673344,-99.95182320256649,8.45134582871232,50.2053387226656,30.02230608803228,-72.8602084166498,1
-5.684762289968319,-9.423327916897662,88.03521266021133,-80.12344420982798,-12.876037446010116,-68.03130239995392,25.44178168871693,61.264814697705845,-79.22741465981078,-19.838142331743484,1
11.54176525000878,-46.42528343651185,-96.91696678469215,8.16241415961511,-23.136472908325658,65.175735491691,16.606221267061244,60.47592585937639,-90.54855993341997,75.41416665837986,-1
11.574735132014638,75.31962376700375,67.30403888951577,76.54736779644892,55.88612156066864,-0.9240365428039041,-56.40456400960454,-2.8438783331917676,-70.83616402847963,93.16341476663405,1
82.1854368987685,0.8265683836876576,-9.40037983400724,53.17046080740187,29.133182242468934,48.960950594310816,-84.73237491773658,64.33643118438036,-28.4635780080649,50.18106573558009,1
5.540221817259976,-98.03448948604243,42.78291681672687,1.7155843737430132,-12.354501090180008,-14.976620217640573,-5.355252778768403,62.314015614936665,49.52790667724861,-89.76440818774887,-1
-53.333435470134674,-6.030913003265013,60.12473128256309,53.281004713688446,-73.61921223383982,8.544659740995343,-17.49696924647452,-49.21963899875712,-10.750402137165423,-7.185810507953775,1
65.26816219003734,52.348541293903196,89.01583956156637,57.27278732048265,-11.963103876612863,-90.04924171727136,1.0198123498915095,-33.059102745843674,29.873487504421405,-34.85089396493642,1
84.93872365571255,-73.26086912011276,-22.42029420965403,54.94471866091203,82.40605129027489,57.01088680509997,-65.01328744984215,-27.666692566699354,-96.68450566288236,-11.21607433769745,-1
34.75124595681797,-49.73846257156864,-33.51045635047234,21.154367324474748,-39.45718798536786,61.91196469535146,47.34658917139859,-32.79975047331317,33.52856464471074,-39.315411246764896,-1
-84.42869607824608,47.7610100157373,-41.94050339119313,25.37913596214341,8.573627995642696,68.17716342084407,-29.257284101115715,-2.8631348260935283,14.174051341326745,9.967862661499069,1
-30.235893206104137,89.13470741016093,-2.7148329947856524,-17.669840639673723,-29.85665650156683,43.40545924361618,-62.2342526692103,17.059577588096644,-41.40941857236457,-35.00256711072947,1
44.68873247098239,-86.07082645034687,-65.50963202470692,25.82262869608607,12.677786119366246,36.28805309277939,37.5201766114881,-87.55273444123945,26.07837228044167,57.486193742348036,-1
-26.172761238159097,93.44264136165367,65.88004403978715,-87.26733335179848,-45.6085770179343,82.80309840731024,-71.6648951227342,-31.150820105952022,-38.0679040780441,84.84902454458688,1
-79.15503943833046,-35.85756700314123,84.80689848605093,-1.5154621202810574,87.9966570781653,-57.1312030494032,13.79900288045819,-91.2453944073973,75.85596661039341,47.730378562118005,-1
93.42532305183408,6.807222640931315,18.993671468294053,-66.03593082085308,90.84777266365873,-33.208728731110824,-16.937152034441453,76.24775676547915,-82.81216174317234,-18.79429155059644,-1
18.058988502961554,-18.733553807246437,-98.85581369160707,86.60297462608412,41.94743850510426,26.899078193111265,-70.1702392842571,-49.59621748210967,34.9992609291356,-4.447275068012075,-1
37.90535020631222,23.08578300658533,-15.261369600071532,34.9592859203112,-73.259463578066,-82.45306712382163,-64.48635303806978,-57.136160859359755,-27.98217239713361,-48.71585298302226,1
71.95893496232912,-55.69456961952659,53.3423348841435,65.81372924321815,-12.461192355057648,63.594868779143496,-83.74831708363241,-56.015563034866524,-92.86789922960554,-0.9912680085727459,-1
87.96642472269502,59.71116762611982,21.238707484828083,65.17068686779297,11.988087807335262,11.361888422350106,-30.413883790705427,-14.085329792417213,0.8078816316383381,-82.40924931510772,1
-41.30223535837567,77.55030493433762,25.133436126318614,-82.02841639999063,46.30973650771321,-6.8322722161508125,37.21919831669578,-15.186140633802125,-36.28634725680373,98.4916855384094,1
24.681191631888026,82.76290452498884,98.02195674698342,23.61812463299809,62.621075878905344,-39.454201205610985,-78.88138685872177,73.20030605176007,-92.38666338676443,78.81195098562307,1
-99.12734606993818,-34.883773496197705,-87.16090280043713,-7.627108199966088,97.09925427841713,91.80804328944942,15.076673110841838,76.37317246750374,17.346916990466823,41.137960885420256,-1
69.88928124514712,-54.823717413284825,-96.02401826054393,58.49754547401426,-37.56766120128694,-34.15578779864359,-67.1317628938711,27.17469614678336,5.197802859237015,44.24025130551013,1
-83.52379087683147,-69.3174235221824,-13.554584901791557,-73.7888513156665,36.51633442848296,-28.538106118389962,-18.035044443059007,79.94158980755486,-99.5519053852608,-29.40650268759957,-1
-69.91662177929436,28.781591413552945,41.18732354232401,21.824124442659382,-0.6447648824544387,60.28833893390129,-99.60759633780893,58.13173224231974,46.38890714244772,35.38862584138823,1
26.54237574972018,-2.279014824403049,-1.9761527746436087,49.26123389752186,71.46692898457536,-71.52555124299667,15.263629949890017,-51.35898112527746,-33.85469648047416,98.86883713201041,-1
33.320095809323846,-79.3210126739917,-40.44258535414023,-87.12141070675273,-81.09424719990088,72.44947384496794,22.250177628185554,91.5744669683339,-59.45545509774411,-85.2701475076579,-1
16.742717546272786,-11.75406618165664,-10.524035472386515,-52.19281137003877,37.91945806554662,-87.10549106672978,-72.1559553272619,36.99348727724109,-88.07324352052079,-84.64557566934991,1
80.00462467960224,91.03503209562649,69.71753140617562,25.489121963388442,-23.78384587153886,37.3776623672004,-7.81873764622658,45.581460664129736,29.139215913644364,72.05315382535929,1
51.608084202243305,-89.73312573526448,70.47109207749702,-9.034045512270055,-11.798879813767257,24.356325720851245,70.72053159201593,66.40942751345565,61.928043264586904,8.497465350041324,-1
-96.3986888799091,-46.55802090278518,98.31955510599704,24.411901856421608,-72.44004559120185,-7.16082667101054,1.9983655592565697,-52.755974633709116,39.301994734799194,-18.577856905623108,1
95.79622303496177,16.159365970695134,-93.01882818537814,-94.45493504763016,-32.90761717176882,95.25148794348422,-59.201231861215355,67.58139039169583,45.0345528933953,-58.99762849253523,-1
83.01214650344448,56.10436055140434,23.719392300220292,84.3732871030052,-76.4133610209651,-19.786474488771802,88.95896024678615,29.684029597699833,-41.65163947704518,-56.96145353192228,1
69.99507429613237,-1.9101806528100127,49.905321761581945,2.6587164918996535,17.187445937501337,49.7075725369169,-13.051577246089337,65.07044256639526,-53.38554138017708,-71.42306438397479,-1
44.45051367861325,-70.78068689173595,49.78352809570393,28.54838008028503,-9.266030606580514,-17.8801156620451,41.552672759368676,-87.86807243446441,60.02509750227429,9.782890649641956,-1
60.18774430828606,-26.909703069345284,15.844237914221367,46.17035463709331,-74.08309257504742,-18.82417845127688,63.334732466360464,-78.53015676887054,86.24893931482717,-94.71853608218939,-1
-19.51874814013766,-75.2855018801019,46.01503332066582,-66.27863874209714,86.20156192982463,-67.4194613414023,-39.01178864771093,7.0536883257196195,87.37265265700381,-20.029472237175,-1
52.30212634349445,-82.28433207267119,-83.41456949805479,95.82243394896045,-18.32266799645987,-94.8891430701241,56.967526518238856,-18.646620801671958,22.371600044322392,-0.2755824903356512,-1
-32.4769657192744,-96.79436870897537,-7.935721988520328,-94.20145100020403,-37.93399857308739,33.512420357234305,-38.39782045894526,83.71902622018143,46.96829817041282,93.27707707433783,1
-11.179288618676281,-93.62304095828158,34.59008004927372,-52.71920820937708,-22.71032510913102,11.000494475278998,-67.47334925022233,80.99153848285434,50.916623501691305,62.34447456693766,1
90.15454154626761,-88.73334444015204,-17.620504327577763,-2.2972720008493894,-37.19705795103303,66.4295574687425,29.964412393564913,-55.80609951129287,44.40921463632702,26.75903960592649,-1
-9.55641182203857,6.959893256238487,4.851585580767107,-85.40802721740903,98.68334102142578,-44.62781369068705,12.250392502192398,-99.39840788785573,-63.67222202440512,-90.55833670082332,-1
-88.58262878213702,-20.789104512906647,-80.24618972024975,55.734932978831154,47.2833823552898,-93.27815195742066,-25.458097645420935,-16.206310471770564,63.86006482107899,-81.01389406687545,-1
-66.04841898249185,50.03216659092021,30.505375550083755,23.36767535684841,66.31093763631551,-15.369676497252186,33.789775103215646,96.00247512171305,-98.00981819009846,87.05388918328316,1
-9.929804218917468,-37.11317883771892,-21.661044897832113,39.398466319687685,-2.666276598231974,94.46633569245824,2.784370616945054,-82.02743977649797,35.97261494611479,-76.55768989393074,-1
-72.71204948865338,-17.93925562546758,32.75334722433999,69.73373512374195,-96.48945648833758,-40.74140244610014,-98.03782061139464,-88.24704513494382,-64.14423555265938,-56.776775541728064,1
56.40561753407718,37.14255376493617,-96.69257508786583,-71.88417426738354,89.55520629349422,-44.92585517566581,29.51323320894707,0.32340823725058954,30.035524132492554,25.032223353436308,-1
54.930706236236375,59.93837240055825,-77.04274426787751,93.45092450499038,-79.26617290355264,91.50788780337021,20.908245322340832,8.922430363807223,29.677496234705217,-25.430118258993545,-1
-68.02404732671172,58.32801443661259,-73.62960207132062,34.486880392468606,-36.15921283489385,-30.68354924152908,98.92558370114642,81.38245173564877,83.96476708301219,30.695643686869403,1
-81.74266464277329,5.218802650308405,-69.2051740512342,-37.99962944353894,-16.592955097365845,30.741220960342133,15.326559576752842,-41.93812363159988,-29.6798430663346,-70.27712746263958,-1
81.52220051131098,-50.80005193864097,-13.659404268716187,-22.974985816155552,-5.907003476479517,-2.3261026090298174,44.68929840901407,54.0289388142576,12.560104437383828,-20.687419914878106,-1
66.0439729133983,-1.526590259750222,66.89084297833924,70.88459206552363,-64.81167350434758,6.28737853721961,-17.675043121174767,96.24148374371234,-45.92589490990267,-23.836928650386398,1
67.8199397599223,81.96472816641207,-25.147106429853167,-34.56435239613643,0.48044394143664704,47.781182294814016,-64.06854087947153,-98.4215547983898,35.209430118534954,72.97599532062068,1
-54.774933750065614,59.213705079387466,62.62405452428388,-14.364862507569924,80.09141454959646,-38.06409969589271,-23.26369553444006,-90.25772086449166,5.400793910839411,22.457817449275353,1
24.59331671269655,-51.95099630713922,51.69114946182532,71.51062541998266,-31.203404787780613,51.56479880609092,-39.97501438143365,41.99969211403618,-41.13746427137257,23.836408713535846,1
-48.01900415143343,-74.36238543790765,-65.35927384801758,14.940640783897564,69.9563397480461,62.70976248765348,79.38454820455516,-17.3983492481873,77.80210378304758,77.49906063144724,-1
44.031492186188046,66.55581420465893,44.29541654680341,-29.72819713364383,17.27250090519574,35.699439494392436,49.34702394827761,37.434571124409445,92.26684526552347,-41.66126781596826,1
63.81270277233122,89.15529944926942,20.273525398013277,39.96573821648417,1.7703290499762971,11.138238895727753,39.031502097960754,-70.89961106359135,99.82199626190686,-85.36780089479134,-1
-45.57097255400746,-8.087404498895623,69.84382893882096,92.96462509444956,52.54134464465673,-16.226056054555897,62.03064197923433,98.48374037663515,94.10592014702985,23.425408791786168,1
-42.85758274362785,55.5455820135586,-15.20876410734762,79.65181673496488,-48.2950522910091,-81.04497572172579,-54.81712322474832,5.2247223557553895,-14.154317693409268,-58.87598673127674,1
-99.77758116076252,90.11840261518768,-44.002490109180535,-40.73959097614319,97.85334904368352,-82.95426791501235,-13.920934625136837,43.0495228097364,-44.3615755669478,-74.86885030945444,1
-53.66565972331132,-95.77003533011674,29.334550631981017,89.23474095926906,33.27530483848079,-75.8956320415902,-15.700706632273992,92.39969246348667,-12.846338418793081,-10.835813605534625,1
-76.33276181532253,6.267990647321824,93.5624273983046,21.575928774710945,-84.96068915808416,94.08056013658137,73.03419716100424,13.231156361129308,-77.80973805050118,-69.12304195448311,-1
61.93500725317787,-63.53296328435609,97.38073328705113,-55.130562725647096,57.94635266400232,21.23354026701911,-11.09243870150003,68.9095365107581,13.677873397309043,43.45225484340955,-1
-3.771979629036508,-41.55020865212242,-25.857868592443197,-0.7934220117170412,25.343016020769767,51.025357866826226,28.872774669980203,96.32312645001645,-11.057421718779509,87.13964152112516,-1
-69.17099136430258,-74.51838566091419,-51.109557948667586,86.81536985429688,75.69716955138205,74.09168332502023,-54.562089402060685,5.270701882030693,-80.75082424130323,91.71487118366485,-1
7.4213083637095565,35.04616751240749,65.38980501682218,-52.59169821626399,28.996452410628365,56.987869696913634,14.595834261251554,6.688136570787194,1.729772323200507,75.05568995818336,1
-18.0742210209536,14.481545193553018,-17.754527473667906,-86.84465931777108,7.621131711846374,13.234908351095598,-56.27350383342926,-57.251098277835965,19.687476690556352,63.38818469233013,1
-23.233409613391203,28.42204700510422,-60.75686976594095,32.36431959782141,26.085292942731428,-18.781991563218654,-6.788396336232466,25.811596331542304,53.373172849818786,-7.811711031474459,1
41.5442700535055,78.36404228132255,-57.3306850879747,-76.0443240232878,-98.60184292016518,65.59498321560758,73.84350643323992,-11.851892399327468,-51.38842163853712,-55.3435196038925,-1
-3.7444097561526064,-14.254971649703705,16.474112631669712,-94.74111186632265,-17.794577626137695,98.11297497833897,42.5423864250553,26.142734024222605,-90.47355826432977,76.21920952162526,-1
29.901785941489464,37.82181629736482,77.66154948754107,-71.36873766718561,15.435439074268515,-23.26251967231508,59.16911157477773,98.4016466004006,94.0766280094079,-11.590096544898216,1
-45.81146033672692,62.23252077582643,7.989645444276874,50.21790608847718,-28.310110573287275,-47.282163825329924,-77.97361233291016,23.122858360839544,6.9140416730943315,-53.17589706828405,1
-99.88041223304094,7.504620040609694,-46.97019955659787,-22.094478325489348,46.45185650169131,-33.84243595859874,-43.112083833232816,-69.33833102909452,-32.798117831904605,10.262130166609424,-1
-26.33055724112974,2.9855017721344126,-83.23831330256715,-88.32075518816922,69.7172378400011,98.23960206383802,-60.63177973468712,44.61467469896169,-98.68487845726877,35.66531101157602,-1
11.016989860457244,-1.6524113962021119,-32.60704243063404,40.82447084648692,32.05455655243426,-92.92983579186117,87.23904592504383,-18.480093963595735,75.79042461642246,-16.450376136371318,-1
50.908574816936465,73.41203647578948,-1.63773553550881,36.88980969263943,24.614206680503827,78.89375209508879,84.37518409956598,83.32001515646715,24.552422793648063,80.98632161175144,1
-59.90509689431944,11.36367205566151,-24.84813043920741,21.91216438096197,-27.830014744128206,-97.4686459576275,73.19261296859804,-50.321829112936875,-73.33451613067044,8.295370398379603,-1
25.964130886941533,-37.805395723393346,-59.07490548819603,88.09754739384996,20.00548053582598,77.5947885926752,-34.0392513247958,-37.99491332574307,-44.52615100932671,-73.02998264436688,-1
-17.3654965584561,-16.40015661592969,59.749829790400156,-52.897109688667435,-73.00088613387297,-20.859571033193674,-95.36478326059765,94.3288707665964,-92.47258204961437,52.851693536452075,1
-61.86245586726669,52.47224274143457,11.359676874634332,-41.719546742351035,-23.846485568456032,-12.007924707557564,-5.884217528725813,75.87660154304868,73.96239381331995,61.981482047153406,1
10.381367754897113,88.59655681422714,15.14386106624086,-79.61361864388599,-91.02650738748004,79.75184519599495,7.91893074700576,9.215766462928883,-3.7070163666306826,-91.13350399598401,1
27.282082252756084,15.52261612742673,23.5114626419237,-88.46334308329125,-89.30889720336033,80.17471850743536,-62.54992765886014,-75.28438087392226,46.406138304891385,98.77685015554462,1
68.93318181804486,88.67145974197632,-75.42488402116948,-4.606421780811104,97.61114372482177,38.797656851833096,-86.53292022299857,-2.126134946243141,39.50392611763084,-23.10409573448848,1
45.901645730479345,-93.78637395110874,89.35823445632411,93.4242356509495,40.49942336478236,72.4069894513922,-26.624087432482042,-23.190360432332753,77.81336594456599,-53.30497190219421,-1
26.872737774337423,-17.62954337110061,-71.06901959860463,35.35330824792811,18.771852993105313,-68.62167500521672,-2.839986979808856,4.558349813000788,77.05271473442397,74.90108050481959,1
-4.294326016095496,-2.424678800388108,-15.97308916337991,-72.4097979063286,-46.94202445021642,-14.837938073349036,94.684262138821,69.04050705584353,89.03741073556512,-56.14569119718029,-1
45.868958817599264,7.4987507346469044,99.22936618666768,21.962331595740324,57.036204144655414,15.16921158071409,-7.806864753596955,16.956440621606262,66.19743439898599,-44.73390447274117,1
53.78455642152821,-21.263622801877432,-82.1500496726832,-27.75006108527907,-97.8209053949314,-7.431548593134352,85.63553205700859,20.562823272275438,-81.50969249991462,5.571078220461388,-1
84.55143810267887,-25.468574021170554,-88.24079669107259,-40.58180624393584,-53.26199287239082,98.4930157555518,-54.3861358734081,16.095918888326693,77.60396884929503,87.80668083329681,-1
-4.024875939218234,69.35700037394906,-66.59164373236948,-13.099461256139122,69.24641762497345,95.79315329038789,-53.687963712146725,8.733468311664552,83.28762865788494,12.374213250081894,-1
-95.16164722172896,-60.214044040992334,-81.00267100453758,-41.041663198498135,-51.453489510045756,52.46307833416432,71.86853587040585,-54.6203513764755,-64.60076172191094,48.59380832683226,-1
31.70810313401097,-61.625363119099696,-84.26326861162043,3.7292578843338475,74.02260822177305,43.64885398953004,36.48094213508929,55.21131360132881,-20.58347843326618,45.19788394687444,-1
52.03218595803182,44.982054367216875,30.394742784592125,-87.00194793224631,-88.85862086131517,-32.09558270522908,51.94416061249677,85.98744064948119,52.580166517858004,-27.22145393680593,1
93.33096380873391,72.87325329119466,57.465167491479065,-47.83378399499825,-53.29762828134707,8.128649590470076,-42.1983911318097,67.05111884174806,28.82478402882043,-81.57531703424641,1
-98.1891676839258,-1.0343086757159625,81.80818826284718,-37.33443356973689,58.30621423301105,-18.787624989519173,68.01980313353855,-46.217729760388046,-94.99860593281888,64.12195163044717,-1
-60.66928300940826,-65.97145196456842,-25.839160491030498,-74.0090191846158,63.380118936976686,-69.31259415818793,-11.820615282300778,60.21911528616289,31.308025509980638,65.83409326221738,1
13.146392799158207,75.18660443724099,54.29697496338514,92.91603716033057,14.966005371138124,74.54609681206992,-64.3433543568024,-93.43713667527271,12.764829254871785,68.69598967243385,1
93.57200696900608,-73.8237722892848,3.1093988150284275,-97.5624897976515,13.760069776751592,-94.67094176722652,-63.36048095609226,-51.075584357676426,73.22343066448812,-45.02210365994792,-1
96.50425445120774,-58.39508745335023,-25.682831817492996,9.19882708459501,-88.01756482382383,14.579372336682923,56.91749640624559,-84.2115514151192,-41.796696297291966,82.48867218794737,-1
-54.70084496041241,-93.11373828533709,-51.51623722255783,-38.96833389254206,-70.08205941732763,-18.85406140226631,-29.08579054810825,-34.67746394764116,-3.131230344644237,72.03708868710385,-1
99.44757998072055,-43.872884024696845,-67.15660835453082,46.662932253181225,46.45885322801746,-77.32658675310331,39.93973274143002,31.94298662296174,6.741561574334938,-10.318300105729804,-1
84.13828015572392,43.69203566463335,-31.31114334119802,-58.46507032817867,-98.03989461320579,3.662927988414964,7.209679213427606,59.341099747359465,-28.646217908386134,71.51295149601114,1
89.14994044518602,-3.2813903791341943,6.446969535339591,-51.14194109256709,-90.14785305785358,-62.96331237977127,93.97446780485373,46.81178019382722,-5.7958643137379795,33.45463331474511,1
19.86042322788755,60.70835536528554,50.57388890071414,-72.92359133810879,-59.175543088380465,-99.28671346408109,-16.354368948886375,88.63032984220155,-2.6418751138745478,64.79547002366729,1
22.10935100308491,-68.46779464061841,71.06722606046293,57.22608449243637,35.776673377860476,97.1365805144336,98.31203272796415,-27.9894888388569,79.3773281241919,-27.346898843600755,-1
52.11512849105645,7.238455856440822,28.788461067182084,66.27525674287412,97.68093843118925,49.04677061139782,35.66523595065155,35.1657862642316,-65.41072123855957,-90.80698405212797,-1
-53.23743338138718,15.391830024195812,79.73861076043215,0.10793542642508669,81.5012698530793,79.35647373261011,-32.79988855847833,-43.35005811708641,40.447659298943364,-28.606674686712125,-1
-75.72271636811871,4.064725238277148,31.344541291346104,5.488209111555705,59.07566226607193,2.2347697435469485,64.69161529084764,-57.921851956553795,-49.53998383231606,-1.8394611149729059,-1
82.12114344288435,76.08438057472097,-85.89314095253562,92.22488037034347,5.6142823473609695,24.43971713501392,88.89840922100998,-41.27338741460935,-32.932036137464564,97.96130316303689,-1
98.39254944772867,-59.76540657721985,96.93711078304781,83.22216877392754,-87.63942598419305,61.19675896566534,57.23942059382651,34.36115892272426,-20.566387733744335,-14.868054432377349,-1
-59.629309575410325,-74.77246839676958,77.99317374933631,36.539700955167376,-37.84867835928844,19.901965884378868,-4.526529230681618,-57.37100235893049,-82.1417754069872,68.87912256787848,-1
74.81435466103704,69.6835452861022,20.430861225290855,-2.677991262123541,-85.59261499629598,-15.302477657524818,14.030222400336783,-34.85547536670029,-25.790246841143343,28.15301394152891,1
84.15332169267145,40.70566803630609,-43.63486418006306,-38.13846690294047,-21.35564823915277,-13.76707033778726,-42.16698780245305,-69.55632672914012,-53.49324218790614,-71.53413795107848,-1
71.60465420144584,-99.25606783638816,29.80889345364278,76.63059727436638,32.62574764883743,83.06631671370334,-84.21194430036196,64.1498048822578,-37.34416485830816,85.16572426227518,-1
81.40839208300437,-6.992935053865452,77.81924854324791,-80.38112675180372,-25.859563877060125,-95.07739887931474,72.82477607092648,-61.07733786490144,43.29307547919291,-95.91738135496814,-1
44.07679971728916,63.45185379750458,96.84995329825807,-5.8617564719108515,-75.88619660897697,28.043733238257943,15.821080191867097,-83.9141759867315,3.3001612114182564,-66.40570656501464,1
-3.8219706793982056,-59.9061904467282,-29.50491168086012,-53.20070424187444,56.206140866783784,-81.42753313734985,43.394009232146345,56.99634639976651,15.386317561410408,96.37893541906533,-1
-78.68139393840185,89.75809953838362,25.42767881222349,-66.07518139368551,53.24778034928451,95.14211325678161,80.36162748847474,-63.42150302852705,66.66972231089517,-44.46361821866696,-1
-82.25949324858888,31.101994369222524,82.25123036685761,60.23111946023144,37.86817293524251,-47.963365783593105,-26.67653937830285,90.12530948254013,-28.835687129777227,-47.20657264318287,1
55.02656467222292,61.034879472075346,-7.958676368676933,55.172287731730364,53.160817606177545,19.19415187757194,96.5429984134251,81.68273865540004,-78.41995177015502,7.407968602464038,-1
2.7978978319621604,95.12038383133049,26.00142708930464,74.78144775703339,42.42178657071511,20.700159135010026,52.17648680623569,57.166605010282666,-82.64867878647406,87.86462788906596,1
76.51197535446946,-34.12438659315646,-52.93488980805008,-4.885984649269275,-51.87495465412286,-1.5795788722140713,75.72822359785147,-84.29081660537668,25.558495640068074,72.06577830901293,-1
-32.55868488684959,-17.43212044821871,-57.70593599005069,66.21068817946764,-85.25116697176787,-57.04199225214914,-31.705773508994255,12.892805543033475,-40.0273100520766,-82.39259433116459,1
-36.615598968744465,-83.35538675838555,-19.422084208673837,51.569258586494215,-33.33643696695161,37.59840372713603,12.57200149695467,-67.684203628037,44.813496279540345,-74.90695972551646,-1
-91.9781617175035,41.947416960204066,72.53481406637783,-75.2478667831978,11.499751935989494,-89.6205517629738,47.26752779779673,15.484829412496154,56.27675352690744,52.70134176820591,1
42.34456114920974,9.786504899867523,-41.455112432045624,79.64771964002949,56.82645172168867,18.71001790086744,-98.61748176606653,46.467910407323984,-31.055315456199992,1.968419565248709,1
75.2638866284623,-42.083459065854576,1.631461312029515,51.5626611388532,45.70851973238882,14.763752006749328,-99.69522122333375,-22.304449963180375,-11.933086767228886,6.747869512090631,-1
-89.44694842807948,-75.417763491551,-75.34887600982366,63.10848748380147,-55.71051161796885,93.85887247307099,-16.855585678354174,-5.299457156508723,-9.658256476001398,79.78008395909671,-1
73.78099689574364,-13.931365262185508,-95.00581991317377,-95.67164107835286,-79.16585466759234,86.77850315552021,48.60188177538299,-83.66358674808131,-11.0873028688913,2.0077640053705466,-1
62.022678935836154,-74.1857506138237,-13.533220024266939,21.66388028001343,64.5292694292599,-11.823953373027194,-23.094656594693518,-48.514514465060834,14.995288382317185,28.358493091365432,-1
9.315428406458977,-33.156932547977064,-6.432397375057008,94.38113653033412,71.24538835261666,0.7796408805693176,76.22567926092208,-27.510107197213344,99.6133263268182,77.15447824938923,-1
9.905907179003393,-41.0597260228944,-82.0243439798724,-84.04059068810852,72.16832061949515,-11.512162164238006,65.93901298657096,-77.03096955872243,-51.341584636743875,-52.06723989112631,-1
77.32084304809334,12.632877690790977,41.71582501299983,83.39667943628052,-8.076800825610036,29.409618277343554,65.9639121676484,-46.728296882230595,-56.77276830413523,-31.94840008049131,-1
81.88590073717529,-73.83152773023605,88.06967553403834,-2.758262296031461,66.31729713456559,-97.74989553040949,-25.027661235520227,97.09721152254073,90.56639936522393,-98.92680175653604,1
-70.26745444937741,74.70685284904292,-74.23738524740237,-90.90440973879261,90.83814606695714,2.8553649084148702,82.89114645361161,0.25641982920150497,-41.53157444322784,-58.581131566838664,-1
18.06953809175458,-61.43207821155088,60.62483323580773,-81.72571188771704,36.42519110130681,28.6347590678684,52.138938617248044,-0.10552593724409576,-57.65651079192209,-22.811822569065086,-1
70.79239339108443,-17.00044832584915,33.08095852765081,1.1083446859478983,33.193123661406645,1.8392706276119384,-82.26670591271508,51.4517550289041,-24.151340556531366,68.19077892705428,1
92.67888684271009,10.138108938958922,-19.956180892237768,-42.908455942569844,48.91343904206329,-15.85878592136028,-78.10205831628866,59.373753244980804,-23.60651340439908,-93.23823403156905,1
0.6272517160175397,46.63207562735991,15.665820540860835,-97.5725083369599,-43.414414183419225,35.78575393207518,-55.10102556267385,21.59320970814143,39.383309060275735,-36.418401826222535,1
-41.990893607512625,81.68750957445297,-26.708670732004066,38.406139030622654,51.114140619904845,-93.10205606410926,34.89337599739676,42.67254453604593,-37.00469119811394,-82.50658887139164,1
30.17547380943884,52.819117315775856,-52.2026824488647,5.178593715799963,83.06534738641864,-92.16324359774984,-28.335347573601453,-81.13294821740422,-76.4722132211413,53.92636718064833,-1
86.86082283349805,37.94030697237372,83.79586510007971,43.32125511301001,76.77709264783081,-97.24245909108981,29.07797753389343,6.877676702718645,90.66386208950229,-33.02011439609301,1
-16.970869201450853,-30.778551843520987,82.84175793616237,95.5694174656114,32.43307093894151,-3.5362839864805835,-87.54281026338045,74.00739363954577,-56.79801326058795,33.55755037122927,1
-8.868649442857418,-68.72757167102499,-50.70441808465276,-0.2827425217575694,94.57426496438111,-9.54744749527832,-67.48188884375085,77.62226154476218,-52.83724164943977,88.22792369012419,1
83.90620493120994,-8.867835689381607,31.324389894625824,-53.22645127252474,47.12483004350179,43.71996301914561,9.044883854820071,-62.839521358708936,39.40502274240444,92.47126608932726,-1
-56.733444473834595,-7.806081557492078,-8.474673482111797,-3.1479141106774478,27.31880552366009,47.650408715384685,80.84190960265286,44.62724440650243,70.02737782468017,86.48726389267995,-1
60.76097809669503,82.91688704434955,-30.594394934872795,76.3924855663737,69.47000562861771,64.64728784221464,-82.44394765212029,-74.38870048264046,-50.33348984452617,-90.52850394421914,-1
74.60862940304068,17.966878887951125,64.47270276248611,16.80383597356918,24.911500502418235,-1.9372362073397227,75.3894843879333,19.15581568356346,17.691824564433148,-64.24294339717903,-1
20.727440111875012,-32.73745449900889,-45.08546086408067,77.81731666537311,81.10965632078319,20.604169657424393,-57.85662513509931,-90.1829375465619,23.19290848607791,-55.19586647775958,-1
14.399175656718555,82.71560228053897,-85.36498024639958,-22.688425253701467,37.10560300216727,-59.79361393351572,6.680064130102565,-73.35956471724923,16.6579260061406,73.61487728512975,1
37.62694121730843,47.35891374203939,-74.51584332812018,29.623584604166922,96.78564034032357,8.379103353396559,-80.93483039918885,55.995432564831106,86.1412819328892,-44.40814447650532,1
14.057387746278096,60.86406521943451,-17.62034047801268,99.32018241098211,-27.675937197312578,35.770888766812504,34.86421988632168,-90.99597010857916,71.53793336144852,18.241525971044254,-1
13.87547223645656,-26.340906468858094,55.55831608393808,-86.51522675926367,-32.53424463328159,43.07070925357715,-11.904925413466543,-35.31777351452676,-11.6845198204973,69.05577783575146,-1
-18.11758563659633,-21.18327029799363,-37.83076889652135,5.282722078975638,-84.20903461368636,-42.826432870744526,-76.12658601691982,-97.46471648830186,-32.72140021479177,99.66935627772457,1
-83.06233162493864,-39.63306782142097,-51.69143745680442,23.607496112354866,65.47378227323765,32.614222382845156,-61.657533908541275,22.7136940704261,97.05598948580877,-36.367732281685996,-1
-20.601567558505167,12.86021293396604,31.478607898932637,-59.061665075641926,90.79304666505485,74.51369225037075,-63.55444192444229,28.64502114505899,-59.63985423911746,-46.74100324498367,-1
-97.85694046092821,-40.39149544172882,52.254285925072054,-17.958998943293537,70.15987566392278,81.88563979780133,-52.95801481931004,-97.30969413905702,-21.00997776372438,-50.36702330188365,-1
-96.16890288974942,-62.38828670418488,58.87046584953504,-28.603638824448453,43.69484295518504,-66.83910583468398,44.21752173955841,-47.64669645415736,-1.5153828863233372,-48.69595997383706,-1
40.492994108820795,12.53108458054848,-50.93790040280402,58.306523733378384,42.344318345447505,-21.573313489386564,51.208278742821136,-16.285241888795028,-87.12631899561688,-93.22399437043498,-1
-96.92102166173831,45.935682729448246,93.77186709355769,-52.044052231190506,-17.5901548221228,79.03008001805605,-19.295309613568463,21.364517977139343,65.93259763253968,-52.95068025805705,1
-5.670101849880922,6.462052675982122,51.43332508250393,-46.14309603825812,30.52592721504476,-97.10226276814227,14.353467604209385,-70.55880290528145,48.9980105233503,-73.1387344592796,-1
-48.25767156891181,60.23430065906496,42.515588649452155,-24.07470671745773,-20.849878942802462,-79.44891153588216,11.61840807342989,-98.73558209146998,-0.011182805381523053,87.85710913286599,1
65.74179676360129,-92.14938938580002,7.126330569446381,-23.866347239216196,89.80829532332743,64.34912970764691,-47.321013776329494,83.39247014589787,7.011634303250418,-68.09100221404141,-1
17.155116254692658,95.4913126367685,-24.61000566274558,85.40242258501613,65.29987246020156,10.878395673383096,-78.68187708403416,89.41628998076914,35.92767321149822,-56.13549860359151,1
6.258803670186381,66.35706003703186,67.97191453480838,-7.3348121766613446,-13.842906294246532,49.87975886538274,9.662824265131704,46.83576318100296,42.19124455354677,32.07320502268419,1
72.28360921910348,32.961551716048916,38.80398916491308,1.546192802447635,-81.37814387990785,22.58950567089768,83.84132677932342,-51.56840005879426,-26.28508715087719,87.96205051517094,-1
-35.700859750423604,-70.37984027457452,-78.05523975057598,16.25654639221193,8.458027802273378,-55.38920905876192,53.63228491536785,0.051241874795010744,33.56827556264318,52.28459159806718,-1
-60.27367722762618,-96.16541785002035,-68.8147495652337,-59.10360994988408,13.981889337847832,-47.91568629307268,52.574939881376764,-24.51565443495312,90.34696074823711,-35.09840427285383,-1
33.37285150922088,3.0384452276427396,-7.119418735870809,-48.01670522845527,-28.147245054880486,-94.31175748417759,-92.71765430347646,74.8801438712564,89.98058319220885,59.18759349120151,1
-50.808454323098374,40.65544554649031,-99.32243040347217,8.849942899127711,75.98934857462567,-65.31392594888848,-72.15624129652463,-39.26684035156234,-26.4861950069686,95.03379043678711,1
-63.155032152394774,-18.391907679436684,-46.497628529226674,-14.606721161798149,-11.522176578508649,99.0684633217646,30.438157026256135,-47.872630537205275,21.943320532660195,-33.89590014429626,-1
-57.71039860069107,-34.65222188627328,-4.960456108610117,79.46779311375374,-89.67949137820396,-11.62150160666991,34.57844791457535,32.70384222672601,-40.9147386311558,0.45123089295211116,1
-99.99767304892677,-46.17604947239793,-92.20552720631538,80.64133358315789,85.12188967138749,-70.79792657786514,-4.138597134499975,-11.934920370433957,-3.960202145449827,-22.344804058783524,-1
91.20942872238663,-74.04340685547774,30.98106042356622,-84.65209725094876,76.48424169739005,-34.25808012250971,-87.2657333868423,7.9744483705406,74.23908040449712,24.130678249246245,-1
-42.51808070688406,15.575416288181827,50.63994038284588,13.672236487154919,-2.0069647345740265,-88.32152391514063,65.4385779167605,-93.02952332437395,20.82564412009566,53.28080321931873,1
64.87008944986991,-23.608396190946237,-30.380890498425188,35.42898746583262,6.877592857153374,-44.71966873275417,-69.27137612657282,20.87012726080431,92.55979981021281,-66.39650260032303,1
44.919657369525794,-0.47008909895636464,-82.00288873007587,-8.904369680977837,38.93648348706091,52.66327761490413,79.52974507206619,13.627515964872288,-58.59496374720676,40.6303903126863,-1
-98.9373048663308,49.34866155963195,-4.073608760094643,99.78859239610355,31.085500220620816,3.4234609270303906,-81.10142633350092,6.5231232787186855,-76.51426642530497,-1.3944655025843815,1
44.68956357000019,-60.29142822635967,-22.55642858415905,-77.63203903167752,65.67380144603953,-12.701334611350461,-92.94739637897062,62.37551171128675,-46.16131591010107,86.90983969280427,1
-75.9224842421822,96.01038859529694,18.289986288604965,23.36997025518444,63.445283818618435,-89.1460452566892,-10.277537229585647,-84.15016271172291,41.81973599930765,-47.746225800598594,1
-87.5084812761857,67.38556656892473,-35.72953883695493,-71.99486210602288,-10.33273170836388,-24.469809832161204,-18.78033166614641,27.714441573323796,-36.91593780184339,-47.39903120512692,1
33.518677112716944,84.93172191644936,-63.46739022859727,-64.15803008779486,1.3515636047538067,-54.41989849166007,-33.11763387519353,42.722458517316454,-37.775205041636696,-0.9938993485173881,1
90.18571890050967,-7.062106310966996,-70.07265569821466,-31.717549474510335,63.811491133869964,41.16861237276669,28.06843058081469,26.880188949335263,16.96102953653633,24.708300998583894,-1
-14.578442274748738,22.072601563631395,64.22522089703594,-45.334083375067415,-62.8557628998065,76.8328350386966,63.246434147890966,60.27210661815164,-67.17172127772149,-8.840847294769688,1
20.376317927264424,-82.19805302079823,60.24198004872579,-94.20261398124839,-38.32365862805296,98.18643258931084,-45.27560652356206,-54.69789150610034,99.75150960888365,45.22399535384244,-1
-23.96087624282859,-83.04676911473337,8.70687567482473,-52.194872639266165,66.41766353616615,67.29527612328195,94.06533452746055,-50.6169026314729,-8.717591999465839,-15.921287400840384,-1
-71.88940648432785,-10.662255651067028,76.02133344128094,-30.180602701183588,-83.76108183593513,-91.47734232583397,8.825845880836965,-21.409912764318918,76.08260403804826,3.3195742341294476,1
54.184368928810386,8.825200392620175,-65.79782911635432,-39.44528152866151,-97.74611076212034,-92.38635377002407,-98.65188728218656,77.12161984590077,88.83959452617745,-74.85635341441503,1
-20.973818477699353,12.271164837867587,-81.1448044202128,42.24545629410048,56.1575691959585,65.16338335087289,9.586937979835568,-78.24425395347725,-72.75108959109508,-90.07181567673625,-1
12.783913351124738,88.65967944913052,65.88932795233288,0.1411180987770564,49.77625593318686,-29.966728628460487,9.71752290991978,31.640798018822608,73.23528030813733,3.4067696750997243,1
53.17172877694841,-73.21175611999993,-16.211831583974472,3.059087526289119,79.35562337384687,-78.6726473142366,53.96069459640492,-88.04980170063057,43.060960249690936,52.91845008916772,-1
48.70165125832156,-25.538580285390438,52.36105099099049,-22.363799790864178,-72.72924097784849,-5.708731823840466,-44.53557979477727,37.114210076578985,83.98563254524254,-42.396507186681134,1
-19.35844877334955,14.858707941714712,4.857196674950231,-36.9868249478172,-64.0842478778934,-20.429064844152563,-36.46247945057968,-75.43106780757604,-7.379347103804761,51.61525045625143,1
60.43939615080794,-32.7353211459333,50.43097845153318,23.548100124999593,27.932853357968384,81.28926369476494,-44.9784818953463,-50.58983616960981,-33.30893434555176,-17.72931654902858,-1
20.182401131817215,-34.82197132127145,-43.50023263053191,-28.01841450126534,-40.37688932117931,-41.38389108171248,21.404285674132822,16.307311853992772,-79.2989537162619,73.45464394183853,1
-13.445703131636222,88.68562145305708,0.24654533568160275,-34.14485415550847,33.53386295424002,22.872188741702274,-0.8737316193039817,73.13477647088894,55.68865493774038,5.560210293150064,1
49.7926301720797,-30.105176093474896,43.127847213391874,99.29777323536408,-23.855823752904953,37.8774099125138,-1.8913382856726457,18.917662429094435,-99.62732293252729,14.432174045150205,-1
-3.7311696729352803,98.91285133690496,-67.06906234879409,4.875097331071345,96.81191447708224,55.92422718707789,69.73976304594837,-55.70954979663221,-34.95366246436325,-82.79669149259792,-1
-43.992534089902115,-49.44682800976719,79.64470376643243,2.9004329714183967,-21.786224169716036,83.9762045057573,80.65154826812363,41.554269781748786,-55.87807147169646,-58.84567254570201,-1
-16.278545016334007,76.37096016413656,11.223108297442622,-25.253296633706526,82.78331577920662,30.43969243841127,13.171451021921726,43.762944545257255,97.34663694681751,-92.8471292799264,-1
96.19747563253702,35.73201876537942,-57.69427482731726,-39.69119734222693,29.96446732999354,9.212499326091546,54.19586699148968,-3.9109522999642365,81.65683338351175,-59.51989214675941,-1
-54.794200436800054,-98.32905916557229,18.894770982523795,-8.174018444912718,-44.235972750660665,39.54510380338667,-96.2385274740402,75.44315078708118,-65.61419422815172,14.744159539319355,1
52.88814561510088,-12.75711657599092,12.326506656875964,-59.44615812623218,-66.46053541754127,68.26062991546152,60.31259892782148,-36.12947690983817,-63.99231086222763,-51.97865749022237,-1
-17.761904826101784,-8.774558210673348,-62.06072702997434,1.0127568359991983,-24.951718621950292,-78.44089566405496,93.73175946690196,84.86899110062026,-51.13765001327231,98.61426889388972,1
-12.364277350331093,11.768174190933294,75.27042260543831,8.021487784358186,71.30824413775892,-38.220479540919186,-27.902978358346402,36.615463585255725,-40.61971055495517,-61.48831496071252,1
93.0053821333025,-39.25299075498012,-60.9154826723302,51.56240637842319,-19.016457326238864,-16.761498465039097,-21.328090703370293,-45.07672043307718,-49.78136858719402,83.79041201415686,-1
8.05577863748421,2.4046778217518607,53.60649085081647,48.37409701939117,59.50470948832111,-87.09197910359292,65.11626102895863,29.918756826688707,-47.73490163112122,-6.812473023338939,1
85.55045663904258,81.18233424692951,-27.56424848837078,-96.53997545180604,16.767452100464936,-29.149539299552202,80.92069670880457,-11.187289731152745,-67.43006211559295,-16.920858737363844,-1
-78.26349212506159,0.7546887449268098,-20.119939644341045,-38.80071824855269,-43.74814189497405,-47.39495342308655,49.94976648545898,-52.739224585455744,-90.36382556830458,11.876743299872544,-1
54.694625137320116,11.450366663682132,-91.1209470061346,-91.84534513172571,68.91422953371344,-14.142209939809618,97.77751431761763,10.38346142445981,-97.68718226145961,-32.04531461061694,-1
76.17903210895051,22.81814759514033,7.021356000120676,46.68829876213164,98.5309494505432,78.2543677676189,-74.95481341335328,-98.41464426635827,-49.92661604686346,48.75151052742498,-1
-33.82039502947016,67.4945039237549,31.159255979943964,-23.255565056109106,-51.75537497812066,41.44122929339704,51.914438431382365,40.828219279233934,58.38075183856307,-98.36908110811406,1
12.132018883234181,-14.577510716133176,-84.50284050990172,-67.23726728113692,-99.9385849932489,13.179392671000073,-56.93411899930627,51.79181222320378,19.81250266223182,56.71660099215069,1
-50.00861072047576,99.16047355598371,-62.57099370755477,-58.3027586514421,-64.39409407892727,-74.45137449819674,-3.788360760926196,-22.829958159192913,49.78889095944902,9.24092070702018,1
57.38067725105901,-14.033748497399486,97.35931883597934,9.844019977372739,-97.57694597807954,-68.28695411112975,89.33001667783515,35.47554565148161,-18.307988540889156,46.12612162137353,1
-33.01887706858278,56.13986083432573,30.26722116004109,-23.167963381503668,48.526856573504176,-64.78280831664777,13.888887338137963,64.71513826259019,-35.075421790025516,-26.130087567829904,1
-82.77357218726394,-32.457845055155104,-40.62959314400298,-84.87968222106419,34.0819553202237,76.34232943331415,96.65521770354479,92.25847830198688,-89.69770157321292,-89.53320080955088,-1
85.04966348313317,50.69512108929612,84.81556105885389,8.955923074019935,-39.99471890702087,-54.09342316556789,25.30575436237423,-43.5377595682547,-82.34624591109028,-25.931159570462768,1
-77.69755753574472,-85.28732915684687,49.09340764141106,25.300661453219277,34.95260827828375,-25.509671299226454,86.54661424229039,12.672622598925727,2.449156056845098,-62.314621688651116,-1
51.6526391858045,40.656010808450105,-54.57018223261074,55.70285897051147,-95.67186200508306,-52.08247630119334,30.818799692698178,-29.74993392470276,40.73341137658397,-27.665147107284113,1
-37.41609039423548,0.20947555888363922,53.68210862280685,78.50229755570587,-67.81932838948529,81.76280864526282,72.15946144357181,-94.59223332866318,-55.46666644385356,-47.89043699975719,-1
-99.23601546828338,-64.23178629844013,-93.00350233838743,-27.676731743633525,42.222226810114904,67.54384862707536,34.957705501654885,-19.743702506552196,67.76125526293364,91.95475025124395,-1
-84.77382810193996,-79.53356409318737,-67.5540857807006,-4.618914893544982,-64.78244834615955,0.22362346621729046,55.27868481329756,9.727570547498772,-98.01319246062408,-19.54432556528876,-1
-3.695529697489988,-65.20452009563928,43.57357022625271,-17.64708995472452,-98.79559192631872,34.699972163693815,-66.35357640141824,65.32373410208862,88.86857555664821,62.82717580245293,1
61.76526469833681,37.579729095815026,-49.597053264189505,21.170593676779163,-64.45276907569253,-46.056319180818164,-6.345595668688617,-51.0037793216441,82.63646853390529,26.87491058369524,1
-31.453814914418558,-19.017837146031198,-30.11497746124239,94.15962985453439,18.722940876112148,74.95426651231926,-66.66903459928808,9.587303232346557,93.19474722550234,-30.237823275131277,1
35.50632277673694,38.96414597434415,78.66832836552163,32.74265050403881,-99.2443629593046,17.300776294485047,-50.5079723707204,28.78304171495921,-56.87815825265909,-69.4574429313738,1
-50.06639822816281,25.36658088301344,35.211201002650625,4.409683234251702,-91.38315676862715,-99.9779536396355,80.65371889889681,-11.474756011735437,52.447855792202205,-77.04912731945606,1
65.0831328247896,17.945807215293158,9.743921116609883,-24.9097759885575,-19.67628518415259,11.203655292190433,79.67835004550992,33.876278814909995,-41.133407099042785,75.38031677402483,-1
92.69984817751765,87.19883580035554,44.431115863325545,-87.3969218614379,49.56647218697759,-37.904353376544364,33.277337913451476,62.59648537943758,-74.88278627464825,24.437586938620996,1
-19.136246379141568,-90.17032193096459,-91.08867367646936,-45.82278899472505,29.696668374025563,64.04423954830563,73.19618579566969,-62.49377059478982,31.515250301900636,-22.812069712566398,-1
-75.23079465883652,56.97659667755886,93.09163568796069,89.30167565838826,1.5866534344125398,48.482853056518735,-66.14217419934499,37.801844250962546,93.70987633440782,19.90146861408431,1
-74.38085072676,-26.67245998070871,17.73779486720322,18.494929512722976,38.62221190941145,-67.63717190043855,-3.589019599004885,92.64089643955003,70.72349936791542,-84.8819078421326,1
11.811856989320432,41.735343993101395,7.285909179671563,-65.85358477739007,-35.77559338837217,-33.48354190132771,-42.88608669407552,-65.04341150713898,71.54022441053334,-52.50027835077289,1
19.462475666142367,-56.57191919246563,-49.78419519413093,-65.54703712884236,90.367709393332,-48.52040418392296,80.93836160914069,-2.51526030490939,70.64875863338585,72.34134208370315,-1
-83.45263287636202,60.609104935175964,16.51033927692005,-7.323302826736054,14.665698522232702,71.45532720825793,20.298704708493347,52.47949550922968,-79.64213769913178,92.29546092363717,1
55.42938318548735,-42.054403252357076,45.78042715814999,13.240964701429064,71.9135177622228,51.28787412671471,28.340294187212834,-58.343938115117375,-25.82753454841462,-96.26207175635287,-1
-59.18712229067988,14.137932315369596,53.74695867576051,-61.18109214207897,25.562485814001064,-83.6947816255891,-7.015755520961562,2.578691665235695,-79.58576927449272,-95.46977355472637,1
63.16662499812355,95.29793222957744,28.323999742881796,-20.407924710977028,82.53847468888316,65.32219327039331,-55.6933988928374,-16.87636272626915,-82.7042791287858,-80.82392496822173,-1
-17.73920558675374,-45.488450236919896,63.887616358653645,-79.14444843369075,-24.402149886152984,51.79245792372748,68.598470909399,-38.40020758117957,-25.99849110683195,45.606050241092134,-1
-49.821390861779506,-10.175317213949839,82.93914870424294,29.946569751478137,76.18175299822013,17.788356815391353,-43.68505562354319,-42.115691327082104,50.98202935990105,-28.10107015545948,-1
14.155660933782372,25.669423509888873,12.963662792039415,-24.725874540346467,-66.37862775877326,-66.69522741382269,-75.21349746921277,-37.90440871076213,-15.80803298819231,13.3065931190866,1
22.19619777019834,-26.742722758695564,72.1860965157392,27.949542407535915,-75.42244210772219,73.62311464469607,30.514156387492676,82.51639207738526,25.035832935048035,-54.90115572029013,1
71.50612155038473,26.811011202196667,-8.254235159951833,-21.089444321270932,-63.48025009429197,12.404236460837438,-93.78107723506714,69.55083231100991,-75.20034783302307,32.40878278206222,1
-37.2249006555059,-21.365913087147163,-70.95342618473124,-70.00578810730056,-46.737536880405074,-22.7227914075238,69.77464425114965,-27.106228230337265,84.98014037230868,52.84657232933651,-1
-70.71274867943677,-35.58388493674684,19.347772555981592,29.016900705965952,21.361566920486695,-44.852738672893544,64.60931496577126,-84.64425526270661,8.713354859034084,44.76627784670367,-1
81.83505281071714,-60.703469519416274,-44.61966205181247,10.696990716865585,-63.285779469370574,-39.905881094360886,-48.52258727817043,94.16163198342755,57.29010243551869,50.12352100783281,1
-95.98576044445473,14.554055337389158,14.373937874346424,-7.898168018364245,-33.16323152490608,-83.0472679550873,97.32257133686176,41.01607837906474,-80.61497957265658,36.80222876892816,1
-65.82248252198684,82.96698999937561,-50.52972563645144,-99.27065944306474,-4.36692734466169,-68.6656210833038,91.95410289202431,-31.668394602563836,-49.69799214820214,42.94351294043091,1
16.394280382879757,-56.907418544853996,-45.072624036603415,43.85756003045606,95.84671876603917,-19.909238263651048,-85.61967203444661,46.766127566921426,-19.23378614550802,78.91638153187483,1
-44.523763403773465,13.653723253753668,-52.90571659782457,10.541914033339594,-86.29940737957382,76.0344361281513,-11.983287421523997,-85.38258187165866,-74.04384654011515,89.42603204233964,-1
44.86776342574822,49.799803480991386,74.55926501588857,30.422795724749648,31.050966167819894,-98.29937165180915,72.73693157831454,93.06348248552837,70.75076576903442,-2.3520522402699697,1
40.22791888349474,36.61391503802483,-54.56174936355678,65.08738312099968,15.423431445190246,-57.91966182590351,-89.63637430641779,91.69858321174755,85.6425369038339,-33.76603024960443,1
32.462747746144004,-96.29508465080883,-18.20269925323312,-73.49024417902513,-6.687658971347616,-69.16981067137758,24.48688721568928,36.87363033591612,9.979689194837519,-25.70794732260613,-1
-20.477524289425887,74.03933809844844,96.26565822768856,-93.84941189805673,-19.872591162394414,-66.60272941150154,49.11680218255802,87.96745625149617,-20.19986427856604,30.31216057971534,1
75.70311226026959,29.503959114032625,99.71204969701373,-43.006344484537685,29.727473827657718,-26.261117650945494,-0.3289815398736806,68.8064699505016,11.298261499354851,-51.318634791776475,1
-16.37104236744007,-37.326118713928416,72.32652124910948,-10.499860476509767,-44.96218551449167,-67.64285310365048,83.39533054000009,47.247590934272125,-88.2065946141852,-47.63692229389,1
-69.59028651510164,-55.701290228072,-75.92340704507606,-39.22770720225559,-69.87628797735252,-13.348687262155394,-64.21722725739724,88.8895264076651,94.47116294686532,26.63443645390609,1
-51.613663936894085,4.372459066435752,89.58341578689942,-27.51787163733968,-53.76683606921595,83.51655680596824,82.99225640215138,78.39444736742408,12.75685920384258,-98.39682162355076,-1
-8.414201113194423,-19.60961507695609,-98.15153708378436,91.9397601102009,3.1968172418726226,-71.35448843796408,45.919691647053185,10.949821353955372,-10.751727659633389,30.605056093225897,-1
-34.933933847347134,-30.599532917560012,-36.656575594956784,-12.323820571813698,33.79061549146073,-78.23153543449078,60.38845871788968,16.28972755853897,-40.05768609130953,61.86843499500324,-1
19.135964832305902,-80.30107166411935,40.96723950346731,67.88066877890111,60.45806159627216,-75.5145402888729,-9.456007901846391,-29.10630226114759,-17.33027190069039,-58.3371398257307,-1
-62.41592383693539,-60.537205884788015,-95.9318337864798,-87.37396793510939,-80.91931315896828,66.67495485087741,64.8688535165874,13.222790502272915,61.23589337050953,60.58706062076163,-1
72.35712420270346,62.628400896345084,5.020479628448811,74.88887764123191,74.34781758243295,15.900288333184847,-31.453146026524664,64.36827877173889,-57.156569569403494,-71.21779347039212,1
-16.483844843014325,-24.530304553937682,-23.67579116467921,-51.31087319425105,-38.91249954102855,-94.41803912090323,-72.99040025443932,-46.13882657080091,24.705939908870576,-75.63851355231566,1
-67.2688114268591,84.74627917535523,26.80015348319762,-56.55330508151306,0.4560258537055688,59.43640568157852,9.734784686604243,65.32532346992156,3.8199869299096747,-72.95144820702322,1
-81.5278943777243,-57.05109951832852,61.53192031495601,-81.17840625248812,-85.19374251881729,-27.606203492850852,-34.91151699729305,-91.55417838600457,-78.0826084200545,-95.89604419516692,-1
-78.92701554982871,-33.461964061466006,35.670125891004005,4.528686626229799,10.400855977063529,-25.02768006964635,-98.3261050614116,33.18548812683619,-6.001034063245186,-62.00470754723746,1
-63.96827045347615,87.22926708642257,-6.673126009962573,-65.42789500225462,-32.59643756784247,97.10369979142348,45.96978054983768,-29.47770122511328,23.42943620010449,-84.74620363269752,-1
-23.875341304683985,-30.87459259276821,-32.658866220493294,17.476719053729425,-4.552025038213742,-98.53247495537308,-71.57380126158907,-66.7018668683339,-0.18721701331638485,-57.74353200907611,1
-58.29789712853284,-33.59985957646417,14.854076051417437,25.524940184610628,88.43926776714596,78.18201934442749,2.2663530631277524,-80.79263762372308,-73.81999840661976,-93.53150973646306,-1
-22.103621019515927,79.34930998154891,90.97794200185157,-3.682188978424449,80.03095028953109,-33.013689408074455,-42.66833624149218,12.897147257628873,-37.596699389903954,-82.10252974808634,1
-53.49880155843376,8.267076540253441,-7.867251057859235,42.524215869664374,-78.19705109309879,-88.46135570222758,-43.620657543190134,89.7600501592602,-39.798591935432334,96.90295547069692,1
-33.729556252736586,37.99287142527248,-64.90900596061181,85.74483959840887,29.129358451746526,-60.58059706818255,0.11244270358096742,22.17824002829944,-90.04587783555786,-15.706294565192565,1
10.13209184731285,74.08009262116738,52.16033435122037,-32.08598543894952,-33.051306608534944,-69.08182001125532,-20.118200050775513,-97.05167485852535,-60.553122662226635,17.474590358043613,1
54.56191465806748,-1.0034410575077999,13.278144126219487,-67.94668019188262,-41.438800260979434,21.30017260202635,98.73396911303308,3.1172333783208614,12.83299647572423,90.03981137919996,-1
-94.96018103578608,-98.87373745038926,-92.01356214687814,94.36941085615771,-55.98645704902763,56.83413736335797,-31.71806868354838,-20.26778671176737,60.064765430734695,89.6239470963682,-1
32.3368576799713,-40.26556852249006,-79.33990443734402,59.3200912996754,85.77796533110356,-14.364192377127864,-22.231200230692806,-87.26829621647178,65.8329831990198,-38.76231563597648,-1
97.3791890776595,-70.62068622444414,76.83889424567386,95.02290140914516,-31.167294649639217,-8.794139280264773,32.06713019147327,-37.622519362276385,54.69870937576138,94.16579471941259,-1
45.7556108901295,32.19476412993515,-36.943897379215485,-44.85074788299273,14.168167064424878,65.24274239012271,-10.655575165199053,54.67157632206164,-41.38754614352522,-76.07398420404452,-1
-27.953216239914426,-35.89276663870089,-83.65920807955425,-15.352111701962713,74.98236665095769,-62.53725078186652,33.6623390698831,21.70828780300252,-98.4684724691822,70.04975326198152,-1
65.77667317652188,-44.4217748024488,-49.22319780778637,-3.5049111164334903,-69.48629465346603,-57.34261641021381,60.664225404747526,40.10931177964102,4.870851884072167,29.013661386364873,-1
31.281920700131394,46.49092582674595,-73.79708911327711,73.92339968997385,-40.256962575077004,-5.724187810441379,-22.850460811919973,-71.9215432273476,17.04029253379551,-66.69492924595981,-1
73.65425610265171,88.13803754464635,-20.2717329607232,80.05540542553834,-30.631339086905257,28.60353648280045,-93.05244347081138,63.08433200321218,79.55204472339338,-23.36984892149742,1
54.08148356155863,89.57131345073213,83.09459751470303,-84.88082496767974,-81.89602041015735,-9.495055155456228,68.64167567991271,74.42408099774588,-51.228646116057334,-56.56606860107725,1
-9.560194343312943,52.386875148619424,51.57162441442003,45.713042326654175,-75.5606476341524,-14.814844128384607,-90.21857313901045,-94.04867871645699,-94.77917468657459,-64.4155158469122,1
-8.175195342663827,88.71304343139539,-20.870635760657507,8.294565482617429,-41.149918382307774,30.42841232227724,-18.3313512989683,24.31384530234955,10.878805729294783,30.7178209782507,1
-65.17813293318312,-33.25915848487402,-93.96159693256227,44.65798966856326,-70.51724670311452,-87.99783622878246,-36.467754294100544,53.430974526102034,23.837187953976823,6.949724453301755,1
-26.70769302572043,-1.733913617573819,-19.453526026606767,29.5156981613718,87.35441393741712,-44.88883692561878,-71.55828103705464,-87.78146010360103,80.26079724902465,83.83472164902804,1
-10.654706259471894,-62.75101234004505,11.763446983664295,73.71512640749077,-74.90692218638794,-22.710268303275384,55.08907925555292,-85.83520105347688,-79.62836715939166,6.496173654936754,-1
32.50445687079639,20.493834091453294,23.870261187259786,16.520187356899882,71.61561444498875,-68.77900047251995,27.12179930903396,-47.93228322019822,89.85082596335786,20.23187266884115,-1
-72.57030236945137,-81.79273701091165,7.650549268953128,70.4139675657114,-39.603954609212735,10.122741548921738,-60.329224089563404,-87.7307180209761,-15.754098266011567,65.94105370811167,-1
-75.88831671926195,52.092921255213355,-57.685438702139535,-21.36459368247992,-78.60000570328015,50.08616976677263,18.230458593018,19.444880550002196,-36.21418943680958,-32.68479165252198,1
8.851467403050165,-23.379713281883113,90.84627149528433,67.11772177858501,55.6724527589069,2.1037895459799785,-28.580353968842374,1.8902907839551233,44.519947996696686,-75.33985457641698,-1
45.834697509889594,80.18154605339814,68.177795342297,-56.507931279221005,8.755461767977081,45.12903765613345,77.87120130566686,34.83227344823746,33.48261302325096,-46.30515783835942,-1
65.87893297176939,13.149461310229185,-1.7718061730675743,-73.50020874674269,-88.27620587728391,31.31545108471923,-81.91392408686849,-66.87940003735321,-4.553008433202137,-79.22044842738241,1
13.321051781092592,-53.87227195714721,13.753820504575458,55.89766929430675,-30.512327350306663,-54.53535498210387,34.55773878286686,-1.2847597885609758,-33.04736530308358,10.041336166895178,-1
-66.50348354818604,-29.96269513360778,-8.38661218542174,-52.75060645697707,-33.948350326228876,14.890927658159157,-84.74520271222686,-34.09046437091527,36.854183692269544,-0.9526033833171113,1
15.094835575175793,-0.3333943411525553,26.755807908650112,-36.1809320254024,-49.5385718482724,-55.88638527261147,-57.55975622391636,-76.60792363077033,-61.88941153005618,-65.20977208449338,1
-28.440346934911645,-56.188165388023336,-97.01794716903842,-53.166262760671515,20.29859059498827,30.433825418351375,-95.86226343158214,93.37894127799811,91.09247760709513,-23.324998790128703,1
95.20276465584271,50.158046235957556,-48.2222516058991,-77.57727033236077,43.04859142422717,94.51159260938388,-7.272128280672845,4.4334489547544536,68.39654557445527,62.39407728766224,-1
0.011651838217346722,-19.568723631206495,-63.23085462214044,-3.6217537459120877,-86.71083222147438,-23.021973006163662,82.50530049445322,49.10095694330454,99.11453974706302,44.89351512300851,1
9.973712555241036,44.086740445155584,-33.56530809372859,42.60785505172635,97.64954647918185,18.591891099457555,-57.37552629017768,51.87971048694811,-96.00120159833135,-35.22908930848405,1
0.5132152926884856,-56.443839646486296,14.148748346663979,-36.6924537330082,48.118839895237386,-92.54855786244008,-21.39434834339727,-32.316861780978144,-87.16971052695304,86.21865580901977,-1
-64.1810121343637,-76.92002834383436,59.63416052356905,40.19640120436537,-99.71055589580014,-85.13681723281647,-18.370837656506467,-96.45225181828299,38.33586852262221,96.32984027441015,1
14.121949327765932,-35.9402515006515,-20.098704947887143,56.978278932770024,66.30725730187072,-79.09514568713763,-37.40660545990353,41.69293774911,94.15528121547766,71.21571962607868,1
-76.55921886395332,24.548255275495507,-41.30428452819712,-7.319290522793096,-10.957575586828256,-74.8397415999853,16.623065658685434,-41.12026659488095,92.73802365782305,-99.27906816854195,1
95.12204017198297,-53.36248911567674,-52.640393080776235,25.260218954773165,63.942324550665006,13.60932835750306,-50.67055273303447,-71.42534812836581,87.48971214803097,-73.56677872502806,-1
94.23018147365715,86.6226442337306,39.797021634897106,55.179416477836895,-38.98100376929747,83.12475621335699,-68.25263188195905,-29.478003374785146,54.33288297351808,-86.08178111175016,1
41.63441772905631,-70.87427065891532,28.018079317234026,29.13706503484815,86.7258888066128,-3.8881291398488003,-70.99918473164868,69.0203157962051,48.944638285661455,-10.788233666108127,1
-4.619978706406002,-48.60954009830603,-3.737924288341347,-43.115935219241685,-38.961233112009474,-41.22579057809113,-63.50052903142722,-79.37198742096778,72.33658647504052,-71.17587763203781,-1
-37.636773382948085,-24.208818037498474,-78.6761454389153,-70.2516980257005,82.40687340666054,31.741108545305195,-59.5354283753984,57.957416047299205,45.96458376621479,-31.302227012373066,-1
-38.71343545932569,18.38288088381401,92.79068507765743,-95.59677686657628,-55.00371688523757,23.899116598869895,-69.77256063535154,20.023551993626953,39.34999681869385,60.63670166928816,1
25.788569355976804,-47.830150807582214,-49.15643418666236,-97.3190371496018,-40.97479119878458,-20.733869252775378,78.11454684875648,-53.465957928440886,-24.31988776181437,-35.21662830146157,-1
34.552922882493334,99.20255667644966,-3.4093273566668785,21.620237370418337,64.91517406588892,6.246612197919021,-59.53274972330671,47.46439788846425,14.117099572960498,-57.2026908977189,1
17.6404533896781,-19.39224841857356,-99.17456906507923,-66.60442355419791,-90.22235409896295,-22.923649345026533,54.62029904038752,94.13384523929241,-84.23754005960447,59.2840036518717,1
81.80650413312819,-67.14591010881439,96.27542086523897,-49.12809223872363,54.70345045425884,-53.446807141329366,33.35924839323923,18.190693944076884,-26.078721955155842,75.94891456031095,-1
31.295721466300535,-68.69415731685176,-79.98706568669334,-73.76297921584028,94.99809305373941,-21.470983632758347,59.117071356424105,53.51669350856582,30.04976860337095,31.730371171305507,-1
86.42365649672249,-72.85082938001979,-18.30252222354534,-26.797321631969766,86.77979426079386,46.70527818766064,-67.39660193289569,64.59860624044236,-70.03780471347909,11.863601789919429,-1
4.619568834029764,-39.181072805743234,-28.912663855093726,-63.37292568564603,-31.221231349526704,-99.70993668177456,36.59007996057289,-77.13848922312874,31.018539024862093,75.84225415234599,-1
81.65317719333075,-38.06165777896218,77.73864295695967,40.956858689545385,-84.4212468809686,6.8922989483616135,-41.33530471266471,47.202458832227876,-48.68729608767588,-16.93699825601331,1
39.33016477537845,92.87064680719729,52.729406504643975,-73.64266627317795,37.203347195991,-59.84547032911498,-10.98949618537523,49.18331895108204,13.560160087865782,62.523562749437815,1
-76.78547189861675,-39.3560432311499,38.79842167785512,39.83863959627527,-28.422293854862147,87.84249865799174,-11.30685684864443,71.43383286190499,57.81684958624032,96.70831570430093,1
-22.2645420621036,86.57353802532663,-48.36836646830434,-96.62742598357912,-12.402795687606812,-85.81378632579815,12.207745044614555,-41.74064840438299,-37.59785686133199,-55.86488054155729,1
14.894622635982387,-73.93591336553283,38.75158406981504,84.4240871922436,-92.34717100213973,14.155003593260716,64.10861562199523,-34.51175330970031,94.90805045035415,15.558412247824634,-1
82.16525293726303,-91.6808087487061,-15.377313800842757,-36.70509367242833,-93.11280607069557,80.38688500924104,-23.47226793332686,88.2663976810347,94.24700132274842,84.83440976306568,1
31.326214741575228,-39.356090656281765,-54.98833089706559,49.283787947467744,42.7781926148065,28.232541169035414,-53.99083485618843,67.73027965585956,-60.856811450223034,31.793462975430742,-1
-11.191250159559416,21.5525537486849,-54.733832052585086,89.32634919306756,-45.00817792061935,0.8439732198805387,56.196427374814505,-30.869080207655088,90.2225435086738,-16.92331986145099,-1
-21.335865922962256,-60.317979761287454,-44.2743333820486,2.080937743806288,-39.633740425103284,-51.57584787419254,-41.73732176897307,-2.607646592452582,53.75968042113794,-38.65472472998606,1
59.502809059297164,65.7334287067188,-82.34436140631811,33.959745554923074,-57.35914344781019,-95.69347994028038,-95.55201083837997,-94.85661951926826,-32.02160049508352,-30.919642938322184,1
69.22484210604631,62.76582631856863,55.778529020514355,79.27291241621936,-8.85359174398232,-17.413420303462047,0.07291528875745712,-15.986880226610282,-66.87265240629273,-29.362273595401376,1
-25.215790597437277,-18.783573488045803,-99.29782981786988,77.38678594184069,52.688979115212874,60.448643597969635,29.685775091995538,-8.081295451852412,-61.96515480094455,7.640866892717895,-1
-26.442802448769413,49.86307102848687,-41.13036669692438,36.49008403808003,-28.966761721858305,-66.50338280475185,-70.31818924940731,92.19484290311476,-58.89379144620808,51.1651182153598,1
-41.35784566038709,-29.305361587855884,39.55940661250477,-69.70357739400836,58.78774130639127,-16.694870232088093,28.432797741141485,-80.30795090412369,81.93738859435277,-45.737117458092854,-1
-50.6682768389187,-22.82811063277819,44.80175843231078,0.012465318041620321,51.79133024231959,-29.679906248424743,11.087395542452398,-10.171768790056277,72.54599209786173,-1.9029760669152012,-1
41.11503450313768,-9.008624054452568,74.99541172482353,-58.42282561612491,-60.717182637059786,35.70104536534885,-33.39109181466324,80.79855873700447,-32.48784391556872,36.9848456297855,1
-79.34699822499032,1.3540081435576212,16.276979067302236,78.01968483753402,-11.202274606244984,95.72565124641173,-8.21206781296388,56.85113797715562,-86.30152062250616,-19.329166012699545,1
-58.42274897079454,26.308875735232064,2.8766493022040436,-34.98969527808249,66.09540573732485,-35.49410910448816,66.76456560900672,2.839738519054549,-66.66606804871037,-35.01450013988456,-1
-95.32958073436282,38.01507083775954,-13.1159723763341,-64.26140954273734,87.92783830991561,8.265023818221295,-45.974381097330344,80.37623506102207,18.06651051827548,14.262767663246748,1
91.02304145834029,-10.080218798452535,6.200625948592503,-49.664119227937945,49.04369543923116,-79.58777929611537,97.54579658460344,-17.433716043422407,40.58293935114804,49.93444374340939,-1
-91.3799782103352,42.04866838545183,15.88112621733093,71.8076739092599,25.079648598290476,-46.57223090130793,-60.94005281522507,-85.81449764528733,-63.51127523129647,-61.29352169191624,1
-31.879166683741673,-86.8798470109941,48.74736299048911,40.79718437293266,-69.63131087094487,81.56092228947892,-4.14297906003344,-31.562256751244604,24.543758531739428,9.702053686764515,-1
-95.25844927109632,-45.09108305191107,99.53924373224271,94.16948029700188,77.1648582093247,19.982252524782922,24.881160649834214,-82.55568144991764,86.20906993180876,-30.758651822582436,-1
87.89978831283781,-62.844609060258435,80.75345227982132,-83.20209972216821,14.494645587741786,-5.604559412469172,15.165529342804646,-6.805028344317776,93.98628887513215,-57.41983179712371,-1
-21.508362754104,13.663830215585108,70.80016469927381,72.15897797203405,94.368418295358,60.21757000318172,-79.42045319676252,-93.39293255382412,-88.16461882810624,99.934461312177,-1
80.84865828151302,10.864519616731073,-60.94661296178921,76.23401769483488,64.05485878194929,-84.37379141218884,89.54882761363575,-65.23053741771355,-92.6707552361742,40.08457348452646,-1
92.52968293558502,92.41169978827031,-89.29106982146502,-97.5167821661153,89.8264305833329,83.96820479773527,23.778446227695,-46.779183389186855,-38.54341088664566,17.92335397028957,-1
19.38904468263452,34.34896809549667,-58.266475097681635,-27.688900825947684,84.5831487106428,46.38122515419286,-16.772660359134804,42.83631836652782,90.64916150577483,-61.78437497449567,-1
-31.578475827281196,-34.486741215574796,64.06900300950608,-44.9846429724154,-91.28848392904972,-1.182791353767783,-26.139930916514743,31.44669183345286,-28.338063387052316,6.192608060627961,1
-17.920634602067693,91.5942132964908,-97.20365740572706,82.21702631480971,69.59011494548315,58.19307977373981,-50.72297442148071,-62.935657889764315,31.902254468899457,88.91381496820208,1
-86.43258817896562,-40.5571772309808,33.44896572664791,81.90771398267773,-97.65947463782148,-51.53900106069851,95.23105802505631,63.96451755965654,-8.635464710143495,13.165779363559409,1
-75.12632019989795,49.444929017717385,27.9233464864124,-68.64611253299955,-9.099279803479604,41.233468577904915,-87.96333587207619,-17.403970905710736,-45.45963003929199,99.44275229380938,1
-15.750389341185596,35.4601372671319,90.8031608238374,-59.58313700451223,36.325499671955356,39.70567141634794,72.54626251834895,-67.61712105868764,39.43910288744502,-6.149348026790548,-1
76.69295259721213,99.09672214664397,97.91296164756136,-19.837511136850054,-27.031787752345295,-29.471038693139562,-95.71752087903482,62.79711733546446,-74.89588359437467,78.85016275634752,1
-98.84826790037569,-97.99060378903368,15.352169487184852,-13.646492360288406,43.54557345092053,-51.08808981374213,44.933353933434574,-8.00324208019201,93.70554782941986,14.905867560841244,-1
76.58296330374444,87.71564791720661,-10.913264942793973,29.393136804261758,-13.812653643070476,-77.54105571802046,-42.4665043593506,85.68215480765525,-60.077608091423485,-44.60826662050428,1
-44.32630366746868,81.9110856874405,83.05037680615169,-91.13354983954372,-99.58369753001594,51.22980238770077,98.21588849885686,63.951368262539745,57.32533292871986,-70.37040422266725,1
42.04855972466231,54.934587436359664,34.03709348224152,19.291221261456656,-68.16796045555473,-9.057487783378448,-44.17904089208897,-6.10409768447397,-30.429488811556112,-35.23900912264426,1
-32.02500724638678,42.73205662243075,21.700922594157305,-23.62564955309992,1.6572879449848585,-61.179246566578385,9.32740375898031,3.0160309910885417,-51.92291288574407,-2.417863744397849,1
87.36594786495161,-59.817732062895516,89.31276859574874,-98.957496304615,38.42107956278343,63.32167027094329,-47.62807609689234,95.55846318997916,-61.4480889298582,44.7698877391104,-1
-92.48578192021853,76.98534936899333,-97.80681678871055,-22.971852737684088,26.671582394619094,76.66053274674258,-36.09310513339301,-55.13690500533293,-25.464527821057814,-29.4116401381568,-1
-46.229297123561295,90.18827037316686,-77.54544833421808,-89.40671887805797,73.75148632101116,56.80381075424185,19.47453295950376,45.58281931438813,-40.607329385606185,-52.11578237559087,-1
32.75793723511782,49.530364912995566,-85.8370597228471,46.800850908736834,-45.64124947526502,72.54191775590962,-99.92006148213501,-10.666338504523736,-82.44815589613788,85.30148401540765,1
49.765267392661286,16.19371732631849,-69.20512976686322,-41.113844410109124,39.61507374631731,-70.472962975703,29.96464886229853,-81.10291191858417,21.660213723419844,-67.10220918876064,-1
-61.00496001994215,-13.63897984281759,72.60538962992473,-13.591457294704725,2.042640472862118,-62.678756467593914,-95.00579503206352,73.78176878029547,9.51696211263311,-36.63993127023766,1
18.73215824170768,41.32850434978678,-87.15295038851582,26.79468168808843,-43.599486114759635,-48.87155402007928,49.129736702462225,72.07268518595714,-8.860569792387778,83.52976524716871,1
8.059306358061448,-84.9812708389372,92.62293187697597,-77.24765565782468,15.641333059603667,-59.15058273109533,40.893826765853845,17.062252790045846,75.77880318485731,-22.448978263214485,-1
67.19602410244116,1.7918080844095101,41.85440233396261,-65.74347274156973,-28.14461684708806,15.27412197110884,-92.85290882395505,57.75417976315083,-36.98142880669173,91.2424223595846,1
-0.5650471983145451,68.21923412322028,-65.14426429972787,69.3401446700802,76.12470319500446,-13.214462107498505,-81.38933938125392,28.24585517288216,-47.4895109057516,-43.57479680627377,1
16.03447384546645,54.29466897192128,76.67365960618238,18.42144269420855,76.94425455112426,6.067069757341017,-49.1173386871683,-32.89089247210741,32.11241009192122,-8.81795211454805,1
-56.85186416470918,55.57554110737544,33.78002112372357,94.6614159000753,48.37643366463388,-25.014189728134227,-54.1043083500264,26.12417828906632,71.14688083599805,95.2047399926594,1
88.15690410062157,64.52958543877787,-83.20966770004324,6.701532503297344,55.8089740394864,-40.628275006798575,72.38584542316326,-77.39139326277855,84.31251729077508,94.02792863899907,-1
-46.264528123010784,55.364273448056224,66.89474869252567,-69.08556970504648,-18.970712328382078,-25.37029260940797,99.54861228875535,-95.10726777618548,11.084750684421437,-75.80052348449868,-1
-0.008201607042309433,86.77175915714787,-2.1338336751528004,8.260263251264362,-14.131452540068864,-7.05124314010699,-81.51135760189186,30.868949827318886,-64.45570523034459,29.678171343812608,1
93.61527629014671,48.66658271313133,-36.37349373330183,72.3933512314216,-35.10986927073209,-97.1202454934361,-84.66371255435594,9.658316339392073,60.15895847052178,-4.019231289995531,1
96.23850583282317,75.84086751707653,-72.76517152768577,-14.185446508999348,-47.02951996350393,62.27724471759916,-25.387570628312204,-3.48560926464485,21.139650367180664,97.53567100504245,1
85.43556389589054,27.8749601085551,-36.070394482475045,-20.876506841346327,-45.83279246086684,88.3901807322735,89.88690424097976,2.222382596884273,-5.56096033188858,78.57985853005579,-1
12.437762212905028,31.439532328012433,-8.751991189332898,26.018769891082314,62.2787424688822,-21.63984581506766,-78.72851387812696,-90.3314187123886,-74.4924647287265,-36.586460536305566,-1
-9.512096773461323,-5.093287475511858,-75.67542186398114,-40.183957668917735,7.265965057221209,35.229935684472935,30.775463619426745,18.110580206844702,-39.9598884704734,-61.23067531356783,-1
-45.701599491457735,-14.07945131029065,57.9424018421098,-28.406434888066883,-44.95601531238289,-94.26288527203057,70.17198521108008,49.60901767039127,44.0476151890241,-89.56267402552349,1
46.62260448305619,-8.906885598727655,-51.18108550147953,-96.63333602788771,-8.903965521471633,-33.87737812775329,-37.53587402494078,-35.02562378664662,-90.78678085858817,25.625417234656837,-1
-95.2107469459033,21.7998222103857,-27.681946715938068,77.86752240428964,60.68156531792715,69.7341397748281,78.24572272220186,56.372456299878706,-75.8689296379484,41.79237882491773,-1
55.105523339002104,-8.921018950411835,89.90748742273036,-83.09133292397539,-44.37775051512871,-9.00526098442434,-67.15271867594092,-66.30802809440435,-99.24285327352065,0.2751879091566565,1
-55.758111636079555,60.73869037546049,2.5376144657622888,-91.06799422455525,28.230625772031317,-18.3427760324752,68.6138545450126,-8.913346789894902,29.36672406111873,80.4204439931124,1
11.467433914601614,-33.351651889854466,-62.96699091675948,-97.36744571362048,97.54116194323959,-58.85076359078249,60.52935187856406,92.72630241596747,-26.56079833360812,-3.2455417324005964,-1
18.482913772408494,45.216970296770086,30.78022927385146,-2.4995442759440323,-56.23306448246148,-79.30834325900939,-35.929745025274485,88.37243881834439,65.90584987649709,-70.13290874591604,1
65.21352605050566,79.25134329431577,-19.40543997532116,-28.293463326031215,-94.75224224353418,64.8613817638414,40.14431346203858,-87.71209786277734,-64.90898881665188,-33.29762420823789,-1
-19.403964246967703,-49.359767326004665,23.376814393278963,-31.676787506533046,-6.748789151300997,-91.1412947193164,90.82841421718098,59.88947824059494,76.97881495037154,49.88609985508708,1
62.75900394138972,-1.5996541135834548,-36.39805903714037,87.72006315894549,-2.803643087179438,-45.162166410150476,91.48309730364033,-46.07407440743896,-10.360816446513226,41.007743508898784,-1
-15.65581462530892,-8.359038949556805,84.41853071446633,16.705909773182654,-18.687699315268148,-93.32188583420486,-39.98157816123915,57.52903684625147,-41.441248830554024,42.7673564223191,1
50.23542739080855,-84.00350344064904,65.57407590123475,-44.554998515623545,59.11149967895685,65.62704676059164,-96.25176826889354,-17.134713834617358,-94.54650401216026,-0.8140838162527189,-1
-82.5106996400229,-97.01000577915222,-13.079526256401635,-67.90470473659163,-72.10706908019301,-51.76033086575033,-26.62879990849885,-48.4697615149946,-87.19215738312653,-0.5621125310854467,-1
-50.066209451953966,-95.91967786235872,-9.213407651401923,91.91068285998,-30.103404555197173,60.40654621327366,-22.50399889543135,-93.93374547723464,49.86930282880286,-7.259921145425977,-1
21.369391108027827,-72.9923726638905,-66.51541045074976,-70.41777273089424,64.00835823973782,-43.060140980099135,91.04030782362395,-46.06569967209489,-54.03843187105186,-71.67654860541927,-1
16.24764428452245,-18.90566473391631,-4.421867810850074,41.50769792293474,32.66356873489619,7.276257155487272,-61.052628799409135,75.91549480686541,81.30151386058341,-72.73965531483806,1
63.48156946122188,-16.24820190346901,-83.82605083357879,-34.227873493864564,-44.45719349628694,1.1555750092123702,99.95787436251905,-41.46637855066484,-40.13428240751038,-55.93490931360665,-1
11.556683474004984,0.33983320128496075,83.56050804191673,-90.14395971045101,-96.85187777665641,52.05355526479241,-9.451637032053185,35.61455631234233,15.582921970436018,-98.065127739434,1
-33.6056990528309,2.6439951655637515,38.92152232534568,15.426966973851506,53.81941851706077,-67.70818102844909,71.29553876868476,-29.970854624022934,-78.4083647489222,5.4795929830331715,-1
-95.51482216758897,-29.94552586613449,-92.5649423900708,89.99218017537831,81.84478590992683,94.75269000254335,-55.77828745031353,-4.6348587130329975,67.48179397568407,45.540664462277135,-1
-93.21080428284023,-82.10537543792256,90.60323520808856,93.65966293203385,88.76094179834791,-68.5353876424704,71.06066430941266,-79.2167129455789,-80.83969667988586,38.883322452130216,-1
-93.80884181613129,-82.8179223594359,56.194880143610476,7.005842553756779,13.498839896212573,-25.894133444057715,6.6678810312781565,2.2548413311395166,-50.7852697523417,-19.979193084613584,-1
76.75717699268515,-36.15494044276231,53.32453303489723,8.433982089142972,-16.27927652320635,-0.4122872975733287,-4.5583016093483195,99.1164529910935,-37.693494290930985,97.37373154603253,1
36.04564848625827,-62.013051267795994,-64.35338021768331,-30.014293245718477,-95.53542542045648,-52.91200405478396,-5.888671796314938,-24.589901389816916,-70.74988767387119,76.53656346847171,1
-2.587616236212824,-29.658036408238345,45.853281167326685,15.440447225191491,92.53042804548548,-22.660458010518923,36.665982711658245,45.10998804151487,-21.32651787334639,39.63120064092976,-1
-2.4857612653231342,-58.35363827835711,95.84965574039705,43.03294690768752,59.95723829202123,36.64581022363248,82.58644745948632,-24.15828771924818,-32.85456010783328,2.981058900550096,-1
-50.57935319797071,23.620593112339378,20.581762284937113,76.77145271999186,-72.9859287388132,-65.72995140760435,-69.37586948380252,66.88792560948568,34.82584582253887,-76.97005776681765,1
25.685291322917408,22.29897054383983,91.7573287880816,-82.06434866812398,10.503956073395585,39.28825422147398,-71.94961169775758,-0.24415040209630945,-83.60721489358116,-96.1199940956795,1
-86.20839672871577,82.3153774526105,-38.53496380245009,32.23817994638759,48.39334106285861,73.42035018757417,52.58178355258062,-39.93691530721464,2.0412683242561513,-47.48654981296727,-1
23.025828108239963,-68.84967542689404,-59.64008373156196,19.754740826723307,58.416859314790514,-75.58406447698087,-26.50673608221237,5.309637503681387,-66.69546414835264,-73.99059895706344,-1
-85.88625051991403,6.6647095719210085,-12.898994509348142,-23.732836575543146,85.99271515610198,8.712117938893954,-3.6343780364818343,70.06683989445665,35.85226453086952,98.79611690698604,1
13.47818883121468,-30.30440484086894,-56.1923276715883,62.939569224003066,-93.17401918576442,15.918839686253719,-78.88783574394012,-9.022067506169279,-68.71847480723008,83.17614494528718,1
83.46271509244855,0.6440829717268883,85.3415008678181,14.53411663822419,64.71485547026143,90.4048554339146,57.755966323412224,-93.18072860966764,-98.60481294298798,-47.06363155866335,-1
-8.29628756259693,29.055551064712574,-48.598753555513554,86.3155306037153,-1.120659445147524,-9.084908221270567,-41.80363674683423,94.99609511628685,-79.63470381232904,-3.8262250164182063,1
64.7104453223638,-28.55160636597276,-2.332371200936251,-74.80442783616634,-39.950230616772295,27.96357191970533,13.199270439848803,71.63756274206122,15.079418711510016,-48.545668878807405,-1
-38.71691012979272,68.94183341517251,-2.4084720418502457,74.91590327746849,32.163516691967885,28.68421305951759,-4.076905253225192,-76.4937780990058,-33.29763106031811,25.55267653975551,-1
39.43273842759609,-83.22040787421814,-49.13198248447917,-24.393846625137925,-96.59370778239929,-85.31623518307438,81.7304397566798,-54.76107503100276,-41.80978634114432,61.74183286862646,-1
49.67686993524626,97.65242302863737,-39.71501764028831,16.038980649595388,-49.1222383433902,6.970753509092887,-35.92681593417288,-30.41826530255109,-93.08775623312067,11.266857321175976,1
8.839732500740439,19.29491550879048,9.047143665114874,-50.462624310679736,6.740074683034322,52.800291205568385,-73.17854644578894,-37.006812072033426,-9.923735370865174,30.654476921411117,1
39.49429233385672,-89.93541341306721,-26.433555135808717,13.145582268858476,37.25735252340854,-55.992015229075776,-3.50274374056265,-15.365454155682016,-13.518470241340879,73.60474420479682,-1
-31.366529365468352,-62.18446924433023,-43.68922745436086,30.21022339558934,76.78450839225249,23.82208753632078,-75.49808226401294,-79.57547496963608,82.34099975397638,-32.97154690788422,-1
-45.27466674366683,-19.547917263291595,-95.03813399148684,37.85681635019296,-65.49365986257827,-63.90466078181534,-63.20564785123326,-0.32496038012985196,8.007743456639417,-98.35432989060764,1
-1.2408807271218478,-12.420022571417547,-23.43515840729924,-1.7464743019998537,15.38904852879206,-58.38296190374697,83.68719753342378,61.83622068932121,41.07661100009966,-76.13655325769899,-1
60.605179566532684,-26.92663168986944,11.10179567909664,-78.30374848671687,-90.42039570651504,-69.70298907758503,-37.42096038499254,65.55667038191339,42.37292996320778,58.66009548206222,1
-17.036099532466963,27.79260439465692,16.510767408398806,59.51311050690438,95.37229375931275,-56.29479984904737,-38.00516569369981,50.08412308341073,27.451285414018713,-96.43643110594091,1
-85.30065053399747,-17.266895283358608,-66.04147208981053,-38.134645156637625,-91.38651473878056,68.37865720013451,-72.62662842324134,-44.47371019965396,26.155707452527707,57.088586850553526,1
-86.86102820912684,-80.7748296535697,62.29060608273812,-66.89605287901807,-30.745146704518305,-43.94162777344166,19.29027928370735,47.38038462789643,-77.48303430674412,-34.981831987672706,1
-62.29187885014977,6.460872769633255,81.34847451451077,9.407828724131193,-55.13721813884298,-68.81358073839598,-96.1899609366312,-10.98028542052289,87.30392433284254,-67.51887192134481,1
88.85329782268678,-81.85582345043383,-7.93460304443343,61.80370845333948,69.2456646230822,-68.64372897179784,73.59868453877905,73.64018950496646,94.22760905777216,-99.49593998494086,-1
-27.2740795241412,36.6228571446093,13.432617582678446,-46.13082418777914,54.86002355603017,-27.843071681694227,84.73520900214257,-96.9415371864981,-90.28695368797668,2.1209324679601878,-1
-50.55378511936459,-58.13032012318025,83.5049454460696,-82.34350028301671,11.234013609950694,-64.01716067786036,-85.10450336219289,26.581782988101395,-39.04157317040844,-18.490113982783086,1
-29.75612253024383,-18.15008524292054,32.205411646873415,42.80054170470228,8.967030937798853,-78.6572889576085,60.54281655202044,66.11510441266827,18.246232461169853,-0.7178502189033367,1
95.45676463538587,-29.218866557636588,-48.18035892357775,77.99202432306365,14.900865500279565,-55.36845431941468,-53.622475798554746,13.856763527013854,53.451810528531354,-57.25544601315964,1
-94.69355922523606,8.58808889786556,17.751892713001908,-53.4440631125042,-70.5032050525465,-30.907645387344246,-22.23864337025816,-56.35742296685255,16.89424065732554,28.75681508971897,1
92.02712088108944,-36.95665252454279,-89.43507110317266,-54.7323443125028,37.042149267693816,-52.678131481805444,-25.74287751830431,-30.61464890069277,-92.78199621465227,59.22160841874373,-1
16.908622651891633,-60.1238361978746,-14.928945134263259,90.65527815574598,-28.24042856852948,-90.87152009453794,67.90479785703647,-22.726925788700683,-92.60774319009965,-57.479403188780424,-1
-52.49133501522447,66.0405768691524,84.34548410621318,-88.6569723435549,-41.108621449176574,65.02327418201764,-47.3582300133415,-64.23416556144825,-91.85123243216036,0.5397656019414825,1
-65.34113598583085,91.77437463808201,-55.301137148832005,-53.37053927638269,39.85495906707803,-48.052933906650416,-38.671660465362855,-96.75220161013371,-12.076586016050214,45.41119317306675,1
75.5948640890139,61.54047380881141,-71.10486068107893,-37.847660925515726,20.924954440450747,-75.0062763696333,72.44528411933968,16.218888237750704,3.865298404930769,-70.50686840581119,-1
8.340962482000805,-84.97140936448268,22.88200186343316,38.745212292488446,-9.374918619279015,3.875021042160597,-92.78762154416657,-60.58287070299353,-3.7005959396763046,24.596701027393934,-1
-79.95088725542468,-39.30935671007876,-52.254237617771,-12.813101821774353,-92.68684441817831,-3.9753964761974743,-10.130040206422535,68.95254691334699,-88.6460834862313,93.26817045087401,1
57.93970142849582,-18.260087545813207,-77.07201128285863,-98.70238324389472,80.62794809483614,20.70210828520274,-86.07549235494658,98.0016013513796,-79.33027049504493,-70.66238449390742,-1
75.02672372423044,-26.430563771439793,-12.393643373106073,-32.49023737993495,-41.948671912827876,-26.870110761554812,25.847675126862327,95.64453400529786,-22.04141630331793,-85.99215029361594,-1
-7.464878986921292,-19.27066110130444,47.76548747023591,73.56649934689935,33.59652756587889,58.68390543772662,-94.36943527598906,34.91193417775048,62.26080213788953,-75.09892133251815,1
61.647042001844426,32.39396789012682,-42.11897385911747,-21.31728472991516,48.615226956535196,54.03743022096495,-28.99091257540421,41.985313339080534,81.4622313973322,98.006951272924,1
-59.895054659932654,23.916518565417363,-95.0248235970789,47.31144059396891,-28.02439753323314,95.33011113169354,72.24979262014466,-55.645228468893414,64.25607742455807,-77.39676318854806,-1
30.902242856227048,-25.329367793633665,-14.116242629549333,96.11842476095745,81.11691691948079,-0.2521338375323694,-48.41067248434992,1.0244344675876818,-82.55791981620905,60.67124558400144,-1
94.6021109504891,16.661449636840914,41.358100879362894,-70.47863616848227,-54.38501211164193,-4.477286057780702,69.98786215114927,85.89823840884355,-7.707774195662623,42.75285355935574,1
51.02672348903917,69.30689862468105,-83.17798013806285,99.42988795163336,74.88799708007659,-27.76731954578014,-92.67415552725507,-35.15518312552413,-90.69978721492664,-56.07859136308224,1
-37.418521157270355,46.54468308266132,-63.78742017680712,73.76669454032151,-20.042450491550312,90.62846795475664,-4.540957473691208,3.5640597306415316,50.07330182763269,85.32856776659193,1
23.33006290414761,-82.77284569019274,70.44284134459588,-90.8159887817474,-67.3237087070899,-19.39353309149024,-69.48456163103828,-36.85924030191676,-17.46639583656892,27.610421791146138,1
-32.22787013224968,27.87728429081959,-23.416718534045188,50.637540769634825,69.38468362195906,-82.52398749610181,-55.3261896684226,-9.1306565261618,-4.30600464758993,93.87161156958271,1
-22.3668587746009,-68.34338986012527,-94.34301434180405,47.71140812671132,54.2402058073267,-79.16438549839862,-30.951013768517328,-18.96831911999284,95.16877260708915,86.73571726936575,-1
-92.81154524065158,41.93426870090488,-78.37532950458079,48.4185185116489,72.52362035188611,-56.87033967242425,-50.37838286103957,35.52262705929115,-38.520336703393724,-45.8623198764792,1
97.24214889592056,26.344483665316815,-92.98701019625626,71.24880833832407,-42.06079588024563,33.95516920747275,-33.39254718905198,27.834512687532495,-12.526045183085685,49.440912592154405,1
23.17263763646092,51.77362688358994,42.605640457819334,27.867752700281173,51.99667385975022,26.50988892371116,50.09804869420677,4.450345148120903,56.84629536050261,-71.01964965843017,-1
-62.89489685937577,78.79461149250093,-44.11151555282116,46.8894555597376,-20.235693718491248,70.23879403535344,23.995481275988567,-32.48677275620551,22.79584504968841,10.26643719017028,1
29.043715168932778,-24.900275595855973,67.00599225336939,-5.298282451787088,46.67679187300115,-30.266517957650436,90.58125393311335,36.53787581923294,-32.04967426083773,91.74058710878879,-1
83.09765951760838,9.249520026170188,-20.424282504526303,98.67350017641778,-75.15934120724523,2.445705073106552,-59.14727957942525,75.6337542439482,6.538671923741134,93.55733746423354,1
96.54790818207718,61.80691004806832,28.799590726094692,20.111531212125854,-72.08907908728712,24.076389953126395,92.7446194448263,38.74918041910718,32.30451023344838,-53.86033774156216,1
95.45598651328945,-78.50935671162269,-42.23411401607826,41.20819679163367,-84.50079566765156,9.242499895355934,-81.55607255145762,25.17242602170002,-48.24157986693509,-96.80729914593307,-1
90.5630034005012,-32.99828600846084,-85.46321779947539,-54.91957704623995,-45.66973609016123,98.41265790782566,-33.76815076930461,47.13237650990624,76.27254947143075,54.34847254088865,-1
69.18428793554642,18.183218565445358,89.16888181254302,12.415627513129749,-8.815345259924953,-4.082283056066956,-58.43322065011236,5.070767986622357,-29.435361706659364,38.659319444001795,1
-38.85120851054178,-98.84586774140641,-48.42599929039828,8.658672074215048,3.7665351696518456,-62.181791128219466,12.659895214949742,92.93703448860106,-22.26335694297194,-97.49149586063322,-1
-29.07556847184469,-78.63580140720188,1.8577981359852345,-81.42005710117613,-36.83370096938858,23.410838924358515,-23.576701162550236,20.241593120951535,-28.37910815522659,22.775403999205963,-1
-44.144782309117915,98.33722807854713,-92.40043253905156,-14.89314045576009,-31.852128857797425,89.98499419489463,74.2957883970225,36.56583408794839,-90.02871374335194,-39.43408782397611,-1
34.34177184881216,-28.875600148486896,18.197336993626976,14.398389061341632,11.338116282061875,-22.557400799534364,-60.33716822126205,11.31907258470153,-30.926865961837976,-2.295895527367904,1
-92.53036225015711,-63.13972060998019,-98.55601059925645,66.59954844788359,62.7832213132169,-52.58741978046388,-20.3260038345783,47.84799129311011,-12.34534677064687,-20.303719436204176,-1
-25.706547475124637,-86.02761586306767,56.14359914130446,40.422710034337115,82.87270404895233,60.62918523150893,-16.695721422431248,-59.414921489376994,-24.232723816510045,-67.50176837669096,-1
-63.576416862260146,90.14894264253434,-11.482195335108258,-60.483811129904595,93.77462773652098,-32.184731639217446,-26.34762072994971,-77.99407517090917,16.328547980453095,-62.68296693945765,-1
46.25011786947502,-93.3164010589881,33.55120503970713,-52.67129042361973,69.52355704577457,-6.838869132812846,-25.29770184907423,91.60808482076621,-67.99789192741522,-71.62368479693657,-1
-0.7267505597527304,7.516227610302863,-8.415084027820427,-64.47603610895956,-42.7775953544274,57.24996564974555,-52.01866961557471,88.65522015392764,-98.73901073616386,-66.85193330868549,1
48.576298733587805,-20.750530636718807,87.5633930465124,74.85440531830332,-63.49955539988503,22.72126760987379,-18.922197655367995,-9.936079824927901,81.9613436533719,-56.95871566876316,1
87.70595669462608,-21.256166069392492,-28.38293962132437,-17.712752514667528,-82.66851892116576,-69.47573842995394,5.658146340791433,89.14435098466444,-1.4652095461017183,9.354095391559582,1
32.84387699779364,-52.79841393525759,51.4964649480238,-44.7241309368201,36.32131803366184,68.32634640942368,45.596242638815795,80.77930202437821,-20.172719381259412,-22.031496222419378,-1
-12.051902698418289,27.031397772787003,-83.35645945198591,34.50227385948119,28.198823225231166,-34.6411629784409,41.69246957987261,-32.8254275060424,-76.82315385467163,48.355707362200235,-1
-49.51261113119585,-81.72935145528884,4.9376824186954735,-78.30033098591231,88.73741732934332,40.81660718012594,-11.139692804986083,67.61819873700068,66.35623120270776,-40.54182315779266,-1
39.231229027585044,-43.61408964968785,-92.88962449018898,-71.07433237531052,-97.72532679907027,-50.349293695750006,-87.28918886344105,88.79823428630925,-67.91316047691569,-8.356503344806086,1
-97.57584507122135,-39.13848163582714,47.35004418264549,-61.35280170302657,50.21293662648634,-30.181253663507704,-21.890803392013368,-37.75732563926311,-9.059986571764526,-42.555526551016975,-1
-66.59161841981003,36.84181503769733,-70.54523830033466,16.38744279880666,6.230746179850527,-5.40250779870523,-1.363136601142486,-8.016145887357638,70.9367143870017,0.450211482277723,1
-41.18650756464444,84.49977926050062,54.09787170025925,26.01044042992568,47.774845409274604,-8.66685725133209,-57.71021211888736,-72.43086740733733,11.397479096327885,41.07273415722457,1
-7.892100545171999,-44.961957645304864,-28.640748869013095,-93.12739415662779,44.904567715784765,28.752389990564325,83.88195337443321,-5.5154527934950295,-35.45896219296041,-44.00365720196611,-1
43.519553131635234,58.10272150672955,35.74264724307076,-27.114637732949774,-63.303359127995385,-78.74057693765644,60.16585156666736,-64.8846269482903,-57.44784507556797,97.90546824257814,1
70.28499154901914,51.357844580479394,-28.932058356090607,-68.45593658335005,68.08133111274284,-4.992458245922691,-22.070498406364834,-18.983176655452,30.83027215185288,-41.42616082483721,-1
-40.991858469168754,8.122198864945801,26.621364543546335,83.61531245372825,84.1232168451291,-91.12068816607335,-84.0968131938334,68.69624496940878,64.66306177029998,6.030925631109781,1
-80.69310596091184,-73.68693867212907,-60.83215162115325,84.64517569724651,-89.07474224670308,24.89731122152415,-97.10629278537107,33.59387343488615,-55.85637847204228,-4.305875825566517,1
-60.38047344805197,33.34177107929136,0.4797055687071321,3.2633123322340083,-88.93986273433032,70.74572759287662,-17.094731467897546,-66.2787749752845,84.8228966804601,-70.1296159704464,1
32.66214190080038,-37.599738778309934,98.09433446945133,69.94260891607883,32.589854685922234,71.33441839088351,43.08149096529911,36.07930583120117,-54.36080497505977,20.402001629617544,-1
-63.10474937327213,68.51090029303626,75.55166843854659,6.800461149499853,-9.080778609055983,86.68799784805191,47.324706865432574,47.34346496360985,50.76601569755269,-85.13951323903608,1
46.317904351066375,15.437335244661782,-9.007936521397795,45.80752476403768,-66.57502769624013,-38.11977991439293,49.082746724795186,-53.58357923061907,71.61990055431434,-60.293037329917844,-1
-72.15092577648096,-61.69573558997037,69.52227484312985,-76.8294445992471,-92.50281057493194,21.451641072041383,23.30848419781026,-37.98096508647741,-37.88433757509071,53.55368620200173,-1
-20.79980672287695,90.92753040129367,-31.909860891278854,-43.58647509114466,40.1243460319389,-32.33474594234005,78.8807445208804,96.870773363414,80.68613046721299,-38.32660898999358,1
-51.970876244361385,-88.97969296823378,-35.65259402834444,-42.229775333673714,77.0129101833335,80.54338696223985,-3.741279404138581,57.83793777412808,-82.19112803510886,-62.957765887420905,-1
-94.42955183578512,-24.3607300943562,79.0065503210339,31.202915918301272,-51.93772977615338,-2.401925884887632,-22.04702496081427,-59.298393848408914,92.03720312447177,-91.8294121798176,1
62.87735585375228,61.93485161761464,-69.51861599242372,-42.7206843144843,-51.802882090741086,4.113079228272952,-25.61383893220959,89.47961726940926,13.948315573233103,-61.482390652121445,1
-63.821619724220334,94.1146665254721,78.81092254042892,85.62904417912841,-12.101626704372165,84.87279233713795,77.45466432851177,73.0621048346926,-28.019822059590012,-90.90033882800304,1
-88.44388780072667,-82.13201954162663,-84.80794260701663,-47.51038660723197,-42.77581843524256,-71.84484475714305,-15.970017430284457,73.88235573902463,-59.97300507381542,-4.954130157458309,1
-37.22438469699454,-49.71396956250731,-50.22032296136161,-41.01477323093747,80.33476504539703,99.4852759171956,-43.36836741882848,63.588919751288074,-41.401704777790506,-45.05824640536928,-1
-69.2617914311591,-99.39582572876775,38.934400728839904,-20.6297059316272,-93.84383364929538,-87.00951318356165,31.7676431532324,-61.23717710829435,9.833196471550437,43.89462421375072,1
-20.61534475968078,-71.44287266642306,17.533810294652056,-35.927605901538755,91.35364344297005,54.83973190583731,8.50621767438031,-65.01775521667255,45.93976686218198,-77.83262686151629,-1
-45.851065371289245,-52.655904829233414,24.43338483472155,-92.98247775674,12.672609512196772,-2.8730183737531974,-31.57127169065255,-69.94408707413638,-0.859062843506436,24.973100127407506,-1
-97.42050604209491,-74.77284274084697,66.4978948838897,-46.770010614053724,-33.56901670946712,-0.6667638113298437,-1.8330288106033379,43.53758234352938,87.319084365478,79.67061676348581,1
52.87453244434718,-89.58551875574605,88.17270957893948,37.34333192096972,-54.56091706245936,-59.174743067360566,50.67000475850685,-60.0560965982432,-5.008052601536562,-96.17034176157078,-1
98.49670043167504,-82.91950314182523,-3.6600323975318076,-30.30093035079942,76.097436529388,-28.200416686077133,41.23340864503726,71.07871604675708,40.598636844620074,63.477897719394804,-1
-50.09076003009878,53.35367126766715,54.73586929585014,-10.132788112913175,58.78088002653817,-38.850961139719864,59.86418960186592,49.0691392815705,-47.44804445699098,-91.88478013622438,1
-8.460078968141204,18.361581532665184,83.4091180308952,98.96996141235851,-13.04965475200217,48.001502554555685,-50.962714156894265,-65.30750073641138,26.9153502154075,26.145452611717104,1
59.158533887220216,-31.394657481995125,-13.91561838240662,92.75352998846179,-94.54246986988689,1.7506185252293704,-84.76942132447955,-97.83433986784154,-92.61492623077383,41.38819881189767,1
-24.54316737907547,-90.1990710057453,-46.891163039351724,50.50373211407242,-81.35770584502609,-71.93272664149882,-41.08155615782625,-1.8052090009940116,35.177751484122666,46.290911657445065,1
91.51620301676346,-11.33593584546027,-28.782065249050603,14.783488791915772,-96.19851999486573,-58.286194334214336,-72.42100334006427,72.43615838993307,-29.601787548469133,89.67219969141235,1
88.34514232378501,2.5152431848423333,-6.60011609335595,-11.132966583406017,-47.83287680339685,23.442595608855356,37.21570237144411,85.38440091499874,35.808446042320696,-69.57613195391431,-1
67.79946554360214,84.34533389033228,-87.51012886664364,7.904588702529921,61.43201565843688,81.10407570093736,-51.094713708230884,40.50923458876244,55.6188790090458,-6.871213172702099,1
-12.205715858872779,-32.83672707169309,95.28264447681124,98.67797574781363,-35.29052834066984,64.07867059979765,24.64273564018866,-64.03145006375266,32.30854518331034,-10.750895386055788,-1
92.64450788812226,-28.06488775538645,4.80753397351738,67.28917925192258,-72.87255969587395,57.23811881303169,83.63450864881486,-15.683198841872766,74.98652531482361,27.831499162264123,-1
35.30267715544932,-18.857115163810462,-38.570009962009564,50.6899420484211,27.125611167139027,-32.25024087211156,7.007457931308906,7.836917500235003,-26.405508929188187,-97.32746971521806,-1
8.89781959216991,24.515079566556338,11.52847866863172,-92.13610246630535,-82.53040230371415,-79.51226204678387,44.488280649715165,8.05734087496468,-97.53426289227191,-46.39040349279286,1
-7.540887799878561,60.53124883044396,62.16410756763025,-6.121124293734198,-43.18198793623858,-62.85378665296455,-92.3630094640904,77.54926758295062,-20.53557110763728,-30.70509201271409,1
40.42149082275853,-0.7561041020151151,1.955368940702499,82.93818494164643,90.32081378370964,-4.128886479951262,-22.315230650874554,35.79655458295784,23.307594274153416,-14.25744218726095,-1
31.7322709879534,89.54656080126108,75.86468497394395,-37.56335663569781,34.57876079785777,-48.66543469486797,-65.87998933868721,-34.574753605727196,-34.8347515319728,9.698647732436626,1
-16.447804144980054,75.89253870237846,94.78811671465144,60.0820126650207,55.61804476974814,53.45771385961859,-14.393773890156595,8.182305191821214,-94.6379084898489,24.933602263093178,1
-80.46557719872322,93.96377292675695,-41.696614369761534,-5.631405032477261,-52.84769742728539,-9.825153719552034,-70.88755045427529,-2.160986755474113,88.57801226713852,54.12619667379414,1
-86.30990948679664,-91.02379670545639,-70.7248122663686,37.13532726673884,-34.05550823446649,32.28059850534018,93.50729523562626,-64.8181268004951,-52.12702618220511,30.535789713547985,-1
-50.628594480853415,-27.373481948107553,-88.00414556169672,-31.191842277054434,-6.99116928834178,-39.1361304949122,-65.28507563047509,96.5635446990473,-8.860514777409236,-99.90053698937538,1
99.37485036918946,47.20708008521311,77.81847964979204,54.703838048420636,-55.87733366329148,-95.36117191463146,-76.56929998474544,98.26692684496919,16.731598525083896,74.68653461737512,1
86.5109756838624,0.6136645264056284,92.59518847289715,-91.96643720988375,-38.07542141476874,-41.67562212651106,-92.59237840112517,-3.312988471955805,83.09652133613449,-37.27563409193508,1
-95.6353206449021,-28.719052830067056,-65.0908232993007,41.51067118386396,92.01165515295469,-69.5251873169094,99.67630301940252,19.092024832415007,-88.53304795549792,-74.89908078627857,-1
-25.583549007420814,-57.594429899554214,-27.24278968018858,-56.35023349768573,75.86020931787178,-74.07825180916706,10.337239875024821,20.911751538362395,35.93445340820088,67.16833288439852,-1
73.21277790008168,41.52411714810705,-11.501737266392524,44.89208465028236,30.42166810318733,40.379868773794726,-89.8842629666525,32.561331311986606,-10.615741632632194,-57.71134614986511,1
-66.94310197140851,12.566047442920578,-37.304942013179684,22.716836971175326,28.110759328809593,-57.251816902135964,-27.671710876577066,61.54124521881002,-82.12504442301591,-44.27364559025278,1
94.1880499209237,11.052664521588042,55.194781749977636,-23.692231505290692,-23.481297099799093,28.439941601149656,34.641114657879314,-70.85804542625422,-77.97609521532551,85.04254133935959,-1
98.10102840013465,-72.10995275896796,77.27527692487902,-70.08046877048832,-31.47772590770532,-60.88859780884219,33.47007579425653,88.58842364472773,-70.56897356476097,37.920323844216256,1
31.232367536214298,81.8011177671406,-97.03396751365842,-37.58161681858358,21.893360621294562,18.49711619055749,-80.02138349248887,-82.95137258418701,-57.47195278146795,-85.07521222173482,-1
-75.62278133261049,-49.928254085828904,70.28773926622287,32.315348114811684,73.35655742313142,-80.82606505835632,-93.40856102691374,53.08612437560558,4.079273303370854,84.70956996771011,1
-44.923765148916296,-84.26046496092019,50.18567870334445,63.036646458550564,63.15031749142298,-56.6743824834639,-42.74860552804165,64.08989138453762,-99.04566031396445,-55.36348858945346,1
70.23014708519634,20.990002629540854,21.366285782746644,-60.4805230317841,-80.37511736010796,85.59083647835627,11.92660485734632,-18.8221122461714,67.49624012030657,87.74485703525602,1
19.808917430076306,89.73081618059814,-61.134729225245145,73.83657279610208,-33.11710972907753,9.130841522869758,32.618023329601385,-6.496604243854961,-81.7790241249474,-31.170284190531476,1
-69.68098503998013,-1.8772848203601882,-24.991860351957996,-70.31797532347257,52.05424868056673,-42.36564669051326,-73.230242083941,-87.99481011286683,77.16822061820173,-33.19311422414482,-1
27.219209281908434,-34.13574450349914,31.22994290063309,56.2086242153936,-78.66198589014573,-43.95596927785925,1.529885680407844,-27.259413903584772,-59.87177151670928,-72.28482544660555,1
47.014208760777166,29.65950545976031,78.68869307525301,88.36425379294533,24.538648523995093,12.33459176778888,-28.605240159743303,95.12402314317285,-26.349673560104847,14.284242869850146,1
-49.345523295456985,-31.504956162739163,-66.42146163899733,-68.92592881263357,2.218040231283709,-42.74596305208238,-19.591836217243724,84.30625423748347,-21.254882952820097,-33.25622848602656,1
-66.62795966024945,-95.06054046277774,88.14341592782168,73.07486241856486,0.9753602871199121,74.55454511068413,-9.156158643017577,49.78573397618271,77.50398387530652,-41.60453022061512,-1
3.256659839534805,45.07792033236652,-84.03378668742532,99.23015810602732,32.00259884169208,1.5297659368599597,-6.958664079997519,-23.595072452116298,89.62475635508213,96.88009986122037,1
19.48262043406166,65.08797914972575,99.93464104841846,54.397814050938166,-42.21563363683063,-8.786758146616691,-92.81042376079644,-63.1727040258327,21.435044065801563,-6.217902963637272,1
-82.79356859341135,58.38130768444739,85.20148352065013,-15.606123878251665,-85.26778559658811,-99.93112640309178,-45.2074161338768,-85.43760157502783,17.3707613353602,-82.0075651323648,1
99.11378009813757,-60.02540507011127,75.25932809829698,-25.75301310517611,86.58952151125544,-20.24692263402872,-3.4932020911086568,16.929411823093375,-4.1698433432064235,89.70037721936103,-1
43.66623507440079,-95.818097532953,19.3325813864963,-46.55060498578953,59.308413205929156,-96.06748200482365,-30.67192520315507,93.7113476609344,-26.487634951635258,56.08669129776899,1
-30.41171768356668,-7.638703687596276,-84.47041692934185,23.016993297536686,14.482875594599449,76.45820779026758,-56.37439206512285,-95.41989748830682,-52.277242657804514,-39.24046063878161,-1
-3.5735802160316297,-34.19885406755343,-85.17616512280838,65.76445142107636,33.8580476306372,84.7955362731881,-18.365522253792662,26.0096973838899,60.207946046294865,-37.1140268520648,-1
86.55058781206264,-76.8649552703767,-38.450096678435955,19.390279252363158,-97.77664353312528,-54.883950550874786,-92.77797760356144,92.77850454151942,-32.31519670888102,58.71192501838635,1
-27.035505958440268,-19.477712331967467,3.548131420892446,0.6136926957661899,33.76011980668022,7.503547389098458,65.38484617118652,-98.17029285479255,10.614575858004272,0.7200068506492983,-1
96.99793122817502,11.341851310570775,-95.20772297514604,47.8579257492874,69.6549201334457,-12.605713273211677,-85.62202719377687,51.62530643991096,62.88205878747752,91.8759813484335,1
-74.168116969701,-6.54780079849948,-4.191854865077275,19.26552100077241,49.899101092335115,3.8945233718651338,-57.554346742902965,-65.22649678919679,-61.97354189673967,-4.715385753019945,-1
-50.292035814514804,96.53764791826512,7.187198625814247,49.16020975320214,27.954344202792896,-30.661924594149653,71.38623657675475,49.39383372458616,-92.38010059484219,79.85704196431095,1
18.718490710809732,-94.67832678446317,78.29077462894986,61.84916735069652,-87.31960201203873,87.97119177877275,-54.656530840030015,-23.52773540708644,-74.19313235875296,12.808988694008733,-1
-0.22236930972879065,-61.011446205968035,52.26993124057847,26.99901404418472,-58.3334285022928,-64.11026742387912,99.21475775141593,89.09990280290546,55.7131650681107,25.748049131811385,1
-30.158085077467817,59.5996070438448,85.85613033716183,-24.25872848692454,61.188977742830616,-17.063222835311237,62.58077093004485,-68.434195510172,56.1874523596328,-3.4116264246964363,-1
-63.03232041059501,37.353559119433925,68.63982832473704,-82.36907114954018,6.822367680502666,48.03456804734236,-31.495955138223124,-27.030501260774557,99.11381593346314,-96.80348892177018,1
57.85856966393712,-27.03638073842862,91.78092096904103,82.7844398132608,-8.506601539417929,18.386376844520626,-18.26211225701772,-63.283511259993006,37.673865053416336,21.024223690657593,-1
-64.1287979421518,99.12084036070118,31.555681447635692,-25.2001265948808,-59.87071822212111,79.68464857285286,9.257189838357036,-73.47139519467969,-19.03313941606821,-83.61492205667301,1
-62.96088642650641,-14.736341201859744,-89.65090406617978,90.06709333367812,-37.19992487757467,-4.112782188093476,79.3296326910089,28.08255454342924,-34.0971560283065,7.313011255779173,-1
72.5280942298358,67.72435923961135,-95.06878885862142,-93.41784060901215,63.97538236521564,62.91730790106831,-43.87885179040689,-47.41474661912404,-48.313533053479986,18.54575692951184,-1
23.569448040242776,99.36985685628798,24.37639277807871,-68.38773994167013,45.75229166647671,-61.03679334746304,88.7853276197759,56.445772038555106,31.03159345810954,-94.88250974961012,1
19.37037537755188,-95.57310979410059,55.70916428453779,21.34953806510613,-34.83642417886337,-7.964917269813029,98.56635897647968,0.45962227150144486,80.63840420805889,65.66833394210218,-1
-78.0273772518434,-89.01902181784513,-16.032243528984665,20.760153602437796,54.2088595877963,-71.65837809313072,17.724827985462838,46.385271501398734,-12.743221766367412,-83.58239685388622,-1
-3.290870656015059,-82.77677789872524,-15.220049600600348,3.3352785210684033,69.28824169666976,-6.52150775590448,10.475801652893395,37.05638724243303,74.94011229911945,61.967748224272896,-1
-25.375476315523287,-11.69054222403392,-65.60591963129141,-87.51314319439784,95.36586437517036,-60.705669830093626,67.5969203418095,-15.590684855913935,97.22036864550785,71.60485628920466,-1
-98.04583051616326,42.721473252694295,-98.35275168160797,-7.24250884892939,69.15252922356092,-15.684752525872895,24.959200258428666,-89.79706341572977,-64.99401185522177,95.57330559009941,-1
58.101958854977,-97.44691469642052,-25.132769260652083,77.89799807990602,-13.866462093431963,-61.346154619367034,-17.516379090225385,-1.4389488423819188,-47.74839807797831,-83.4510474591871,-1
-44.62447037055925,-51.36400394715481,74.85931204443486,40.527892801336804,95.66804655931668,-74.74482244497491,-36.113826155787486,-50.602436813626596,44.77336575772017,16.192783602512634,1
-79.80437863644778,-14.718788701605433,71.48296933016016,91.096178956166,-81.52119421258286,-58.88185670872781,34.817919950909754,-39.824867275136214,6.21312768074516,43.328172208332006,1
-39.34497048648089,65.51624349614042,-1.3111441434522817,24.127390424151912,-64.95449739659401,-66.44014656736832,-73.07446944251762,25.09469068332129,51.55949294645205,78.15850080810023,1
82.15403232878305,58.93257847957781,-53.48107260722992,66.50088000647091,4.561189934462689,45.733776352526064,-81.93517258894245,-78.84155104169272,-37.18868779674636,61.24448239239621,1
-28.865456707010168,79.50646530441679,-66.82441506749291,-27.702314006950473,-32.641442254837386,86.09832437528686,62.512542078174675,-93.63614179501786,-40.77688704071563,26.394853830422974,-1
42.79052650131797,-85.16476088113755,43.36744134678051,28.297494161117612,95.85999948348106,72.8549520681417,-72.51151482856429,-32.54335283510876,-18.92550591243294,17.96624795557888,-1
-38.3063437021032,25.74427740511642,-92.74953649704103,56.012184643633645,3.7962507046557477,66.61289797761953,35.54737935337684,6.235955526659325,-6.396619998848124,79.81894965335158,-1
-43.87983735241681,-40.73038462388385,-29.290355487308986,54.96194416845074,-80.75117516848569,86.25904547689689,62.4848348767585,-99.22019137719404,54.77006071881914,-41.595834502348204,-1
-35.39453084918122,21.20300049588863,-87.23479305805728,-66.97025757800512,53.9328976997316,-51.003956813231554,44.366720305154104,-98.21228448639036,64.53304939689716,-91.4068228260912,-1
-93.97922555773621,21.151897871794418,-82.86716119060543,-20.43688097554825,-1.6506299791679595,-85.44969494467365,13.935317314940221,83.70609035715694,-4.513901549407024,3.980705658800815,1
14.687577624657223,-89.6685285770718,-42.26673946490791,-38.52545615919103,0.2685760849558676,-22.484799919856997,87.09123112119522,20.258881979903236,80.02794656514007,63.495894552424886,-1
-86.95908174790159,53.02131832662619,25.117916693950534,28.564737655086333,23.3878276096096,75.40331232353424,97.62351541251834,-56.0637098853729,-43.73740398988837,-17.890927960031533,-1
98.42712789571655,-57.08869573399955,-29.369119543492445,-25.691755110082283,74.11912674525689,32.98505012928186,-36.12350268750484,-42.92026772354054,-62.018498646498756,-25.236771156041286,-1
-0.7077695289400481,-5.858810536812513,-64.95514152677694,-43.73790590585149,-21.586389389525507,-94.23691978927886,64.2719534435546,23.83424199946205,54.998508287791736,12.01389041730971,1
-91.84497168904721,-59.29302522262072,-0.36985594977032576,16.388728301156604,-8.740071641888832,91.3270026955226,64.3699860792378,24.130447395877397,-52.23698459736414,74.6657905819851,-1
-78.0527602644993,99.84145978868816,81.94366238155519,3.8526828975688545,-87.34919382514153,52.200525552004734,-33.94087540637449,-52.45934320822943,-19.090197553419472,-42.65232936022743,1
-39.41381887191415,-17.807878392819347,1.292223753415982,76.4108808557537,44.715642328229876,-73.37118817331913,-81.29534073460054,8.205804174919024,-98.92320247761621,-44.921910049829286,1
72.93178437162803,-20.389031864212456,-56.16313086953366,-33.024741304093254,78.70415091780819,-87.31573508393387,4.87104842883619,-78.2955192879806,30.439348451174624,96.61104787149836,-1
24.829781569826807,42.08436300248235,-59.507563272233725,57.93988606310293,47.35211894641998,-61.99524148146931,22.048654850469745,25.22243612669108,-10.931781864465506,76.18360519036881,1
-8.349421901696672,8.757414078349385,91.53269496179465,-72.72292141326464,-35.255153802618324,-23.001610452828317,-96.62452182841213,-11.992238895362831,-39.084000425592926,22.106548142825915,1
73.72463359112217,83.95851435588725,-53.806730356793686,0.20411440312501838,67.04938977710032,-43.96518627767527,-30.64715889169092,-29.64560888973506,69.60605130229041,-47.37018328914626,1
-45.88814870240172,1.662338855338902,4.94150823645316,68.96321051442868,-31.683389542082935,-75.31199806138049,-96.79353111479396,-90.02549183612507,-23.596157217402265,-49.70030770773548,1
-32.95839052582545,53.99472364132018,-14.090175295864896,1.1530884669610941,26.014629972189837,25.385576525497953,-61.17379498884943,-29.25801333619509,7.723078762235389,70.40177871444874,1
-77.76050353876974,40.806290518331366,62.883839442935,-61.16758451709807,25.004599786298414,-49.34582086650596,-12.106852137210097,-38.80241405203317,37.0004824600548,-14.82076756572566,1
-62.716039029205085,33.381077336842054,21.661805620711917,-17.13991763380119,21.285298160988148,-56.88894661685169,-49.06152355058615,-5.822239854442216,67.98297732920312,36.05483970715275,1
-93.29351305284412,74.94872993131321,59.0574089594445,-72.7544443363102,-27.945256053397884,65.3085312144753,52.2428381303277,-74.91694954563405,-30.431513612975223,-25.657778841314098,-1
-48.03735825099316,-85.18501855791045,-91.44334635054642,-77.77043450657821,-11.804922310718254,96.66431952744713,-72.6396038593716,72.36150919287468,2.444527981473499,29.048668473347078,-1
-53.00531900080945,-57.79866165849479,2.297353841766707,-70.26013634049036,64.028813590374,-23.864702951706334,-88.38574085662789,24.042359940764072,10.800028698484624,-51.5658719325504,-1
53.949324571417435,63.16417020505904,70.95566925911584,89.76016593552708,84.05165002235483,-47.86632086647842,-7.5531654303107985,97.04942348949425,4.099684300650708,48.23688505058033,1
18.127566798927546,64.36029185084007,-9.57955884713715,50.98536732753894,33.15861903952316,-5.84184439155689,27.42331495292258,-65.05238152891349,50.35776616199729,-87.64228325235092,-1
42.91918454001248,-44.19834193044068,-49.35092739194984,49.23010076535758,0.15589818812028966,-55.31907507275471,87.36911925689927,-25.202442994287665,-98.40362433129204,-27.063983945255927,-1
51.027451134723805,-44.980223688175116,-38.04708336296259,84.00016694993099,-79.71837075249384,47.82090724174145,-68.39028347968039,18.268126663336034,86.519599356475,-54.371135085560574,1
53.072672771608154,54.97668645058974,2.865295781971767,79.65392992676885,30.21579514985052,-12.28932370233747,16.39467160828123,-81.2740056037766,30.896878136474044,74.08788932279379,1
-19.303806194600085,-32.23976601457741,73.69306824247371,85.38812462402174,-98.561408798428,-85.03022990288738,-56.659686690500365,30.958184054983747,-5.941622125708832,-94.75418429060083,1
-43.56258506135997,24.301462227616824,-36.61094227288291,-72.64899527732248,-25.053597309375704,-79.80723775175977,-50.88914999612164,-81.13411734766638,13.274245389474729,-12.246044076273549,1
-18.20941111714602,-44.261136814294844,-4.424584575453878,-95.67213501096725,56.33624159192394,-74.6114936822114,-48.60168724843816,46.59175607703929,21.007224131039678,54.894252508498596,1
33.714529344582814,-46.445137079176504,62.40665860519877,31.822704324309484,-95.41031411201106,44.29812551380397,-4.436538329265829,19.9425469267874,-82.29602751748739,37.25577326394284,1
-87.32500590544645,83.05798807585478,-80.75070177185673,-57.78882214662988,51.37334039156377,-21.658293837045477,95.53223696074608,-93.09004374366204,-7.679796021255811,24.00300014551202,-1
-75.39934097525088,-1.3505013948028335,66.11666502289026,45.418545844847216,21.080026750104807,5.541084186858768,-1.2236589241500013,87.83382296508123,34.99512347325583,-55.02259806408898,1
65.00988203601241,53.26081422378002,-16.78595288934399,-48.20356451360666,-82.14282021641284,62.79613463455976,72.15398094561573,-23.569430560490872,-91.71589138225995,-31.109062311764177,-1
-77.03263505215929,50.96549167246624,76.54841524141608,-42.94726761169343,38.44677492908414,-44.820236615630435,48.910519240753246,-15.57879044468639,-64.74029867032094,-20.07706916590557,1
57.71944224490616,-37.92582217837599,41.979086676290706,-96.78823546397726,17.361994527066216,-61.90663530042997,-83.13407803216421,-23.323297854528974,7.569185934786191,59.18768336560362,1
-40.5425591437347,-92.22526059666214,93.07774073268592,-16.099851957732298,-48.98271377614134,-58.34696229305904,75.05736096325774,47.81463412535166,-20.079531545772895,12.567264088073784,1
-51.59099682749451,-48.866755333637116,-43.66939806310724,-57.60818194840529,9.744697669814713,44.361959177143405,-35.5192979758701,-42.518122332296684,70.43810662095649,58.46693936319275,-1
-86.68705441715542,68.28795199124895,-56.01313723388375,31.895935657357143,-2.8353265697398626,-51.81488150568438,-7.408036910998874,42.925857837267955,11.797915649320373,1.7985899266286651,1
-87.48703155610968,75.62303939714027,-39.16350447429677,46.2262217928847,27.927641860699154,-3.3112803170853624,-19.630475659162713,34.93552570230716,90.96612794866076,-78.19340251609333,1
84.48685673122489,-41.87140613869378,71.72991578052617,-11.187052521149624,6.371421871432872,87.00615466715999,1.2174385557060674,-42.23279030443676,76.61559218353452,25.80188220023541,-1
-1.492923857142145,-40.786897992210584,72.40354322600336,69.96045216047074,-69.09963770093933,40.35179705578861,43.24015571071536,89.38349397308468,83.9795738477593,37.22386893068793,1
67.96032133288534,95.21566649450378,-78.73883573740972,-29.43879814681884,80.26353303271685,-75.60511313948098,-45.03925888612243,19.839785523447546,-14.824051811188355,-28.37462524480891,1
22.00148341589714,-17.030629939681006,72.4760769048548,87.69329252355263,-21.75931165711495,68.35208164265836,-65.50018799590214,-55.534661759117164,50.08217973025344,-93.26735916607333,-1
-44.736178306829274,-80.20627531825863,34.78888981460469,90.06490779345467,50.00443807755616,-22.127767100443066,45.63806019615845,71.44026937458162,-34.0839863402519,74.37442385387541,-1
-33.15122183660783,29.030016660180678,38.52268868502014,31.494273771230695,84.05251959899078,-12.808002174247179,45.992916284090796,5.96520888275866,-76.11755151867708,-41.22285348929016,-1
-26.727631341261656,43.84904011516636,-98.3553737222217,54.62773457705549,34.59283462236314,-11.299723489991692,35.61590203818625,-4.796392423178531,16.002003521302896,-54.30940002562936,-1
-79.17828360308523,99.12903533486985,20.040509418516137,-63.90339838637347,0.27755360097681603,-86.32582413788204,-34.29290460861037,-35.41960204266586,-69.74124086092189,-31.196269969222115,1
-89.04767223559374,85.75268424109848,-59.66000747379492,-87.02527243297855,-6.433532125651524,51.16762507533494,36.598749247113886,-24.592165084745858,-5.865084666717806,61.06010173187437,-1
-12.157879750056537,-38.91730029144973,-70.33965303845058,10.067299552388292,-1.7633599140793876,-69.03373636131064,41.43212417365419,25.107929446719496,-39.01336117947039,29.387561014362802,-1
67.66574094222756,5.741463976810522,-17.44738545024127,6.993341133080875,63.78967486226773,71.97917205197592,-1.0210785252506014,12.983550996641611,-20.808889755151938,-91.56895592980932,-1
10.694355241969973,22.83674479690785,-97.27912090986635,29.138773676783586,-48.6059844561711,9.425590846106473,75.81865807167787,-88.82585198152542,-91.89087591836972,-34.016914217511186,-1
50.47490588753601,-35.853283537685755,11.8603744153654,-28.86252202112513,-35.712850938596574,80.3862918185863,43.936630616537855,-58.633683786970934,-3.6567361494903423,1.8121376600693395,-1
-53.59636393823786,52.140961208779004,75.79846155173001,41.77142264085495,-2.022711942046101,-41.76438705021697,-12.911301641080158,-13.785162968698089,86.92568123373047,-52.83270005914626,1
-17.17178635686676,75.28418872089856,-45.66107676614814,-84.5946607257537,59.828877794332726,-58.56461450271793,38.2888854830623,-4.825660708826888,63.27344086343288,-93.04647937375104,-1
49.29828102360483,48.47398741795638,-36.98870067848012,-80.4780003540585,-12.11154374090249,51.15348018985847,-79.90668413912773,0.3417060956229818,-46.22838331622896,29.939103516880465,1
35.699993658527575,65.67562912032926,42.38074848826102,69.39971995145368,-39.79478259166023,-95.51848070412655,-93.6002962636103,70.98359029611225,27.05226093544553,9.591522371575081,1
-55.28083229610947,68.9728170821017,59.699192720782605,48.16353158642306,-3.4579907521716393,52.34969938577706,-23.107802149242104,44.20916726021568,37.93798943049879,81.03428370442478,1
14.521446576404486,-50.41351003883856,-98.37981167053552,98.1391131798361,17.176448997918413,93.05156623104239,-91.87810193942185,-53.99753199696708,47.26724530932887,67.75091559799026,-1
10.742297071602238,27.85257663627256,66.56980831828852,6.94794308270221,20.610853586496347,41.85390883444009,-39.0309513866455,-73.48649222746837,-90.73661217066989,-21.559302550081824,-1
-67.86408305763096,-64.50363300179765,-43.018275391646974,99.5403083617048,-53.663806915327086,93.73162714004235,-35.26072969004383,74.08606249016506,-96.8929874032104,-60.064608708455935,-1
61.4880310328125,-36.392077661096025,-95.89781613592177,13.809314978734832,39.165703072430404,-38.504812958883505,-30.20951770972917,36.12256241349297,48.038883825923534,-33.95137905949417,-1
-46.16768580167416,-20.299594239203927,98.18349495890246,38.67940525450692,-74.40836717833943,-71.01568953237269,75.55663199100493,78.73107201237778,18.171721262902224,-38.199150333523924,1
55.903340284812685,15.109901566220657,-55.30024912907115,-3.2699241647729593,-69.2511942832088,59.69835411061089,70.76385437265807,-99.86190510359015,58.38929494624978,3.9569515972362126,-1
-59.19287307422023,-23.286521798541585,-0.15769929334665278,66.01307443915587,71.5534185732817,25.96883537590034,89.4593926785717,-82.32055061567445,27.32279594312172,-89.84745823729145,-1
-79.79083779787067,-14.46618283516618,14.429375557280053,52.50513541879519,53.69624585746121,-47.63655634656436,48.52796662918615,-51.24668566086468,-88.4849021969832,17.580513838456596,-1
17.67044419663067,14.267905690615422,52.44651240883857,7.274404744825148,35.14773293070837,-37.53077125628164,-20.181053161049164,-98.60076290470265,33.20816083093686,-64.69504761056204,-1
-91.92983462806006,-24.008009548049486,68.07230107706374,23.606496836227436,29.061185803521028,61.71055924548426,86.88132932309983,28.646200532193347,-7.846655556049711,25.633200607802635,-1
-72.72570488264606,-47.289704100644435,-81.7976386234966,59.60931656736409,8.265771853960757,-36.28259600850872,-11.39089846170667,61.435731130144546,-41.20468205423919,3.3007753155262662,1
36.64960565792916,10.337593561292337,72.35476795787093,-18.279005855351983,-24.65895951681547,89.20872885608509,-60.86379005168248,-5.009706825002908,1.4477641708751747,68.90919026845873,1
-49.121683831630605,14.062501565300778,-2.437303638480202,-24.069196826265355,11.967360570717943,55.426810613154004,-64.26735893375923,57.57741343633225,58.84677712948306,2.090603524874652,1
-11.490897037050885,59.01457623623281,-51.70715436015678,-36.214856913622114,40.584199612393604,-2.863955856092275,83.80573027802163,-98.69309197141818,37.32262919373517,-84.24813199997143,-1
32.486802340213615,-17.30684665796798,-65.2926160722233,-63.267692243622854,-20.51294552258487,-51.31751358397272,-25.81038447396662,-86.17982444292119,-16.90228599874213,1.9931094131739258,-1
90.680575876419,3.4802579649932284,-27.33324361674714,2.186115318829536,-57.05329952315432,-39.45706699524587,6.081624682712558,-32.28052915866546,8.148609428769888,63.00780321647454,1
60.99779993615394,-4.965826795474342,-62.879187208913365,-9.343070732468362,-58.0145145441014,41.016806922821814,63.981359680775114,-2.755897358488852,47.923633257394926,23.577283438974746,-1
-76.04757363614976,19.269299499355185,-57.10835413516768,-50.19600757864584,-61.3669577756458,0.16625325732040608,29.31565609156337,33.149744463887004,2.9002555250919926,-76.03354081630933,1
86.95910349855666,39.35910279286824,-11.342802784152099,-36.69957201794185,70.76447490924531,36.3757252052111,-22.250601521415604,75.09116038152806,33.756544882654424,25.68505368213505,1
10.870810502280136,-83.48556839294457,-17.18643484643671,28.85763130555577,-75.51783866268661,-90.55427206690649,28.689104193548957,-61.01996766683027,62.05784605018877,-63.099164020973284,-1
28.19310561975155,78.06051142270405,-98.24504898761643,-1.0663435545313291,36.824054141175765,49.80773106272781,-12.460170647997444,36.10191342606697,85.86019995079798,32.20883001719855,1
29.749422779003623,10.98196676508178,-88.79417335021726,10.632655934278006,59.255675659565696,-70.60683179829176,-68.3693313591708,-1.8660562616571639,-28.721396473405164,-56.56662998436586,1
-85.56031820416483,-7.857565730344902,71.83643988222167,8.602502002869116,-89.19208153041953,19.928240789497664,84.52924827658356,-47.7234993141471,68.23488691357943,-66.79055425597484,-1
64.37201185807123,68.32440150855481,0.14698122883967812,-93.00023174720286,66.78167478490386,-48.812208464674754,56.04125161459092,18.796856762500553,-70.61042322032236,75.7756557291087,-1
75.6067025688914,6.974551151751058,65.90463310015093,73.72545309590635,50.787308853273345,10.33046476384716,-33.754742115270005,66.53124527594653,-38.2905805677658,41.550053921398955,1
74.29211803754353,26.154084034524132,-65.66120137430175,65.43734284906435,17.58844767765291,50.612609257480045,-70.71760241836667,-73.96629108605224,56.024454612197616,92.84324171758198,-1
-3.3920604882220005,-64.86554040628309,-18.53301589934786,61.930466414090375,-51.739671549007205,-5.052477002539831,-67.32363844672344,33.15756380647068,13.012564149419063,-16.878337223875278,1
-71.02102558175538,81.76529954337246,-43.95671860188579,90.87572004417862,-53.33954248834172,68.80939307357286,67.78641471253323,43.17009285916188,-55.414701855890215,82.09527264483467,1
2.53095062901059,0.2882947395821418,-78.8442186211866,66.49735492392901,-66.04099901286413,65.22773207106633,44.17777759243896,-13.979219878023457,-41.400763976916856,45.83217579590854,-1
67.47341595403014,-41.01377283922714,-53.01028743332146,-25.44459084214266,76.87723349077166,65.35251639673046,-18.016231026582048,92.33682951519583,-69.32089090466175,-29.699384352002653,-1
-78.42171460133912,-92.01549348724976,-66.37178282105059,-94.66136828262914,-61.42125126372453,71.08657066061554,31.555721400908,-67.89937441351714,-2.4556273637669648,62.18269129928487,-1
50.84965193641614,54.50451835250888,26.398268826293773,-20.896611378488572,32.64286545969122,86.05918814528582,13.731845798297584,57.948965334897196,-16.981246033196044,-87.61592662539496,-1
-17.60838099317961,18.174384594851702,-66.04461204837557,12.131370700136372,-3.3527687509696165,25.98939213966777,30.61320057498267,93.80810888282974,-44.710151008367795,-87.50776232953828,-1
81.92536388731847,82.86808853329671,55.71060510370842,18.910512472189595,-91.33225333950405,37.956550228008894,22.5516481684227,85.51316836793092,13.454592885639016,-28.8782126742762,1
3.001131941944621,-42.23800600918209,0.8353640676085945,-42.7824443590062,-84.4862185475731,-59.12950389432101,-43.26240807665822,22.26155307851792,-90.96883757847993,-41.1935431937938,1
52.460524900191984,-54.387636619996016,67.27385860201727,19.479778237430594,-15.43930551023631,-30.41969189043165,86.56540031245115,-30.03074639516889,-54.72157096335521,-86.57613512324932,-1
71.14745178115726,49.94514935670867,97.59652888405219,-62.39024937061828,-89.24497441025684,80.74838986186552,-82.93643515083372,53.024360693177215,-76.93297667798645,45.9416063623481,1
91.35996309685723,2.9142232535600954,-66.87598811796573,-84.30151510661872,94.68052178567123,-22.53105367284502,-35.28323735276946,-48.09533540457311,11.574551997827328,-87.46269851968056,-1
57.13032361604638,91.19601176521445,82.76295966724248,82.33660086594719,97.09635011432033,-52.45639479584155,-79.9594930325372,50.048077458503656,-8.107067099110154,60.44376172219722,1
-49.065875590789766,97.855989021277,71.59149107950168,-16.66392391371241,-63.514662902177264,-29.93938895740513,32.69201962594957,-46.32090879753199,60.05057624699461,81.64729875530432,1
-83.87691896607964,-46.9753477108521,-68.9197742521969,52.483924329144685,94.53375800671523,-24.286629962172682,69.59554344777129,-10.105397959265815,-36.232385033333394,-25.167313330274283,-1
-5.501328998697289,-71.90019804089653,-57.21542590005646,-21.650382478957653,77.66103045932948,62.25256993338556,90.25283387892202,-28.83448259133121,-74.39010303526385,-23.03220792429164,-1
93.98197043239887,41.32082579884354,45.8067485658988,-65.71355910505639,-93.42745484097203,3.112788944299055,79.12542624067984,-60.573455628389894,10.627944667790914,52.24626708132803,-1
-22.119012204224944,-85.8167617122861,9.85500162564972,-25.62040188501176,14.1844303600746,46.68118898292144,83.89382085666486,-47.739283018836986,-80.20189266225948,-53.41999313531325,-1
43.02500396337757,-78.07436111931204,-33.55444718674323,-45.359633665403585,-48.1254932951608,70.29088283560333,49.288166604418336,-33.03917798364999,-36.07172385248709,-60.6009101946444,-1
-18.019022060742344,-20.056089805114482,69.43149140062155,53.235279893982266,-14.28147858096574,13.129512675079496,66.41319509641798,17.000012500507793,63.45688992720392,82.64246879559266,1
-97.8008342683039,-31.685922593686414,36.03170935177573,9.249593520577704,-45.644245158339736,77.75540510058948,56.39014748518579,-65.50722662962349,40.69455442606622,-23.887257322801617,-1
-4.632224453375116,-49.51723740468796,-70.82617460922079,-37.402163501224784,-81.16150858337257,-52.27006195342925,-62.90977225895775,30.062154379117203,42.38568742301362,5.28092020921666,1
49.48888131933879,5.491292744346438,-56.440176976715684,-3.965311628082091,-6.52825455456383,-61.0352675110136,-52.696355831055875,28.739647396861443,-82.8338129977994,21.80833598896173,1
-72.00252465564742,74.25437019002342,-77.13537717617496,-95.11713703555557,-20.979849397042145,76.90019265303175,20.1316089992724,-47.200255629222234,-62.97934544889878,36.85964452729772,-1
-74.09701574343916,34.41190053234709,-12.139345534400618,-53.18750148558502,25.134642477751726,-42.61501161243684,-45.07713303687338,89.3478643348889,69.85193745369008,-43.01455384870585,1
94.7600826714299,-76.71089518305772,-59.146489353296026,0.2994191072127421,97.91643846375567,-70.25313338352373,3.114123043742893,-27.134915326769388,-50.126310051460244,53.28489851680743,-1
-44.28193219360828,-36.86630376718681,-58.323264198234924,93.32299845284285,-36.880232942885094,21.811783238829634,82.74342876973435,37.541837728266444,-36.70087158976803,-78.92071884151963,-1
-78.86706314765121,63.59269886983071,27.20807102637717,-84.74968713074931,50.45158529476521,-16.316043246534463,97.64299058315626,-81.92549558999139,68.56297071690233,54.30916832546009,-1
-44.942357309627965,92.43718189836002,95.10863874479068,-74.36900308737347,60.87392500164805,-16.412458614816956,-50.82256998352284,-20.599793445188453,-70.92326900982806,87.30623266847778,1
2.770892841353543,24.988754081566398,5.581965588784854,-18.597841552535527,26.776768043922303,46.14938336949902,56.76304892604753,-50.62595069377198,-59.0443516764674,61.84483827172923,-1
27.55482836911831,-95.30819565576911,-22.24097620771947,1.463700135929784,77.68522843757137,-16.63395502719102,47.07598318920009,-46.949987008673524,-16.003478385274335,50.98114151940865,-1
24.748616972801813,-49.27150513172489,-55.97411583284717,-82.96656665788873,-85.60361258871426,-27.294185022084562,-63.85320591044075,-17.83571542834946,44.78055997869305,-60.072828707269906,1
39.02891080951875,-5.859800101787684,-17.15988913907131,-67.41677904694185,26.1033970427996,38.89524588333268,17.569019290532225,90.60608369264719,23.695658851387293,82.8977874027855,1
-97.7394926821955,11.362428628148024,53.84624070828755,-17.615474421167463,75.06103135136033,-30.2113956004697,91.51587551732126,13.550413825644284,95.52252032942911,-50.415063450238826,-1
-26.456839388113295,-29.04054206872226,-47.92052825098567,91.8386972917043,63.45885231773096,61.997575003418035,-86.02078851782598,59.36247231726159,76.09152029029704,20.83818244488836,1
-7.5988392711734605,99.87006009444005,43.2255280953475,-31.69037661536474,-56.243863547461274,64.49847530121116,-41.62700332005447,6.993922471579793,-70.07478336093112,-17.45685998083158,1
93.02373928720911,-68.61947517077598,-26.990861304777297,36.655322084477945,55.71109198230769,-9.547797984951885,-55.63608544760117,-97.20272762537006,34.796343284975535,3.728883793590157,-1
-76.68338508886066,-65.96947177109662,-61.85654939905094,68.72760256915888,-31.97159585044858,-90.72636623726997,-42.00198391726453,82.71861630905937,-47.92709489956226,97.18805395562737,1
89.13962940005646,-3.2406206834407385,51.39895189793111,-93.77828316251677,83.1913190931356,-85.15457682630907,-48.489512330920824,52.82466959302664,-5.7543665360110055,69.4820684814091,1
-92.79623634171472,-72.72577899410832,-6.386907914753763,-18.65152256173772,-70.81420408153338,14.831109086473447,-54.585336663939074,88.59641830419568,-39.92077808126226,-65.70581081227337,1
29.87576404732448,-93.31240288778046,19.928028813793247,-15.974384200876386,33.069926452713304,8.926997479265737,47.9539263284386,-97.16674780757302,-74.58935534166673,-52.10639229678738,-1
87.59304628677884,-49.55951956813382,9.933933800738217,-24.94038492537601,1.6833102715033732,-45.19142161468075,26.117424294025795,-79.42688343916907,10.146936531577012,-13.514024071966162,-1
-34.36410344047761,-85.53032323278853,-20.569500011415926,79.72236152684445,53.360733041391484,15.522180914750038,35.85372500900297,-99.49824503154065,-83.8467134964921,-53.52955099216248,-1
28.39430008865321,-45.86327913965378,83.48517056090023,70.1044219209949,-14.00149199513865,-35.10530833537777,-8.261956589696155,-28.651642190818023,-70.16978127964887,-13.163561852067332,1
-65.12671419900171,63.331048640324695,-87.03315624276175,42.8635941220746,-73.79155817091352,76.51057269702025,-33.15871163374689,18.02775711244773,70.07095655472062,80.0116315346273,1
-56.073014281086195,-72.34489446443828,83.10334574333933,-46.18978898390287,86.3958439114763,74.7470605906878,61.583740330498614,-45.16110732634171,95.56793085408398,-9.38874118281528,-1
-58.233812901082004,44.302355968684736,37.86802312652088,19.83941820422163,21.506758255610038,72.60960868826598,51.003839608066926,95.29169659588038,-98.20432314865862,-97.43706988229981,-1
81.90969460242766,-5.441330939683397,54.67062269668591,43.17390871664699,44.99645184191934,82.24702593911917,93.63159004232824,54.74717691617025,-8.251780554061668,-56.44643277232826,-1
45.0515320830273,13.8460424182896,19.525798639111997,91.80168872174522,-57.62669205353952,26.3395185646214,38.963550604276975,47.972356272782974,58.31969309490296,91.2812178357974,1
-89.54842414279524,58.532495350323416,94.84850510434731,-95.64221004754889,60.50040677308806,-33.20315634679969,56.46789154765014,20.83069413307237,21.77777708143587,-79.31836780730347,1
-81.2036120318262,78.22801835870189,65.78597823860241,-10.172062308121795,-54.63058089978872,-44.14427242030157,-11.296023904834328,90.88981733136575,-93.52487267212688,85.33775771574946,1
24.659625365511587,-78.76792929050656,11.390418332835054,-6.022018391712081,1.4427363356179512,95.24192115928659,84.85114528760016,-60.97841365487562,-12.020098083328918,-89.45242074218564,-1
66.5859431148456,15.717069718589954,-75.4519890650759,15.564301254322771,31.389347842270354,29.265889099427966,48.4332054200253,58.010453698412164,-37.088708936116774,-21.02674675492699,-1
-62.712347571149095,70.50852897510006,65.2538299725162,-21.87186903913218,-88.49464325706917,88.59309913700915,-24.66737219948685,-8.099011531828396,-4.473809581191659,87.16529337958852,1
-35.990079793877655,-30.389608904535905,94.59547608406098,86.45642881415617,-15.640236143093816,41.440174589806446,71.58850635488324,-4.529656895100203,52.33242325873968,-55.029719350338624,-1
-30.866543335227362,94.51364712994737,-49.19577018088746,32.07728805426879,36.31150692587906,6.605500972540398,63.6997118434021,-21.829663873498077,18.896449765208033,-45.11605625096258,-1
2.9634707859380427,65.52205226983065,-6.606518167240424,-3.6624462676924168,49.04402533830361,68.04659590952548,-91.52815147122153,-26.24622393317246,26.159463973238914,-10.252236375089964,1
-34.43143242283635,89.34158300677763,-89.75209177071505,-39.260306174210655,84.65481727070988,-96.10882743709068,5.933383265903018,-46.08611364613138,-29.31840405381132,49.79901693291299,1
-48.281681773043196,87.31312233160122,37.77329688511122,-78.37008039734748,-47.2431795103452,-62.81843292920921,61.73843123782848,53.615406050047824,-59.22533815357698,-93.43748941098275,1
-84.62758494476729,5.716840287488466,76.26497789299034,38.144578845793774,-12.685775338281786,-12.54909986338157,-80.67571910773219,-17.48020063071425,44.43487428287662,72.94179101227266,1
94.21164903307354,-80.1524670160638,-3.1054381933614934,-11.770234990639622,-55.44837729057868,-81.88111885048667,82.6176356103878,-65.62776868029363,-57.0930443546773,-71.62527235992853,-1
-58.841124602115656,-99.9518250964267,1.3107631762835297,41.3121628645996,-49.20251015899566,-29.976384107775004,-67.5361009355945,2.962885885579027,-27.05907355538713,36.51419099404393,1
-29.408299309528687,-55.75243603866327,-63.7899279055705,49.14822731028053,58.155361714515806,84.81146307200137,25.235308538493427,-88.4051107884174,53.14808484090628,-36.63115470093508,-1
-75.50042760680216,-17.052839494001248,-18.72002942910052,72.45850591084229,33.96850174052233,33.63008642324158,82.25626748512343,71.20353135016714,0.36630431366350535,19.19212690235217,-1
-95.19899103102223,-47.11914041407093,24.174837511360252,80.82158109152715,12.80475872043641,62.97925805059472,-35.45962585221285,-99.13161444781076,21.80470460195653,22.761721158652065,-1
-70.61561528324584,60.85223087569,-89.46533363406057,-0.29850669517972506,-27.45323635661117,89.24004239534688,-85.89059912629374,64.97936144175986,60.62037416108683,81.86738359584129,1
91.06693730078567,-67.05382078378766,-55.75569716354016,45.0782492317889,-10.213710913297746,30.4028254337901,-64.22866303446912,-41.22112003363152,9.457033539236818,-49.882828944915715,-1
-7.688505116042023,86.34628495076493,-77.7805582308019,-14.538791353102013,-12.729735207362154,33.07732475700641,29.962406249576958,78.37669810305869,26.60600406579816,26.303720314879712,1
-41.66748425813935,27.644883008122292,-47.1014253305043,-32.50506099266539,7.497630566838325,62.16197929649431,-80.23009414667747,11.441182136409793,-73.43226864318024,-32.58416940130424,1
-65.63410792846831,-62.653401180525805,-34.18743661981809,85.22656775464674,-27.11905877275254,-35.341579837200584,17.96214915350771,-82.20791324368642,-25.94352099536937,-42.139214437209674,-1
-11.32399712416246,-99.91969119493203,-80.04739919237329,-22.645958279408475,-96.95550570170184,20.310729928703594,56.291259821618326,-7.449783674044312,92.85971370335247,55.89741205469787,-1
96.22874635836439,-56.135919757723585,-65.12865846982567,-6.575381461372103,45.57552441423465,79.78963711620887,-73.21419451406193,21.070397311905936,6.208984891129134,-5.1798141842375856,-1
-62.94592892333526,72.24644545207718,-5.507934229210477,-79.5173753746403,-44.76323711869925,-81.19118480466929,61.415716167148105,67.48752456434269,-93.12058376937289,70.35818231427123,1
69.9294781354823,-70.89690344252817,-33.8734090280916,-43.13121803604134,-85.81733784280179,36.05452379316057,-60.09547181975417,34.31481266204085,-91.13134522742799,-60.92585309730547,-1
-4.516762103929267,-23.77989727763719,-28.370626719661374,-53.12568271923885,-70.35617803929668,13.607900507351232,26.774505261295275,84.29369574523116,52.37992101744297,-31.115134942157965,1
45.796212331163275,33.86967015255922,94.65214867277987,-35.35064321119859,-57.023805581442176,16.08200463559453,50.481528571837146,-91.06495846290946,-39.30447163838715,39.623849162458555,-1
-64.51209124405543,93.39370292366306,95.12099371782242,-49.651107143493924,14.982516835580071,-3.2413533890972843,64.76329543344909,-0.1964332342082855,-58.398580508998556,-71.34895912184429,1
-9.646464252554182,-15.950079638491616,50.87519110498192,-40.2359530377165,72.66123339558959,40.09700200996264,-40.08205817334578,46.614154702370286,62.41863602935899,-83.07573157148447,-1
-23.80174526632001,-31.391198841397966,-20.26814249631758,78.00145493881155,-13.77742243633007,53.26959276621116,-61.69540111589213,-32.84220743266695,38.6740796546913,6.6460665228205755,-1
3.615753247763081,-17.33150802576155,24.518759312537995,87.46791262494,97.51076577231308,39.95878842496333,9.653389373495997,18.863662229447,86.79037748056948,5.996103721936748,-1
-92.88195383870472,70.37759649407664,61.181129403780375,7.30715472514207,-74.35035887098702,37.163086624353525,-33.50349251481184,-15.258346181793357,40.75298304016022,-55.281286111718366,1
88.04604828499151,70.6634373333172,-79.9265009809892,-20.32446486811388,-15.378903744734032,-34.43980627157808,64.3008430814686,54.41670848886156,78.68391212398186,17.990396619522684,1
-11.91172993751519,-32.06787590371145,-75.77228523021971,-54.05306917629429,80.82814978086,20.273435362600623,83.150347797228,5.719682433393203,-79.44789291165245,33.91314563341302,-1
3.4892703510082583,-89.89850583354357,-37.09078047932848,-95.38944331095797,56.98243089014582,-63.90865664366383,47.74219148006162,-86.47959374417908,32.49985225252624,9.947270359251561,-1
16.5428898689363,-53.628077223430324,-36.123176633262965,4.4486503133768025,19.17686765120621,-73.98368562163648,38.68272053221858,49.168508147510664,78.61403830301472,21.38474353616415,-1
-52.163979156814875,-41.76070900067516,-37.7188709910244,-11.737777522307951,4.114021373976186,31.660175680880656,-77.13383023411305,-29.86270190051974,-16.579056751195154,14.846690723638915,-1
74.73542283726775,-19.296001511957755,50.99574662983264,-27.476609682907593,-12.37986224179022,-7.8926756326048775,-22.743602678076897,26.399520988646728,-97.30711875373643,19.022561794533274,1
-66.21298738556709,-46.371354077615834,-61.2599414428596,-31.738151902021315,70.23941749575232,-74.79239386624172,-3.4807123441665624,-81.7949129299226,-4.399504128337938,49.668182929106706,-1
72.94447525101063,-41.46898046651843,-93.84337955247197,2.9106182667560034,-0.793038118747134,25.92514365283367,-66.44920882689276,-47.84351122664845,-58.103679579848745,-77.65882205094843,-1
50.91387224114732,94.17083957354004,-96.52225141491321,79.39262434212338,-43.89909832450187,34.970482943869854,-79.45853986407212,-89.03060861466625,65.22799736421132,1.2935941676937688,1
-18.91543497216901,29.706831806668475,75.58831279992123,96.09232702196613,-81.4727262624388,-95.87736823282707,-37.34153037259935,-38.163320180992734,-44.93353988765736,-20.278879818386116,1
72.70950450290903,92.28351556931466,-87.17294955252335,5.22855193782928,42.67351071281408,59.97164435057823,1.1452361208212096,57.08864578705169,-80.2019554507163,-92.97222794355345,-1
2.53770220330172,12.747420289079898,-33.53801785200807,-21.412538994438663,-6.083859329634848,91.31697214505988,-87.18968862868807,-85.34236907611272,-13.443943283237942,75.54290352510287,-1
-25.565348950620574,4.104106728302909,-89.56300160672743,39.82776594015982,-58.54187128116954,73.02416084160214,20.347609954060857,96.93319587485388,-64.10842410810527,85.52187582588974,1
-1.4086056688279882,0.42632818390649163,-82.53452548830617,78.66859056083831,-26.52126815409359,46.06568434521421,56.699118196269865,-82.73902330777796,25.845375746461514,-92.03802247535215,-1
-95.48709765893055,-20.90218476328596,-13.254423420804457,33.10680003400279,88.32618390000445,19.36734239918836,-95.14609060212267,84.34583099783436,-66.1212155280242,20.714793155237004,1
41.812103890183295,-23.527333787674422,-95.37862944250395,26.896014634696044,-79.7750321767025,-75.71930003145073,-25.690122228913822,92.9388965200609,-41.205476530914794,-52.058747950735174,1
-23.61207206942082,41.957010044794515,-38.089366119469844,63.48953010139064,88.89379056230814,44.38266986236715,-62.52071073198615,30.091322360889023,32.93123981778774,30.35492730902331,1
-69.49219141714772,-79.96900049864661,67.44799990309187,-44.71789178126506,78.08329483100758,-0.4828592586261493,-94.67995390739891,-71.71927781712895,-69.84620528854579,-79.43415109466265,-1
15.257672033362638,-45.65648022036406,-86.6405845475656,13.745588329631971,-99.36653717231994,5.331123232591011,-64.25579280656896,-76.5878752510448,-31.833074506797715,-81.84546434632998,-1
58.43823896033521,-21.40984700172939,34.75012925177174,65.75161474866786,-68.1147586223396,-22.949172813444946,23.243886568252222,53.18596843384174,62.41775154460751,-70.74403828826523,1
87.47761329942378,-39.32714355716591,-73.96110802592666,26.667716368517887,98.10302309004251,64.52671106323288,8.295115126736746,-79.9724261914063,-27.737916884184827,-71.22411682724075,-1
-80.52662124175578,52.17829459224802,96.30827860886257,-79.93610016134411,37.282468748233015,42.06370483820871,26.09825443745251,40.91287921731788,86.05922029425022,2.8570787309417227,1
53.10257979822194,89.38057989210338,-79.9119164276068,-85.91200280594794,32.599179279780145,32.22420153242987,36.43096582976847,44.24588537641253,-74.04294452705219,12.754754710193964,-1
39.285961407221436,-17.65046648195137,40.407133696428446,-80.61831306443779,93.44069116843869,-32.911318699952744,-80.55240618088366,-63.17058704305663,-85.55386533727001,-22.58013091801392,-1
34.21863141719521,-11.243284143532861,85.06594737491966,-1.013535132152768,-54.55103442238774,-87.62564782165032,66.08304817098528,-31.89267768528208,-76.89214870578216,48.663538916655455,1
-86.31185815147478,-75.07715845849576,51.66114270265865,80.20769954680463,-90.31535471654617,-46.13670097884541,-49.56920757997747,84.94003165279912,81.74617440326668,-14.408456905913553,1
19.431061198060377,-7.47614561325409,-21.44996329225802,-23.162169589203984,8.653568319683075,-38.95854747600176,-2.4662341537840433,-51.85064151686936,-83.39123707088714,-38.824647613798405,-1
41.80925234448654,-62.30002944088777,66.55173369054285,-94.74304553247859,45.24055752782007,49.36543509261418,-18.801623518124202,-68.22780717130968,-88.98200851152707,-81.52101736164815,-1
-36.7687790046499,97.67411334431421,40.8171337284671,33.989836200616026,58.11124775252745,-45.4427058638337,-95.66222862474214,96.06429850061733,18.81443086511574,-98.42832465951837,1
65.68773418779816,49.60694786831775,-4.8406370010797986,47.09145033508426,6.0471385451782425,-28.158093502097103,65.0047906102366,4.420237041259895,-30.627604099563072,34.8039975632621,1
-62.16084152192902,28.33514203229919,-56.568933301787006,73.89182056808087,-80.58613436901268,-24.269705749526764,61.59067930919494,40.771049129776884,-81.62092694653902,-46.707315035550835,1
12.255439513899248,-76.40550327438768,69.40240707781672,-19.970906543088176,-18.088253416648996,-58.36319487987516,33.47572790816503,-4.345389470388355,54.55756117429215,86.01770158939942,1
-94.5808014993033,-10.382902543384702,-79.95362436474278,-85.33670957584691,87.96532852884957,6.1073794093515374,80.58256707078363,19.991760611046644,59.38053665885138,-55.912010531805166,-1
-97.65867785381919,40.89872728233695,54.96555333092428,13.094426310050068,17.066108378012416,-23.259220087258072,88.8446283120642,-44.600343997189064,21.29388161908136,44.13467317135053,1
21.50897038028768,-39.44497434560657,-98.9321716060623,29.088366636699305,57.089006170447874,7.5129633165427805,26.328037985002652,64.9803215454267,-9.855239321839179,79.75468617034835,-1
41.479400006585536,92.29993584742945,-21.733432706761462,47.95899853157175,-16.6346992150296,14.665157870138046,36.454169359519625,38.32935911172805,83.96055014379976,22.024984599621305,1
95.46158159830074,-78.60174776507534,64.9893858921115,-8.274302513706829,8.234766027621077,-37.08658673473262,-60.403282110088405,-98.7197156285406,-4.041118296506568,-69.32395648442477,-1
56.378182599377936,-71.09695521860995,-7.493202924339897,50.214095769602096,-21.502039753153966,18.77624744289443,20.878102442182197,-53.555077115536086,-68.42565718111814,-95.56474868716806,-1
47.374748988836416,-84.29802630927803,-82.59328698168915,79.17338783157359,30.399028132714477,53.96323188753868,91.3117278161561,48.822418142279304,-70.54631516695761,-54.172158913304116,-1
-13.19580545824823,-90.51687277198302,54.85211368649027,-91.65504142929935,-69.37729381885332,46.90335485475387,94.32423993750555,-55.08967967146204,83.7666584345358,52.43276358155961,-1
-1.7808541233669644,-27.362175256754995,-89.74593350736934,-12.067693525881879,87.35362667442047,-70.43324108624347,-52.168979970535176,55.89042437916527,42.3860924633467,98.26121631179078,1
-84.97244365283825,-91.0823814531712,-28.62226754391976,28.748091675449302,53.86490078073615,92.78825339673071,-81.25790399144945,-31.66624368590199,-24.124002075008505,27.728240003075143,-1
-71.55012626256077,54.453511367501164,-75.78374035170745,-37.16651744160728,8.955119134404768,83.52429399133177,-40.37377518347114,38.69069073887573,-18.44246950157296,-31.14400160938304,1
34.72908349498155,52.15186167739,-65.95339351233389,-63.217589753434986,-48.43921660160615,-78.23521959745057,9.13530316731206,12.397589023676531,-17.987143472423384,-49.16476497710045,1
-85.76886422441805,-39.86887188785118,17.224069761099386,-97.4545436620159,71.6325354364715,42.14703573761162,-59.47538933357497,60.75141120275197,-17.03556679974261,6.532917480724791,-1
0.6690261212308144,32.2530612530183,60.750989513838135,35.70596908738847,1.522076655035164,-17.65009419774674,87.09254750156376,-37.721363836496934,-46.82625007616008,83.68023879792165,-1
39.204123610758444,-60.803963059647614,-41.54196545814936,-90.7102365428477,-67.63426774634189,21.00114395670846,13.031314515561604,-65.9123967714406,-63.75866365461289,-54.78436495419403,-1
97.46723171590918,71.0816324208576,-93.91553712134315,80.3976188586312,3.794771188877519,-7.133911720747463,-12.13022459772391,0.8971026535112685,0.9928499405901619,-42.075108438994626,1
-79.63926341009262,-0.8692158233505722,-33.15694132584804,-81.98522741062177,-28.526264170176248,93.29633180734876,60.968559732629586,-1.8454027355347478,-71.98779185615349,51.38613058971691,-1
-41.370453947797344,82.96842997033093,-86.76625565496383,36.05312574571491,62.835779327476104,-22.6899630550123,58.20207562845499,-70.20081968580791,96.83055306346989,-82.84131089741086,-1
-13.261133735923991,-89.22034192124224,-59.78330231879081,15.076340721988373,-67.79633343515272,15.575570650010874,-13.703272744924135,-6.817567449278243,75.77384703730078,-6.39323551758126,-1
-86.76696223311191,-55.40999828844928,-41.80831389640767,-6.4535457771059015,-88.53514582711884,-11.342703289554095,66.59228597173012,61.09901959332012,-65.01235106433072,45.32130450106058,1
15.012114691762932,2.0425832956244108,46.772796798796406,50.40886737652542,-18.106310331476124,-83.12190079262471,-73.86619351503283,68.95303831140228,-59.940915409326024,-25.960631775776918,1
-60.966696556269916,35.52223641991884,-37.06220522573469,38.45107791918093,-49.24747753100105,-45.36667911768462,36.21447821958489,-71.2617605211895,41.634330173936576,-42.7767957751153,1
-99.16251127440843,34.19494189715698,59.96589080998032,-89.30685517487431,-40.14542145119384,-30.153541818172627,14.348430438499335,74.0401062455737,-75.68760626165133,-7.901090950476416,1
-6.261368041005937,-93.12462832965495,52.84912417047602,-73.9121090933307,-75.01921107456653,-87.71041679114822,-29.207373781517518,45.26729355575711,98.52763516949136,-16.796651216951133,1
-76.00941165380604,-68.35185163694746,75.85452823658184,-16.87970662706644,-17.476064988193002,79.26866082693866,-92.6021009313565,-51.57735183347334,99.56970391178825,-63.72843027843482,-1
8.710572222797722,95.9910894716557,73.54947801634611,-87.8779285764373,-62.74656353742123,59.78263355717061,-78.1309585372994,0.3533841568007574,-62.590230632583044,-33.62335241593108,1
31.5690609206072,-46.39056252427245,-32.72625762325805,39.4716133667541,15.017141178474574,-30.083070022091917,4.623793367910878,-80.53358230973153,15.884114452588634,88.20577730107371,-1
61.12976107266837,29.739008506607092,68.54382470789372,64.4848769159617,-30.340116522762358,-86.39018899900721,-47.640684655821985,64.50496366838996,52.20576466816337,15.34266100217377,1
-16.206045244095122,-62.39178148224285,-18.268463558032778,-34.26052255654727,-10.247222314633063,47.34582974668115,47.40150361233694,89.94906960795373,-63.17617140767575,-42.70625951520297,-1
-96.17678111404719,-42.95113153864669,-6.383187962470657,47.86723917920017,-30.46941048334064,-47.08010917005663,30.25083718194759,-74.07400196582212,97.13942499496198,83.54504259686547,1
14.349196628749738,13.694440431363915,-97.9819189956237,75.26120593335878,47.00276169215957,-30.97630711306303,-16.01629569159431,-18.274197256143367,22.249730904620947,48.05382249642233,-1
-84.11868307139409,73.37104260541321,52.57109557927433,12.652944104124103,-57.98500864198439,38.69617527147568,12.069440584840322,7.104702151074633,-4.873848887474026,-22.364787883037593,1
56.12634348511142,1.9514133801742872,11.609795125897506,31.294078777388535,-73.71079667035751,82.2623164351252,2.918351875147522,12.80925318372357,-94.01410698695496,-77.57405646364518,-1
73.2071350091513,-46.10198997332733,54.3784292650509,-16.47895053952064,41.54433200434505,-20.301482587119096,31.435387168993373,-48.55279824833636,22.436838982374937,25.99419136589802,-1
-41.10684809161646,96.91517927522261,-78.72231891718454,-47.43539475752225,37.93484022056862,18.621471536735413,41.169250808829815,-76.90209726444976,68.3482176943314,-24.003250921847766,-1
2.116151491911978,-59.29289550363903,-21.173351434337647,51.83249623267625,-24.52177791526175,65.1792538584192,32.44279475818476,-11.324373148879573,-96.92596345824225,0.41904668278354507,-1
7.8982584750674505,18.715050882859586,14.885696600628904,-78.08042593297459,41.39363598253115,-38.74846471881912,37.95115230778913,82.38517918396744,14.39129454959307,34.2861921516396,1
-4.63130633643658,-52.157782393156246,97.27115910114821,8.22058329083022,57.16566477805293,78.76140507749884,58.57854220088649,25.537286889222884,-96.95073684392896,-12.64621377661706,-1
8.281521469517045,-44.07971347097364,-63.70047434583177,-12.230438057727213,-39.56574733894242,28.952143045417586,90.81351023642964,17.930025580003075,-74.5399527735171,-83.79981012357248,-1
-90.60680664498899,-26.254968905830808,40.479228508085356,-3.11490583312019,88.94602566520604,2.9706576922241936,29.873336227562987,11.804067858972473,12.136505284816849,31.123947086528005,-1
-28.158250603461937,17.236470817668277,-48.20030909438007,-47.64199977945851,-31.430978623566276,-44.01530280015598,-86.3104612598405,31.505065567105675,5.7823465930895,-73.16967708855837,1
7.678995857391541,76.91439741165252,85.245490041166,-34.65526337108034,42.809759876496656,74.90041845653553,-80.84737477747206,64.3602905516417,35.43582948755113,33.54996791017976,1
68.3657553516544,28.685789903466144,-21.07418601879361,-89.80519284166772,74.48530859808372,-72.20834712329636,-51.07876037152022,53.63944964460754,-80.16995837110572,-78.68813571378618,1
-79.43148156850467,-7.13365104096944,76.05825260268603,-62.34393022053559,45.35611047105351,-2.4333054504313196,86.22760016773569,66.19828294750056,-79.4458879501386,-74.23895937185833,-1
-42.273889351948846,-10.405668723562016,93.57198481628319,70.47002333676681,-43.827866664197536,38.90489935711528,87.74658160867503,24.192522926275856,-66.24995915538457,77.13504421977751,1
-17.6318171705463,89.1430216882049,52.41433068794515,70.96683024746721,3.2631977698235772,-67.63358648275573,-58.93927546423798,42.96961490534807,11.979162159315962,-67.714694341431,1
-15.029831426382614,-90.14526928344571,-47.83296743920473,77.79045113812802,12.139563492853213,30.806601396314818,21.940736952325096,18.541548660076984,-37.835574040021605,-27.117545748869503,-1
-2.7999012404794,69.92003499649161,-89.95737570848546,-61.76339218053675,51.10954516827201,-68.12033186551383,-48.46070875952453,-89.54976857547587,86.00799878558774,26.890532001197613,1
40.52675461710328,-22.752720940182087,-27.35076428756456,10.267508539815225,62.63693403991914,55.71945590147547,22.427926912643414,-76.61281234986761,59.01174802574104,-24.833760712443834,-1
64.47624223707086,79.48381001563473,-28.716428968442486,28.76944056230937,70.71316744227587,44.31903416970175,77.66864353017547,-31.732022559956945,-72.57526766815867,-74.58988715946839,-1
25.511616016812695,45.4037054028268,-51.04209619411504,44.52994047217129,-3.261994747042877,38.567146828518304,65.86447799917147,50.56509398113457,92.46120893895989,57.841861178975705,1
-65.8951752625417,6.494181576779482,96.97431322272041,89.5045961102476,-77.50040843722292,39.657385326118344,-81.90926660192991,-84.80035119671814,68.59294755602366,89.9165697891504,1
26.18435804583268,-21.69258007967416,-16.026081825938633,-30.105100808366146,76.76886083686855,-30.898490597503624,-81.81075205537181,69.63307869589886,27.612076282709765,-43.070537107705455,1
-59.003140916835804,-50.83628259548507,-69.42257687040036,-20.463772970993134,-51.17197626100018,80.08791191965977,75.33052122054929,-80.36904865832764,54.101924429420535,19.91478086795324,-1
-2.2204336415097288,-54.95857995675968,-15.026414586397792,-87.01866075706603,30.663044953829313,-27.577563803825342,53.656519925683256,88.86016397996326,51.46201876357455,-72.15818456520368,-1
8.326842932173378,34.68394578228654,-15.941947989148957,72.29496246853887,-92.3385556017098,-15.284522883655896,-8.04129318337246,26.196973041493067,-43.59177474749389,-96.58493539513802,1
-13.23121542895116,-74.56376215662262,18.48908815808285,-32.39151680059204,-22.58891747958269,-33.472750618184335,-51.03633054759349,65.21115009769363,-68.81053092301279,31.767968936652636,1
46.98516947897883,34.273601779359154,-3.663535508961587,-51.62607277724194,-46.86604882871168,-56.67739970676322,-53.24277927151857,-75.43595038514019,-76.33771745679208,-10.30111143385541,1
-77.01340058808663,62.48273152478009,94.0153237820002,93.10216491358659,-94.2736590532717,56.08473379429532,-36.84074024719539,53.24862684184285,37.97654827887132,97.98675310723974,1
32.35554649432771,-3.6325492847483645,-42.85371428684375,-23.024107823136973,-68.23217045875063,-41.77228650412614,-58.98315506673908,26.660208597668998,-50.048825545400334,-81.9342888952749,1
61.333010605363285,-58.14244769397603,-31.025243261358042,-89.87093471125473,-53.843215497264964,-37.1708769698788,13.286179826712072,57.194768476462855,52.99012263211168,-37.368033203985426,-1
-79.01396431636502,30.545624755444834,-39.993903880900675,-65.6729965169254,-94.78334266305563,-20.064821911625927,99.9394419318138,74.5588342390005,69.44043599539705,-26.294266605257107,1
-62.37576805524774,-45.06682604241892,-72.45433969657178,-18.512869446771248,19.100843057220544,-14.32093021486827,9.100525277365023,-3.2586342200112313,-89.72529913227116,92.18960919755841,-1
10.937404957673436,72.78066325882264,-15.295181539795479,16.66409564875417,-64.13954705167112,32.26852239959848,40.60156354742861,-25.839778806045288,-86.0970115896474,81.76419906966274,1
46.88878641511829,81.16987799986114,-35.36204303364133,46.76602388429117,19.34445787347248,84.35822086477305,-49.824404179210326,56.72214711867355,52.17848992482885,39.9320754609864,1
-18.133198736991403,-21.952290083200992,-11.97115869241263,64.52498553571203,29.503797459809164,-88.2194969576044,-14.403588839638218,-91.19299803700547,27.633780124726854,-30.849554597858813,-1
8.528926941515323,-89.9649299360052,-80.26852465343819,78.13571912109416,-48.773781807576945,54.1926048970754,69.06723701173345,-85.47570520420753,6.656918333746177,-30.427470096388177,-1
90.0474707641605,-2.941873187656924,-48.56457279511454,49.016034232443616,-9.181291079133501,50.98783296117807,2.090046935248793,-53.304765252910656,-64.31287029176028,69.93322176106196,-1
-42.57240838308489,-28.655366138218724,23.295871708248896,72.28958428086963,72.40617485870195,-75.882756776353,27.380438562507223,18.813436717437952,88.76877469290915,-61.449159716812154,-1
-13.938821020107468,9.975384231242089,90.49025262927705,99.24841972340411,-81.52870835214759,-28.953393586691973,-90.53264223816835,85.53887995036703,68.63118041190683,-23.86734661380028,1
-13.894132307558493,62.05182610345739,32.6916646032185,75.72431936151449,-2.3875080173056062,67.35322205099084,64.42752510594005,-97.55328543554675,71.0539039344186,34.54583571816943,-1
96.00651505709541,-27.541301999959032,98.16027118918757,-20.348718168597685,-55.053671165660404,64.24604253385303,88.0792865148344,-61.23101386968823,-9.91683225323115,82.50481707704523,-1
-64.57004211052282,7.838758825462875,66.32800803386618,87.55845735735633,-39.910924089995504,96.16148569800109,-72.4807697657772,50.00750750813208,52.46336199538669,12.731812086891708,1
46.44497728191223,22.62324781384831,-37.04287525660841,-94.14125899892586,-85.29834463946494,-26.369953504924965,14.631502343503684,-36.58499372472872,55.38203047686662,-98.08980090674496,-1
51.45659565510016,-7.527710550452156,-69.85351854070593,35.831080547926035,59.55806120124987,-78.2576521446035,-15.332227667359462,56.11505464876933,-13.148331155285348,55.43953130768696,1
38.17679531016455,-23.603990907410804,-77.55972664687143,32.26996801661258,63.57503143702547,-93.91429286707007,71.51930614275744,-35.785359995254254,-4.73759809810997,86.77285753083135,-1
-5.207671947425524,-4.426529017372843,40.03765185881062,-41.78422372487074,-64.27365737462294,-10.111640351734337,-0.9329306121115764,19.832133413584984,-87.93334896831537,46.23357225722751,1
-95.00566757659008,-49.55537315387624,79.20310459232448,95.0384822143053,-97.1115791529709,-59.660488769630724,30.784898013462794,56.0676876899727,46.36046659965734,85.27919358847785,1
60.88744153590099,-29.030855313868358,-96.76609200909606,-62.96481223098817,49.85858233288744,-73.11877462244219,-50.740326582895314,-65.75403702733064,-46.981666201492224,83.01581415997501,-1
18.470065718672444,34.72196639933901,17.955920155615686,68.69649856285716,74.98999829805604,-32.47430458442679,-54.25897256997452,-69.55951049430816,31.702930411673947,87.01382728516865,1
13.5890461105259,9.383102758624844,86.25332548026756,58.403841588027035,37.034538060309444,82.28145662763845,-12.534013281785008,24.545049345062125,-57.235124426101166,-19.109186139904466,-1
85.87519782551715,-71.1519957763793,-12.11035534141594,52.28951642542424,-45.001774042016216,-34.41608972571004,-37.2598548349774,47.96682506935835,-32.50409640425099,46.05771555207886,1
51.24272279003537,-21.924710790609225,-69.91028984535674,-40.88950027295648,28.79889457083965,-35.80370528150432,-30.173251412326124,-63.071310447292305,-81.00454668003114,98.24305892502386,-1
93.36909995985707,-90.140067518166,-76.69107800027348,84.16131740156243,-17.942857869368183,24.661606187841542,-76.77234006997543,-3.2889469198016883,6.637566068218987,-83.8108168442198,-1
-6.267871601174747,-21.816514631767546,-25.93596490989556,-95.63864137512088,8.74779123278573,79.29689873623434,3.9172105934247554,17.24659783051436,-86.29107769464889,6.046000994427999,-1
-67.7562376049755,-96.19131814514164,-14.743818749093023,29.38788981612771,-35.601220734647015,35.315181416732855,-72.36544294737965,-58.18306809111164,-20.380306719224535,-5.763132007718227,-1
-67.11889418422425,-20.28815517117448,51.7527501403755,40.13446896923196,75.12360398813848,11.386633761409342,30.85746718086898,43.35626799850215,-91.51210466197072,54.64886666972649,-1
24.537908189959495,-14.681619789121328,-75.58924658373681,62.22170286856493,10.081888635697169,-28.94369948164706,-39.499476866219865,-20.42717396036096,4.066538697762965,29.52467740340532,1
-86.12773982496691,-65.9074976836716,21.263389474906404,-19.67096455759163,-24.988211177378744,71.09566803206272,63.49764543819535,78.72281997408683,-99.29829906571132,-17.202121392358976,-1
75.91637099030584,0.7383522474889332,-19.137513756048236,14.04962498947991,74.16546205032691,-55.75121111759023,-42.531476351248784,-2.6928304360218647,-89.33045511678172,8.438306415767642,-1
9.71768301093769,-31.65762413166233,54.0060937403033,-81.68159317110626,34.77787978927617,-27.48475016619834,-83.82471204130432,66.72591989145926,0.8741324296268402,-81.2223791557634,1
-29.836178132996878,-83.22525228959759,-64.89770950690077,90.78119988545708,-24.305647037269324,-23.5129830038979,29.426092099518684,42.834749015279016,11.13653690163845,49.01718613054979,-1
93.164432230644,14.242583550303436,-73.61403484923784,70.31022340987346,-89.22263031456721,-49.42954600347722,-66.46390469401817,-52.45787394493326,-48.863474758523864,-86.98051724487131,1
19.89222793174332,26.535406968271985,15.69465020037714,1.9755309520813142,-52.64554771921932,-61.85671919175215,-65.95843223236622,25.81452657235414,-70.07510394860066,10.464346663336784,1
67.97226057334407,50.986507957010076,-75.54225576388009,63.11739610315371,70.39744363695414,-95.66399766660764,-41.40936578180132,-72.64438778720472,-3.112002526986828,87.96708496966482,1
-1.6810906517126227,32.69806902574203,-24.632887796766866,-82.50996869944927,-45.15847898795104,-55.18951759352999,-65.88568935876155,43.500607552778945,67.24937259999601,-56.8945378191215,1
31.39103125342791,15.947422987954397,-99.07110338300225,-36.58351652140988,-8.372327415172066,-34.27394833689948,11.619314978129964,-71.02027732678,75.10470464409366,68.11050981365793,-1
45.218266744532315,-13.432015788565536,-48.28315568944524,30.76767796332524,21.91625926072014,48.28397817259997,57.63580650001151,-58.356957024744524,-35.60837546392359,-49.23218368282127,-1
-17.79430603865906,-89.41281288623635,64.32931943290001,6.750664118757214,-35.62762872201877,46.8546267751733,-89.43255244140302,-10.866453809702591,72.04447301179474,-23.203584417716243,1
87.36449240661835,91.9184295218468,70.9833917119542,-6.221402898243227,-2.8023010868188294,-41.292332252583265,-94.89848040925737,-26.58837569386077,-4.385619110428834,-89.08284395739531,1
-61.542196238265845,32.446431665918595,-81.78676358356381,49.38073107110466,93.1467402472459,-44.072334389654635,-37.48127986445135,2.429336209529879,-63.32456908236674,30.521767584879512,1
30.82654740557473,57.014372312702534,-28.68875526232874,8.802458272621962,2.351177511434898,-19.526400995127545,-87.27263315337663,-2.1675053516346168,49.34902577635026,-6.541101346040335,1
-94.4926560261069,65.02697513228381,94.40841883532471,-53.989126450620596,15.661329889545826,4.6827654236225555,72.06861223202529,97.9736109016844,47.00916128543278,-77.94145299284192,1
71.63541063143279,-74.7433054830862,70.44730499518218,44.19968400898077,83.87896824173569,-24.660548141297895,-31.733895653006755,50.992140966538074,-10.47577464490152,35.67432028225258,-1
-66.02258535618854,-2.3330173991330696,54.67844492575446,-29.936494825534282,-70.69268984218533,-17.84060029113057,-92.94436664979872,41.55865604835057,14.102166461883343,-99.35638317766325,1
-67.99501270736118,-60.753143662428876,95.57919755722531,84.37575867386983,-95.26912538033744,-67.9760905527894,31.045964227084113,-10.366834480054507,79.38267481796055,-21.11090354104364,1
-3.1845860579596774,8.477312038087746,-38.78816035676482,22.886730967019048,-72.52626908501945,-29.324022613559748,-74.95481975935867,97.77001630165452,-30.857342211061734,-64.96980111506873,1
40.193826291823996,47.91623544434853,-27.362160781830156,-87.92683129698852,21.900319278116214,-44.07742031491233,78.16107474024682,92.10369340668973,51.02714195419679,-53.80771375009124,1
10.500193481577824,44.98254932488791,-22.468019888240192,-54.136209938469214,-2.0428043877467275,-39.04763975465999,92.19519178127996,-34.26255421063706,71.08541613149794,50.28873268820871,-1
-15.728599544585961,-52.33255787440061,-93.31939868451312,-89.32490116454784,19.702615893355045,71.51282807982506,88.95325318002944,4.576858329745505,-41.16673529838985,-59.11524186711918,-1
-25.055605898524718,-34.250802330078685,19.937262845611883,28.804643327109574,-38.35278981401162,-86.06084408617083,-76.86299595640567,-21.724341281791553,53.07594186373038,-49.01784900624841,1
-52.186723184994065,-87.69885270827228,6.470225303427796,69.24155397579258,-20.453608539262547,13.78853021325503,58.89412934720116,84.0968856744571,-20.589152762915347,61.260238267273564,-1
-21.551190980053534,39.33779757463938,70.05974731435836,2.9964807391611714,36.12478568054729,-43.39723938381053,92.19173701242852,-28.1451176047876,-11.388742612014127,-15.577081257632358,-1
-67.32664832031597,58.270544730466895,92.4150756074446,54.74634738755853,-95.11597947121373,-80.56805130856199,70.24743320436929,68.44822781514029,52.54588525478485,-58.439653369343134,1
-67.39617723702275,-50.84993756282243,6.479737445382597,16.2032472496539,39.499402057714974,-80.50881055105484,-62.709215737789116,-43.1714764540948,84.89347804250156,-36.133398890090376,1
-59.15157872631423,42.81740453700348,-29.086435776769832,-1.2845122655635635,-4.489868920565783,12.79815668832262,24.60990001600254,-46.70022065881228,28.54307095441385,69.51560624347096,1
58.84213250988108,-10.65209493772143,-82.33745575628444,-70.91542818091203,-62.55061021225528,62.12975951121612,3.358540649198048,22.950718234907797,-21.143382723083064,-81.03204332321945,-1
-30.996632015086774,54.01780625081639,22.698554370395925,7.85965276685225,-6.031235952030542,-66.28697387731108,4.85271749114338,-99.87022608455514,30.862814070266865,32.124492624319515,1
-22.77947243984515,98.05703411698826,-23.95176671732196,-97.87851532593612,52.10679760193901,46.98297643191336,-78.67635057404034,-78.63766455084927,52.077270910198195,-92.97293258754445,-1
-35.277956170091755,30.05101421873232,51.06778590079443,95.07969552104518,16.888292828127177,-10.551858354298176,90.03647874633381,90.9209405560662,-89.20567270100075,87.71411300048803,1
1.8844256299579456,-32.52818432854407,-61.4940169123721,-93.56311935691957,28.93934367022362,-9.393086328853627,-14.334304919871826,-15.971769557365008,-14.456194528441316,5.803138113993896,-1
12.679070142528019,-76.6242478818122,-30.700987364634997,19.70068281033599,-89.70665896480618,-34.64009904010523,25.090123711790028,88.05666941644768,72.75702730903956,-96.07517924770575,1
-36.745970054138645,-50.94413900512653,81.87206534499362,43.03439052191612,1.005417700458807,-39.64340565203006,56.72802225180595,-5.375443419548716,90.4896916486685,-32.4344741664583,-1
11.315685700430663,23.470850197613416,13.565218279916792,76.64104037469244,23.062281445487855,28.167258658949578,-70.28430417822749,19.44065645042005,-40.979935024150095,-22.59274240767087,1
52.20158469907841,-23.38612605469865,-61.531368704995714,57.641022214326256,32.82875144827344,36.46968529690395,-96.23795136752106,-33.86933878800545,59.51275732594999,-95.29172245074685,-1
-88.36724089890484,71.40580566611558,-58.770767943967186,91.13108504830672,56.40926059259803,-57.317112956620605,-49.41336423881167,-43.86167599521074,-68.4496722243376,78.02562269460799,1
-16.110401208537283,78.41487021872413,-84.92902075422164,-44.12873535184802,39.157261284685404,98.01962384321033,40.48904888002315,23.072451280185263,99.1632437211735,-54.180353711153415,-1
-1.237191908614264,80.23552464347114,15.022513387872308,26.817611522823626,38.05194835861616,-98.146634108674,-56.9456748187237,-63.90498953897783,97.62173080154403,-97.92133193459367,1
37.654847156047424,-15.162988850804766,30.98554695442718,-51.23522947991903,58.237953112659966,14.518182812891595,95.16088404188895,-6.987113217404286,35.292641580817474,-39.81273964952086,-1
65.64985048744367,23.562638917857285,-49.66711299090585,-70.5397308576214,-8.919439290067132,11.260772293832758,56.00415125539857,16.852657947070938,54.23698670706483,-64.22766775548988,-1
26.283784243675285,59.56047444172154,-3.263910848426704,-57.6769345301237,-35.47758771171647,-69.12530175185225,-34.898022955901965,-0.43905056429902345,-30.703878034351078,-25.36242128988424,1
-71.48117118361824,7.315638005724054,74.25458152347892,56.734718603920754,-67.3271956198179,88.27624999540583,57.92321394339962,-44.731198520890516,11.998581856281803,61.382576360978845,-1
-78.93090310373336,17.866328989545607,-78.11391903280413,56.93519614577551,-72.23666355133582,-68.22346591349573,-12.319133175798356,72.09005967527546,49.52062896819848,-42.81556902990371,1
-96.68150387348042,72.78716149199096,83.52663818434203,97.0809566961263,51.84268304214362,14.304193179192069,-15.12378420435931,-71.89224419451543,73.15655704939016,77.36580654979969,1
-59.96995115103798,76.25013633637795,-97.76013894885918,-34.87104461002146,-44.87115395154453,20.11967645433404,-73.05984790680877,89.05998088970748,57.18682201451551,16.763391401519257,1
-13.753226041688421,-17.03047868789085,-20.81178083720519,97.16302116270313,15.95743171674522,12.835905585891936,8.090991784268468,-28.748331917779453,4.086546005703369,77.57395834576442,-1
85.21191196365311,83.46978030134977,43.09683595487789,-82.47152423405197,78.51675527792406,65.4467345608285,99.04096677966913,-0.6925019834785928,-93.66317889169058,-96.60637767851262,-1
18.756126388690447,-44.012534061618666,-47.567217918240125,-41.51910128789731,1.022484213937986,-50.56047549202043,-39.261675399167764,31.54762615481397,1.8028582894144733,48.68480573045079,1
26.916483510060758,-91.2678142573983,74.60712030522734,-53.734337538608344,22.16444143278531,-37.769684345923984,-75.2740694789163,-47.82868263583351,-57.42175881677809,55.13140234545085,-1
56.75835689707944,-15.645151612774825,-75.67636863607012,72.51784826827276,-82.52803706717245,-54.477662326837326,80.14308084038191,-49.736129742801104,-17.169063823604972,-75.68569866508699,-1
60.479206110726494,-78.85508791377302,-61.85034725883944,82.23391690300423,-23.116358654046337,54.57154274161968,98.5474381554285,85.50967602186094,75.481591197645,-48.22068196425715,-1
-35.325687576895845,19.2787199384923,67.29463833319426,44.51081932323123,73.4567771778224,-8.114136321493788,-81.33437737583533,-15.31955663331297,-32.371174316618024,-55.924802795822146,1
80.1403728022517,8.110535077784832,-77.89172711665293,-88.40048550545832,47.34432872528035,-75.91781805670888,-40.752653424889985,-9.140617798112899,-24.66547597997068,-71.40371531648144,-1
66.12455208635825,-79.10352093843306,-15.11322222848419,16.221704339701077,-93.86988185855351,-11.965808433005392,18.54510994478771,21.581823261835154,-65.35875419045291,-88.77069558897153,-1
-65.02371256480812,-24.330483663470616,-92.15128479189072,-99.16056783388696,-55.076616708359616,-59.309389894154464,-81.12801834787211,0.2424897941412496,-51.377612581695416,-91.72982145955764,1
-27.081254360491997,33.92225130750353,-91.287863885516,-41.618077241931275,30.034462714502155,11.743617621585202,20.174060417123613,91.37008424346087,-5.509615926693414,7.220044516843814,1
-51.76695713844761,-20.178140088514795,-4.059967493290856,-35.07505520431111,35.37710335131544,6.271523918976982,-55.99466055765636,-7.5359828456277285,11.77858023376217,70.67507429757512,1
-27.629381358972267,-89.28468807851841,97.97349680757867,-27.92031897609708,-16.83318994639407,-20.893120787407327,-33.70365191982769,90.35010316452014,59.96258076694923,-44.07172419416967,1
19.859857401277736,3.332851968774861,49.71179713413534,-66.88936404506123,-56.436696142958496,61.235336014765096,-40.664268533060444,-96.3164023769594,99.68225224715624,2.550948550488968,-1
-50.488045944022716,25.781028984723008,-91.32066116878963,94.52554827928378,-28.105684742131686,69.00974257348614,86.37422224309987,-98.27625448021993,-66.94803707207453,-40.651307444987616,-1
31.690366931685105,-2.525038415751027,-30.647985615986272,39.4282700984798,54.779733793364585,-79.19830218821606,96.58342320623726,-66.1649218101179,79.57230125595339,59.255267852054516,-1
-3.195885498119182,25.356763410368927,-24.60135292667303,-12.232652383173814,-72.68221232471521,29.062326507177602,8.99645616995808,31.920099570854973,27.22760832274227,-99.97905784037128,1
-78.68034937324563,92.07335492442604,75.73951676521517,78.48523550720788,-71.78421569612512,-61.61563838183692,-53.53566696265675,49.75092369523725,-29.240467326410283,23.851829387291204,1
47.28884712494457,-82.32060657064832,-82.28636523498398,-77.60540590260135,-64.34134767268952,-16.592008206153494,-31.585308649039703,-86.55037486007622,79.3447483627472,29.9999405047391,-1
-60.201572208112644,-29.304504974324246,-39.01307246046783,1.5554572139129306,-55.340490179586645,99.78674742090783,-72.83843699019145,40.438448992808304,-22.702555789720932,-66.1676309480517,1
-75.72301211551422,-84.89458279482263,72.93182277797834,-25.1574408521884,-33.69446179370061,89.31911829964449,64.36181057745011,-32.75397283588029,73.25899200435171,-22.428371995928956,-1
68.97426955104581,-10.017443782898923,-3.7865618305052777,-29.365307558058902,-17.349799353344736,98.58411010678742,-44.162222687025945,81.36825788857692,23.0694745999769,-38.31126414077768,-1
-37.65778478211781,-2.0428264023518494,-53.573217439968765,-71.33799274487787,-37.26047238601949,-89.04801376207439,-67.38039876967596,-2.09206294953934,-47.786048053259144,25.92388980788614,1
16.673753019431928,-36.619172455875045,82.29080069096787,-41.23959423689851,-87.31008782467929,-15.448415833179325,0.4393827627127962,52.71292440524127,63.77551022734238,-88.46613043443065,1
59.971051189463054,29.606063611042828,-94.92570239153689,-15.228421166145665,-35.535633545945416,-80.49480194063821,53.99452919033055,-90.87760717527276,-94.36329053745354,-20.226783867773662,-1
-31.736270809989577,-85.79508647013468,-21.744628918610886,59.792505051394244,-7.985601160367423,87.54265673059493,-46.707513641557206,-86.20272151595243,-2.8425183643478107,64.47810168861022,-1
99.42490003154222,-89.75514071913734,-23.245213928875245,-32.37781585277358,-94.36193690069274,39.075706801196816,4.020528525849599,-85.75909894870126,-32.53319558427516,-78.4560597081835,-1
-34.70773835120163,-58.4977009230242,75.94410661204316,-63.837872992472946,-40.86828563138036,-43.89059534245621,40.968513894567536,33.73918589494474,85.81696410159512,-5.394287949323058,1
16.439749318822777,-34.91634386347843,-58.874104893543745,54.38124868001785,-61.81264312984689,-89.15983823159334,-4.583873871696213,16.757123694098567,-0.3512776065614389,-71.0664669882911,1
4.0136042355621555,5.731320797855119,-99.81139149450193,-10.91891428443303,-60.857317014346954,-19.8273522390147,53.310674067946195,-87.7322802241496,27.719336938118346,86.95013625193283,-1
45.63775124072066,-71.38760945531952,-40.022851988839015,5.097846041863491,82.60661961075814,91.878722488764,-47.39291554204268,52.37385517239042,-84.5559658455455,96.6707562267573,-1
67.58167497036072,-48.98255551572037,83.29366973321132,-35.881218583936445,46.17216460891399,63.31100480810329,-66.61755743244024,-97.87615350460801,3.116466065731572,-4.130729746506034,-1
18.046133373817412,-0.20641115584139413,-3.946614866874512,14.336465219854205,-93.33126042820832,66.39552974976743,76.2942779786882,10.172599861661837,-14.6552150797272,42.75583383390139,-1
93.1494419639495,-83.23916818098785,-5.2920706202219066,38.852986012522706,-48.83539499039162,-23.19508360474201,-67.90017622918374,-98.88622787526775,-61.20147259479087,28.532065443283614,-1
-54.74551399936276,-59.099132261440836,12.596300903053148,70.5612222181804,-67.20757623638505,92.33555893974079,8.084402606111809,74.40863637509881,-94.76637233241325,-47.00049895656851,-1
27.823987563100076,-46.34255991444547,-98.4480703325151,-11.213270059377493,11.65774928748337,-76.64919279767224,87.13795643044179,-94.96790202275156,-57.05406355425697,-89.10495179499569,-1
26.478264865677488,-64.04043730098492,-38.31578223426399,62.02532700239183,80.11558611263291,-15.371295730704432,-82.42767642020618,14.553665544291178,3.7811083922924382,3.177956532074404,-1
17.32169263509482,12.422176524645906,-44.784972786117926,-35.07655153770453,-65.15969826470342,-93.77031307061205,71.04272524720022,-6.690118285164488,21.971812107431376,41.95940459328261,1
-63.02910889489459,3.8625385284606324,97.04146518221876,-0.8677311929823333,82.04543985648945,27.47083157367858,82.98892576950217,-20.51132565552558,-39.944649890562744,99.27149234295848,-1
23.898069201922894,-25.632643086716115,-89.3319673989633,-32.376845668087455,-47.65136556337952,-23.700997990609565,-3.2616089704878846,-17.55733719262571,-53.32792598387868,44.648748903281614,-1
-14.308419230240915,-1.230597051687738,86.20571925551252,8.439128977214722,-38.34840209903489,-16.815612394114027,65.91563857940957,-70.44058772494786,99.657832697977,-86.99954014001207,-1
-72.49581117080135,82.64593725585411,45.51866866094866,-84.17106634435811,-63.06107410115893,44.74088519340614,-7.482985792144888,72.75057001401692,-48.83538200667967,23.66570536047712,1
-73.68646297454804,16.428960562948404,45.80268425859373,-21.94217983213325,-32.591662302371006,65.37576405192539,92.65566341437435,79.33552983707813,-50.79649642528516,-48.481630121258476,-1
18.712187075757186,-99.85662825868404,90.48413895069126,-94.99273275251123,81.07864658580107,64.56978110448881,90.35762129403011,72.1438696718348,98.8375532646935,29.150418434822768,-1
-6.38618915314197,-44.91066404189819,29.019489128530665,-2.3833045605710765,-95.61471404221535,67.77284620624988,-61.608569713046826,1.4247101870017929,-92.27842128061172,33.946215292227805,1
-7.853279951665229,-60.51925325389149,44.749277081557125,29.759724915777724,-84.59901335956108,-47.131267472365046,-21.5559166094138,-10.319874917051777,-65.3666105693325,79.80849370023935,1
28.30089625125035,-49.30857406539675,-46.905355000470216,-97.58039566030956,76.15442174533777,27.003814014374925,65.30032751898435,-79.80456590319903,-60.421461647419996,-61.0161264826742,-1
-98.01523577443288,-48.66766202081712,2.989470302888961,81.20389115529761,57.48172568618037,17.611213467792737,99.32155542812802,26.999763852115464,-53.845954712142394,-53.55766762154852,-1
2.574948461053552,-3.857188703128813,6.720480305085559,-19.642950967448215,-23.11338051416996,87.63191212129183,-97.33804055387128,26.014785939246394,18.524947077225022,42.299631742698324,1
97.68419879269621,43.911682653086984,53.67299853852009,-19.868999645393657,30.98070645702802,21.665669180898647,-24.083349604424114,-17.97008906548332,-37.74372762669911,-9.10354022642386,-1
-92.76792389504757,-82.24534660875347,-28.161319522163694,-93.90334793772239,-83.52374959574433,34.40747574357147,76.00440568213281,-5.484180076948107,-3.6920893713098195,-83.90979154291134,-1
-93.68277103487159,56.58472285151447,-13.429778640865806,-16.903582660079337,0.7487390749457319,-12.308543891717292,-77.26300374633799,-50.36661972116734,16.278219839566674,-73.96126353871301,1
-52.78990733070721,-82.37155132184157,-97.80726937369133,-49.72519854191724,48.699723823286575,97.11548689784382,-10.014427751757921,1.2484409816811137,-84.48819949469157,-41.02595373968072,-1
41.53618694818314,-90.60711551846654,71.90554104949797,-4.166130520911636,-30.61733592582054,59.507452116375305,18.001480660703905,-78.9489309507918,93.36324048390458,2.821508220349614,-1
-69.61946129754114,28.217220716431882,-72.09464388806614,-93.63165109038043,3.074866148935044,-18.523334839113232,57.537680450198394,-22.559036425576437,48.60544876436808,35.42675556178409,-1
40.347654775451446,-4.811556490455175,-79.68867931416423,-27.644493112253187,-60.03054818288733,-94.74200402496398,48.784351311833575,-38.862769507755466,-36.434743127904,81.19158275786543,1
31.034742904867613,63.206700460413686,6.423972040941294,38.712491194093985,54.45512258292254,-36.01782468767492,64.30579686470952,-78.98411088867923,74.2795042062202,3.6903067431184553,-1
70.12321156822756,56.79437010111789,24.701561991244432,1.9539346998098068,45.04007931915075,-42.27030279801281,-86.60715294201825,65.84523606725864,9.69381047670123,-78.89398743948146,1
-63.712912982040535,-74.12387660665982,57.97362147594859,-47.013822755518795,9.533646902469272,69.5588446056033,16.85558447153312,-1.2416644797869907,-96.54869889064639,-59.40552446318834,-1
-21.420978221364194,3.9003709529962265,15.479853426618192,-71.79067328325456,-52.07903541609087,40.79367336087196,-24.72502527016165,0.13020803236550194,49.79939698100472,-23.02759908307641,1
-69.32971937678396,-46.96585176332888,57.330503215269346,59.7226031846902,-89.40564503592641,73.14152110500714,-64.35624682227913,-2.193548537389816,14.717199587762053,-54.512722177047344,1
18.17858863764836,53.81222663194484,-8.473625090964987,57.22308956062648,69.3450817579722,-94.94908766176881,-38.19527878876288,83.02925147162028,-88.45866075694803,8.799812349608871,1
66.48852816008434,7.069553612331347,85.56201232953927,96.87626252372067,-72.81852354146021,34.186158590821805,89.98152186619086,85.46656816567227,57.49538560668134,92.71860112075632,1
30.444851909094496,-95.31340892652236,41.427503587137295,-27.508030277087897,86.68228591035023,-97.32475211824469,-55.40533850648415,69.22935315899915,82.63432428262772,93.49981614497091,1
-51.69263165966365,-28.091371095999307,-17.627306922709664,46.7853447264973,-13.497405050690631,17.70839715308145,-30.068931892633202,88.82887695372332,-86.9845584890405,39.40183542386734,1
76.48327368146775,14.379504491790755,51.999431666193686,-44.87292599676109,62.47904834920939,66.16925658167631,-30.295911131535846,-35.31497316209284,-83.93296586245718,-86.13828936893965,-1
-86.85827211432952,17.32034748091209,21.221919970594612,-1.0827497594708433,37.720375263222195,70.25039332685043,7.446381833890442,52.20399247918232,25.50772368904559,50.40174915597294,1
-70.60745808235806,48.32756372352418,50.00303584573905,-47.26034890978661,-50.970396020509746,66.15590655738376,88.70072063404467,60.74509946321746,1.1820955571391494,-12.126622806327418,1
-73.86953123530742,33.4831061067662,-57.475362076137394,-27.995812429099303,-54.28258825903662,-17.14357728733644,-35.41284775112223,67.23336305409569,-92.04127543091654,26.623448991277982,1
1.970801910091538,-13.255259433715793,54.56089857234812,-61.681010063115394,-19.57652287040854,76.55076164918864,-31.326726823932248,80.90198796769334,10.883055750397475,-14.96496867734183,1
-86.47748728155702,-74.18697503418741,-29.711665305863306,20.352888422093855,-2.0688284256603424,17.228286648473556,-24.226664171170455,55.669481523545016,62.49822752185912,-48.762976942836225,-1
27.333936433441465,87.7438603955726,74.02109166882087,-27.435993905733696,18.137229276450412,-36.95820149605573,25.64444645819728,-15.882250429526579,-7.138196638401155,68.94183334305396,1
-28.901397911728523,13.177721020351797,95.88410273551992,45.402490939944784,-84.93753530857404,-40.849660547294,37.762264305751216,49.323626326725105,54.00088265048652,43.921169922132606,1
59.75664715473309,-21.16190108001841,60.45776327273751,51.50539882656889,-6.710582048221767,-63.60087572917814,-42.99935358250202,-27.185905827013528,21.907630627589853,-59.487986413111486,1
-16.260971334463164,47.187078387489095,-49.77754263619878,-12.673735821167952,-19.061455710424596,-90.2156904050001,-12.14965435892043,-66.05465546162458,-56.4784559721504,36.13924588380988,1
-54.384045610213505,52.20119658991106,21.38445604530807,89.35795534503183,-11.944165831842952,35.58158794696891,-22.819178826021002,-54.884916534595774,-71.34421442062387,-46.91236174574571,1
15.659679884072133,-65.74531786675209,-81.73822448436785,97.35511947711154,77.413952583147,-70.94777712503384,-51.07106435790427,-8.970751802693243,-84.30819989182537,20.01138513069624,-1
-32.00562724135037,5.0863996619284535,11.37812765461888,7.099943084474731,56.67028002484889,41.11731601290299,56.436679062641986,2.594694562058379,-82.29072157719082,87.0896310004035,-1
0.11586348616626196,74.44090579977899,-44.66601156418362,34.84203207752955,-62.17413263485867,60.02627217658571,10.072377088022606,-52.2402306995293,-1.4975068994702951,-85.54947749852889,-1
-28.64933466128214,-34.4232011963483,-54.00771691979316,-52.05116541234831,54.60637974114343,-46.12704449029022,-87.88061706533827,-1.799605957447639,49.81672826719324,-79.02369134364358,-1
32.274122214082865,47.89493077682266,45.19375586566946,-12.185877051612096,-99.45425109739685,-65.42117102106657,-6.71355928540882,-82.24013963800085,77.56843081245285,-7.788560903790852,1
-99.35634727914426,-90.30715350483554,-53.81192815585325,-67.42834167243446,61.27019516108675,-61.91410732204763,-19.72607452025457,54.69877877459206,-46.562922176561685,94.42522334866723,-1
-45.0536948960961,-92.1416109698615,-16.06905102819897,-0.2751073467432974,44.4556198072699,83.94928671342126,-73.21512975968079,49.48229366542529,-65.46502710345402,28.619364204271704,-1
-85.4196329264193,44.12325813274299,80.43882367653515,-82.3088518628927,42.561118478338074,69.4430813261636,47.05933576055773,15.864931511442677,-40.76178722951662,55.59404186492111,-1
-50.531936836183334,-55.38199631092884,-42.529267651600655,75.84980861555695,-10.194150882812593,-5.4178106623348015,-87.01594236061297,55.48664251701737,-18.056481758879556,-16.784771964350753,1
-97.26351704786379,-42.21259666848347,12.54040107421352,32.26964126238394,3.154457534744722,89.85016392695957,87.88855297982613,90.0415746198496,-57.39233715776946,-5.759388855207476,-1
-35.29391750290169,-35.4197862844198,-87.88954875174788,-89.80558623622201,18.555938795349775,-58.331527131390445,-56.680863574215515,-55.2183117622443,11.13330443570672,73.11426629311583,-1
-0.3264454521040534,59.27814452394179,1.3382402012597368,60.509660678915935,-58.25991677163813,-20.70637584965327,69.32792635448078,85.73112894666406,-58.9635874915402,32.325482736925096,1
98.86606053714297,36.80497233841436,-14.513785767957145,-9.329292417160943,51.30294480981189,23.22284716610477,7.430151288821321,93.83646078754785,64.65234888569799,0.5988384257195492,1
65.71111958121628,4.0320446048791325,90.98158178700069,-67.14468681954853,-86.7520995823293,2.769948704043273,-55.826073978708955,80.92407605401735,74.77301690504348,68.79248488963952,1
-73.9838660342106,96.12964391280991,-57.00155528232176,93.43281102721045,-31.614739084387196,-77.68898420715978,32.06526043634594,-98.9326878161908,93.08438436177258,48.54455014241691,1
41.35544337708916,71.39002597387761,9.097629611392392,90.19363729047987,44.59503870172409,8.5789962713243,96.53096588709542,36.19432474408691,-64.87544671628878,-71.59403769011772,-1
77.90386220875263,72.21258729594388,7.56756462986155,-67.954244795599,87.52739406331614,-64.69417918946618,44.243601278479844,83.26276844526427,22.83830928324622,-28.590382116674817,1
-31.41406744816082,78.2565329655501,-12.52774168747706,96.49376915733876,-54.03220084026093,-65.85461365150587,89.40666243847818,-37.325054343786434,-8.57347101747348,-46.44212006588404,1
33.617027314129245,-7.212747309021822,22.441812651443158,-44.62589660696867,-50.896521902308066,-97.30054582314587,36.123261475588606,2.419391491026772,29.1004443677065,50.709869417549896,1
15.52635086888452,41.862858960696684,-49.14951947709123,-82.9067954069705,89.29456585948935,49.27218165269392,6.367878924099841,71.38887922789996,98.57091669310631,70.7282027060823,-1
32.36783796987572,-25.745815898921236,-92.50240862606813,-35.21288678439325,-90.70770455561808,-89.35454302489381,-58.80908816034138,77.81128339097481,74.40177069999754,-33.67999384091382,1
-86.11523145078132,4.657249860049959,-24.490915400888568,-56.97395471506417,-90.19002234602245,65.86691832643118,75.48020586827462,47.393121218698866,-1.9063844657952274,25.761120358684963,-1
8.544888669519239,-18.960571484934064,0.48055869602534074,36.52836028901214,-88.48163425003028,-49.141017088460174,52.10108474381272,6.468609570680968,38.205097337408716,51.97736162099221,1
78.37442896214694,13.172614711923899,71.92878211307922,21.591436762009025,88.11185215136896,29.58380943202735,63.7721032394235,36.89244519546446,67.62299270861882,-0.0852114143151681,-1
75.85591123140134,39.61486769572977,75.13067753491717,34.77970757214405,-12.04716099431154,84.26355281829149,-88.0502789352948,-61.315797433289944,-38.85034843026507,63.87590961315138,1
-90.87025089952326,24.50987924262276,-16.428762695573724,58.7042529280649,-3.5001250268507818,2.6804370651242664,36.66376777610577,-12.43330530879976,-96.55336344882541,-56.234038914747764,-1
-40.490309736235886,53.75283614423208,26.98284706241283,-54.53951855229524,92.47606544540781,30.006736847409712,40.34540680062025,59.6523707920276,-85.54380624673819,-78.43997182085458,-1
-64.69439359889834,48.39907822523446,-37.09648555817895,95.96063262083086,-98.00124502828584,35.39158751310251,-62.58235376935855,91.13245800389743,84.51127809211374,-3.2100072948294383,1
22.370578944475895,33.38548949173614,-64.59134109432051,-45.5230841473421,-34.46899401567143,-84.82924284101585,90.27724368009555,13.912548132983261,-77.68813568921944,81.61380887690848,1
-55.89914731287058,-64.00007667786264,-40.36054036981411,24.805687434562756,51.85388393267837,-3.888175041113712,-44.85554981141311,-97.07013028088221,-50.469193667456565,-7.013374147134371,-1
30.065137269387378,48.950146325984434,13.163598571893615,94.05874654975045,31.790169401089344,63.321841120215026,-38.43444214813321,-95.24744875638993,-61.72346424815247,-13.621367587954452,-1
-86.54881720652642,-0.19276541918374335,97.61358839222999,59.58935417848451,-9.505989917131515,-12.339223919581869,-24.581632434983476,-94.14690777285057,-6.689231386903799,-18.086199725256265,1
-19.1719356697934,93.78887943485822,-13.384779482641477,-24.402376758007676,92.97291988105994,79.6656871847706,64.4566442190189,24.78478033315821,-1.4561330500788188,79.95168126435564,-1
18.25508714898585,-75.92437009889323,77.94706695661134,42.59176311190521,-4.194608204853239,41.93646461146224,44.12540130520526,-46.73296512199035,-81.32120009011095,-25.002937412723327,-1
29.7530772318772,-38.046937171419316,0.029616632879864824,-1.099509040815576,43.22220711785022,-1.0112674586563912,-95.97547363029675,11.643676594322969,-19.97450995089858,25.64615112016952,1
-11.578593064055994,2.9858990784965584,-15.132372040744869,-88.01905979932725,82.66094299175526,33.44141100430991,55.17211507587933,-59.45858409163163,-0.8260773834764024,37.3924874656646,-1
-34.64105882844453,71.57783704924799,-97.26446977907118,-61.50384644591567,-52.25726163025326,69.52653967714258,-85.11958101243557,84.61430712255293,91.44917366831018,69.86018938724953,1
-83.30718300212334,38.514560015516366,57.79017930824671,8.745346966032955,92.5145772322386,80.82809446645513,-8.32182876023002,-80.50877828409931,99.5842553438336,40.451205420921895,-1
86.94598309766019,82.97723002430081,-80.48416608474611,99.21339103895937,5.5792768086785145,77.92289358579595,-85.27449820114172,-48.35671641972472,-91.03027030602016,12.79335423931083,1
93.45423807405953,43.10119092422576,-13.669647481207804,47.64378110806845,-54.369254348184185,-41.90302304719222,43.64846905070701,69.89568909694097,-4.032270219805326,76.42376669649849,1
71.13921876750788,-43.09760805151117,-81.88292849077965,1.1621367039430055,57.053512201777295,-73.83117917994795,-66.38470783250162,-30.680754147259307,-57.45755903318965,-44.2466399442744,-1
-67.72743978892326,-61.48367350829442,96.38355690028283,34.266806220601126,-31.66033190195543,-87.6000123323784,61.99459031174209,18.849429794724543,-44.54707951197279,-68.76126133098654,1
-57.01192428184865,70.02654693700737,33.67214042347882,2.303027216644992,81.93538438101692,-40.182256551230665,-69.66572538815214,73.85622367303495,70.71586881336862,9.877490019583334,1
23.90524000726066,-38.14637770006093,59.38231314852595,-21.177323297454322,78.47542291865994,50.323252486461854,87.02179726776808,-40.507444511584254,39.78101555366683,8.063828080644583,-1
-42.41093146480151,79.72778566022066,95.54470237452873,-33.60460956775337,-52.89066524726711,58.268100642706855,40.12816011523853,-61.18362420674119,34.608915229880495,-82.87423275125482,1
81.07639528385272,-35.80059087182043,22.03571524732837,-36.442918282627225,41.275841980608334,-14.659019838974459,20.046953955980968,31.477787112714623,54.03825942250813,-80.62976842336738,-1
56.364772668987115,-12.340278393366816,52.79940986390861,-31.007583048153563,-57.76790600744952,51.37937542177639,26.130536319370805,-0.22471750398256063,67.044685620915,-54.37519494653269,-1
61.65364224325566,4.319902598224317,15.095055577272973,86.71246232054665,3.921419094469229,-74.69556569927862,86.91393958794686,-50.0218982190884,94.40363463028899,-37.11941246254236,-1
81.2174120962521,51.30771669906133,96.10806080627083,-31.584640805785853,-40.66066047438277,-19.246581908837882,-36.25496401233692,-4.841360692759622,-32.07062796087408,-40.120019780824556,1
-30.226346691400934,35.36400872600939,94.50289643194853,-99.93805361699881,-80.65603328977409,-25.35505135567044,5.466240946191931,-74.10276088658756,-51.033532374358145,-86.32350481763325,1
97.32791570023508,-56.4824120136711,51.912366782781646,-68.47279283340389,-46.45255624508706,-32.62108696418842,52.63579923167708,71.1868864720299,25.960282418325036,38.61370045368179,1
8.127024322021299,52.37797887549681,-74.41001181604703,-54.33596524061146,30.971133433636595,79.94821819594887,-55.93781310764954,0.8249831075725069,22.789611338703764,46.20221011857956,-1
39.21597231340783,-25.550940962785717,86.20445581419881,-26.723321548682975,-78.9453875587323,54.83867522549795,-78.6515964211128,31.647630878248634,-10.911679215574722,-45.06671645260101,1
-51.58894569769992,-39.806736073675665,-16.588952753458884,36.11096952889636,-61.95202323824021,85.99883648393109,58.792069181584395,70.56079665529444,-35.81926653834704,43.7875971667718,-1
-28.372056694171107,-39.816185366916244,57.828790258582416,42.581158072967526,63.81437692230176,95.78286463230646,-44.734614205887624,87.48288200149469,28.407543662789692,-18.944212224695818,-1
-77.04622562615651,-69.87780938629618,-9.34005227069143,43.74078990039462,-14.169499089620459,34.19160681405958,-17.640355078679335,75.71828149085448,-72.84022872997502,51.590044092318465,1
81.60370908433248,13.014758296021057,-86.97255226582081,65.83028063103063,1.1188803381691201,98.48966405988187,35.5504920546565,-42.16634664815919,35.95803602650781,-79.15989140584418,-1
7.997075943171097,5.401524916306741,10.902511138193006,-43.56427087015338,45.11303946617355,56.39351261413174,-63.72644794583802,21.07101029616591,99.45950214749291,97.86395869493902,1
-32.94418998434085,-62.89480494845616,-1.0095732590016837,9.155430644987518,-91.12219975861642,-0.8924450511778019,-36.5858763910176,31.215887793805138,-4.652826925390912,-21.420092745325704,1
-87.54537882362288,88.66202237482995,90.46027692022133,-55.158037558231364,-8.013560674922246,-7.320670678799999,-60.79405185414082,61.83614134027678,90.78449547236121,10.714486255918331,1
42.60921012686373,33.470232610079194,43.75780696400514,-8.858743115940499,-28.760567216214383,5.417716981927967,-95.53246912379258,-67.86447633964032,-35.14055516442215,-16.6294567472508,1
-80.39846304385179,-7.571905346019861,-26.79692248162482,-16.849122464879613,96.45968726408387,7.641777395962592,-41.0458842567621,45.32920546238714,48.09470103948706,87.6556497463946,1
25.17198314284728,38.58178220495353,-2.4803123900878177,24.439529256026617,6.043809564198739,-38.947514196517055,37.46754030978977,-84.22413670327116,-86.51099036454788,37.483638078904136,-1
-19.35787336323544,-80.06721558464483,36.5674532057798,-81.38080029139658,-24.80266618591895,-60.6063793821247,63.9604663179567,-22.73815317691931,17.543127571711125,-93.10366765498819,-1
71.70129091031089,-35.6675057210506,51.58754792123318,6.151835437164976,-44.94197284663917,-17.795119866921453,6.888174954327468,-41.533034985404214,3.4226214102627495,-92.95421802985564,-1
63.42562840311703,-56.055449977920624,84.17723156603901,-62.646316745998234,-80.31402620213194,-39.10521967685698,-36.601154711394045,-70.50113718268061,-63.813454433051795,-7.989584174244328,1
0.30325893743992083,-54.50367926129201,-3.9526573057946592,-2.7993103523546523,-45.26674917963467,92.69173240758951,96.07824091861514,-85.10584022629286,22.79748142632492,86.22066186705192,-1
92.2270970815186,-95.39058231867853,-49.58026808754001,-83.6816739226146,-89.36293170657011,-88.19465783591541,-44.551392000386315,1.010325968711868,-63.14192866599788,86.89875519166023,1
55.970197778669956,-86.87478236443648,12.676748133233119,85.55421968136383,26.75763978145838,-31.55473821454649,4.805076638103031,-52.20721987825665,-42.8863248392088,-37.59232973362106,-1
80.3523984270847,-3.6199665780045223,12.32323195829099,-12.920473957680073,83.64561113932137,4.885062348405086,-43.84224021486818,2.146266308830718,91.16629054442575,88.58538407011446,1
-6.178557790484263,-15.122196385497915,-51.32605731872479,-33.644498199070554,71.47803391743628,55.45975714265157,-78.92102638868923,15.462805291299972,58.05666717074055,-59.29833753958038,-1
-32.40096862969284,-2.953908846928769,-25.053795492848025,69.60558053145627,80.98368406885339,-34.178143787453564,21.23368532895671,16.615538751738995,-17.558887496311343,4.740401986396776,-1
-35.52923100505541,79.16314631203895,25.292771050811183,-16.27896286561699,54.95284194644839,22.49028969146501,-67.36651544751051,-42.4710531692035,-53.937145257412624,28.082392882946692,1
6.692218395264305,-13.971453580634744,50.10479613934979,-46.639243581549735,82.27890736145679,34.83188443992674,96.76205117234215,43.02463855387492,-55.38237718368355,33.21965515833935,-1
-66.1014506627815,72.5919246626037,87.04356203417501,28.239926646429637,-11.973459076466028,-48.383907728415856,72.61348016208782,-93.99243738237088,60.52397049020621,54.69197700260935,1
22.344149246870444,-69.09583400189621,-53.45395162598929,-66.27435782298093,51.82381911685201,-83.87580956484335,96.32944731405496,79.57036676297241,86.37015604516503,29.80466169616878,-1
-90.91072393170842,-54.96779515681362,-98.00805175913933,70.71004559166335,-32.23140968339584,3.2889093182608065,42.68161274218383,-78.1639642231703,-88.60116309594666,5.5849891564052,-1
4.6781822748732935,29.2093888193192,68.88112245841316,-56.946245193428034,42.82456036554825,7.241834213666692,35.18214636046892,58.717576771337434,37.64536659450857,31.056075045658247,1
-40.575656875365,-82.51663842578323,15.381907064550276,-2.4869273442150472,-3.424975605462066,48.22710307409409,-28.886987956583397,88.31028713796115,9.890298891501374,-48.30630844898487,-1
-6.66137582311832,30.059394814701534,-1.908094968502411,41.11263807216744,54.89619169087348,12.912628235494992,26.108200908470195,6.768618607727078,-86.85191951208921,-50.19119160359304,-1
-20.366261281811333,46.37454745730017,-74.2845478406243,14.928414124367805,2.2717577466701897,-97.62271823052326,32.312666348107484,13.533576872930581,-12.021096039730423,-74.46245764456663,1
-57.20106426033729,-30.406266768956698,-63.28741837601826,-79.0620863432691,-80.40618192098654,79.0703734424524,96.77459690896214,72.91982927965546,36.5616155637334,21.68684702092645,-1
58.83946625541685,23.110524638635837,-40.79508969587793,-14.986365276798509,43.8110795553732,1.6161072371347274,-84.23771015708765,13.434100455627075,-99.63113661635168,-4.58294096744558,1
-2.765269179023406,80.68155117255858,35.438018795357095,-95.84718205510781,6.307359390797984,26.260755465642177,37.45852328570777,-8.547014953165302,-79.18345818925381,84.10857829082192,1
77.21868706264164,11.123430936480588,-81.10858974625617,-76.83306833172605,6.801863461437847,17.954209130882532,-79.85985647490274,43.5534669403948,-9.68665721116706,-32.205636484616434,1
60.345616613958356,-26.531896944544002,-71.54275627781283,-70.13030993610532,-75.05524598954841,97.69525455893552,-12.314677580301776,-55.21357111145255,-8.075179262195164,10.65146784865685,-1
73.22030907556695,-70.94279805084267,-94.80354125484394,41.63918759450729,-14.640812787368091,56.01254846918923,40.79577297359535,-5.194833054466457,-38.78721022927849,47.38906174725264,-1
-83.56566650471453,-4.570724802190142,-51.8929826968106,16.982300054363563,21.58082485942954,61.24546482551142,60.24028198539014,-11.626575239670586,-81.75449572075435,8.380576054055183,-1
-31.5836502568185,-46.400546623124406,-3.5097059237764796,10.153145274430585,27.65512388402894,-22.531252068393087,-54.744169497633834,-91.49048614587288,31.58954107551108,28.169246579288313,-1
23.00144533983395,-59.20107927812253,36.305205977330075,33.79032835212499,67.87879422398242,5.52246627167645,-72.31079811995214,90.64828266372845,22.962990531127218,5.169855814596232,1
92.80576943310274,-92.32722772885977,36.04267418673359,-34.87070156250935,52.30146193530473,95.64104075998335,-42.47102272815386,91.16493332332746,-94.08054535757393,7.771835553545458,-1
-19.303426757520597,42.07030014246644,1.9779896411220363,60.947412953388096,54.561281481731214,59.443333219299234,-0.6666360079669715,58.716850083423736,-53.560924296359836,95.00096533685226,1
-76.92107156421653,95.701193386538,-11.727984262875708,-86.5542728858379,-80.58450190526851,97.85034569591093,-48.65601161733404,83.15370354189236,95.41595490873937,33.49765431103302,1
81.2944221929094,97.12014679056006,-9.784785635028072,-80.86728271623167,-19.338022401417703,94.63065862905054,68.76782937266799,-59.022679487715955,-57.393568380615115,47.95042219768504,-1
9.8453329412241,-43.489946496272225,10.56835919695365,56.54714207203838,21.61245706102224,-86.05906345865309,42.133461317575296,-56.12831164348391,-45.31527060046643,25.375469060154288,-1
-57.060822507328915,79.16242027971575,-49.839173499820724,18.965057854754235,-67.04482263457636,-28.616526081367283,-71.17675951319764,-37.109694653920975,-40.924480964927845,34.39844422748109,1
39.44187638192736,-87.34746563586503,69.884453890978,6.2934991914825815,7.159813113129033,4.50704711702366,63.635929944348135,-91.72273260180286,-42.1158680511629,95.06876160351169,-1
-30.43815841956139,-27.666783360991445,88.39488642871805,-61.517792422572136,-84.05905211090818,-52.285895210861376,26.336140178578688,2.901575615681054,60.09282424277822,-74.31706084091209,1
31.77709404653143,-30.542305138860442,73.86802158147103,34.77307878393762,49.33028656751901,20.899718506632254,-20.721929606862076,-4.857980722640761,45.82698634829322,-72.98935465820169,-1
83.84160621074503,78.69181083342318,-13.45901707469001,90.03366815261873,-51.98082074430248,88.23608186985336,34.23247066152001,-29.313940342023415,-85.55034747446135,-78.52714092182495,-1
57.03519227860272,5.51759465443314,-69.57042261609669,76.2378473788618,-22.915164382671136,-16.273228790404175,-4.888252374972694,94.67372324802437,3.0785942786494047,58.23440666019343,1
8.181000767616169,-95.11462341187335,-70.34349242081682,-95.86762968131369,0.7963851372725372,-25.055657961532447,-41.84207150483452,-53.25258104113624,85.8860722008281,-76.91575666065094,-1
-58.162906918414436,3.6436631271854907,-3.728833578429544,48.56333811546634,41.594301527976484,-81.50800681544854,93.58948043325574,58.76671314967504,-53.41834394012881,68.49011423724937,1
-2.3008734680189207,30.73129528112409,-14.206003856498555,21.544549567425264,-10.991578497952005,21.718417321033584,-21.153756344837944,3.3761347947355347,-22.30853464103957,25.97418904314523,1
-72.12878518543518,-84.2746578020484,72.72460018399067,-92.17354910322813,25.8244438677999,-55.80365533336384,-24.793058081091132,-73.69629099615503,-49.45279861347678,5.001034412487201,-1
3.7401988761190097,94.60906990283223,65.5358814407081,32.44950950429606,78.01663390935161,88.8774795452646,-93.83826518037878,64.17583693114526,21.377215038343067,86.23658550821608,1
93.8824644670575,-94.43178974748274,21.014297036153366,5.299705465648259,-83.27138188334659,8.119741211132364,57.0136114640662,65.16036843105263,-10.585936413596997,-71.00213029691056,-1
10.532453555349647,-30.44598047911245,-51.30919760564685,-97.68874379716289,-80.88492529229387,39.92114952744407,-71.6394797637063,-17.717239516327425,78.92681139945381,-73.86906089279358,-1
-85.53670494841228,26.117739461708695,22.62439474831197,84.25728233602146,62.81193488966841,43.2323769213441,-97.63653284435789,-86.56215371601601,64.52404423884397,-46.54862406357281,1
85.42475637288987,28.050182990455255,-54.316308633612834,86.17461858290406,43.44109597888769,14.77384338144114,-53.60739177263969,-4.998199485540724,11.309692411135927,-89.85987765819613,-1
9.342055868655933,-33.11149457637919,51.43011606148784,-28.981046727362042,3.212364472195418,-32.624290972225566,16.406183955726945,-80.86284368669055,65.68760054874448,3.055020061548987,-1
36.60135468327138,56.35596518574525,-7.04315881249984,-2.4944859190000273,-12.257690223239905,18.09826913096093,5.187375002808608,-22.692141572330456,-59.341287151667686,-82.95393780253038,-1
0.055707041552068404,5.554441813775398,20.545960101520365,-23.256930099934664,-50.203346753697154,24.78884335919207,63.43929074327593,45.97730130171786,2.5425159328380005,-17.084698854531638,-1
80.08361143266609,53.063259905077246,-96.28585624698023,-43.216520067113876,28.411429347481317,-54.5503817632091,26.35912416095465,-57.526154373468664,52.24904047764656,-54.17812356402369,-1
-19.279799527681746,41.012656841075824,67.92489917231214,-87.77940870267929,68.38772612849715,42.75809009832224,46.03220096866235,7.322064659340327,-80.23150166628146,43.381519023801644,-1
-20.689263602007358,-37.03176891825293,-77.94465434468663,9.05068925239408,-78.05251055751,-22.910809816680725,-59.21548939077383,60.131581745023055,17.061759131948236,-43.45772605566114,1
-2.271361919066848,-81.91620444166784,80.33067734254104,99.03642412498775,-57.35302691089383,26.778277978480446,14.888196641279876,-54.42499698540531,77.99313688331324,-11.631888885584203,-1
90.09183411505916,-98.1598204749241,4.017987521166873,-41.52548313394908,-34.72515893632453,60.6625824414441,1.0798605144507007,28.29855591494234,47.80305793646994,29.819132847019773,-1
-69.24325889735677,46.67230294641871,52.16150828621542,75.95904149869193,29.27861030161563,-74.99490021602128,95.90395214817028,-47.77530630649536,-1.0529185195659636,-45.51742269022172,-1
-0.8248529842458368,51.262019396058804,-42.370102193324996,86.05086399701122,-97.25123306180856,-22.577788929528353,92.12873581630944,68.07183485977419,-25.261810958443135,27.858345692154217,1
4.289137808717896,-90.58776042461052,-77.3145146508317,21.217868111307354,-82.99350929961255,20.975696150088055,33.68427408113416,-39.07363554075323,-10.955281363489974,73.98160909229446,-1
-88.38160958393004,92.9380957656922,52.661615436025954,-82.92046157298378,-44.13379629393188,-17.11862886589357,-13.098760476831956,12.518369748789723,-10.283805563439842,-42.11927179694883,1
92.6720640892076,44.716140087996195,59.31618800302948,-7.823744661407716,-56.28644267749561,51.15390114744994,86.78344865869752,-53.99633205700165,96.50129542199392,-67.32443678545638,-1
-88.45356815497655,18.085220621578273,-95.06726234039785,-36.172096893161346,-25.987587426004893,-33.94125248144999,82.55475358475405,96.89240098958987,78.99931779888763,90.50942161260141,1
-30.823388609408653,56.54913485027734,-58.65067085195217,86.38448713711739,-5.366990353185685,79.06305101427287,20.54518476815052,12.892583678918143,-5.987015661641877,47.53782330412784,1
23.834547073167343,67.44382859173973,-80.24940626366232,36.73450434790135,92.47435086067634,-33.500125464072326,-73.56415484793295,3.1945192541970044,51.613356634407154,89.47960726591617,1
17.324783656732535,1.0331423045465016,-63.734828779137366,-48.123725318321895,-99.7816917954086,-1.4608836998100827,75.95652870899224,48.67738472503805,-12.173114495524601,61.25185222374222,1
23.65095430605919,-90.24673623737192,92.45830833451737,-7.354072518194215,-22.1172914901792,-61.41020151247876,4.420890602380311,-56.22571412296886,-34.453239032022196,-14.282810771628121,-1
51.96473168567769,-94.09160627770135,47.21080289655794,74.29041292376863,48.065696951071715,14.227341892272037,-2.0297653566393734,-27.607612754170347,82.98304836177104,-49.27644257810493,-1
61.56918838825172,3.426378402127611,21.97374699710754,-83.55968210361326,-36.334957388746545,28.747798919984092,37.27527147329059,-31.08143795336653,76.81530620090808,-93.10248271360658,-1
90.012393410161,-45.30509692500404,57.040573582565,11.363023593878623,44.71185839888372,-17.186566684632737,-58.47772688631143,-15.990744973813278,-32.61539676803284,-14.511314698531507,-1
-46.293248786478536,92.05327169841331,99.76896543692624,64.64198843612715,17.1114374639737,-50.602200942864094,-36.848537865209295,-16.647884479793177,11.682118455142287,-73.43575081336655,1
-58.71574564787936,93.1219662761768,-32.101216988011444,-48.121678515828826,47.069064362840436,46.87415765471877,58.495369542074485,14.493870848342823,-58.36262619947614,82.07942453765517,-1
77.68073446173625,33.15688029377418,29.183305281102804,-44.225830201755386,-38.64683586940969,-81.8683012681658,-42.5683009132858,11.909293748954838,97.39033726038767,6.465721677322534,1
-23.575301108005362,-42.7879896681429,-61.15341406088366,40.99692769551615,42.86850661089625,41.11995262395095,-23.129933131170134,-55.689636760013286,63.47094008072844,-45.21941652028709,-1
90.41248932780056,-44.433420087069145,47.73241071236504,-32.20583256168803,96.87119767884528,5.52198013952227,-43.29841865870463,25.216440124933087,-85.25907643123661,-21.33720000340098,-1
-26.258565827040954,-70.50939814676408,-64.03111063289175,-52.25231092748002,-5.56327867310651,-85.62093189709861,-1.6754538776702788,-83.41960717518796,44.40375498563341,74.49730305167853,-1
-68.73660585822783,-77.09342633473035,-96.87053641158681,23.668063455988246,-77.35706467802092,37.65003301446848,75.79294414438851,-40.986967956699296,-42.013037456126476,78.95517119806044,-1
-21.510978515472928,25.746803011998594,55.230372821124575,-48.58363562972636,-9.489067610286426,30.447588873346604,45.96098798309799,62.46017002981392,-28.734741304916398,-99.58959169587176,-1
82.96918021362,77.31908830047968,14.990698645928276,80.31712524197258,-33.1013331976898,51.710149494348485,62.09750501406825,82.61397250115877,-15.765748999278273,-98.68088531608336,1
22.06675666218368,80.32624589727203,-83.26380235046054,26.234840801801383,-68.101873233758,-6.145630727414186,7.994874630887949,-64.66079822498702,33.6423719114911,-89.30430798961999,-1
-28.8084453058719,-14.435308672350004,35.15819272559702,-27.781884200941448,13.904229326606682,-96.94754167331368,-39.39865984649682,60.98673838945922,-39.227384673731905,9.310572727153584,1
-46.9347724889066,-27.29710852614666,-43.47487880970138,28.886098702923704,-35.23629308834499,-64.93446749267417,21.000343117065043,-99.72143109617286,41.542431683764335,-2.6017286753249067,-1
21.91286679597937,29.736590671472896,56.78505582837752,42.028376512505616,84.96432038623396,-56.06247491410365,50.76186178253178,79.6516799707658,75.89870498922983,37.92596011207962,1
-71.75529132537011,-16.32739231424138,-62.660203024565455,-33.1842208932365,8.210244566116074,31.130206044430366,95.65912199794789,48.74434959614979,60.59466024956021,-5.338882854343893,-1
-46.15135381012381,-96.50035720252228,50.1622762748878,66.88999146955263,73.56558274627389,-94.07208336479249,-83.66297088267847,-32.64495659883018,-51.155664201548,-89.98278171641996,-1
-20.299053120525315,92.14926055427108,81.01562555889623,43.96606234999075,74.66826152091994,-48.10507420680628,2.115068311200048,-35.070516021663735,-42.011416627213194,4.889495704169718,1
-79.37522623281347,-51.200939529505554,-65.64217810444663,24.56584739223591,47.35126906628463,2.681755555134586,85.97329679299389,-91.51298184085867,77.44219860833937,-95.8951635709823,-1
-84.56249395470641,-7.886798487548845,-93.67699774575158,53.81229467623419,-12.154104566162331,-85.37207579724829,63.071895810057555,43.344656677024176,-70.22155973252116,38.55524234136411,1
-66.75412758966826,-9.700812176111157,-21.574429002642347,-82.86992121691796,38.717216452833384,29.68837859668568,23.8864500062476,-77.10783281505971,60.39584781511152,91.93347619233705,-1
-4.880761635598347,-51.614454376152686,-44.187944564012696,76.42846284517219,68.02263284008995,-60.12810608439505,41.725420410462505,12.567963401747278,18.855022997257805,-57.36773797301238,-1
93.69775551887676,-57.29250442320972,87.19103074572067,-93.73250786465475,32.216753453770934,-76.13617922215784,-36.61939911435712,-85.09950619636336,50.65107839068551,78.60706808844552,-1
-36.13727248191702,37.55384127314696,58.74348515704247,49.57845080521665,-55.261447047057175,-93.3342410047488,-42.11649531591994,-65.418257536431,22.784370586700646,79.78551745018504,1
87.66809136420756,-79.06791193070377,35.75519670408579,-19.650958915004296,68.40310394370158,-89.97471353583677,14.544636902367117,-61.598405917982355,-84.90194379560798,-75.39668280332397,-1
-95.74611782992257,87.23260831019931,-66.63235311583307,52.88657247403842,-95.32448492091117,4.308606553636324,10.704790832469442,49.23785849286273,89.43612996526628,-36.02280636533237,1
-67.72652832232338,86.38882793087441,50.07778541814031,60.57327447950922,27.151266873503815,85.14836895535197,56.90415204396032,61.381723944674775,20.573787213343707,27.953690413795044,1
38.92819177874557,-77.38005211523551,-4.7033584289459185,67.97160067991712,22.39617270604532,-9.113026685043096,-74.56966708002486,-68.43662550352671,5.123696691203762,13.678273436948672,-1
-82.3014995896161,-12.45663501329173,-10.475225466895012,-71.99215374712958,-54.15875776746179,87.77819989306144,63.324304858547265,-57.98516098264373,58.096355732672805,-57.8399900735473,-1
-66.39715845102731,-98.82705442256774,-11.270870679304252,-63.44521946730073,-96.15789338529703,78.1622827598492,1.20492889007528,-49.02074588733776,31.740541241925257,-63.52670959733218,-1
71.92906907052131,6.717946022081733,94.1456327971589,-1.7043531163107133,78.80108294626322,-63.508502669701805,-81.56646751828849,-3.463814245721693,75.98364946534235,92.82117106034812,1
65.51061045480938,-54.44433167643972,-99.7163559732169,91.30174924694902,-8.25333457265161,21.99534434703203,-14.081287155961192,-11.944095317035249,-81.79981886305619,-9.086520577362435,-1
32.3827265274023,-21.781551170355897,81.90511187246591,-9.186948733597575,90.7541480152008,33.70400967765531,-30.799669758402118,-57.43550286956969,-83.93433916380712,60.626871359864595,-1
-31.67177746187963,-5.77792900044922,-52.50621855545086,-82.0968600410229,83.15843130939737,-68.34808803793607,-37.05758330985085,11.829765698059987,92.88014034811656,11.92770040840125,1
72.42552345309014,-99.21632500978134,-25.78705303929371,-52.76560350342454,2.849422856571721,11.47431154360443,97.13721477472939,97.44023098700276,18.43499786848251,84.80564582157893,-1
-28.256894916597304,45.723031358555374,-19.195979427437294,67.69653811316482,-19.54507519528707,28.979082060322213,52.22168835092435,59.53036843488212,-5.347864979368495,-31.238407005477086,1
59.18527742870049,-97.00029992457266,-96.44297174750332,-24.576587165663952,-7.77936295989592,-16.538816192094345,2.8273436663637312,76.99061055016736,-94.32968384471437,93.62201467353697,-1
-93.77318342309773,-65.10030272040896,25.54654711245314,-43.94693996511434,59.865033451723946,94.9122367473523,87.90809020612366,-77.46176663125024,17.52730293764175,14.38279202635178,-1
-35.13412452969639,77.31791923378927,9.114869349089048,-66.65335043893134,93.48528641660278,52.14570941111606,89.36747722749544,-11.399346970231036,67.0871293522334,-99.79755405261488,-1
-79.72542048936816,-78.14411092636801,-80.22673230879707,-49.38311935571462,-17.93688970522207,-97.9652363865042,38.049032545558816,-55.19207133459647,62.78734104260724,85.14275620154416,-1
65.34147194829748,-7.979474688462403,-90.18928548244122,99.17725515194314,3.260364175251567,30.02211994562026,18.120697904796174,26.25286720216866,-88.01851878626874,78.44609104387203,-1
-51.30354068474014,96.15223487777033,41.86477055519347,43.93791920907091,-75.35074554994188,82.2470726516296,-7.182013821727324,-59.181664251867815,11.871273623285461,54.85415599743695,1
-9.124533088007823,-43.90898704798894,38.85494928717259,-87.54988201170914,91.05732276989909,13.579645790034945,83.46678402924789,-12.978253461820671,-67.33342229697126,68.45723355239267,-1
-71.76018729256302,-26.468390788178326,97.75208117885234,-85.8021617697227,-94.53609767165135,-88.53739069613351,65.08250119052298,-23.937377912894235,60.3992573930787,32.810080385773034,1
93.06054472607997,-71.05787277269602,12.554014160306323,-29.173872730460943,61.62113290905458,21.41198047821547,87.49933050085218,5.776117553118667,60.49122082524616,-51.2675906480299,-1
-80.32087005732053,-36.70624318770028,-78.93322115100713,-85.8663619383843,-56.002900972377766,24.14480240484032,15.662371357356264,-42.689118458180616,-33.61020717763559,-59.27526724871359,-1
-25.077477074705754,-10.011265146228084,4.198277729871421,-54.462674814080316,89.35345709937783,-54.16916259491424,5.997887561001718,-96.40453376476141,-50.067705170131816,-47.20165056026855,-1
-51.20207132418329,-88.5216312623453,9.121692885430122,-90.45833170922559,-15.21009854516997,95.096898670076,-35.244884146946106,-23.7456354109504,-87.66617347705645,-83.75466828004336,-1
-77.6814000085505,-57.16474945208263,-42.69052028923659,70.3672517523801,97.59047364131294,-39.48019192789456,-79.97709106879648,2.8084352310522576,63.03446073732843,-51.450762184968134,-1
15.735081714478682,3.6411464365041724,-99.12520354339813,51.099813739357444,36.28917522396418,12.846312571514318,90.98543528567308,-45.80435720825899,51.56098536526497,-82.50376224457162,-1
-72.10122786959164,-12.920735320049715,-94.29599503227035,66.41241935083016,-36.032815341606586,-59.60850512286202,-12.78787758153905,31.302129789472644,99.09611958435178,-83.5345280856499,1
-37.73846016879927,10.924098242228993,94.28036972172924,50.03096475898434,-21.10451180357626,-91.35942712956519,-30.88824942451103,3.650982420906402,-64.57124925892418,-41.577317498678255,1
53.889778816409404,-60.60927395825573,-10.103606962914398,-32.81574367521873,78.81950559780586,18.005194321772564,-14.217477011855891,-27.980928515734973,-53.674737659901716,-12.89985958025153,-1
20.489888393317557,86.16153446895237,-14.516975962458105,43.56595522817827,56.71853148346608,-38.591614902014925,-42.072254001618646,7.173536549946718,-10.74912421336063,2.4296533887412437,1
56.48516244255757,-54.03479164149279,-11.579250758444218,-94.56773970926933,18.02171041871236,-77.35628449961465,30.739824269191814,3.3926204967075932,12.847537671797852,87.21095408310276,-1
24.258489809922025,35.4147425316896,91.80141735288689,-58.390669146746156,-68.13785289499701,76.35089697516185,21.77968265132462,38.26463211351944,33.6164054630018,33.37421304130828,1
56.073100601376325,7.104383217192705,91.66971672618845,46.3051230537163,45.793085419576215,72.37280325658105,-62.573430060975355,-25.56778003629762,-56.53683007262269,13.80752322648678,-1
21.34634494348728,-99.95141311309746,-95.53064231462854,-63.671352688456786,-29.935625578755534,-13.96120907974688,14.403228296859453,-18.89844165129189,20.78077417507798,-30.180092581890207,-1
96.25151547825536,29.19030622240902,67.10785584828508,-21.528807903688048,82.80000740185557,-26.58392528144769,-59.5351277116327,46.61427403350365,83.2443195844429,19.096486902947873,1
20.759090589877545,88.4370908979277,76.47930695327275,-66.00074065039976,-17.3453645242262,83.20510387038959,9.183738075006204,47.16395380928523,-38.42972923724608,-23.958812313520397,1
77.73181605307974,-21.131770729867142,83.01535305576121,-26.22041129588129,53.7623312476434,57.766930705036685,-24.529077027958863,78.57733454293111,89.19712676691705,-69.50195678424207,-1
-63.67720644867947,-84.08237052559151,87.8961775429751,31.755535697540893,-39.58424014530064,-18.147543460046435,-50.51493298145316,-71.50785074791997,-60.191344070167,-37.23389879109686,-1
-67.75574254919911,73.01421987507877,-92.85032110682707,48.84705168744776,66.14931094411119,-5.019541633807464,-62.174903380386226,-72.91076088563435,-77.53785418553996,-70.53389478924561,-1
-8.083188557275392,65.64255157731884,2.9534748150885832,86.8660016433889,-25.363308027263656,-93.57764185268694,-28.504482128370668,35.00681495413781,-62.7737442647343,32.21581952149123,1
74.15069006745182,86.80659822612787,-57.52586893950045,45.888797665309966,45.77405861943268,-40.97810642367903,-3.4223915979196136,47.084409096957785,-6.818963599172207,12.732896139154633,1
-77.30529575188218,65.91316628567373,-5.8998561820635445,-64.8284237367615,33.896200978005595,-6.938560716263737,59.37859294119997,-56.20757500241969,17.42324288369346,91.26299999314483,-1
-62.68598822279283,-3.5965320446134967,22.51856165517529,78.87797073969816,-7.583079075020649,-38.612851241529555,-21.38442334666027,-53.93744924731521,92.73030301576944,54.20330095917387,1
17.11274575866038,0.2239401650696351,-8.397075136810827,90.63651938217706,-78.6526635970805,-41.48588149225976,38.70813746075336,-91.02393898205088,-60.41649084099265,-29.48014497739419,-1
-1.4861858493404867,-87.69139317303262,34.429737386481435,-37.03983477319266,3.6091768822783337,-25.45371441024251,2.922752889510363,15.186490807158393,-19.011618343439892,-78.4598824482236,-1
-5.312868124995717,-33.41758075371935,49.34935450251885,-63.09760088025769,-87.84925408239599,-8.141509293161377,-92.2193064473805,-81.0364449675884,63.347683817038245,-1.0965912561259188,1
-83.96264863757735,-72.20801895021675,30.7130305362204,10.280894981180126,-57.07049024596038,10.546374117907845,-26.68790508607745,82.79115487772796,11.06483390257182,-56.054827252419834,1
20.630024024589403,3.4300724567754486,86.27167344129185,-6.468375162391808,-87.51953594462587,-99.5652432436825,29.33010097737946,19.46002827231048,-40.2988820321631,-20.27698413966661,1
-63.64422655652761,-73.20502665004376,-38.148777905342904,-30.63852013641923,70.37283490282996,23.345189861875838,-47.50141629903559,5.58883353196174,-37.93487578558399,81.61323209679466,-1
32.36691702279964,4.163117228816432,-13.29137943923979,-24.369206409927926,-80.75885166748108,90.90176145432758,-80.59279772556735,-4.02578797794466,-43.68836779386589,-44.84204660852675,1
62.38924692757669,-95.67460150764124,27.74468176340119,-54.55586118001789,74.5235940393226,22.92512167588903,41.43678546249154,-60.71100946816554,93.46505135906514,30.86437414374413,-1
54.44895385933148,10.562975143669817,87.26855067964556,86.61881462197084,-16.002840308809965,-52.37887450558425,-76.43542947601311,27.069927947191587,76.23736528717043,21.12054496014308,1
59.307458195235256,-7.238035065124748,10.754790858887617,-32.25110115126557,57.78438648282065,-91.6144966070984,-50.63634883101109,83.49961929641097,-60.186317885546245,-44.37127820429343,1
-49.5370527729694,6.150120477628462,22.982017160388153,66.70691342185145,-79.90879537729836,-48.44646156288521,-46.03060840622932,18.864822457243264,-57.2142411309446,87.7857138132145,1
74.94033453683988,2.7035733483539985,-95.38290388964596,51.516766543811485,7.582940039547765,-95.28105722735964,-62.20688505368028,78.33902319199751,66.48807895248888,-36.79952629060168,1
-43.091722864613246,91.9833379284182,52.88002227786123,-34.80041629287946,6.2620873778590465,-57.5738848267324,82.01316910701382,-72.12436276169223,4.540340847873111,-83.7039886204,-1
-84.75215640528711,0.7777593582546984,43.54067234186738,41.674599204545245,-9.7509893269103,24.65110497852696,38.396225028703526,-98.92952582716228,4.63065469344906,68.75469119160581,-1
-67.55331884350413,-43.466527891768195,22.678085612720977,54.03190461723051,67.98816342938275,57.25976321546045,-85.01358282907606,-39.98983278323851,-84.50159285302195,-27.246025154570304,-1
-17.29017969492969,-84.91756480144235,-21.408238672663543,-18.131407234211068,-77.87884961186711,-0.20210668068540372,79.42708577458188,1.2292504760178673,-35.09641318193151,-62.752477418444116,-1
59.65863944183732,-96.393598034954,-19.147456986969374,-55.78682699055666,93.61465617274848,-37.16167389031639,-22.008228443763926,-36.248695416646015,11.716828464132917,-24.23413782830626,-1
7.1549368149516965,-6.288601081773066,-21.666691424238223,-1.3608960424141685,56.58082871691198,-77.16324640240815,-69.0586236274807,1.4565543317444707,-44.5329225553849,-61.2351395344559,1
-36.61068244177614,44.07464254644057,6.701717226902687,61.97631714114215,-78.57749693697527,17.525135689552428,-30.474678146204283,-6.321481765790168,53.717200994520795,-34.751579500172625,1
24.02651956030735,50.3596327173866,-98.19886714710495,-61.8648106490417,-83.10197915103421,-74.27992875496163,51.13517781441976,40.78701508081909,77.50143802362575,-47.06062343244002,1
-9.163267452658786,40.787181465566164,-13.326610260633018,25.843794417722705,-53.401589490812064,18.781252045119572,-42.79923663154746,50.67379139554549,46.62653815001187,-24.84737671198465,1
-64.56929535547488,-80.01362458911807,43.853701189722955,94.58696250074047,-30.04087384111442,-94.35075875798475,-2.571105074969779,30.529754844864186,-74.72875686349468,38.993089170902124,1
-74.79959442720114,2.615443673609974,-98.08836277038628,49.624160022185265,79.32019161099566,28.860968143828046,4.060565101365896,-61.68661514280189,15.081096873742013,77.7054209129189,-1
-96.75131135810926,10.444456034769317,-38.231238171508174,23.583651367598208,-45.28568528894517,32.217093433797515,-31.465254556585492,-58.99368332803574,28.22939380670701,93.90672963292923,1
68.02161568783998,-42.62662500344121,86.70486254332613,-72.61684150462189,95.85291960664364,24.534316825730727,73.85528079232353,-40.49735078967478,-55.92496350482421,20.172065767496946,-1
50.34939847916809,65.06168048459648,-89.88488678419793,-38.575861025587834,-61.866283795765355,24.761331885107253,97.03571283681427,-56.77028099160238,-80.91369304719538,-37.437833164672355,-1
78.41693778804688,27.22112692872372,-52.102257085974024,29.746696489079625,41.552061165080744,87.5479967347512,25.64998818950619,-24.426451709822913,-5.921848687958999,-54.5263132613361,-1
-39.51609774429272,-22.37570864630058,71.87204495056426,71.09350582322108,96.51207238529403,55.75610987541313,-50.84960580576248,82.24974196890585,-68.98356888544117,-15.699081230786845,1
2.3560913138961297,55.46042962878366,-52.16464102852476,-41.498460994187305,-22.661492398888868,49.880406371862364,98.84084238446965,-22.149967684863014,24.853960239343493,-9.15942743823868,-1
-69.66502405344977,52.42592409006491,-90.42688021877858,-78.59786547911582,-24.583365223002374,63.306619713440966,91.10612858857493,-18.4996037533965,18.2918862664704,77.68249932395622,-1
25.4657870181356,37.35114405638177,99.66063114679167,45.29311075870626,26.487116588058072,-55.13521625676101,-74.67107155913175,-10.615309629966703,64.51823885573725,-10.566617198149487,1
-83.04159679083935,-42.884076752272726,74.40594696857335,-70.56845980725532,7.801647512059944,-49.54572425710146,71.6799362416321,76.24866407288815,49.86161594024662,-64.15456887899057,1
-67.46783697890297,-16.40609128269459,78.64131771016838,-16.701917526186023,-86.08776330271706,-46.609598492561474,-46.957244922563014,-79.24912885406441,-28.428691205578744,-56.03936620194317,1
-34.94187632765045,43.13253041446228,77.79832771126647,-8.450126523560144,67.45715556995222,-40.80190094484124,-66.10844287019253,-25.09707646829034,-51.216948864274926,-6.609828410550193,1
14.321529896588771,70.8691965565431,75.285854968487,-35.4280111661095,18.18979203032025,30.699013942908635,-11.962040577662236,-3.891828542034176,-9.585370426544088,15.12742719645017,1
-10.31089560433604,-22.74245897089095,65.1342891958956,50.58971993262213,-58.34288278715327,-58.02883990309211,-73.36390745902743,53.50184941936337,56.25475089868982,-42.63363777363347,1
75.3531273523499,-86.54307741569708,-29.29022915913258,23.157959796024883,64.31114009159847,82.25643444069453,-51.807029756056465,-40.36738956664523,65.72800779721939,13.099461041419119,-1
56.639682659725196,86.1665728351615,-83.06476895146201,-38.58351738333177,15.632440119892735,24.022802433725047,-1.2662678549374817,-14.970097295123864,72.62688787534543,81.39580264886229,1
-46.4814646544057,87.5100674814677,45.764436018549105,1.4005980992343865,74.79142454946896,-58.70901899145879,45.0267423666574,85.87003563673349,-60.416393729881236,-34.08705346977288,1
-89.74123020375688,-4.686411283996293,-27.75144119179791,5.408799365736215,92.51391747552645,-75.68539596785143,85.87542197487579,-5.564423470498298,-27.50628612918989,60.65239884713799,-1
51.11022770860973,-80.10106622540707,2.380424253924801,-16.178982742658675,65.71028169300826,16.49122609391442,-20.545869631602145,47.41094926062894,-51.37157005673147,-93.31340512923431,-1
45.43381395326159,64.90341395998584,74.32336926577003,49.3949209373541,17.152071674178245,-58.37322051623812,39.71220502704941,17.81418571061151,-43.80533401836675,-37.415804032276554,1
3.9223351606014916,-96.06335692371727,54.6836421810726,54.58670807195111,25.76795771173657,-77.46938264643681,72.90708759588944,-51.10728035378078,-47.513624226923135,-78.90571940628124,-1
81.57975875592388,-75.38957528193501,-88.39073259629924,88.68547325005665,60.997711795224404,52.40870157699763,-6.745151893155253,-42.44995307886972,-13.453792772935017,-62.509221462885044,-1
-12.677162046246778,-36.724918522463426,4.284408469664783,58.44318076095493,-78.37360553212498,-12.231973456769325,-15.908901486447789,-91.93084825352645,49.59647529463663,-99.10621281416998,-1
45.191135774047865,47.7092106793927,43.48689017565073,63.621956948833514,6.724917545323521,-95.15553231637259,4.3055677108742,23.410249557550273,-70.94655041457443,-22.166205028558238,1
-61.312931408703484,-89.54472554555886,54.50528463251888,-84.51554733343198,16.421536636044465,-10.164720768733119,-92.90819529484735,-40.406827715932806,-63.50605476983713,-69.43449823119676,-1
91.55796019764077,62.02801814909225,-65.46869283352021,-4.077249167183325,-55.79942153507045,-67.40398075015572,51.525826476950755,-6.359380685437529,-82.94984943860902,-97.6456374487376,-1
15.862893332387571,81.44863345541575,75.83698355581959,58.73299620716023,-87.02415638121231,66.13322296468823,-61.49058044632307,-27.46358598647707,-65.76632990163591,-67.98296471904052,1
-67.05872931354082,-69.03146367595451,72.68862670206667,49.52892251935461,84.13501924792607,44.607258971856226,-30.126109928194822,-96.76669809728058,10.131809274656561,-88.20071229257951,-1
-0.36085670937220016,-89.4580420293122,-94.47363342881387,87.49343756274888,81.13592707539615,-54.02130188638421,-76.69343588157474,96.43913900831609,19.528487433197355,-48.90787693166296,-1
-52.472491201520064,-5.168410824184065,80.27998824584662,-48.484243500400126,-50.28845859665192,85.68414218878527,-54.62073200875545,2.317552453356143,-38.345750126289936,-40.41424038375687,1
36.846605302431385,45.526227539937736,12.542308668440569,73.7701503602328,78.9362348665336,38.67644883889548,-91.86104553059431,-68.47046741043461,-6.932827617277852,28.800520129933545,1
-76.35627554178228,8.693973996272632,27.878177180600332,4.557146610283439,17.050030610291756,75.57380138210254,32.95985533787939,-95.12638146816737,-12.908550481899866,47.90272137163208,-1
-54.0012492073519,31.788558786948556,-70.14762060223876,-75.71684693760916,-61.603146487870305,-71.75793814450935,53.77479096133467,44.61274671063734,-95.46573362363422,91.59432494713508,1
32.39378895877371,48.708853927458904,23.841585005964603,89.23925678971307,42.141472373855464,-33.49432804908585,-50.767507993586605,80.60561475885203,4.79188596198847,-55.37579179380738,1
-32.67914436121589,12.918816258064297,-66.85019692230902,-18.1847930867809,-18.609243505148882,60.51438105900564,53.43420210330376,7.853493044395819,86.56996015374116,7.033660803909697,-1
-0.49202957077956455,30.75558459123127,24.651501934626268,-52.50466099887519,-81.15438221182647,99.93912187095208,76.39153370554652,-95.71689226586287,-74.45388815491361,-39.27220343817437,-1
15.371476226540054,-0.836105470292182,41.8247681630458,-71.16798792232608,32.95939820609169,11.482331529378968,95.90224741857719,80.76070323384354,-34.83190660040492,-48.76991154771906,-1
-13.822495267638814,-0.3621401652041669,52.72638310942682,-8.15252172718182,26.081303712208978,-32.18598277621072,-15.450239205876983,-1.8881250371277645,48.02554204554542,-53.84569110719022,1
-49.551795965327685,-34.59864630077958,-75.9994500766224,98.7823976463564,79.21651212651844,-28.60968609718273,-81.7261378301128,3.0374215582685196,-38.46563037521189,-84.10256652610784,-1
43.74362265244048,-98.13100930275115,78.21012338610694,-17.291895451302253,-42.431941384639615,34.87271637295112,-27.23416487063372,-35.47882982897923,20.563164401025944,-23.42927127437642,-1
94.35641654419214,86.51334174119219,10.685912232745494,63.86375246939292,-35.66319066659311,75.49680826350672,-0.769312143161244,46.97349339382663,63.5665557482948,21.24273797434296,1
8.002382920902122,-38.32957566476025,-22.856657447795996,4.643603993458441,-20.470028335397444,24.71308123345362,-24.838106115710445,86.43373540726094,7.983105212535563,58.11545869014381,1
-58.49181275885931,20.85190319738504,37.656934073601576,66.5738083595979,-61.66712259683844,-83.84676303528431,62.63582574732635,46.19576867392402,-30.557311255591443,58.2042470420856,1
25.136382452270524,39.643090698894554,-53.76972648746459,17.95057090642112,-52.32286156930637,90.80995198558364,-22.686406207366844,-1.1956488517658386,-96.59695326205424,92.9117941329377,1
19.127748121568857,93.665392019851,-42.55748577452769,88.63261049208785,-48.92052516711096,-81.73301231853836,-88.07555256395577,-74.93614841842977,-37.391547582042996,89.01837012552494,1
50.49366751729886,-31.923032464490177,-62.13045527402827,79.65461302202539,-60.899481960689286,-79.28428970584113,41.765888742045064,49.06777859997305,16.547786282957205,-63.66055187554658,1
-86.4994906632356,-30.70614258426656,26.88798823367047,47.4051811580708,-82.05902459160643,-3.8335886851225354,-21.777805360021148,-91.32041078311453,72.57252107113752,-23.301651181908127,1
94.05142194521142,41.83614075888093,45.57117361002935,59.912063248445776,52.65557698539541,90.40718193565755,5.30106507642931,-6.582451334134618,48.95733510370545,-29.536739394153756,-1
-83.97885467807956,6.266158534635153,97.85124772301177,91.62270577986385,-86.21187754415598,-91.17796810107619,-48.07175322470183,82.19809732463301,-37.99950142401782,1.208471006900595,1
96.73578505268273,-53.85308195858924,-49.45146625030938,-40.467098814137145,-10.05309978600522,-15.735560322511105,-81.28822763292042,27.494187004782702,-49.05274447249741,-70.19115394791615,-1
95.7050936778281,-6.307752582582694,-60.107462633389595,-28.205914062598268,57.47648508316112,-94.36700119664678,-13.817021464227935,83.49004695794935,-83.47651383973627,73.13758382063622,1
92.43450969490837,-46.64109011323383,-67.6574443339784,65.62503837138021,95.93362608447981,51.99285166104971,45.741740920329846,70.34794783309769,83.0781070928939,-38.805129359542214,-1
18.226060651703293,29.44445667957109,9.302741740240705,-1.769365137909901,44.95653135487751,-66.57644068171986,-74.58367754534201,-3.759685035328644,42.59281271535332,46.24333044496379,1
-8.339871694268709,75.6504935464693,-44.44719010454898,14.550651849632516,60.30167454669518,20.440024666556653,36.12727848934654,-89.49816678418787,74.24554853219468,56.44928606218099,-1
-7.704507075053172,0.6267109496639591,42.971194840081836,-85.28779420445676,99.31082163517618,43.803318481034836,31.583507369415372,22.577383302518882,-2.1404437017451983,-41.29355764491556,-1
91.0121022969978,-61.24217399532903,58.014825392654956,60.84675780644534,13.010317258080661,-41.88116790007852,24.44755168486101,66.7934819102681,-71.31680037579757,32.577188856619955,1
49.65193807673168,-61.50136987283459,-65.44206962350736,-12.94173370093361,-5.632107231027831,46.193006317186246,-61.64042683545807,-99.6456097358088,-87.60638781217382,-50.100924154938944,-1
-22.652930739892525,-82.65868648087195,-14.511615828688008,-42.09145044125901,-95.37074979458724,61.617917280879624,23.689694050577884,27.39556821447789,-12.444264174928634,87.21261520048517,-1
-7.464042866078714,78.19477693814076,-66.91981909972819,-19.265268475194432,73.48712046421332,-75.91535476384618,-59.98357192038313,9.526956420922872,-82.05613615871835,78.84177536821605,1
-29.05428865395747,54.97168043639118,-69.66660792847594,-69.82439063507911,90.04492111868646,-55.70102953423191,-17.771109429899212,-8.625095601791259,-22.074732711873196,-28.937926644838896,-1
-61.8146829856713,23.66926140909149,62.48049680626306,-33.20929534212202,-95.8277054725182,-87.62395775076017,10.91355807380387,58.943950652941965,68.19545223488183,-50.59175827825007,1
7.740359590542852,29.620425452214278,-85.13382552928397,13.720842713986883,-51.257660743762834,-88.71712546798173,-17.635129493211224,21.82954763685055,76.82901730586354,-26.760750089271596,1
-59.69432439873743,3.3472089880128806,-96.14017355460305,-36.48837207606306,-45.84094073051732,-92.08985413274895,42.19890634784676,92.97320232020903,-63.113619627728255,-59.29833425949755,1
-97.94310081286159,61.194025734190774,-17.40158796142248,64.9672554307516,-11.166243825439096,63.22552317951531,74.99646830601873,-39.57107743023192,33.55119507611144,10.57098283086168,-1
32.982344897443596,33.15304805307346,43.135296024515384,-2.1640076905927543,46.81518313872573,26.060895512039167,-84.7812053900339,74.82710139895909,-63.3156295260539,-43.86779060386503,1
-65.53602575967403,36.50234602324002,21.913706779692816,68.59448040971265,-1.0321864360250288,67.51704462415583,65.38443059367998,41.117932675835675,-24.75804752405581,16.976806793829354,1
-77.61607612045442,-29.553804985850945,-16.65826723055403,30.402923067826265,-34.952353578657934,-94.62669556083536,-52.90384086984701,-63.77299807832158,-64.93747397495117,49.20978284139534,1
93.70746633997845,-20.4730028534494,17.35095933827762,33.479724912161515,-28.314851523970248,-33.785052260364694,49.75982102060638,-43.80321174343524,57.661420605290715,-69.27050942246797,-1
-21.793426174520263,-80.61653458660103,35.0647053614332,-79.0589686275157,60.775275428839876,57.20296177368661,8.05101171478995,-79.10930905692342,-2.5390014738364073,-36.538464580352745,-1
-69.59502937427038,-80.29062971741152,71.25353070481626,48.27899445594994,55.71589082704321,23.295824007598796,-33.62727791332783,52.26953974017147,20.545189091454773,74.51541214675794,1
-98.3360115545616,-11.849011311736433,-34.05377857075753,-44.92486370501108,-9.1072986317061,15.16268636963612,-36.38607342425162,57.43719914645686,76.75161317737869,-33.465114450333616,1
-75.34324414021063,37.3854833548605,-92.36927881292456,44.815284358080646,61.13983706705639,-86.97906149901735,-94.28406190989529,22.860205035844274,-64.69420466967753,10.967226925040151,1
60.00069635273627,-54.31482953831597,3.681508946915173,74.18413216997973,34.36839436089349,15.073640435558389,57.86849031938519,-76.51052368122333,28.500814561181016,34.35628510006657,-1
93.91692555291172,-60.48881886430435,61.982624061218075,74.06580691081885,-91.29068443132493,7.133021586680542,-27.03186924649532,88.7772593469108,27.08668273138575,-68.06759129338491,1
-9.242091723272154,12.990521530494647,-18.624187475065824,-96.48201675749507,-56.56929003296251,-78.48231108002513,90.25675925706182,-39.60347778806257,-69.10109993323698,-57.801315475816416,-1
-20.80590546750902,77.94979805907602,31.879815981074273,-92.83814111645385,-37.38640213748663,-7.172159525153262,-68.11116875850814,83.54193398384598,57.07065661047858,-47.753835895557614,1
87.66096368969653,84.44466363097203,42.824305480461135,-57.41480990347976,-25.857287270857853,8.002797251856236,-21.690160476837946,-36.786442007176,71.97993940667732,52.35045320720343,1
-29.145734556556874,-74.83953273078974,43.21838356630269,54.796119253382074,-91.58683055696599,26.139961335538715,49.779159907357354,-17.83187711449783,-18.54443518433709,-45.8483713349322,-1
75.17661670341141,69.75351705626284,-78.61487951055103,35.941725855819016,-51.925209193706756,-79.13993540253308,-4.798904053507243,-87.55120670101944,-63.8638623721832,-35.117952995239406,1
-37.80353565686756,-61.00834570027389,-93.58729658109168,-51.012190861268735,-83.1573091858626,12.680435194605536,0.8669954993327593,-75.13613848086989,78.61198248721146,10.50004739573913,-1
61.08600860919583,14.170605108862546,-10.633153896014264,98.93802599290501,42.37945006133711,22.76078512396016,-33.588374745711164,-65.42490093696608,67.67348638188992,-66.2370070800122,-1
-49.565424500894004,-11.349311705007565,-91.53005050471714,52.65871051178951,77.47310312059352,-28.947637372294338,31.963434291318833,-28.483826260882907,-52.08435052643212,-64.78331624951568,-1
30.327952095455316,38.560239725981745,51.689191399972856,5.8326201911324915,76.27104806114991,-45.462191990387254,72.65311669839471,-87.02677465972373,99.19306076417735,-88.3685990156021,-1
-38.44083366385087,74.67829158184387,67.51254693526477,-26.400067710380796,47.54414723363786,-80.76006123954068,-75.204401128,84.14060024072012,-59.812255970531304,71.77571267094518,1
-78.90526000867388,30.798844284049665,25.487801536430197,58.88824018427877,-10.621167988684775,54.97117361361802,20.72261996139069,-65.62933347725115,64.51241825528399,-69.45978236174699,-1
11.680849947161008,-52.249645782795184,90.49826008686489,-52.41516755100331,93.75068848856063,36.48991727015826,63.28118550062703,43.8378695218845,81.42007228996516,58.39656644498007,-1
-57.93628874284127,70.53323062034414,93.19004102251469,68.63672533147022,49.99254434400538,-70.01173554483309,52.94893082698255,1.5094302865361442,-91.80113718462222,11.06047177742451,1
2.500529754066335,4.046097820618002,58.59873027850227,34.732483978686844,-24.312382390310077,42.64783040403998,-7.962988145916,28.277883202255055,15.537268403445026,-16.916309017574235,1
-77.80038024173703,-18.214552848665605,-73.1085918465871,-78.4352652296106,-13.680917880466097,-52.9578551575834,64.97702393613537,39.86467901867138,86.80467621794497,99.19300741018449,1
-3.202126364050571,73.38820856610246,-60.470443776076934,-88.86677078876018,36.64710902763355,35.35519035827281,-37.434176644598715,-15.253160563635944,67.51081500859974,66.94194189653484,1
78.96333121210552,4.850944107547335,1.7752502818669313,82.90575272737274,74.99404089557243,20.36952600944599,80.02783372196484,49.268701982142346,-88.58832326363459,-38.60478701128092,-1
47.48675374429712,-39.29921817040955,-98.86957903176305,-91.48180920593738,-75.6775770085598,30.16104850536678,6.5060078128391865,-78.8043603889549,-80.74589141624409,52.01150709706306,-1
8.911064930935098,-1.2025639713017569,-21.31036935527284,-6.517899948507022,32.16158858550568,-96.4093058001522,-70.57606317072319,-95.60466142530484,-62.56648595616365,39.62161078767605,1
-31.618944378901944,-45.988306779688855,-24.365637109413754,-14.908333473113203,94.17825181162371,62.392921741515636,35.467595000325446,36.08087334777392,14.069934249339553,75.19412133690452,-1
-9.536343096339976,-44.495439019521484,88.96709060414747,-61.25681154408793,22.579687396303598,69.61512327511656,89.03848389186177,-70.86423825638917,34.75962259378127,23.994732050075157,-1
-14.363170336537138,59.560936268214505,-67.98517890265387,61.60294981255669,5.149582819052128,-24.648131334769957,78.96878249226017,-68.82236736259033,-34.369076104714935,-41.34597567626908,-1
-87.46207567562683,-57.75834828240966,78.08444075583304,-11.1229946723888,-59.09120849101299,13.979407834060396,95.42062807753834,76.95924060883453,-24.744364685111094,7.65134423309766,1
62.580201826015525,9.085590042342616,49.67927124194861,-82.50407884981439,-50.78517154463431,-57.29772637579498,54.27241661092515,81.88524707082445,-19.671718206958502,-77.16881920226335,1
-10.130051592071581,-75.96814825287561,64.48446200325546,46.44805004117782,55.37478244376433,86.64733824796858,60.0097833656848,37.28583345315295,65.39303944302549,62.61108516240327,-1
-86.60527759494569,93.88787513517568,6.502973951304014,84.35955130070178,72.67731295787246,19.359907342636774,83.15467179855403,-90.00565431143417,46.2259997211267,-1.6463053145012907,-1
88.2241625067347,35.460791859628216,99.19821018922104,53.74584560241627,-29.480264291049394,7.982659372391794,-65.77567554907564,-32.508503528320105,-15.715980772582895,21.566348664711114,1
-10.891672251621827,79.45969914994771,52.46375233879516,-29.107675940822688,52.204120843089356,15.249650024237553,-10.471533056488937,52.22631071562256,24.164353332300422,-12.202554115311685,1
79.9149146549137,38.355527828396475,15.922179845656785,55.84102294777668,96.52199828094888,11.882952023707375,89.00714701672354,74.12316820062051,99.04425067122617,-2.3378227755988235,-1
50.42286653939496,-54.71407898247001,-38.541271351541376,-99.32320268520452,-46.991294257731475,19.29067623240232,-24.48626297044956,78.34417514799273,-81.875403421323,45.031753188465075,1
62.36134367017726,49.84343301817964,52.166206003890096,-66.4594448020546,-85.28407236804969,-20.163500806179485,35.01373533739752,78.15150017904082,33.64256144999999,45.161010343064135,1
-11.93531632633021,60.87488282754012,-5.392974983259947,-83.30614096360856,79.66440393827386,71.91847824947706,-53.93613663849839,71.41093049459906,34.351935680884026,-41.3932507307095,1
-19.14205054902618,67.5682761811037,-14.55939454363309,54.80066258195194,-5.403246669573235,-35.14839986040758,65.80808069423074,-57.957921208620135,-49.86340702631049,-36.46537610542633,-1
11.375688634419177,-69.46836709184325,92.45561203049263,-37.01809049465674,58.64310720263782,-26.35396216783363,16.43342708206444,1.1126747289383445,-52.46210299501317,38.992148976602834,-1
-45.0592369904216,41.753126469130905,22.261103411077343,65.74885314569539,-19.9190525579926,2.9214620470923336,31.015896058449044,-47.26795621208926,23.631420196995208,-49.150958992715154,1
-64.59790314465064,-74.94975378075841,32.260792457373356,18.831871575930293,92.80565816648794,21.416392784234503,58.09365219201459,34.47937551400793,3.3773773840713517,-27.39299005865712,-1
63.45955399249874,-46.112110739269,90.31606188797392,-51.267797491631015,22.128413326355513,-41.632495307906936,-52.050403930270114,84.93129152383057,-27.689940490856472,-10.401005682631961,1
-50.257145482474016,-34.09391724520066,37.59680430473395,94.78815333335635,-97.12652816332208,2.624512561091578,-80.70736917102978,-52.227587666414955,-51.59780225070452,51.1634393329536,1
-15.561553223864394,-65.47817741954509,1.2010669533875102,-14.63171812620439,-15.643703062914113,80.24267195086733,36.12290389282546,-29.524141738813753,82.52992258696202,53.44514444005836,-1
-14.700050551627768,26.84861819550852,22.306318922954787,-3.6589040311981904,-12.746143991482157,52.09134790803918,-79.97017233750579,3.227087212984344,30.17232542273956,-70.06668059712572,1
-16.07452343863794,70.29688986279879,-19.6159626014647,62.84546561461417,-62.78048644341918,-38.892770642422626,-21.556942844136785,74.25011088302637,23.517135581873717,-45.80528461688185,1
10.845302826403326,-54.05674326335366,-86.99080845257188,-42.89141242609331,9.47624669388702,49.46491369034453,39.833184579147,77.8506485869743,67.59031465314888,-57.89576649537316,-1
-38.04242815818015,-8.934250038279572,73.52377323782648,45.138369782949155,72.81410062909376,-43.42566843051876,-74.92582147547162,21.862264671096668,-17.865041157832934,3.651289992170021,1
-2.1903199101433586,-39.297975024377706,-85.66987715370307,59.483994257765175,-46.35146136718842,-98.23459030769943,46.43492955405031,65.4730707055993,-69.4971433400917,17.125038186987894,1
-86.2572644552078,-32.450400653030556,85.45312652628184,45.470703415191906,-69.35353595307777,-94.61916923007323,2.567983621405844,12.935788292019424,-83.12888123588607,-17.32705051426653,1
10.409436170396049,3.4544339508621107,71.8092659413312,67.26197500313432,-0.7480043916322501,98.24568921772487,10.315500471691095,-27.584265819994044,-75.46309239332889,-74.73489900392534,-1
71.73962424891477,-61.90860059399081,-1.450220774132461,59.67922980059819,-14.495569087949292,8.062653541526373,90.73983940238105,-52.73967793692691,38.31344982707569,-75.72314491882622,-1
-84.28430056899585,-9.55697997965639,41.42412278887619,-96.54120484658348,-48.6032675025035,59.475074954036074,-56.72609645308899,62.4716277280296,85.8219991607848,-84.52671717969366,1
65.94836074144033,75.87861136143908,-35.99780215058732,-71.57860803348353,33.17130881157544,69.85716643110436,64.30062878039183,-52.24511620354795,-52.32138118642828,-93.72996310493431,-1
9.335452979462346,-93.91529206918288,-86.13674772573663,56.95464062847685,-52.70808478752886,-54.25727897287083,-79.96291913350598,-95.18863065324521,-53.93808458273932,-37.81863832151833,-1
-15.634364292233727,-11.452814458708332,-98.33903177533405,79.55481365101019,30.491629697590724,-37.58539634091551,-0.9100714641404437,-64.36933375077416,-67.63427932567676,24.916980911058587,-1
-15.252349270247436,-28.76121130772411,-47.3192776088311,81.68924113808032,23.487275978013827,61.698090838226875,-69.55333951391023,14.34929460970531,62.105156872937414,-68.50227229288987,-1
-43.343119301484535,-6.1879319557692725,-43.022272219387794,-61.392767557135784,35.95131753647439,-28.0964615754919,-86.75380230689387,-37.34154936806888,20.57319504489182,-58.64787027057265,-1
10.674237949954374,-61.742168660697125,-99.04003503652585,78.12807725612342,27.549133249143537,-22.05051706526781,29.41081098119588,93.73739289256383,72.99677277634919,25.523400366981576,-1
15.671952623308002,25.248964552606594,-66.10665822231209,24.65179513855989,-27.1080304120713,18.12905019753171,-85.00933116104785,85.91936334855032,47.66049412045308,10.967046789058202,1
66.12388155754581,-62.33949501657872,-42.97336496385826,-96.0560535591375,-78.1292133290054,-58.794525615811466,-50.65463936629073,49.46860168870606,-54.6666610966533,52.7402971987878,1
-50.00542182623406,56.14654600573394,98.90102084411174,36.97366800536946,56.69602970176217,-15.36502971338875,-98.64074305069714,53.585780126325744,38.66970984992494,37.71038961302412,1
47.307045666958516,-37.24357133885425,-45.41565449345264,-34.35964989247651,23.123021877757722,-54.194817585324564,41.31616094342078,42.99915625787668,26.36233271697654,60.95846906271106,-1
58.80503785405921,-23.433321046312955,29.307019756146502,67.38068906333098,-67.57361094496596,-88.04368491093378,82.6369125316227,13.668007665208194,65.62353999861153,56.324888641652194,1
-56.25803993528336,-9.69059543651511,-96.31315805985162,-34.97051075376996,-70.98987183971474,70.98217807975377,-68.71296350081397,-52.737966685241645,-78.0943464460845,22.209306348571147,-1
-13.196126765224946,-95.97565562938519,44.37063210662245,-30.196257491511375,32.93188270781974,-78.65647028950822,11.73569533299856,16.660305810973824,24.815857589965276,-60.19346909165832,-1
-84.6483876222524,-68.52429702622649,10.916134307124878,13.672551769518762,51.6820380854125,-99.41318843946469,25.317810334446804,-95.46710509561518,-55.580758414129306,-90.79584125318125,-1
78.5116454972949,88.03596694584829,-25.765175862177387,90.57390407161674,35.200312188381474,-26.41554060834406,9.609500567708707,31.08862504691234,13.230016923405685,57.85600846390423,1
-27.785054731792556,-39.76819604291093,-22.326624465690486,45.23622440000307,22.732161481865433,-1.815684304341758,62.84180133508224,-79.22980511357444,-36.25761126105906,26.299711051133073,-1
68.42378462714174,-8.327304114738766,-13.545742442366276,69.61893276022428,53.11764752873631,-20.628146766035655,16.152720663437805,-78.46803292846734,-95.3001256219074,3.590395621509643,-1
42.648957444599006,-89.45120956755652,-67.71660246248521,27.89368789842075,48.950138610380975,78.00958197478818,36.93433234383795,-89.61546353582656,-7.454697265231715,-44.85896094335074,-1
45.62328746723327,-35.040216923927886,58.66896557219519,-14.836570697659695,45.544219265342036,25.72813033476187,-66.25790864861028,-85.11293546054044,95.38827005923,15.641328264325821,-1
-83.67400359388208,29.5440108841224,-28.764293134315793,-51.51681749102723,51.91615000301451,34.70625197983125,-84.80364352061542,-71.55901116860667,-0.6834948449424303,-98.9051560032584,-1
89.00481291611376,-22.711329813836528,-7.125935963591786,-62.7798876121517,-69.11797843154696,15.124750117439547,-1.2598606307958562,85.89831384796378,83.37973932365693,-41.996271949658,1
-14.957299106153314,-50.90910749221391,50.03005625970354,-97.074292158986,84.38553412607394,26.818006872366055,50.41454709999505,-0.045805661412273935,-20.151359054675154,-82.78578475846459,-1
27.18806536534217,-45.923352937868735,-27.78111139853287,23.410849220841996,-91.6147291244033,-82.67595419808728,76.03603706008062,22.820874964059797,86.07861393024166,88.82650834445505,1
76.97102353920087,0.8842079430425969,-77.99575140170467,-22.887423977935995,92.75814289281601,8.890643089356871,3.5477872988339385,-18.05091539999397,-55.86356236721382,-44.21624083106923,-1
53.888515884311374,91.42141920001029,18.018679897601558,8.21418415972326,76.91424128275347,-29.29423862243921,46.709858794475565,73.03225467530922,-3.4398950395104038,-64.14540777550272,1
85.42212577168547,-89.5462664876807,-20.86601718073679,96.71966577563077,24.674152044179436,23.345518357309444,-75.20255867472653,-55.431062642808506,6.1547521922866935,-92.80853287457933,-1
-41.55635390762045,-23.36710628817484,-29.63462058263771,48.10367293648986,15.608022325760047,18.134247001833785,-88.13516200627778,36.40069683353252,36.749012657568215,41.43693149630687,1
51.250758284486864,39.7271178863912,70.25776785950296,7.4148431806652155,-17.851106432921625,48.80861613817399,-22.901111338615294,-2.2964134329402697,64.24147387768318,-1.689746048505981,1
-63.68045663971487,-96.61744001567854,44.486684604482605,29.186836960187634,37.77862160648945,-96.72644719198344,23.848644076555786,-41.59025083998837,18.891580921328014,-92.58238434775537,-1
-80.4331678697997,-98.76323547182066,71.76278293497137,-84.679276737258,93.90531212797731,87.029341250074,11.296461218012638,27.0492186907979,-89.31098609988663,23.865479431447568,-1
-89.60868448914631,-73.79707626990688,86.11240540711452,62.49022634411881,43.64840525442409,-39.32614849425355,-88.66103420587514,68.05830615976976,-60.819739058711875,58.126675767680496,1
-87.4693593089291,61.181168506688266,-34.17265888878393,59.394955779162615,41.11364041511334,-38.34659940275014,-50.36683135814384,-31.223840913329553,66.61857829009034,-99.01671565856034,1
82.88238918499195,23.258149670828928,-83.8306396713492,-36.090187424318685,25.81151971192675,-31.901582694293154,-40.24229226606191,55.67955768233648,24.030822599430806,-76.37565902677439,1
-71.82859592404003,63.21135142286471,-27.321504113574676,-9.525164595339874,98.07490459344243,85.76919517525087,91.5705855513655,61.928908039423135,98.3941605530454,43.71121014751549,-1
23.08415596416708,54.89548385519666,-52.107044093106644,50.24603778161642,26.12620943083263,-37.57390265229714,23.311495368158887,26.687563773943708,30.753477301200803,78.92412786890517,1
-71.97736484670949,17.16167884304886,-45.01833250355185,55.73043021498188,-55.32793345315194,9.479429526778745,98.33470990674695,-79.46877085031261,5.255240339066617,-90.23576672916333,-1
-57.85900722655937,17.075084558191264,-97.46843430316756,44.4466512374388,31.90939901852792,18.602991854457173,17.80065155812565,-89.72899684817865,96.23488467209691,-28.233116212463557,-1
79.44315159066534,40.161683600348056,-39.75485038754412,-85.3110617988477,21.62858847663,95.26258002212796,-61.63904167308238,-47.16594367129636,-64.46106223011952,7.816753280654211,-1
29.03455808188997,-10.834890034596768,-63.13373020236175,90.2998878454705,-23.126064853130757,24.62296803255491,-17.15419687882877,-43.64267591586422,39.62435593863566,7.7658789129854995,-1
-45.47519985329325,-98.1803637438448,-74.77946080251814,-67.80890250865417,83.75290873884524,57.99454227312228,90.5029811386186,-26.44477346963066,-47.87659440623919,33.71890269233626,-1
29.8420604232127,-51.668215836162965,5.050092966097637,63.49528786098412,-74.32076563954968,-64.32499961278191,-67.43792240402763,-2.023332300235964,-54.56597791452571,-55.365980429990145,1
-18.57870217487448,65.92876107058567,28.586241632151996,71.39676114227515,31.27276216020138,11.659953474260902,-96.4683645914689,94.64902663461754,-49.10730284241733,-90.75908046998136,1
-19.59455662235186,-18.567140306575,-42.20843617185657,78.03127251467888,-91.49130301401982,85.38413846317798,64.56943610646434,23.460040482771745,47.527684283391295,24.61834113095378,-1
-24.626623930562303,53.67998578975596,54.96996930681982,15.689551170539275,-12.007370098461607,-35.75674022072755,4.957587230219289,-48.67951304480598,60.785780686019706,74.09080646475917,1
-68.09106397736232,1.901774644840387,15.814505537198897,82.13554798366093,-37.024454816450046,-9.496847231709339,-70.50980651189352,90.90794512066361,-77.1818834453449,39.64774507741282,1
-41.523377917561376,56.65801848777329,-71.9465573081662,55.96851620386337,-64.58066114118324,-72.44132507230549,82.08320959679759,70.15528212800058,-35.314242560508475,-99.85899763276956,1
91.13029964595069,-77.27079226065612,-59.03969501216662,35.910372457037,-53.133641606798406,-28.295564239430803,53.01247954229984,-69.55380864921315,-11.236916423589946,-98.2203186636019,-1
35.81332089912749,0.950864713108345,6.665368550587274,-86.14147010667156,-15.1007250945665,42.73860942913578,-25.970013890545943,-23.314889032255934,-41.41390488855594,-45.99316182000881,-1
-6.932613212102794,74.42121274931623,43.83438456842504,-47.00384541662339,52.401988095532346,-68.62954162072592,-60.936517891328165,34.47758509232568,85.90945686496624,38.107993962900025,1
47.485217154135455,-36.779022411820876,41.790824685684385,-73.93517728797579,-4.645895878714796,-79.45966172772579,-95.52503084568431,50.657135958120875,-71.51310920824632,-86.57931494635011,1
-79.08643193311995,-83.34846838987357,-73.63267643929717,81.67650947425281,-17.130378313674683,-83.62711920103088,-79.75725140122304,31.64359871160977,-86.95063282237592,60.41973092042181,1
15.698501645866017,-99.98943461354064,93.91441036731166,14.748848508917291,39.33338238018533,33.69305103377954,99.31081227867779,85.57741909473293,-8.815982555466363,-13.218551327595591,-1
-66.34428229845744,12.53775115814588,67.22256098553754,36.93432548317236,-64.79436944245462,-86.81727065921584,66.99744754181415,-63.11613464119856,70.10513696197498,-48.220216881129716,1
65.37171219455061,-14.396129512071226,-1.9043185583865494,10.100828154043569,-25.61410889342919,-37.35661136866186,61.19122556560802,-16.069437950930038,90.3888991748486,-22.34120934849409,-1
15.423416477581299,22.078773328810712,88.38210897029597,37.067756384271235,-29.049812810744655,31.82644076824127,69.13153180125354,37.6471757195784,21.394285592246746,-80.66192122160727,-1
-34.61179513266495,12.62531877840938,-84.54130136990683,42.97408213547703,72.55598226050012,20.934871233758372,-84.79397847253472,-54.651929895350634,-72.53543149218653,66.09133462709548,-1
44.547550447760926,-4.649224898334367,-38.848102571299115,-27.323325800700715,-88.8838731031846,-96.39514936711196,95.42037256824398,-55.05698342359915,36.726588019420944,93.30307399776109,1
9.683832598712527,-73.8137495746445,36.30700004169415,-52.56646374028071,24.177940919870295,47.381698969168326,11.917628210677861,-21.248105741874795,0.7116547753400084,-74.98743605575002,-1
-48.76169711212901,24.16652655483857,97.00676900119194,-26.3479523539839,-28.704366970433497,-26.0895158654358,-43.44385662448009,-23.368838247477314,-84.48559791165809,-4.9457039683197195,1
23.356721570508228,-87.29285551521629,99.01055049584946,49.75466436436156,9.894895937098156,-63.53415403668552,87.42326918869722,-99.34341594235691,32.36133925101805,-98.27171993258584,-1
40.73157187600472,14.170787255752316,-16.59025433581982,-46.32432694457045,-93.2539785084562,42.63079677859821,41.70650537863267,8.877982374770738,-41.33787269555391,-75.42160635517348,-1
91.30027965989603,-88.58018431096473,-64.5729090413995,8.15364656546727,19.675788639899267,56.262525685720874,-2.596702764982183,-83.24616001449047,-36.5774153407332,-11.046776468133544,-1
65.5037844212606,8.575626472161034,61.34295360894549,-51.8902303570826,-15.661257256363655,94.39753642495228,-97.60757005965522,0.5858428741912292,-86.22506295835414,-90.00159702093723,-1
-30.53133474823146,-51.730059232500025,-85.46353688203703,-36.11558025715911,59.44131434120649,40.61440438142918,70.77038162664292,21.514249241097303,10.304242942999082,-11.452710820733827,-1
79.96666913745449,-84.29275144144026,67.34214411669234,-81.34902604292584,-12.379042070484743,92.20176978216438,-9.437449917700462,76.84184050237914,0.8478539696206582,51.637327672873425,-1
-73.65424530908761,15.614420402482509,25.749045165614206,-57.25576943559651,-5.905749784993915,17.04445750160923,-82.37165377937694,-77.37887746948904,-42.688410982791325,-69.70221480187817,1
75.98292534540289,10.403634459130245,-39.499207929717684,-59.25550761389691,-71.40048976091225,16.53557494336549,-61.31628017129,17.06073772291863,87.90014996250258,92.95620156617835,1
32.03947534354626,-19.006282524762312,91.12427595627122,-89.87972257563905,-23.556146475421798,-12.017911217557128,31.994200911735533,21.569160623370905,94.11385563152737,-79.81122202804144,-1
-64.39280662604972,-81.28811861753289,73.7256341020722,-35.38225054108955,-40.640771903967085,88.72156436473102,51.10670686786801,20.947301969348104,63.76848657959056,92.87534484303646,-1
-49.37969216407825,76.84903478579085,-19.734911211755218,-77.79072254162034,2.678480425135362,35.76146872767711,37.33988720076002,80.4322234086894,-75.61847263096638,-27.727668438644542,1
68.7758822461858,-59.1033077608353,4.069267374314833,-89.38544356572658,70.20531926034829,-96.80057059185178,-2.248317992686296,-57.2491087072595,-42.7407173895846,10.097294054509717,-1
21.939485030523187,-11.280059736362574,-49.89111514573597,-12.746573039116043,75.49298993435559,39.6785569998425,96.24767020132688,-50.029326548982134,-54.138193375937995,-34.16980705023758,-1
-9.722595134064903,-75.33630178494155,42.0775294876596,-79.6992283392929,16.54374042660443,-10.57771850364351,-57.437354807686724,-28.86480637805127,-44.31205734586088,-92.37436423837107,-1
3.712337733146782,-41.19932228100937,-14.03646037172362,-0.0032936790329785026,-85.67761758209636,1.9724256889334697,-91.9666066138029,20.773800565124617,-26.62981932302837,-48.04791557143231,1
-2.433136291197499,18.74115659028692,51.79728808869652,18.0430471257214,-53.77362787487942,-0.30443115242704266,-30.668840010526992,-64.30794202928291,-16.682884867143358,-30.774460816234537,1
92.31014642751325,-54.51034918704008,12.255102971242437,-52.244998336088,-46.69803255120033,85.1477975466662,-21.428111393272474,86.68386232544319,14.517610103831103,4.081634313783795,-1
-5.766420213437073,86.71862874025032,-5.243327538435551,69.85375008763623,94.29841129464276,7.6673025888530475,66.48417108494192,3.924187579265066,-34.10682923110238,-66.74796380658884,-1
-68.75868626267561,80.29717022014981,-63.493689798265216,61.14716437528165,-50.12907397493092,-18.857882268333697,14.532481824128212,-44.793579441880695,-2.921108047162349,-66.87485155126942,1
-77.4839219176126,82.45091222023115,-34.329585237856364,-29.0550064104945,89.42192282911785,93.11499594534769,-57.329991648320004,7.233433071623182,90.2126059445796,6.071380907128116,1
75.33015236564012,95.57073870035634,20.66157567778862,32.91588560180796,-49.29226749616493,72.96618654092651,69.12335337791501,85.89812241795025,-98.36578151845721,-42.057908036200445,1
-25.349641674131988,-40.21476998033335,-41.26471732831276,-66.86736650471745,55.87316714957515,-23.570806622246337,24.77663102480892,35.93447402017273,5.186298872188559,53.024996231901014,-1
-19.829716647272022,63.93540055609182,-98.23703334110547,-33.11076262433505,56.16292621705912,-21.55595427959443,96.32054834290125,18.780230732221554,-94.30735566328683,-23.321071127025576,-1
-77.35239083184895,-16.767810718768445,19.18536242334676,-53.063293422949954,62.94035181333092,77.17260521513205,20.613652550560914,22.363624555529555,-9.535034223489333,-19.84181100310127,-1
-25.498213689306823,73.14544742135874,89.44540546934218,-97.95916254295096,-34.648864933596954,-5.242552159807687,-87.31268806897832,46.71292899264304,-48.65960537339815,33.975533549178124,1
94.9381192097103,-98.93516188578715,94.1581981138059,79.19979033618267,-4.962167991571249,-7.200555126608975,42.46464218525844,66.0332919319689,-9.405379800922773,-57.73750819431258,-1
-43.81309806252385,47.42648279132783,-70.37321559672338,-79.99638199513555,83.97883616379292,12.469577787064011,63.4937790032877,-80.69348889762122,62.07968602462125,79.2543800826503,-1
40.97420200867634,37.65859968545101,-81.34797596383365,44.76573636458903,80.74599524272753,58.36554418632605,76.48026689196985,-18.66721415340129,-68.50731785679498,-68.91943003418221,-1
43.27942239161979,50.59723860783703,-12.742128141261148,70.88587735634607,-68.01419228473216,-20.26110171006124,63.04152556484789,96.13127452597192,3.07422295600459,47.962924809586895,1
15.996757485626262,-35.887355127815084,37.96825668719285,24.351877219079455,43.2773115769823,70.96223126345623,-82.29589005717179,-39.70895870027034,51.95413950423554,1.5742095261761335,-1
85.7261124230788,44.884468053863,90.83074542383557,-42.433131939697645,13.32934367083341,-3.0925314622895144,92.93951208884076,76.03803886721494,92.9068843615187,69.16701013073629,1
67.28843849397396,88.9894841643009,35.61450246438335,-10.251849830498756,98.03456108368636,76.73998491950721,-46.306514945074184,-3.3570956254192623,-22.649159916714012,60.843288167017505,1
3.7835410565675147,-38.216455431246786,-19.28592151007973,51.975740807758,39.12456057164951,-31.372889297206783,-60.95838155533828,-76.42600724508135,-85.11262076938036,61.78026011206143,-1
-87.73007457786636,-53.58428442676699,-76.5075854407232,-34.32852953455891,-21.306656251944162,87.4523219577751,79.00255132529244,48.79728598004692,86.42750536807031,-6.144389773529241,-1
-35.7675694728093,-57.02907871500038,67.07247083577849,74.06551874093842,93.75320791363865,-53.281948349127205,77.82322872050779,-8.904524468676982,43.24010597041271,-12.382057348970577,-1
-86.07177036751885,77.36630789379183,75.88346205287922,-52.32151156219804,-2.1454960047831975,0.5776113571336055,-33.56440457826173,44.82441402914165,30.22073388399147,-20.358848606955675,1
59.48520432138562,2.452112775252104,-6.14354437595172,57.05893334453464,-21.29719746727585,-49.31440760172063,85.2406033125038,-11.134209952840578,1.1475331062071916,23.883406940625335,-1
-72.63627381620772,53.02976997225278,39.73139601624803,43.437377945054294,-37.267818164866284,39.813182554251284,-12.436340678876093,45.345724842177106,53.52340877952696,-76.89241535874166,1
0.12485361408356255,62.12076965203221,17.203275495659327,92.03768600198507,-8.67420216977169,38.133277952285795,39.82961283020336,23.234697082629353,3.5767840256752663,-87.34150892085437,1
79.71083770541586,43.535231558699905,-35.7075044104391,-61.60489882815243,-70.70584798433661,-56.1206578872848,24.313446896341517,17.554898033785136,17.861628905164054,-88.15054745035083,1
93.00307389089437,-33.32643237668745,12.094696434700353,33.505763644833905,-87.63686123110921,4.199225197163386,22.275587732026352,70.29541476049195,-74.16271801118464,31.72504423525092,1
38.41472940487378,-49.637059598173664,-81.03391223117973,-71.05341333238556,-49.611957518177306,2.1834526637238554,97.70890384729961,69.89401203047245,-57.59915816904808,58.79858980872251,-1
32.76090552436102,-88.04754516432311,67.9133412950844,75.86529980316473,-41.744701636710914,8.266015509143188,67.25367965836753,-69.95521478133762,41.72363404173737,-75.85177506093771,-1
0.08022914204023834,-59.969157750126634,-59.18538831963862,43.957452493656916,-55.67854865152091,-89.55905808098035,-70.23833936178417,86.89478604932631,87.16767747512452,-81.92180158355873,1
44.007307309214866,64.60071488938695,58.83254176752192,-93.36070277890602,42.33343539713573,31.59491505304237,76.58941998106522,52.1169609952334,60.76321592725901,-38.54295453285928,-1
-48.67055856278084,-48.44895687437807,10.098493893183559,-6.748651776525321,11.813545521847473,67.77327315287926,68.41355299750188,22.419797136422744,-93.01020392190595,-84.79438452611933,-1
-81.47490338972656,63.24557037256005,-59.0357505848291,-84.7111982099435,33.9610082476639,-71.88802064606625,-69.527055205024,28.661760545925915,11.738585302986039,7.4559191615650064,1
24.526106719731615,46.66558174337246,85.99695662682694,53.97160113577871,-59.00846755354387,-76.00493836813999,-18.0885098254781,21.437976675414205,60.8233507127768,6.255306998356772,1
78.17110699662933,10.263478132562824,-53.18475920317696,-2.7428855297306995,87.07389988094582,20.906925216899296,45.292314280723986,-68.04901155640306,70.12850962946987,-34.393603223139266,-1
4.4486520109608705,-73.11331452609,95.65389719979763,57.12035848460451,-68.6655731304964,-48.511600975513566,96.8434029129547,4.385857725060461,-82.26983190117548,79.74986741101156,1
61.019462408226985,2.2872812603174566,-9.581295521923167,-3.583768353545352,-63.76947853900576,87.05376821908632,46.732219315804116,97.05014493914993,31.586834832613874,-20.69491974898186,-1
41.248445431299245,-93.92923889339914,-8.810762846267735,40.13156577757081,-66.83400479210124,-39.2520354740304,-90.40406775766898,83.83438013926042,99.16567486494893,26.78826791379025,1
-16.836286396317803,32.6295658799645,48.06095815119636,-49.74816730657459,-98.05482497376113,35.995214032213966,71.84456078035944,-1.5206469416402513,-6.742822199604433,-36.4257799295314,1
-83.96399718361931,38.77266846567892,-31.759585521569306,58.4701928709861,-8.01821560896785,-2.5911401060073587,-43.65042716029595,-57.86355322992583,87.93515830195858,-84.99432849168629,1
-54.35292730126018,-15.085478562808888,65.70771518540988,-71.1497371766817,-82.8929281401076,-92.17688423920585,21.249611989309486,-65.58559329334571,-95.86541071924995,34.34114991354372,1
-23.91599849848754,-82.8411430201021,9.850254275578862,92.0959503121955,2.3589833402382254,88.80850034716158,-16.681378063365628,-62.5727720383346,98.89236954885055,-60.13143205756146,-1
15.340479771551259,91.3671335086126,-98.5495143969711,-98.08765742990435,-66.52542969197279,-80.0756438100681,71.95338943322162,67.35408605518651,-10.012709379279244,-99.93779749423983,1
33.03944413924003,31.164153465478563,51.310532011563254,84.53899679087345,-5.625082645741799,-33.749750601600795,45.96566257904598,15.978648475099845,26.36890132849517,-62.599658841241855,1
20.630421893277642,89.43058720127095,4.734479999797031,58.26830480392729,-70.02901588294112,76.72074891261727,40.89238087358308,-70.77013890370816,34.8708974815288,-42.865122117222555,-1
-90.88296841026624,45.39597426916308,26.150999608153526,22.061556308019178,-79.24996461589322,61.199690911341406,-8.876673831568183,87.99966352608752,6.263448056003,35.37453333369146,1
-23.443179919391895,39.063789924876914,68.77699313312644,55.47462584210976,15.689448600555053,-54.276180711928234,-70.01169136288857,-19.639387936451328,-92.7635884929463,88.46532021541623,1
-2.466586275747119,28.315936248678838,86.00134396663324,4.638450721738565,23.058823817708046,97.81927549138453,93.56524696871605,72.67058779334977,-5.928852745409259,14.58143787367328,-1
-10.798845408408852,-70.12367275471358,12.816984337725017,80.99537635633627,-14.249851740337675,51.50106019109529,86.49708535332684,21.328177045131454,-89.50903237522743,38.23821733054919,-1
-83.28913249786206,-80.4762478929702,56.78330193584057,66.3442240559836,-81.1706495433553,-20.250138149788285,-56.047108455433836,29.098538472287515,-38.03799017390954,-46.13573595737919,1
-21.104744285992936,-34.348982144532584,-95.56809289109569,12.868233574630139,-1.1135598342023343,31.357402192885843,46.71350453018766,-82.92315009602898,-97.1762733028344,41.10743534206921,-1
45.86196009544125,58.20081481308145,-82.06014059834908,50.717071799899,66.97069810735036,93.29573458090451,-60.26116527773095,62.31578889016646,-35.202192696132,22.413999722638067,1
71.09211680220145,-33.024341972603,-49.98864829796936,-93.37330756135782,51.627692301857536,56.10773852790004,-84.06001533714887,3.2332732366518115,-12.9266134024286,-95.05721249371386,-1
68.54238043211097,94.24398237709889,-68.86477489160492,90.1363873614165,33.29124991496667,-92.82406364223019,-51.88240687149228,12.66258090686729,-34.35545910197986,3.659656737248767,1
3.9547897112035315,38.680170685808804,22.415863640771832,-65.48284119014558,67.6184453413903,47.96326687764204,92.0204609801047,-1.4564197716064484,60.35409823394315,-81.41453199689914,-1
-73.8579246519601,-67.80311366252505,-10.129736654090763,71.83637802213522,9.465748468629883,22.53501135704417,68.77491248234634,60.90668527557847,1.8298190511006283,-53.71100632681119,-1
-55.90275818596493,-89.54417934624807,40.03751216609132,-1.2461017254676818,56.50112718987185,1.9566731483168383,95.83023234182423,-39.95945292929031,78.2645946099756,-6.984679368579222,-1
-97.136944466588,0.03958710455704306,-37.318887705088734,81.25315851460991,22.15685396090754,-28.041809181519397,98.68719027231921,65.28385614565127,10.419597397479492,-77.12749500165357,-1
71.29796823766446,99.08430258509122,37.845947272590394,-2.271220580248311,-29.956973973698098,77.87761848464638,31.76857999310033,-61.12830611011428,-39.39670863778473,1.1712053548851742,-1
43.2099946484289,-42.10042697605607,-69.7317482616934,39.93894019147302,98.71947314234203,-56.05964394707759,47.31066197319814,-67.58626374059402,48.97333708528649,-16.794455407314416,-1
52.323923065743514,51.29021759778237,-53.64194447668407,20.094572650054815,22.7196137538823,-47.088174400883,-53.23134888077408,3.4548579532828825,-21.020350331768697,-38.7179899426817,1
-69.12745694515954,96.81789279330283,45.4794587691903,24.376632290986606,96.16331649906073,20.799785799088298,-86.74753188111333,53.91031431877954,-45.92791351637548,-75.15821424288198,1
-57.67282028602776,30.80461553175209,82.57919606124682,95.2831248547657,94.92462336151311,34.03892174110166,-77.67168569232696,-45.895941662469355,27.167271304023515,94.67824399579683,1
75.49217252607608,97.82506382174668,5.7610436313532745,-31.81282393716087,60.468799796390584,-10.28618043384752,61.04645536996841,28.014384897430944,14.854824045097075,73.78351401779253,1
12.968226652523285,-96.00541348439438,62.81338119025338,-95.2008108399854,76.43995572349397,82.90961582023121,21.473670069140823,89.66426399974128,53.002472525779694,-20.535707208550008,-1
19.01558614005097,-90.02797072016715,87.50519735191659,-6.57926153714601,-79.57526039595733,3.514483595839252,-27.661536420257235,-91.16712227520468,62.35610465316515,-31.239982433297442,-1
-30.233618508273977,-96.32885512417164,77.61607645176102,38.38046281672419,4.219213798550754,-6.517542586329768,-73.31727544518438,19.205375705840225,-85.55439572876035,-34.47542294937655,1
-94.87158683871286,-5.109364031095339,35.2467470080955,22.409415931551123,65.33660545423413,-17.847312021848865,-27.595094628451804,15.535718661353371,-50.866134309151455,-42.487782199854784,1
16.65047846251136,-97.67102009938075,-93.00362529676929,-61.73104745962548,-57.959757109495946,83.1505545363132,24.73143794229668,-22.461461611058354,-7.800562281944082,33.17864157498198,-1
92.56207141480519,1.8226770375044055,96.64319733074916,-83.93537886209333,48.475276574527584,58.23733744687277,-8.882231551446068,60.79883822876826,97.69724406405024,27.27174002177364,1
-8.400848199285704,49.64776123618003,81.42348383602649,67.71553327428498,-32.265615022500555,-42.26663446636676,27.844089376707174,89.44091794963583,25.36904370013262,50.15394998241632,1
79.35308492528503,-42.772991508337135,-56.99548612876308,37.00598985383769,-19.786137868643493,-93.76538353645383,15.126179654618667,15.503262616987882,-12.018508403325612,-59.005713647279954,-1
88.81186793732266,95.78947117093236,92.05046504028752,-21.712795955428874,65.11047588353725,-71.00084688710791,-94.98052890060038,-26.56816942263633,-4.160909160886121,-89.38602687648198,1
-98.89557657527952,-2.996402495191745,27.118696401637436,22.88425964460589,-6.114649668208315,90.81747060714284,-26.225920659803933,-2.9055699520533125,88.61260142218447,80.0228964280486,1
-74.58789746962304,54.89712062395819,-3.19221195443032,-34.83288103100021,-34.80969120911294,-58.84589560912572,79.3567388025219,81.32447300735893,-59.96015666989738,81.85926564491172,1
33.560936645281316,-32.28919451258973,-5.381092380125054,54.154537642121426,-70.38243239196795,-35.415487817865184,-58.89161979196296,60.17953153328355,-6.657939442954813,55.201324268411724,1
19.210023152190047,-56.982954242981435,86.52599314787193,-95.14145932004394,-23.441882416423326,-85.02559250623531,-6.4376600949446185,98.16782543517584,-10.293917320234769,12.600504873682098,1
98.36199026987268,1.9970158626994277,-20.40854454084615,-53.98184159199209,-63.89857603112057,-47.86169036937724,-3.8240328342600662,-59.469645742553645,86.52884926329679,76.50980784316366,1
-27.719244186562733,77.00306490945172,-59.14704833339892,-77.25139611725513,50.53080024225599,77.81418509763279,47.60065661056879,55.759511169425906,-30.710502281114202,-74.49753286204965,-1
-70.29864367126385,-60.50274366959354,-17.06196916684273,9.155497081122107,96.62528199632283,23.367318153695948,-53.82648683976545,-15.150226654373242,-20.625789791044497,15.09778932964079,-1
58.961909749985864,-29.858042401583134,-91.20567167570903,-14.390441611585075,61.98900183058055,-97.29113521511958,-76.4419408949175,72.15896905498212,-68.75517326305365,9.699268941227274,1
-47.658863252818804,-92.2401090542225,30.861264306811194,62.58954038892429,52.92719885699472,72.92727459220998,-94.66845501339452,-57.39956163054234,89.33971546908504,26.751579445833244,-1
93.12640661491187,-66.74893393005988,31.848907410174377,21.81633100420271,-85.3243220512448,59.12178496389464,97.17910418435116,61.29051353908034,15.643136274607556,-66.95068660032496,-1
-86.19261261772502,86.65528247581332,-75.3530663980392,-58.18574293993017,15.504257582488634,-54.69926891102084,-27.971005440341145,52.84019377035284,-63.04547377214909,-70.5630526801633,1
-86.12118281916332,8.005838452137539,-62.61809303458455,7.874911764805532,-7.070799771842246,-61.53352607210463,62.96162531786331,57.187301489890075,3.08443437403794,66.18664886899245,1
62.49476420883434,59.58863785066001,17.272828264590515,-89.3338420322822,71.42318846347345,-84.84789901574814,-54.36038721095828,-36.26517162559899,11.194331757562765,-51.56929555723144,1
-74.50226753360351,-48.56952977818083,-13.260613378608085,-54.70787924838903,23.259333378548646,-56.498933262433226,-26.32952850232502,-49.258888484967,84.85357208742718,-50.93444053307894,-1
-64.29106758913328,-2.822878762077366,38.90839480745481,-59.109734753493996,-91.95191567787614,32.80432134399584,8.749128962682718,45.13671077944542,-55.886867888274836,1.6330543708689191,1
35.11735471348777,-1.6286257213705255,5.360583771187308,-89.50446383411924,-23.695889562135946,84.2542365238607,-86.46879151369306,31.325448833652615,-26.798562232115756,64.3110357816386,1
74.77801551250306,36.05013766607482,-55.49579116451071,-1.7017395480954889,-57.1012251221235,-89.08937702409841,-38.645992852522504,-66.91644263945625,-10.818452948377441,54.34978839063896,1
-37.62722841662336,37.906841781083045,67.18982218231366,59.31924828158165,85.9863197963291,27.62787979376391,14.627751279226104,90.640415750621,-52.71980003490844,-9.744626467201229,1
14.252093987419471,-16.373680041275463,11.469012943293365,84.58555303479366,-96.01356657605609,8.583269986587965,29.488048391369176,-65.38103920809841,-52.97479147839621,10.758879651639958,-1
35.424127947001864,-27.27771016198723,99.73969636825737,54.94468584412027,-39.76689259974815,-0.26799583626910817,29.193451004788443,-94.34461322908851,58.37254505528776,-73.53219754140856,-1
-58.06194451395983,48.564300316973174,4.3666096989699525,-85.07618888625836,69.9969070998417,17.73959072287836,-51.89261949465014,88.89915226943597,-23.254701968499703,-79.02686823658733,1
95.08207353694903,-9.923357392198412,87.84369897553702,14.915649306114219,7.373253416872501,-6.573971447303407,-60.8273990348968,-67.71942762278664,-15.535687313503075,6.6076326929345015,1
18.69227654094476,55.32136795927812,40.96483307814324,-39.00089633946284,-77.13400106743293,69.37758153019504,-16.78418367226287,-81.56931655983274,-20.61522818154593,20.3141121190731,1
52.00110899241969,-23.96997160846601,-31.580998848114845,55.02855280906775,23.761261466084733,-5.796217996263536,26.19876758873916,41.0590435879283,-56.86167952131518,25.908135523095368,-1
86.15146512071294,-25.591286437558523,49.100617070554534,-14.501225601135957,-12.770580016851028,-23.780030081474095,66.23909126475937,-54.82840743886268,72.34416919638431,-56.96070389210086,-1
27.082871372381973,39.623384816704714,-97.31119120331675,46.861933321720926,-74.9936768782755,-45.02485585532121,-33.39777613158547,75.76603201979731,91.01437577692903,-50.438238022336776,1
-87.59171660868914,-97.62573066612813,87.1310258819089,17.82796317554471,-53.79476483114141,32.967181273746945,33.83263802234234,-29.384564311363846,26.207074516934313,-18.484957673167884,-1
29.120515411682334,-55.77534742219701,-56.06506440105852,-54.82756367556594,-91.62506020535706,-1.4218861663602809,11.167253338543048,58.866364764007784,-8.749694194669843,-5.453441319801428,-1
-77.28848156007419,-77.5205945647974,90.6145537244274,28.72675762392413,57.57926260894459,-47.955195792930326,-49.44964550775901,93.32126733189722,-40.84712918526095,10.948474523527423,1
14.409728673860172,-13.936714391521818,17.901076835085078,9.475550699949252,58.59711666298949,28.1234248451116,-97.94897012436725,-34.76537809403453,12.628365762104508,-12.865711600496141,-1
77.27607239202834,15.99356404062857,-92.65840343907432,-14.349859948019358,-14.504005802832936,-31.34357482255787,1.194577737001893,26.44379364942158,76.11861093076686,-78.03500339786886,-1
77.23635442586902,62.08658271463409,-49.29876221499707,67.34347309492455,-67.53843090070784,57.20505440989376,13.793014509986818,-95.630520622074,-63.4644236552661,6.251883983443122,-1
-72.62287398623855,-32.29862411490542,-88.37324179463428,-52.49539163038624,98.60160725683286,47.096881165742985,-82.27248602695303,45.19338951359046,76.11909856395272,-57.27346786926522,-1
-17.760502223490832,-79.23212277781448,35.685333401747386,-27.154423770757788,77.69017298647728,-21.173830245474704,-29.828671311532972,95.17609410964269,53.99632659430941,-93.30276984650045,-1
-25.03501513000046,-37.64447063899561,73.77415910787727,42.24143214680453,94.33009958632107,33.41498176439487,15.73277701959752,7.812821153385414,-66.91146446925282,53.70074216605451,-1
30.458329718387944,34.83738976592278,-89.97119538563796,-59.23610125669774,-91.97298991301146,-43.469636298825584,23.99476465622297,79.17128514424437,-26.341748968257377,-15.617737575135365,1
-22.88048149733332,84.65990165398588,85.5684533212389,-20.942307786078047,-52.01641622909503,-0.2517440873390342,-32.455253402896076,-84.78832470011639,-13.893278753207966,16.89067642134134,1
38.37903953853865,-56.245658317824066,-33.75723707537573,7.101677792899537,-90.53031905068613,-98.54540370428168,-42.41012607347259,74.4107307661651,25.51715326613035,4.7415687829508215,1
43.747923570706035,-40.97822796314294,67.92587751379838,-80.14133074063928,-99.07801280536637,-71.84715626015597,-27.511617103808334,69.7860456955409,39.884622837309394,62.738527338013284,1
73.6545010816761,30.19434904370891,-23.38686478284427,50.34340829569669,10.437147834129618,80.59570582591058,-83.29525899641064,-95.39087922119114,-20.177879722048104,-31.77405486952169,-1
88.88971653886068,65.24347515504402,-91.99607185219881,-9.395197279758733,42.74162045486486,-51.31381499803944,52.46198547332074,24.829524573966452,2.793063713917519,44.72892276916161,-1
95.06862669581412,42.52028145967864,49.514927210822066,80.1564000376851,-0.21742534208482311,90.12558539682664,-13.477300556540442,-30.769970414175617,98.97895930019857,-32.54099415897139,-1
69.4121653967799,-14.821368992663636,42.376417045857835,-51.41806563567004,-81.02216495214978,-79.43251700612902,-80.18442709596997,-95.29325708430154,21.79596403514141,-37.0735385866223,1
-45.87121160364687,42.041969663252985,62.95923453199521,10.978875235041869,-64.56691574704547,-57.6832334209016,-20.203919087739536,-3.1708699113616348,10.741055335150222,9.369560193429777,1
96.93394790490163,6.472046972262973,57.86008982163003,-24.249710311865243,4.215939220803307,60.569821397656284,-43.55916788963834,-23.870787653689064,51.849530393668545,77.29416939805148,1
15.118685728016402,-78.80881773119046,-57.42984580801724,73.33138480578128,-20.179612125836854,44.03738686383417,34.794362345222964,90.33967469443598,37.20189896629739,-56.36595109533715,-1
-58.584838157828955,9.924460221206985,10.595117203487959,-3.707416472523022,2.9626580363944015,87.48803497678512,35.66380719705836,-7.580706384969346,-11.818989256733985,3.178990199627947,-1
-64.1270635975579,95.94686695477193,-14.461418176759082,9.423021665727106,93.12716574162289,-95.37073092893166,82.7020630816514,79.81823550421635,-52.58088832070009,-57.09283272428858,1
-55.84607744224792,60.63410232654621,-50.25134674176355,29.106798176029713,-77.82387828030299,-34.41226819280239,-23.019006267522784,96.38403590273649,-72.30088317053955,-53.5891827274082,1
87.39156460621257,-16.406298397222585,21.737505576560153,2.288566783524601,-82.58705933740657,-66.20141502432506,-10.3371760121465,6.217163281058745,-12.21217861432092,35.30765303670327,1
24.922809622906314,97.1716880821875,54.87970740345111,-25.178852536698898,5.4309179161267735,17.27049356502779,-3.262053750157918,91.72269026673345,75.506870910331,88.00397592857195,1
-29.015067824597992,-81.70340841407058,6.239758848302301,-63.020520955360126,-11.903269732064373,-63.70702934799346,67.56788246177109,-38.34777621946166,-68.5991877132523,-22.323321565524907,-1
89.2913026300811,-93.60110797113505,76.39751815322592,91.4983115741903,21.883020731619823,3.773383955954074,89.11880278996179,-20.260636186372196,35.55003260026433,-71.88096485835989,-1
-29.349718299587167,-56.12212216075074,-25.30715664145559,65.6217018536615,-6.932154653589805,98.89279397920029,-18.528595112475955,-2.7617262456165292,-5.5534914466979615,84.94589978070113,-1
-30.49624093724907,53.57218462517105,-45.70786739580181,-48.73165433054842,-70.85867765049821,78.46140946842414,-15.312273669456005,76.57266611888906,-80.96814151719599,-96.93911482428332,1
-82.32301060309626,15.100203693811793,26.890627951120607,32.47432487924979,16.98421894496593,14.902019904972434,64.81089793380167,46.512842974178255,-61.536437439201386,64.56223569866421,1
-62.455518861549585,-54.63257953490097,93.9851147131887,17.79451777526843,53.355684906648634,86.54621710189744,-36.3325371138256,-86.79481449611046,-73.76726949917223,-52.185812799243166,-1
-31.470970695495694,31.831108920026878,77.82899239915707,23.167103092886435,91.66187254058698,-36.48066607312561,-26.13332043904859,-34.919923455274855,-73.4288331082484,65.1978907937303,1
29.72779135376311,-34.00502094194471,-43.92116428192989,-0.12088016578685767,54.17913665591638,-33.78773468102099,-72.37770405099799,30.946841793142823,-45.9867856896387,-86.07000178559974,-1
-83.64819361022562,-51.06898907905739,-30.345076927361703,-29.446306828608854,26.315621895817316,-96.1922064941503,63.195333121930815,-79.81460499430308,-54.98062921752833,23.527563437557575,-1
-96.97786315710499,-3.774861636630874,21.99629856289431,-59.465618738539064,9.254764202251835,-80.26942074582051,25.474424134018946,-80.98242432529273,-42.10865903216001,82.50769987982613,1
3.6154996080689443,-30.81009642735941,19.638775703578702,14.341930391692955,63.48705384677689,-17.406681447072003,-22.338771784112367,-92.98723326880962,-51.6083078926612,11.450776366050803,-1
3.7581243486732205,20.642612419900857,-76.15428443642827,-94.5029610341258,-49.64824024224927,-7.1053476080655,81.51319186726991,92.59635553043216,-56.98078993725133,-3.809235483310843,-1
83.28410890641325,44.9741707159761,33.98852267275325,-29.967693606393468,-31.543631393601117,82.37609277549188,-68.05156731530448,99.43508075335345,45.71127637813129,-30.80160480934218,1
-79.49680718670511,-71.82627920982773,-37.99563075677952,-38.665205662384786,72.15807620609289,81.74090483935862,46.67191281807757,17.497170572892557,90.87810561030224,22.825032889173798,-1
61.804728058335286,34.83842332300014,74.76395525601046,92.63154005122044,34.45473080494733,-45.70772322016525,-61.45558992792361,-90.04191541567921,21.399996669011685,28.99727560660466,1
-26.86385034772573,20.751028767522598,33.285322829782615,-17.819588202282404,34.30555756281353,81.43706434683514,-7.765525265278612,11.845423338279943,28.706611707475247,1.8882293349561223,-1
-27.52122017667338,-17.81148952997802,77.98621117801957,-0.9056873869333231,-31.197258345762165,-10.453422063727857,71.12732483899572,-78.57370358649209,-11.22726110258985,2.4553943449260345,-1
41.748939548595274,71.79610942444404,62.95840032717922,-34.866653544381194,44.213021460577465,46.1176061372239,33.88237503342981,-94.35875737338444,-67.91260663516847,44.00669311501113,-1
-27.805220611994642,-85.5573629329624,74.08216571166005,87.557526091758,-8.94003045053131,-81.8793967989284,85.88879794804868,-31.147691794679446,98.00677175369182,-82.66419157055938,-1
75.47009062656772,38.64190844377356,-77.15030934838873,-9.862342278962274,-48.71426106965846,-44.57143168408535,33.62658774005729,10.82267641804036,43.98953343500034,-41.67213559102356,1
-51.52926097264754,20.66511312891967,-31.18004719405269,-6.4919475466261645,-42.588678776168855,-22.425546554706415,-55.59903294950455,-78.93931339463037,-73.70385412405417,-78.62702367299099,1
9.3296440375577,86.48879567547016,-41.43287550794792,-80.41232692342881,25.010714594073292,-12.557006199066308,-40.88292065197601,-17.231159640520957,89.75153351056849,-37.36775883724195,1
-70.6609771969637,-22.068515542376915,-26.133966236071046,-43.086657984029664,-31.18451249794525,-85.37395205090786,41.18525333864713,-46.95340918399644,-2.7739305106376406,37.72877090851088,1
-30.544592193898495,20.80099954790002,63.37209610820449,-80.22576898926981,70.41900360940909,30.305937073001473,-48.45338438817064,76.89519160331074,-51.777346339733235,-85.94518911279172,1
-81.11140784881432,-13.638580978444551,0.6456690772235163,35.87175798432932,58.00535232845695,-17.109562832017545,73.5099321387057,24.332291678665555,-46.85032849939916,65.89424256165066,-1
-71.57257524130847,75.07264798015214,-7.234053636673579,27.64644927204047,-33.39231532026534,29.24990037207607,74.05559919352814,52.89705417219116,24.676381693824936,39.142583585810115,1
28.48385564126312,-18.870948110552504,-85.5302980205029,53.038040596205974,71.33876066531289,-86.21535573097094,98.33613022336681,-73.24013240013548,-3.717465047961781,-67.76358693442026,-1
7.479120587584575,-65.20725881933227,39.49225344534537,-83.26731798976337,23.78929922776345,27.493411762825886,-1.4943435949363817,-84.19794595863084,52.27697705687811,38.174988714263066,-1
-76.489739969956,1.3099999817094385,-7.493011340858786,-34.770056576127686,-25.198960125342154,2.2977176243907422,83.52520901987663,-84.80180083867683,97.19373119128542,-41.26573895156651,-1
-64.62060983520321,-45.818155350625766,54.83430000458583,47.45393662514087,4.434560896867595,-28.48104456027731,-74.78779163252045,43.85998739628661,-30.728745545715924,9.693162701642137,1
8.92617422142716,57.934722758551146,11.540952381334236,54.27603774404554,55.8413480536457,70.40732345635229,97.3743322697708,-74.73327171562806,89.07642744049122,64.5268461977677,-1
49.995559690414154,-7.508636586970411,48.7730561776342,91.99698164753505,91.13991178377438,17.632822016041345,-85.98759080215068,-41.23612008570543,13.193744727468882,-52.639355456670515,-1
83.45361331553613,20.561506453351882,-29.694391680623937,-44.80339326576184,-57.82904190439797,48.684579617383946,89.22389399990354,-72.16816726558058,-14.652657003505396,76.66266069457333,-1
26.93425465078829,-85.90786446660834,-46.12861636390117,-70.5233464805303,-53.48629178533375,13.0799035969344,-56.366625959699746,69.38054569549479,-91.7697519437215,-79.90690201255163,-1
88.61516754894151,81.88873280732622,96.4080175181964,26.68640625639202,54.97205373933036,46.94769515301738,2.9327077483960267,-94.51417961080854,88.5200546717364,-94.58242194057402,-1
21.34300927657118,63.19115788304131,88.46870153427147,-9.672663063355301,-43.57767877928047,39.215325153527715,-5.794551413545122,27.724828427702917,-94.131171804333,-4.016718895747616,1
-28.603514106267227,48.3612950492344,77.80842353803223,54.568988846933706,33.50559385263,-95.62728948172425,-76.61352354786447,70.09851562975513,-37.54290629465176,-54.77828276071326,1
-32.53089064618146,-81.26850947850511,4.254161378373823,18.236957423214648,-14.532722017989869,-21.6061075300166,51.7182912196767,-96.21985453371651,57.904324095589885,-64.08094372007602,-1
81.51329478521859,-36.8933638673729,40.6063399948263,73.23778305311615,25.273021576181137,26.623791057007367,50.82064959015128,73.09113334779406,52.45633691557154,-14.457227657246221,-1
19.21639104766119,58.39220289334315,-82.68252836412995,25.178043107765504,71.87149570329038,-44.09299509865174,-30.751019610831932,-9.844292084964692,-73.5675631972591,-17.362633233793474,-1
53.109350103172176,-55.77047797786132,-45.7031565000283,-23.84325308157807,31.858294557642807,49.33303455336372,19.882841427309117,14.402162096203469,-26.63929225259527,36.61121229131615,-1
71.51246753225675,-65.0426569909684,14.83239992191659,51.02355786108345,-11.991706469159553,31.29966251577747,-94.07323615266134,-39.3122305339457,26.062736462827488,33.20553656927464,1
13.14899012265785,-19.641265933327247,-96.91700831031847,-53.34847170920041,-32.62076293704543,-8.135907596039644,-15.66479942722981,-49.95985644411283,-36.692642933659016,-74.21974976731045,-1
-55.06852047164668,-52.49677588118797,-70.88644826949977,-67.41271220619078,-74.86749007769885,-15.458595493933089,11.345643043111522,52.439621098661775,-14.195481502154777,29.90161265410228,1
23.260097185144815,25.82351572685336,95.02038022004007,-70.45529432057367,-13.32975861387213,54.614162513673875,18.757830717831325,15.838223273067669,-18.251176298499686,-61.31448519942025,-1
16.324458597838714,25.451680127195658,-19.860143751349412,-69.58805444439353,-39.39065033628268,22.891785194672593,-73.11217881443466,10.490145126974042,25.199701270630115,93.91370730425595,1
63.355893301127196,-64.30986518032503,-14.722021046114975,12.149415574752979,-86.37314724470326,70.08511239752642,-9.555152574459825,58.225063371603284,26.041725355816965,-55.677999366375694,-1
8.447441098369652,-13.064370336705949,87.35478990460038,24.26041783441977,-83.70915705311992,19.390243432147145,82.24913549162369,-73.62964069931508,86.87331279838014,61.01016069653451,-1
-67.03703685411257,-64.06975640893162,-95.83095203845984,-40.58226936255185,-76.82959233972647,-84.68381372647724,-3.606568075981613,-37.452604234414636,-85.23069933940161,62.66474919762004,1
-16.699113619224207,50.66258637585142,-53.284183375626746,41.88055394386626,-84.13950504932272,-88.0305620546223,97.93649898601763,92.75469105206128,28.148792010796456,50.857050626165744,1
65.85735986335109,80.79061303797786,7.01474995584293,-33.03442968892986,38.67750552306242,-52.69597154535472,45.100116275275866,69.93696713213546,23.877471193860302,33.40928327634575,1
35.73399133451295,-9.00984463160006,-68.81629806743459,-12.046299222371289,-71.75409508055155,-32.747224067497015,-83.70348763072634,59.80612301689149,-2.4167978311955522,-40.11810142650438,1
-83.4402664149747,-19.928674632033875,-36.98880613626911,11.101470465409122,70.94491882368712,67.04994080324673,74.95035663074498,-25.172661252384472,-38.71022078144188,52.737201951291354,-1
-69.03427748045603,-26.05243782546225,67.87417270757808,-88.69707512238753,52.14292557393284,-82.502662074597,-73.76249161639782,-89.63761566073865,-46.61003067564153,7.338613951147721,1
44.68402273771699,-24.80575561417217,55.13092706520669,49.27453495847075,89.67688525452334,-32.05184635251983,-15.23598902555463,83.42790303865684,97.64562218379143,-96.14560567224308,1
-44.76608843582011,24.95907974374505,79.10402407616522,-4.970563968623495,99.70502259791854,39.10624970236648,-25.387494753387045,-73.42949759199354,29.95118996664948,24.662713457277576,-1
45.334198414064645,-70.50921651477302,27.004913228321925,38.9244574880953,75.97135376853089,-67.85611798013434,16.827986233200193,-18.120713700536,37.80339367657669,-76.95888300664939,-1
-76.58659671447883,43.19693870834482,67.54581972453127,-42.910442560026894,-98.51593842386997,24.16081705375872,-87.94854182565328,-66.92783256392809,34.380536396746976,-49.73625194833113,1
96.88043614071043,-50.34250407383081,-58.222221457031374,77.67273656025282,26.765557388788537,-73.5519751178684,93.83345327811708,28.78061188716049,78.9075722512257,-19.794466657752324,-1
-97.67589201837987,68.50764587972739,45.34696727066853,-62.57831541654939,-21.145793043143883,9.809539503545466,10.427357569204403,59.0731450323546,-31.2585565789673,-25.981557751466426,1
-43.80736208155393,32.46358270791646,87.42249878429439,-84.5456547465646,50.32097366462855,-7.980348409016287,35.34962501257186,-58.48016639136409,-19.59423154333335,-22.832815048386294,-1
44.562860641696744,-23.38823871579929,-80.89275847275258,14.664742620604642,-71.25174879605616,50.84943689938325,-17.828649511480094,-36.15418662458989,82.28996265508545,53.20089113140324,-1
-67.27523576166617,-19.805934662329648,32.22611736514335,-0.4506366087247926,41.20048191343824,-35.35328458642914,34.56033874321952,-67.9796888596453,89.73246742465409,-43.488997927275584,-1
93.20950102573545,-34.67561885039825,44.3819147984608,-96.73881964269904,49.19296949565191,-90.51050502798996,3.4830519924637713,-27.74561698229887,-33.459512577747404,-26.274343623063288,-1
-37.938303579090494,54.22720963416444,26.03711381091449,86.40916724772453,98.50761398109555,40.091655285954005,78.30857478478919,98.71799944530369,81.78577094962748,13.372106661625537,1
-62.779716430744536,-61.17424591080556,-71.63423426246503,58.217144305605984,-61.77871238130421,-95.63858749697864,47.52779520390476,-42.33868152479816,-19.097684243569233,86.44351279220837,1
-45.83873439260549,-42.002521471171626,30.966271678800723,74.38279775172728,54.0022779804564,-14.768334970944608,83.84470286611162,19.015213919252986,-69.53646427705974,88.93392560178418,-1
47.59018947951844,99.39810056251022,-87.12502329699208,-74.08285399800312,-58.456895655061714,-30.847156435692384,41.17643858256764,98.48243663158595,39.99402203595227,88.98899422413103,1
24.18571349568623,-17.813419007448346,25.636520902071027,26.807394682721736,-74.77800373263872,32.99620504760617,13.39448879335832,-14.601912154537217,-26.841496299947593,54.76608357016616,1
33.57358134016269,17.894160618649366,-41.65522256392782,-33.82963902547101,47.49529437979774,98.6048880339215,-32.93757174807581,31.223126811971724,-26.138562600336115,3.686749165079476,-1
55.34211139103624,-99.9517990629731,73.96247316278462,-23.77133694140427,81.38920062973278,49.96724467688094,41.21052039107616,26.1473758734206,29.95074101934904,-61.60164357413751,-1
23.877993873300383,-48.63368508658827,-85.27634769326366,2.079124504019788,6.393792155836692,94.8799664318291,-2.8918800266034737,39.04729084899816,-27.87530503858156,41.96072862233734,-1
29.70096402373764,93.13063495328245,-27.670934448996093,17.03662829968269,-86.26306275612225,64.27235853383152,89.26580198775892,10.387209449331849,53.67869864514361,-4.772002881920727,1
-87.15821258497319,67.25826262049199,79.15977150176832,-95.95012404198158,2.2208613028569033,12.305814610888532,-27.969533708982368,21.844899984700362,33.53068551557615,-21.090499103026005,1
-15.490314337611082,3.6799253266130307,-73.90930256452783,-16.29672266946322,-74.80664473906273,41.022452267068786,77.75884863921527,75.99120838631214,-17.58781566767557,-97.14376708053425,-1
56.07522471419608,-98.93020226115543,80.74915412178834,-62.66114050771758,8.685936251718545,-19.251840699702697,-86.50075094015403,-58.23876801422594,-6.352111174326552,85.44415876781966,-1
74.58916717528166,74.47891267096298,18.248581150122817,-5.5473078409569325,57.791667002069204,-1.7473487837576442,52.550877094954586,-99.11797320393794,-79.46703969234875,-60.57645555803673,-1
95.36006570213186,-26.19645351776545,-36.90215870355522,13.320343508097892,-86.94512305966839,-18.59675299876804,84.10602972223276,-67.2841181365365,90.68147811864438,-62.309701558905005,-1
-31.208462688462888,11.24727880515455,53.64955552926327,49.820992279949564,21.871274785598473,-44.14532117999303,-56.56202583482028,41.34958071525102,9.572949979013785,-66.34854625269722,1
-42.85848646782193,-50.02650694841413,36.7461387021078,-65.77773333251406,25.00264982320917,52.419134116344,70.13573680167559,-38.96616563809019,-93.49404854270114,82.24334500091504,-1
31.74155510017522,-6.663368833827164,67.38486598185841,41.36887148581968,2.4001713228319517,-56.11968407252375,18.20555919182503,31.118606105763746,14.669161683994233,26.25849330404239,1
68.14060560223999,-31.955401109748593,24.884985436878495,70.60813242330198,-80.45940646337036,65.26132546017558,-36.57293503039136,43.931935192046694,60.37331466522522,-27.411233272713105,1
74.739718693269,8.892266429833711,-34.56167883421742,-68.98127874579953,81.75136338665763,46.879175234060284,-66.59699462254522,70.67092203012805,-21.541482931655878,-69.89843010030519,-1
-19.64423986913515,-48.58078212097765,-42.22254012515465,-22.367710407936613,94.09532928835648,72.92327296440467,-85.11958845430185,82.91490726524097,45.432510889047734,76.48963559215872,-1
-8.146960565357219,50.762742595673785,-94.34705979000447,46.58652440350451,-41.809914889574216,91.46367319707244,98.49893537921454,-29.349401164018673,-84.3779126571685,-32.48647424380529,-1
-14.445373252827537,-92.96814994576117,6.221884508831096,-64.78659279246847,-96.09414394061619,-24.08639428601485,-62.12884229232003,-23.4507149122623,-25.15820116094008,-10.628406592424284,1
-4.979931861655899,-86.67440031792506,99.9610288267603,-35.61784728363564,-49.22423212198503,-15.12175830551459,90.35709257044161,75.21501642104104,62.9353859930541,-41.66610617032278,-1
40.77141832686624,20.644427131592735,-94.2284173327751,-0.6245216626408876,63.313441947847565,-74.47816344710165,-34.840056205901604,47.49558931349637,-99.99665274841306,77.84387508558473,1
27.511494271042622,-87.61069628420242,-16.650187875189374,-72.95203440305549,-86.58687429172487,-2.7809393609953474,19.295135879008825,-61.43523654733065,-93.66223009173606,74.40956999412401,-1
-39.16025607274383,-21.044936645663427,57.26191054205597,15.712011039823977,57.49791372587475,10.482089343105216,40.04197877125432,98.19576318857332,-65.05199487362054,-35.39862590123124,-1
95.17305116382627,-83.70522045741163,89.0377159519089,81.19758125178299,39.59194221758463,72.16425214803454,70.9051288533193,64.91622459305498,81.98097478179398,-5.926373424800403,-1
14.773169935419261,15.615009836966337,-40.37140577037195,80.32883555406187,-6.727176233477735,87.06886173153364,77.51811250633435,20.210207245778207,38.54269277524932,-38.24652679933636,-1
-96.05789244912717,-28.251497891422275,-22.541765264934014,-37.18190895328439,52.32539455785897,32.34041852844112,9.351089346037583,0.8999058877161588,-35.71960166843114,48.415882456788125,-1
62.93420094199783,1.1484596710888724,-38.06388712970883,-45.050993511995415,-96.62656365302826,-43.306335721549296,-33.30319164610238,-80.3605668502432,-21.38077803701097,-55.635629706629494,-1
56.63228618473943,29.06912465012158,-62.66321481713666,-59.40611716716333,96.7040615445469,-57.15043021158532,-0.06314893670375454,42.46497878525136,49.08591185837429,48.059194724268394,1
-94.96131720815413,-69.25013757941639,41.72408008702618,-60.28340435478332,95.57837158209188,65.46539415698817,15.55635234239476,71.92229293306082,-54.91590885103956,-58.6448313959935,-1
-81.01641263566606,86.3070098310524,31.766940071767635,14.289713149615736,2.156598103095945,12.666250768159088,-34.107288808012726,55.5380111940365,-88.2287030464641,-67.22515542760632,1
-18.97946109448671,-26.56607486099547,93.46383444611823,85.43675377586953,-52.909970874611375,4.687741772002681,-88.00518267062122,67.99848896505361,22.570120697547026,90.7906326232551,1
93.16646394366651,68.99007545452082,-9.49327119413988,-35.82699099520606,99.23205924333482,-64.86886130176751,62.106628642945594,33.55542626446385,-20.584809062594573,-64.58184723126107,-1
-27.989906819804332,37.828671396067534,-17.79184388507771,70.93477405006035,-95.9989671147663,-48.49290995188331,37.86097404824312,1.1190030918075422,35.46958586185201,-0.23149215079402552,1
-57.898612066931406,17.170424486633664,-6.19711388944242,55.983155821081965,73.93731621217057,-26.412277664477443,25.833946247006253,-62.938840798037866,-38.91197352491857,-71.34742549522508,-1
60.696186076969724,2.218764294479598,-61.169460676290186,31.11163948346976,-53.83765372801017,-15.820295504856134,-41.57122955894048,-14.820627172886617,71.8000565886741,-50.66453795332433,1
-21.694860364434135,23.069568125714852,-51.062762375345486,91.5312948777395,50.00681958938077,61.91602409137198,-80.18461253107456,-97.60066418746487,-61.61114242739516,1.215869442785376,-1
64.09751689605497,68.68555914180985,-71.36705844448417,60.26245297109455,54.067224339364486,-85.0334729765066,-17.508430629033427,53.33406020204961,69.59075646945033,16.183597255888756,1
-91.18682768592372,9.82880304829024,-39.1859430439486,-10.1126449383909,89.37708887492337,86.57501594802491,71.9234919201246,-7.164804041608193,-67.93206503200189,-27.0666941050288,-1
58.763620781607926,69.22383711102236,-18.19845265274536,13.161726837234838,-88.39407458114385,-60.154511241995976,13.297511565363962,-83.77706574977532,-22.288940672656324,-97.42046751921836,1
-33.39961738836041,-79.63054697152344,-94.99917742988157,14.513090779537777,58.60254497587306,-84.23440057795978,-55.16958676428245,31.715842072181374,-30.78225522809737,21.161174851923732,-1
-25.462296597537204,-69.74714310746481,-10.411516564567137,81.70480610010247,-57.56430897821843,23.72239197796138,-41.65613522452518,36.490203725717095,-80.51460600455957,52.41474460773679,1
-22.53549640493719,-82.61208786154917,96.76918456950915,-71.65695835048551,-4.977808303328231,58.09548982837137,-60.371023780636456,15.752678660427023,-66.20689506565358,-80.88318376664994,-1
-42.69609021457541,-15.101433464692974,-54.80264686770151,36.23541921410552,56.78772707248626,4.646549785008531,54.17964427722964,35.362159657224595,52.77649060030757,-81.36641162419436,-1
-40.02048140109275,19.81986502055048,54.84311163327175,-47.87414042500671,-88.45274406980379,10.898951230997739,72.49258470644705,-78.81152250403517,-51.61460880285751,-13.613075959513736,-1
89.41813342170383,-15.932922160900205,24.8671053102411,-14.030851258729953,-61.803593891959416,30.883967107944557,81.63966789160366,1.7497065897471629,12.676264125399527,-99.71423916660515,-1
-45.6100547742738,-29.87146170857062,5.737170735763939,78.7779525444383,26.008944128270656,1.6445403376535381,80.94953163487742,50.38673497080913,96.28761442648647,38.29194933918336,-1
-56.79371192138556,13.09127321482164,55.22331968270012,-82.73634530276709,35.890828809983816,-89.90753935335425,90.58442871108781,-52.61051779101204,-53.07101954051694,-12.869907682985144,-1
33.30439533860698,1.0328036586629565,-7.433868560238437,-24.018962276354756,-91.95182831632394,-86.48589276960087,-16.552468541044377,18.156268127221225,68.7549695438396,21.16707938289349,1
-25.76551531247449,-81.05221704413117,51.141984498478564,24.496663805807486,32.14579402983486,37.78260353976307,95.46675657693899,-41.39363408154062,0.9153071938296193,62.570687978752744,-1
-12.276916162081903,-92.49426849363938,-45.2256360589258,-98.09875951637888,87.53075711159565,-21.890470655108032,44.884337034608166,24.267861995574762,-57.95429630594524,-1.92391820209221,-1
-28.805464269747688,-48.2415183270952,42.412684281834146,-88.4714608805213,-56.305913796107276,-91.63041102341313,-27.526468096592737,-75.16635886544148,-80.27439525595082,-67.81201798759949,-1
-9.925812748362972,39.905574080514384,-16.326217973598574,-45.680215283920454,82.51155437573198,-98.09532887720877,29.003536251167645,40.10239793141804,-21.788944593113783,-99.63594280912783,-1
-62.85338559896287,-22.293770398791594,-56.01509039212515,61.309044924840975,77.62273103607541,61.38403070813874,48.22155940377695,-39.131094967636336,28.094650062649038,-35.091674030390024,-1
51.350301137727,-26.990486661479693,-7.243880527815435,-29.200886091066664,-39.21526327734672,60.71481707677458,-73.8515987795066,-47.22350143001508,-88.34088498888484,-98.02950009565254,-1
-40.01617769860306,-15.328394529842797,-45.74628270336465,-81.78672880250548,-76.51918752728002,99.46390543234921,-46.71632581264462,72.44171435258798,-27.141528516925632,52.99167897977637,1
64.49611272687218,-38.12628758399743,-45.76444285775931,76.99872267900517,-97.4126215449288,31.914788374363695,-24.528383086941005,-9.935082370668184,-66.69215358003359,-82.79088696515949,-1
61.872231095702716,-61.46472070265994,-23.161163014804515,-99.88916308294921,-19.054937711012883,-37.825976556505395,-51.952254384436316,0.8628744066345035,-85.98164435994669,92.1084559802103,1
-80.60686580691505,68.84191715524642,-91.97212236691796,-11.34853172813311,73.26828717007808,-15.104887785858551,50.46592387745085,48.973259897716275,-42.99917072184869,52.95104445545405,1
-83.65493085064435,-2.5834911352844045,-68.01183952661427,-72.5874608051641,-84.7931873382731,80.97042036002588,2.220955267915798,-72.76582146258544,98.6696921270802,58.026713883034546,-1
-46.38727183542475,85.31707664367622,30.263979445247855,51.14282672021696,98.54746089509737,-68.74833646847087,32.469728022290184,-60.66663777046286,87.28635257422118,-99.09984290334353,-1
-45.673363745126075,91.5670608897006,-61.44913562259209,54.36364242052815,-86.56700147888898,-57.54267824696346,-34.53791291093604,60.652002980841814,-2.436129430808947,-0.2576304631234194,1
-77.18084302241333,-47.006587688911395,-52.34751733201399,-78.95630517163514,4.357882248893176,-11.464425091171691,-46.84074772795632,27.732815431935776,-61.81974066406512,-48.59025372004109,-1
-3.8054220227752467,29.830792966174556,-95.79503855607956,-46.53248751766714,80.55020299481555,-63.56836778419408,90.01196700979415,-1.231257170718834,31.053123509374558,69.6648703550126,-1
85.61672806520994,-68.12102304571957,-81.33437594603473,-92.55375964954165,-22.051163274605017,54.37752900058891,47.18068617438908,85.8197721383834,-63.6540979604014,-26.757440292963253,-1
-0.6466282281661222,-82.67604782906119,43.02112272361785,63.574812718094506,12.516210752932565,-80.02843510559487,58.48767347992117,-4.7886219563365415,41.416820242968726,67.25904560730146,-1
97.9010666768645,-66.57313702613857,5.912618729667443,55.51500540781004,60.60922531197471,6.335955717962236,-39.15944647237377,-4.144307147416441,33.828585538940246,-2.8445630767735253,-1
37.86208242053806,69.31086449308057,-50.02136102652705,25.208894093143314,71.55471919382279,-72.96723804651694,60.420927172183326,12.556245497207712,29.291973644163818,13.854044522883015,1
-60.9514024403911,0.9274575954869846,59.9157288204006,-79.29128560944321,-43.67284132930864,88.72613132671694,8.041815580381794,-96.36643581456661,99.22546960525605,-70.21058728881609,-1
4.613084953823858,7.455134733607622,22.102632818432014,-24.76697791378446,-10.172292571106993,10.739017213465885,-0.4050823270709998,40.99837675027507,-91.04698292337672,-93.38307310890164,-1
22.021584407246934,-7.145526135132002,-21.85948986237814,-51.53886326671573,53.52382456531933,-16.265392145696865,95.87354674495373,-50.71097207477779,78.59596118566742,58.10349554934092,-1
67.4026656727344,8.043453355723713,21.901024489886197,11.570769826039083,85.69373047903136,-20.125949129728298,-94.03309717050419,-61.241166732213024,39.54315597454814,76.921336295314,1
61.39309817679873,-50.211295040625444,-64.29341909205704,-42.86826608342344,83.54516181824715,-13.03935910299549,-78.78123245922895,-18.460629490146104,-17.446069902744426,-29.96539114997539,-1
-92.69006643038102,-71.22476892204396,41.745715980979924,70.18126443019995,3.0844896013826144,6.991983186766191,4.776004980275289,98.1954747641262,49.55673504307518,-83.7884947166651,1
41.41729545333962,32.7583247882888,-50.25856880670643,23.415306001245256,9.521597216935348,-55.305934864884335,97.6561636751058,-38.99465122242924,-90.64705005264646,40.03417783413926,-1
90.44435713951893,-28.13220189684256,-66.02342496783501,92.89185365590248,-76.17036130548121,51.28490726385019,90.40384808113905,-68.10613093583511,21.43898820863373,-27.36375480961439,-1
72.1461166512687,-50.051164154128955,69.35660543376585,-6.339810480008339,-85.86824146512275,-18.1523205905076,-38.125527507373505,15.94573023972292,-5.5305893476243,-46.75912591322338,1
-74.48393944088724,-74.0285973164238,86.91161450865636,-49.6183469265157,62.22357454813903,75.05232153159957,-58.543338830185256,80.82599676499777,70.4929877763071,37.90004788802665,1
-57.53217786434477,27.0646693416642,-33.468680035821706,-6.290610041705548,-36.044542190220064,-86.56543262099821,43.763469385452936,-13.400014699725475,84.84756648416868,-88.31772384313598,1
-19.459255801087963,-14.13544685916095,-81.15552425049853,65.79180344213466,-30.506071700475673,-88.04013161478024,-89.1594672991215,-13.476921756084366,24.213874410517093,-48.692567713791554,1
10.770856880264162,38.67550770377048,-89.99623581956273,9.30034277957661,21.269061096922343,71.89865797779564,0.31899999159507786,85.87361800046628,84.96337892356519,6.6379165754783,1
-63.31909802931324,-57.6508275895161,-97.18406734342186,69.75049333376865,79.91704329241915,17.293554408109443,64.01155799493282,52.546366683776796,-14.4251032568731,-4.689283641712237,-1
-48.422462913359546,78.49381879040234,74.58974608180037,-26.37328200377236,-43.21634181632219,98.33190914959246,59.55559256098363,-37.50783149016457,-52.444192391228015,-19.317879932323194,-1
2.225827847445956,34.05079520887185,-9.767199262480815,-21.679623815688913,95.17610875177704,-81.29738671364683,5.405832737496681,66.29967021964643,-61.72529095158878,-30.21921200430549,1
-96.42521305331724,-7.865441669001356,-90.8899688069295,75.11133086992126,-85.47782948078398,-12.133899441359944,14.553291685573171,20.475836729035507,11.541168060001496,-60.42540639087321,1
25.911539378347314,33.60389050251197,-44.52483733333972,-34.54852526006715,15.966846734072632,-55.03750366023079,63.321018812320744,-82.89578144140243,87.19447503034704,-58.19648103255606,-1
70.22733430337138,39.43325085807007,-91.90243513433911,-60.662713174627726,64.82988103997826,-35.277406449708764,35.508263204482176,-86.6153874953416,-47.499026155856974,58.742450074534105,-1
23.385383675148447,-89.4348212182795,68.66647097838751,-89.92740020132084,88.91265271645054,-82.76423451439281,-42.57388834931661,-57.57505406813927,-52.38423152962386,-45.01225507041751,-1
-33.68706018656124,-89.19047453005469,51.02861002322828,-41.754134353747155,38.67248734022519,-54.75884683927068,-67.65482150492036,-17.117670017705763,77.9641302739301,-25.465726315354956,1
-57.51054456090541,0.9478950760703384,-36.229638212683525,79.96960120142029,-63.101917629269934,-82.59868258878794,-27.542144471594753,-24.194405204658523,80.1852829689177,-83.89491373171269,1
-56.42148914900198,94.1336055587741,-56.54851990122709,-2.0619915678236964,10.705792423226711,-48.97672707204839,38.211472824684364,59.01921247405386,99.39236924224792,-96.05145042042031,1
51.858501383694716,56.271243679040055,-43.59152904206578,-61.806220448150114,-14.82330710699415,-83.01325564569734,59.612273060978055,81.87245893654713,10.58416337035186,59.85588465497142,1
98.13583141315317,17.540645668295298,87.01532319609376,50.0988768990193,-0.641748314060834,-48.615026989740784,72.96608614064505,19.106695121135857,72.85334543416371,-79.11896005963976,1
-4.712602731241674,49.262762513815375,-75.64960047046432,-78.22367679376686,32.48314921623171,-9.870593816437093,-24.826582505708103,-45.35862235385424,40.55109031711737,-31.714369765814283,-1
33.89739103963802,45.69878676948804,57.15643007875087,-32.829136827833565,-36.89214585402907,0.13760684015271352,-94.23857244307601,9.076902610071997,-62.7833336718123,-8.663908790848666,1
-92.03771211084924,45.939925489344176,-65.03261690675777,-68.0845534426573,14.483812793099318,72.84723398623618,31.83709446116447,-45.06521449903052,-62.173337544814956,-74.88494707892602,-1
-77.10247238681897,-29.538223158164342,-31.480245756376107,-59.87126340856086,96.01246307745689,-53.5782074240448,69.6815597626912,11.881247708682992,21.01669199782927,-17.890903271524337,-1
-95.28100707089418,97.1048266510436,-88.31380182908497,21.773418925846613,-22.3073317653119,-76.77861602902318,21.282986395815627,-3.3558896603966843,-79.34169645485213,90.91466376759499,1
-23.57210503348614,-60.23429394270401,61.22236353168097,1.5076650184151106,-17.972402855711707,-45.15416579495479,-71.71935128422004,-27.32324179042331,-92.82454072400405,-44.771337633051274,1
74.35671331844034,9.14993595588713,-53.61977564621703,91.75692094500621,-28.272626425084923,-36.16245797523181,-15.865905030119109,-74.13187355630046,99.9781129262785,-66.50600082629896,-1
39.42716117836184,91.36293411817556,98.11304255134695,-6.2497879131171885,-50.92758880271282,21.295569476377523,-78.34910070973626,40.80819748773081,89.12187009565778,-56.184472039737756,1
61.14290513364358,-74.56350927349781,94.7496428235921,-11.22048280148691,76.74719122721095,-53.168533851224886,34.70480870360029,62.448823641380244,9.172141179618578,51.94978912646357,-1
41.87776436487724,48.92073580067603,7.695195332541189,25.840031489932173,-12.831779269597604,-47.25076094463467,-22.06813416860369,86.859379807426,-68.88607513287243,-77.99733044202206,1
38.49856533384505,-80.10075476387237,-25.999291884993724,-98.5739959557988,-2.1396052326262662,-71.30455114043195,97.45579967685683,38.27158080613327,38.17650104931161,-81.76396148962897,-1
-83.87969724857507,-39.35836124806502,17.85435224741734,-98.49178145680027,84.12277959006963,69.14137273040924,33.939477458346545,-48.92941732645999,-55.943966440615014,-71.30198226436721,-1
-66.50178218117846,7.483387719961399,11.655304880783163,-37.317882756075015,-80.8376840686406,-76.82005615144925,14.87677499509094,23.26753344722536,-48.862976638672315,-70.82940934782977,1
57.00330876741137,74.00498510403312,-77.92898868842491,78.91160057547657,97.11492598086923,33.49982392479717,-65.49498917551301,78.41043066376542,-35.4218180934993,-44.76114687752772,1
27.190941432745703,32.47437198255071,-25.620800091764792,-26.049498405394417,-34.176917421034545,5.594301961673182,32.92814242036741,38.72086838437582,-32.76899117958865,11.89725152530228,1
25.53377543176174,72.60575585005697,-6.335138526288972,-45.33613600857167,-33.598397736562234,-47.67054958727825,-72.89331519434549,-59.235503907340295,-52.97129802027043,-28.360175891305346,1
88.80841876507958,-12.106925128311573,-56.04993996662411,40.00680819297108,59.1150547785264,-33.18431166617654,-86.80079939962965,33.64013945201708,41.38015796157626,-43.412961611129305,1
79.1379888533233,62.58568107878742,-96.13911665642667,-53.98547577925932,54.455325140388624,6.72972362353741,68.69538703420938,86.04474687832041,43.2176069525091,78.19310090795233,-1
-31.750434474768724,-98.0061530530963,-31.816718161581917,-14.563767518325648,-99.50090927983418,0.453387770439889,-90.71377906553218,-86.71765701031968,18.281699500291907,-75.72195059215161,-1
-91.68420803068125,7.3736435941204235,-83.91135995813315,74.3194301903122,21.27589571480675,-38.80877159604752,-51.821466117653884,59.402319987065965,5.596745055699827,-0.027959760784312948,1
35.23551241508679,-47.51678366075711,10.680005366682991,66.49560000638178,-69.01406263105534,-11.497753610937053,-32.48310844369013,92.25090375346298,52.390551540125244,-23.66025586535882,1
8.25331573522206,-36.23653542539906,-93.84268622785068,-68.50940856203067,-38.5583226353619,48.58176920976055,45.23532511445049,11.375359988510468,33.31661586674659,99.78563186262414,-1
49.971986257653754,78.1648263021255,-20.028260972556893,21.411598501138073,-57.72667123697737,96.05966639724124,26.769071573383485,84.3284171789154,76.58415445063221,86.44273776537327,1
82.9728780440897,0.38908102636834485,-4.894695674761323,-5.27384890307809,87.54749397908441,-66.39645234059478,73.6151257242318,61.26099611663872,-82.31221449264044,33.51279952436141,-1
54.25406933718915,22.837248863802273,-59.46861560191379,-91.3553697164442,-66.95242195791982,97.13196951164767,12.240766441772251,-86.92528591073926,71.530808692399,54.88195785360239,-1
-35.13324937692488,-92.7318503367515,93.96415704820805,-90.47752431450238,72.29562892692124,13.06279725797728,-12.195079862425644,-36.96350883115962,-75.97135462970752,40.87125881781918,-1
8.352192853512648,-62.127824841627444,-99.73327210184159,-7.789333894562361,68.77041164039474,44.60179500002047,-10.769843501148117,66.47736670994081,-69.95052708217477,23.2769000398453,-1
65.14219031213341,37.49296080994563,-24.369036287851657,66.80138261467715,90.5649433872272,-51.727829030585745,23.92635026371049,49.38820973266627,-19.192804392504883,-19.97223897000255,-1
-35.35941359584895,-24.60276654263167,-97.105871699427,-77.93304523495941,-85.04236709942697,-71.29606717154874,-45.47728769613406,37.33147720683337,78.62967260311086,-93.90041238314359,1
42.81738642648557,-24.76190624607557,90.85168830306199,-41.29440916641008,-75.94964530268464,-44.864600464810486,-36.4757578926544,-20.1636019625371,69.9066478656764,-76.98100202070486,1
45.58786139475305,-14.110420584259487,-44.86282061945994,-40.668564776387825,83.01998152157256,29.31833675805194,97.88325821742532,89.72142612901999,-86.91849083181786,31.085819021312716,-1
82.6082933779712,-81.10751483978262,-27.83863475084975,-41.70659518053259,-92.05416932706183,10.912142752554928,26.86689406518319,11.14810722787496,-22.737196508078128,-87.45478191058746,-1
38.99062386860953,-91.32056428428783,49.25321226644101,96.3042029152588,-98.58270651052352,45.76340655506604,-4.662531714476344,-53.917685876195605,-84.56883469206188,50.536814362311816,-1
-0.4374983931419507,-96.32832320015521,-42.21713683923765,56.06764952503141,24.81168855546973,-51.84911703643857,-29.663556051447216,-52.235579374060514,-11.904170564542511,-80.62542218539136,-1
95.4013908877887,-83.3922484379627,-67.17711208084194,-92.89932625627353,-13.318253257304718,-45.164512065131255,-39.209668262364914,10.700646669773334,-61.37924770605232,60.14895566924773,-1
21.01790370810768,57.62378798904379,-14.374389857971664,68.81126655742713,95.68684479780788,88.73200516069474,21.135630102455096,15.730145683046231,-76.78645912593136,-90.76165208778066,-1
-84.60566612382519,-36.54895671006,44.92626737987874,25.55141545231932,78.36769146895654,-59.16018748144478,72.25082257764828,-85.46481011256554,56.37271571709104,-1.784929124582149,-1
33.84380598497333,83.6386316923406,-21.8968604631212,-36.13993593464857,80.8532616971737,-1.0833403908660415,37.17209429444986,-73.31129411540076,23.656756059089673,-63.30479020471533,-1
-67.66571275260762,70.91373280652817,-35.26744379283994,41.39939272608365,-41.8675757303473,-66.14809515919085,59.178086646626866,-17.28998689092404,3.2905826775354967,17.07427355392666,1
26.69564396522945,22.899892051038506,15.415488526353087,-34.12253560268073,-90.30052622121237,9.507613409846627,41.238469659630994,67.16847303030846,85.72835267650993,55.716694370269124,1
10.760448142475255,-49.76159907910655,90.05681003409711,13.045276234166138,-2.1109637537504398,40.960468968172165,-96.5770828255672,-36.28410936683224,79.4490957768522,50.20245407133055,1
-85.7622703079542,-3.165393567318503,99.50274913237917,-91.896094912066,-13.614975730815488,-88.86672143913435,-5.8805766127983645,-56.62777344079968,-45.23818103886974,-11.676499151206272,1
-85.17891548502658,28.88463392596333,45.448463913995795,91.52087422323419,-99.4039738435338,-23.427440661011417,-69.72130716311054,8.304676318994055,-63.051173018803276,6.505859749529748,1
78.05161060356042,47.70780789518153,-30.465651706217727,90.42477562617412,-38.461551269385374,85.26400975159393,-81.47270745531685,73.5527828230627,-56.663754241674404,81.66766425850514,1
26.742319953105806,-46.28857187587179,-6.565173329510699,25.27310839525157,46.49002317346125,70.40562796545481,89.48599963616525,22.06039483577142,-48.93407511831207,23.681553360406554,-1
88.95314597648562,-79.13738252962357,-14.431885874589412,80.46159468841975,32.77796713551811,36.608549416917214,-95.90169417096119,-30.883041423175484,-70.72016358277433,-73.85552917287221,-1
8.539216631649694,-92.65741130338667,30.765992765535543,38.38200532391238,-14.63144222087547,-44.26993189543633,-91.39316333866113,83.69388002027151,80.2724487684138,67.43204076808908,1
57.83424772146765,25.129982588290616,98.51797518676895,-60.961237144814895,-97.9649994821465,70.582584052957,-80.82843858660873,-86.88586792920543,-35.50956917497908,-17.601515039132295,1
-94.9298513169085,85.38151242917283,90.68716495156704,-67.54383513719526,-44.212938272462466,41.16537905642201,-86.07843325536814,-33.007860538957175,8.301477268088647,-82.34056606666094,1
-91.22001147139898,-31.790425433875285,-64.34503833559185,66.80845358533406,-0.09964600020904868,-67.748730495003,85.46299181502451,-27.81319352153446,-32.71070771589784,16.792580283244305,-1
-82.42670017103333,73.54463056101847,89.45686461795356,98.55740365271728,48.74123239667168,-33.55222682067678,-58.56556628310767,15.105659699080746,-14.777496460943823,95.39553427610784,1
57.25563987680661,20.19143899949944,-14.331441113007898,12.362776067661741,-45.022981678520104,-29.274500981903472,3.8097435453778417,72.57681336810197,31.68140587577912,-4.200824231082123,1
-93.90726273820798,-25.707332133105695,18.131045321728195,57.413900544786316,2.808218315706526,83.6217940068284,38.27823215687033,53.813130811821196,-4.785000829700365,75.9077646239858,-1
-28.680764802758873,-0.7849042998937676,-66.09596793410753,-46.19329024481782,18.554143948604462,5.436367269420074,-67.72645540912623,20.78083911209538,23.604955647230625,-13.79228041399763,1
62.1757162015837,-36.67951303451742,90.73129019265426,56.16516668218563,45.34782634592551,-81.47504006443656,14.715514809489008,-55.95934266375237,-85.81276411187591,38.28180927173784,-1
8.868977526864214,-87.1361553612833,-44.56787723116105,28.549206926722576,45.01150005445879,78.17027747183658,80.15075508043554,29.427276442492627,-79.52979393485788,2.050026431197381,-1
-56.18623817962845,-68.29595319451812,-1.786410069284301,75.01179283378855,50.19465193342117,41.153353861527876,11.19974496681418,32.827621401713344,22.873167969015512,78.02840897512388,-1
-23.097734471037484,92.78320241463769,-84.46551734543229,71.27066976270174,9.052425449371455,36.47956377856585,20.353938074362205,-74.61460011592169,19.280127432572215,34.114169745221886,-1
-82.5814466408457,66.59882771060009,1.02334369413488,-66.12017487347855,68.27191979186645,80.58194764686391,37.86216163221184,-20.835029276542997,52.49121983480251,73.55580696379934,-1
-2.3517725956443627,-42.96268079799044,-50.261638105772974,5.668938687310842,-28.951427797928957,75.75169595999984,82.5025219078214,-73.2804880207969,-32.157330301560066,-68.20475048582402,-1
74.54605009692037,54.2486148066356,-6.426017273213674,-80.10011714867687,90.57752257697194,-30.700222095936084,20.419897110662077,-20.770492391031325,-26.6830929048605,1.2413575243360526,-1
20.87186394295422,66.050038556277,58.0219024534189,70.42654392387726,45.86414956652487,14.169686187933792,-32.6328310213534,98.73286840157877,-8.726453193703733,25.14874974902095,1
-83.77016429275217,86.72307556701881,12.969834199914885,98.98999722438836,-35.702261441961824,61.52468630035946,7.558032460656932,-68.53628120774596,-88.71588305855624,31.15987088183431,1
-37.75650098732128,-19.096095108352998,-46.24058076660449,52.68356284413437,-53.02196680563598,-64.75343236981664,-77.39849038194572,25.586642603456866,-62.13929270171023,-61.67222753696373,1
11.08634112052549,59.00230738569408,-89.17311831953585,-81.35101615572833,-58.81027105656058,-79.66462071380163,0.23059256225674574,-93.66687740747275,-27.187343114608225,37.79324973472916,1
-92.14611715166954,46.45811348513922,69.74726555079357,-6.982267417090981,94.26594004246397,-21.571176067129144,89.3418113438641,38.62179347162444,-36.64096589345858,-18.308206037131924,-1
86.54210162655227,94.1809422899739,22.691485326251424,-17.93887728801697,-73.18337156039061,-4.5270233172384025,-98.51757470477371,86.54016333356606,62.012975943336386,74.25074480832598,1
-51.94017530992665,70.78969260290873,-37.85929528835182,-95.68201777146493,79.02760519230324,-81.97302704917455,-49.47205147918079,-49.98645742437417,-37.94383410918209,49.21555208581336,1
68.38671335836173,-92.23741043763958,-44.99194821185333,31.232361288975454,-72.95292490103841,75.7180848751679,71.01880735056957,87.45865601017783,-17.57271419418602,-69.61063789056624,-1
-48.419434591012035,-1.1258377908483794,90.86919032466017,-98.1049737476607,-19.852948977263267,-48.077438081280846,-85.60381366985462,9.184090278494224,-66.87369583468549,-24.89215990944342,1
-11.393258732476113,35.709468283632134,44.79907682894759,8.37619075453621,-89.0653856044891,-41.19402588907146,-41.11860112823547,-41.86510110535255,15.090487348948088,32.96890921967605,1
-77.59221956638953,15.958568766591014,75.0069062490517,-38.978161957583566,-26.574182112616015,-53.89297560165651,97.03386621030711,-30.35261380679495,12.956358986614518,17.238070959185194,1
65.18646171000324,30.239542419069267,-62.73330473111854,35.48693688926011,35.00101771647141,20.16847593108477,4.2731517888360315,41.45082101355598,-83.25575327034396,-27.5452017455098,-1
-62.395053076916774,-99.26873773107015,79.14383494960029,-27.588829965501716,-91.70402742110953,55.648152725289094,-72.44070644525152,57.11389393478703,19.678212787833843,24.10609729921427,1
68.66523355757664,1.9471020007874245,7.901314796859097,-70.19155816495851,-62.43844448848619,24.027431992137437,83.27027873853584,52.51482448606535,-32.119171963553825,16.538306359581696,-1
-93.89995001219012,-43.6349993409056,4.474652793360207,-30.2988400336818,54.20148772197709,-92.52686797227778,-25.104799306736723,-92.76227919692846,52.83420533091871,74.64704136342425,1
23.04388764620218,61.45232986525008,-79.2252419442379,6.615764464926372,-90.9081548819231,94.14281088426694,-64.67309615401768,62.06970896753873,-74.27296562020011,93.36391079115725,1
72.33818075746905,66.3147851820905,78.6277436758867,87.63663040890182,-43.157882616187315,-45.69555489240504,23.778023396015826,-81.90355569241343,-8.331396501544091,17.77802407147955,1
-24.061518366546622,-67.08678831413302,-53.99990949032003,-50.746855203842856,-77.57796916231607,-57.46255489752497,78.7876918909138,71.18669687079574,66.19057278677249,79.67998561416834,1
25.08669003331869,69.8069026566946,-43.08783204767948,46.72881305251332,-79.26394192579416,-34.64952212432506,88.77698200777567,-11.654821913546186,-17.74167822276121,-19.939051664109144,1
-77.87365260895855,26.635734979154464,-5.507577217021904,-25.776061756253597,-71.0182319187654,-59.120076224812124,-65.82259284864169,46.871808993966624,-16.423909727941123,13.64049344206775,1
77.23915609301491,-24.126880359162683,74.81131262779576,-9.875317085974956,46.25807721317764,10.200097152288848,-71.45318597022376,-45.521809410239136,66.45072214311256,-57.76111382908373,-1
64.65464253600604,-91.84299731289639,34.52974788647424,94.04701248560411,1.7366655375458606,36.66915501586331,18.846425048248832,3.8518852827556884,-75.04802879481065,-82.73334718952844,-1
-23.077784804246363,2.307238846958356,98.5806981798529,76.01534177676888,-90.71326892179042,0.6642518490775444,-46.72056920466201,-5.212759300102917,-99.71110681693574,99.22619521468374,1
45.78784002103146,-18.160671242870038,-71.85132732176936,-65.40609507938498,-74.18932269811877,4.4727895683805485,92.78760788720797,-46.60612161225109,76.90925737401167,-0.49324405880058464,-1
68.18174208058144,-21.709145841105766,-93.05157081553462,75.53385357035219,52.004483817580706,-79.67756965975737,52.570329061152705,-66.55462859534595,-51.65303990099326,-35.401560220305626,-1
-44.586150057320076,-47.02674843728572,-54.689230294741755,64.98676752815894,34.02148986888699,1.5754431711245047,-82.82753569199377,-30.614691948605355,-8.96668277193433,6.233586885252933,-1
-36.482640947776666,80.80699729091185,-22.314555754428596,1.409531809535622,55.93687307311558,39.98375496768446,-65.62245009935444,97.92057971540032,-39.060477285363014,-81.85942061238197,1
74.72370574744306,-45.21702587401926,86.45356776763344,-63.10242456712045,27.082516627070063,-57.76872449186392,-66.6998279190842,-3.0078428693208252,9.350352114724217,32.17022975807748,1
94.13530908194883,-46.34479590928866,28.22389301039587,76.32959091496213,-59.52728793564213,42.42649689451764,-85.28947922703922,-88.65018196946959,-0.8294245088870724,-71.74840935920813,-1
-60.71615682559652,34.149440094354674,-52.5736795233354,-62.214288910261104,-32.52383090337088,-38.51918006796842,-63.49658203081346,-95.90090072837287,-39.69467973425624,-9.907672253798026,1
83.68528642908174,-86.55187318959267,-8.997793538608548,93.2838633609197,25.260466481347294,-29.179110672434902,44.92466019172258,64.9893415742379,53.543287297378384,86.62152417639959,-1
-44.59749513480424,85.5582958750631,23.34246615342697,76.37819298961733,18.89280970544722,-69.63890899204578,-97.03795185716908,51.76621380708727,63.397574683573,60.09595280590037,1
0.535804645772302,79.8497836578405,3.8560164790542757,52.33627119606365,-54.29497045865113,89.99321761814747,-85.22157095729321,49.24917038537245,62.88902845921126,39.03594930511176,1
-47.9426284867994,11.978106369157075,18.654218597598458,-62.321403519285234,-50.470776590868894,-40.18378294908649,-27.30365331755209,-90.71894220780008,98.19396395291506,-29.56328697956772,1
-62.517611180483556,33.81070306338958,-79.48308793379584,60.286076441728994,28.081223383934827,-6.5409522743100155,93.2750695988799,10.982869085590963,98.596789781621,-71.99758876929951,-1
-29.2421682527128,87.22511430802692,87.03240214935562,51.12154270035964,-95.83263474758381,22.370296706345712,13.295565010848094,44.70250361785648,67.63838258575751,-43.91263657638296,1
67.8293216141505,-18.11041247453818,34.60182019261046,16.20766483424869,-53.99423402418799,28.944697925739803,-97.52576342661361,23.26606118344074,-75.25907115782138,99.71222724637033,1
90.91318577176216,4.376892385495651,-15.529625459853108,98.27584368965913,-89.92044115132364,-14.160787475080781,-10.487246121787933,-80.47217302395877,94.93721476878517,-59.52472054115903,1
8.222764975768953,-84.35158028399545,-81.13746970745048,64.31767229716274,-62.698663442844804,16.009731867274652,17.3520531542966,12.615419009494232,12.200970725596093,26.75571829131502,-1
-7.4754086521367356,29.04752891066633,-66.022665038676,46.35440501739748,26.506753760887932,86.4273634615057,-89.26933825203443,-19.54982233662544,39.09935018012743,5.171435846390722,1
96.25941809944933,96.86439576280824,13.034651244787483,60.52608432000676,5.75892236074975,-81.2164084147559,-49.45454706939088,-78.8447858900059,-74.04827467907289,49.155364338719124,1
52.35963827553945,-32.630459710569454,-32.817230978662096,84.37769711709143,73.9547599167044,-52.89667628298223,5.823736210595911,93.32135437089067,35.026008017358976,-43.72170447275403,-1
-64.06337822595161,0.7438869179912615,-30.102963538379797,-13.602481514968545,34.89225668887471,-37.06563545773833,-77.27322204995414,-78.6635611763381,-45.396015712755954,13.400405719203377,1
-93.86949955883878,-42.74402757761182,-19.295446698554116,-23.299623776818578,6.535545318249973,71.17626189258809,-40.52534158509526,26.921623296234685,-44.54445450646729,-65.32361083541736,-1
30.22951697633482,45.977823540719555,-24.63607877040583,9.727678339115428,-20.849229955280975,-21.034449668874686,-8.407336790011243,-53.61323894733305,45.26843896966727,92.62687970168014,1
11.951136727676513,34.260884712855955,-45.16522849770668,23.235816321401543,-16.611596745788134,66.71606377239266,-56.07071382837181,26.364161472966586,-39.93003945265521,69.31011032769155,1
-57.774811488392515,-59.256521344466684,18.651894035075458,-96.97851088245912,-18.19457581707033,92.38859341054729,-24.49046238269048,46.0177022871967,-4.478166364149544,-77.68999958481497,-1
-37.92760821528525,-68.67743702147003,22.462676969384447,84.69520756367675,86.39700357449493,-31.832545129940655,38.517400451137775,-18.03429694912259,-29.871507075115787,49.37983257591847,-1
80.35480570924574,-85.09790763627198,-41.697228331129324,65.72998199252012,89.70974347217518,64.57243686569188,-94.86380871528068,76.83408397856297,47.56941158179606,-28.155665277240047,-1
-93.2647192251072,-48.41209864261988,-10.80694591911886,-24.3292793476176,84.10155789731647,21.725239859737314,15.761379640915067,-47.847844046397725,-36.005503497133475,95.9517788032021,-1
-35.66600206809028,-9.672200896232425,86.65173351617076,-77.06375152426597,-69.87994531448145,25.45055760374015,60.73179700000378,-79.92266460127672,-87.67724547802267,39.393421415975666,-1
68.3997105780123,81.91733901075546,58.44340663107036,65.40197632938472,2.903999657668649,-34.74490176975226,-59.44250034903398,-22.549597030863524,-23.427172805485668,44.850191432800216,1
-30.69516640945635,-93.76501817761576,12.104436979017976,-72.29051151106114,2.4537501568903934,-62.18169589924392,-39.45541510680979,73.3885012691529,89.81436532885215,35.5240713294273,1
50.17421355829947,-21.1041218322285,0.5279609951070512,5.896576475878803,67.77031685287545,90.24474912792104,26.501529865954467,-16.574062165424024,-53.9291880170141,24.047021577245104,-1
85.66371251754506,16.41402622484472,93.3970036056075,-62.152479490950356,-51.465729933639096,-51.5247080701488,76.34504813988403,-24.760745607652154,-13.120550163756462,-8.524181088761097,1
-66.59321078158496,-58.80236316230536,12.000797845783666,74.20285747874985,74.00450543783435,60.965072723095886,-27.83628309133394,-97.48350597969218,-91.70454261000798,69.28081688392683,-1
50.27501720580915,85.70155038875572,95.52646731009443,-24.500458172495485,-52.92299860933842,-24.309737503203152,-14.254315885889099,-47.09898202703027,-36.79403710074911,82.8061546404225,1
-20.441311814180366,74.72676452694003,4.6356019679001434,44.42950374855931,42.769489925745376,-91.53231059763644,-54.97467457128424,-22.960466684710696,-69.23805950341719,63.82546641604134,1
-44.95216379259834,-45.00416160527196,53.070398783930756,37.03224012283724,-42.20460075039358,26.57718000408255,-75.03651356907793,60.14622458847637,-57.55760637965752,89.0333128072217,1
38.78968889341999,30.456222563689238,91.80879937428153,-80.20953966269302,78.81875471127702,39.1032512694988,-63.92181963410304,39.1172696083207,-17.571254853855663,-58.222054746708984,1
67.40822504858801,-4.78865956978764,36.22753981447809,43.96769227009801,28.217256791931675,36.195484538643996,-22.93303972927852,-49.78302478779308,-4.768423774150293,-15.257437448803785,-1
33.72864398488619,-57.65712557040583,46.32918078397762,51.94233206779347,8.739271695028378,-42.51088052188299,-16.416422802390883,21.66888912589296,-67.3793221150321,-40.77585390799483,-1
-80.5647012458463,75.54988097252499,-83.19965709587487,28.34740896280465,1.5640029381604563,19.701193648124928,90.87624539582322,-70.86305972267866,12.658573454206135,-86.45395140579464,-1
97.55710404297747,33.83083110697015,27.91076527546224,-25.132587407960756,-73.34869883339768,73.02879628756062,89.6456666578641,72.71990438429069,-34.50824508016797,-22.192055014811558,-1
17.387301311781414,-73.93521065953436,-34.28156739438903,-73.38267216544052,-59.85156336685134,43.2799700726772,49.66044378104533,-29.835037296028105,-30.569527965127335,-39.0692303407262,-1
92.89533078016231,84.64474939704573,-51.09850053111495,36.609979605912685,57.852599398256984,56.3655425297824,83.24451840595529,11.221534584488609,94.81939374895774,-2.2653018653415558,-1
49.61463588590641,83.70430608862424,83.9061257825665,67.7005050647274,99.93126179126776,26.209708705737086,31.072023965910688,56.8494008081864,55.238394337261155,-18.833299273639398,1
-72.0455246747421,-60.56340360638674,-25.506212217578337,-4.1349444456969024,50.440543190081655,-45.5601721446869,32.41204208340383,-65.35741005681038,64.23046735162188,-38.15923612510321,-1
35.83251366391255,1.478818768992113,-18.974785332628002,-96.28393318898017,54.70883694716281,68.66217885224825,-25.00523277024749,-33.60063703467557,35.23581889301917,-24.3743698930663,-1
30.194693430190824,79.922497874463,-75.22388694088761,43.95228260386642,-14.571214978004335,-7.470326577025602,72.88586907015952,97.664523697493,-64.44674302227122,-7.311288800884498,1
38.68442561126179,90.78416076934442,-40.769106347228416,-61.9692274174779,68.23774101424942,28.25601499720912,-68.59951772846543,86.69823400712247,-79.43646115417984,-41.759548657452925,1
88.54486381882245,-82.48508740275236,-48.271952672535676,31.61851218793356,47.746221092480596,56.04667343036019,48.1215611087714,60.45266657662168,-2.222930859094973,74.39481275959429,-1
-60.27108462051884,86.68266408991099,96.48947140941493,-57.13834756763367,70.99720296641149,-30.126959468048952,-63.31702924131659,1.2233909693031961,-95.41960831224692,84.18623522010026,1
13.403252197333558,31.58998224091846,-88.28182245797291,-31.505488752834225,-95.03311850399714,74.2711832356178,20.333757469122048,-34.57815668548602,-91.89070567030429,66.90830309537381,-1
-65.29509700269827,11.059165065636265,6.8203380171731,-94.22703210839384,55.11296769349613,56.41129377376464,-71.79807155229085,-15.18205807978687,-67.10069341653626,-83.7971710628252,-1
5.931944789123975,-43.49182726751128,25.526070980357574,-95.94595886538949,-98.61598088303465,-27.85420310078277,95.8459631736828,93.64733719392817,41.081257839096196,64.2102045876947,1
-93.27727996334347,-49.903410650047306,91.96687627977536,85.64906928761513,96.14854504503953,-63.06124465153478,-88.56153932372402,59.48883949224597,-4.769185617421684,-34.11018614555137,1
26.36744243395985,-90.14110144711671,87.59757309189939,38.39850441134885,24.804187998892772,20.632232027375366,-89.43886401671226,-46.79945929204641,13.52404549256569,67.5765242515696,1
-31.839291949396426,43.6028356254003,-89.75873016193418,84.05423952030773,-92.67805683155983,-26.933277290502943,23.89162013154153,42.35482676609354,67.59984447514853,-99.03831369112088,1
62.37322480207595,-78.52777630986645,-29.272427371977926,-60.878200749561515,59.07663482452358,-29.638555857972435,97.91366230880897,-9.925750210661462,76.82096175993826,-78.49844351256169,-1
-29.525010678069123,25.84383860165842,9.447485575856703,17.818935163316212,-2.22132337575205,-38.90224891993006,-16.718162454562275,60.72997985851089,97.38475210263806,-52.42560533271996,1
24.717137600551936,78.9495141662602,45.45849544791369,-1.341283887461529,-0.5738393031574418,77.03853839103076,83.53065918297332,-93.19181285627032,75.85646348590288,-95.06829928758734,-1
49.04294853816691,-0.44868727862072433,87.19481694214485,99.57957055084339,0.37860503203039286,-74.12872675752895,76.10655551801315,79.52700214883146,-93.92421833116866,-39.9022537169768,1
9.291708345624869,28.710424597483495,-63.30714920623031,52.194712906330636,-38.33977922635832,11.745308557982952,-40.46056704627743,49.42855798923114,-8.11421938341013,54.739355307462574,1
-37.01631108222085,-45.80735842575609,-65.9133596240008,-86.24587960577044,94.4680753191366,-35.22604641923766,46.27120961914375,66.10143059987817,64.76564573197172,-52.18179220332235,-1
-1.4964612362272192,-17.853691301797596,-5.247969252255942,-7.25365281373584,53.79680003528131,-14.967251068936747,1.4321181851641995,11.588972741793953,92.11144478031835,-28.233111219483305,-1
-91.59506496571895,-77.47815413015587,52.537234090921714,-23.701741351554546,67.16860497363103,0.6396655369966169,-60.21397557499346,-33.72548077080823,-58.602955342743556,82.3101266902517,-1
79.06921783063385,-39.25522967363484,88.86644714965831,44.29312007166979,-55.64489804382187,83.06343852786048,-48.34847980942869,91.59628636235254,-44.54894130178613,-76.32968481128668,1
62.35395761802752,80.82273209590102,6.640132873808042,44.46323545879079,55.588660565485156,55.81825075272252,-1.3394707094042104,91.24893104775933,49.501594438475365,-28.6346363063481,1
-32.15186776523274,39.94261543086742,-21.83329014655564,-89.40424133948062,29.880093475498683,4.138017508810222,34.28261993441896,7.812378073136259,32.8382161763615,-63.66718515971059,-1
85.11370258135526,96.27666684825601,-25.519866792928767,64.21571548937001,29.519023522603078,-70.47191442948821,-97.58325089711424,13.121461485871393,-94.29576055915715,-68.46533758409974,1
71.00604032398704,-8.553916076091127,60.75039486081633,61.50231926102978,37.36607915030979,27.262568015250395,-77.87083038133058,-43.76802505330615,26.636896653730318,-54.70593519574307,-1
-41.754171960391616,71.58698279946577,-47.957726412849276,37.67934098538166,-51.657253581736406,62.19825461104787,-41.75028494598851,34.299051058318156,63.194421555619016,62.590280605041556,1
99.66950227858993,63.879646193298555,66.4451567007811,95.64473371627491,16.466324446801778,-53.399010404480826,-36.971300891072836,-82.29515135084344,76.87136195214009,-7.984249746434941,1
77.38498004185391,19.80220884271351,-37.151695900099014,-34.4546086635858,-88.23909322233905,-40.5161751541802,-84.45307295036766,96.06087574563188,62.646234111508335,29.068988081416364,1
48.15372355084088,2.5230488206399855,-91.6054547512988,-40.408514208328185,-77.35484154975649,-93.36544859296221,-42.52852584742903,-82.11882376015846,-75.29521227562395,89.93668546089074,1
-60.741139537786594,5.887148108255303,91.25183960547625,-55.95061191372564,67.95680712347809,70.44959439660258,68.57742338850358,87.14290920570667,34.339256954459955,-27.110575784368265,-1
98.25119874043767,-39.66755167377023,79.9519230736515,61.05411944145018,-88.69781181509603,-60.549444453856104,50.19020317061157,-38.2771016854911,-46.8678605065455,-4.023906326222885,1
45.411352323078034,-45.020868348582454,-14.77996920382796,68.48616043008943,62.907392172518456,17.00840962894847,15.736001055997107,-1.5345699630576348,12.990313123813806,-46.42313896836918,-1
-65.6641428303393,-22.122044066625307,-13.383959279573759,-18.73450539065493,-96.19354928145232,45.53463646156669,-32.94086920781713,-54.14100232160048,36.43581184516577,-49.45126845840788,-1
-51.86589704856939,43.04737069652663,-31.93651914036171,76.96593902913435,-19.581450117800642,-36.29719249194427,48.66620586312459,33.22449698240558,75.61184486004632,13.0331951178336,1
37.54440848611213,57.39515987624017,-14.93836993976933,86.52340343406675,-55.26488037870927,-80.78954728323922,26.23161567525021,1.9766628218012698,45.889395688805564,-51.85523292624789,1
-79.10909637996973,-5.648738121825133,-55.494043500222844,30.167671767381336,94.99491252058206,-55.24719591846032,55.654698799523146,-13.151321580190569,61.84836336003002,-98.48843172116754,-1
-79.31317702790332,-28.97364719485674,32.00052091491989,-42.10606226549276,42.550551038739144,-69.30228857404845,84.19153337967998,6.776344975948064,68.74266544065046,57.05849714009048,-1
98.96385879319021,16.284978973817417,-28.153771875655394,-44.47610007612233,85.32988161291394,-0.6475701043792554,81.68577905227258,16.06810950615136,88.47966626130207,-90.53863860826526,-1
54.46367834712785,-72.86770656792444,-68.1433925301083,61.74307937708795,83.69033438542445,10.573363907375636,88.57775921128083,-40.18738035666394,-49.06567289057615,-33.8416060567599,-1
-41.89909886571592,49.675049885636525,67.40155916062344,-33.94259750157795,39.42891008207704,-97.77248470556539,-79.6238344124728,-63.21737896147699,94.92450792038397,-26.63840090888266,1
16.96556226115817,-42.35760631037879,86.49008421612865,93.89270590916644,73.22521181883405,98.08633965679152,60.25533451099608,-76.89563880416203,13.976995430844369,-4.623570153785295,-1
-39.322891274173365,9.522396828561881,-91.50581790231773,-1.9818617571277173,-88.06755533387903,-22.519455881147337,-85.5264108489846,-62.99661134124166,77.59310384677792,-83.46644060342624,1
50.54332791152825,-93.50584566165034,-38.032045694464344,-12.071535895030692,7.026040063938581,-61.48046334770816,-96.3448970523286,3.2947736201409725,10.354933845352619,-78.97525552312892,-1
-20.42888019085167,-66.69929059009698,22.83254052323977,17.328602489126894,-75.01921893515942,-90.31541071464444,3.5309224366745156,-62.49154199899911,65.38743034305335,84.48490812235175,1
26.456430727527973,61.219349592149484,-49.04824096003093,42.175125516708476,-71.57133732392211,82.54769468621194,82.0543111864545,62.869011951294425,55.991765638663196,-71.91196145461652,-1
81.07012839121273,-25.805257481566187,-26.74939880030516,-9.74644092574664,2.358998855083726,-40.954004525673035,52.92525553687858,-90.66484943836406,56.155959758449,30.43442666817333,-1
50.85299466940455,-12.098443910489635,14.32794465402958,-98.08346245736888,73.67924189238013,82.91473599751873,-87.0464494012684,96.98048723500722,83.72251036813199,73.85934749988104,1
-48.09164336478193,30.45280118875405,91.0828329492193,44.77420766294344,-35.04109942732627,-80.35069848961763,84.6410605785708,73.12782412375867,-83.36220842287818,58.97799114471894,1
26.31204401850411,-6.039135710263693,-25.639401745092854,-25.069381669347806,-41.949755961818646,-21.57732190849633,55.21998593799648,-48.679955307352806,-40.91987779230555,88.65050093170893,-1
25.879727627052503,62.3254028889707,-49.697392064719836,21.20669050407568,69.04842076816641,-53.16817098872835,51.35826854905906,-71.28294597361315,-98.08944467660619,23.40091113225138,-1
-25.652141018733943,-10.545406368575598,10.086077589424107,7.269925579911202,82.54532521767953,-30.202454600661426,-47.55547082562073,-98.30405579489843,-64.68213789323613,-80.47321563327847,-1
77.82558478800198,64.31553835216758,66.57116172358423,22.59717241273769,-89.00718772426963,-95.72778522976853,-54.15199603761216,-85.98886787488998,-71.25127735334856,64.00255312894731,1
-14.002957175788055,-81.77253218205855,28.560701756575213,1.4687064644432581,-76.19892185634748,6.1523900310046,27.912956120934766,69.08244165897014,53.04596624530072,23.642919089383852,1
68.83408979383944,-34.185244107854416,-61.62465737952865,-52.262223713740475,71.42359012478033,26.565862610922323,-79.65954326504779,-64.83346598301503,-21.68879529481751,-56.411019819693166,-1
-2.0751075899510454,48.06260616879027,-8.621089003514413,47.58478749577,1.088331343560938,-2.531493829364223,-93.86030264284508,-95.85575658620836,73.0493245881953,-49.630952830918716,1
-2.364464937837198,-0.9364706132182476,53.21599982364424,78.1515934017983,-55.446824716610024,-42.63548480795769,-14.767068417636352,-58.21671663154464,-74.72889639712804,39.17235156045854,1
-51.320663356293906,95.10546580418037,21.471276695548752,4.903788531161908,-75.80844764909531,37.87613366730008,69.73100654551882,-99.88104839146852,0.682504176857222,-44.86735818799903,-1
-21.501288718663034,96.28428498440505,34.83987498857212,91.16234863487489,-82.42859728373088,-45.61183943739966,1.4354321537152828,-63.228944719339395,-89.51122503721109,16.64746077244041,1
-46.287566509271485,-68.64741048014108,-74.1632164382501,-7.851556547765682,85.45428890666369,42.031556253446155,-18.37760958765351,-88.12487161378107,-8.64295932178105,24.668948966529953,-1
-46.201319112980464,-75.90363551230641,-45.38370993573633,-12.161566863466618,-75.13907263701631,53.66305958564433,-72.64137307033407,-47.32412721634256,33.45737081276744,11.40813381438079,-1
63.92497390952897,-7.922764864991876,-27.452670405503284,86.06628663929101,-45.416230519133215,-23.540581524799677,-2.066779857588628,28.005009643042598,-72.81728979038724,-3.6404679151736303,1
65.73058122365785,-67.0531982224552,-59.1107265868674,79.17676741350942,49.36530122981881,70.75260082497067,-84.24781927287215,-67.03827025059272,-0.7565780594369187,-59.94479243727131,-1
93.61316241015177,54.26462864337,-35.23007385083103,66.91439137418945,84.13768823393909,10.408691374483595,87.3254190470482,-30.785381645038854,57.58170223606541,-85.03031851727624,-1
42.884832814248455,-67.21594759061102,51.136355409903985,15.08818530613307,27.46272593342654,-21.047802852957247,64.59316803548455,-55.744542644709895,93.07125741166286,-50.30208263008038,-1
26.47925129310171,44.178643810419544,-13.32383037701183,55.57849516663083,98.81442760986499,-76.02798931726878,85.7523676449893,-93.9720613645842,-99.59688517995595,-18.70068631224609,-1
-64.51424610605864,91.55333163524452,61.820643364609225,-46.28917875806411,3.1283734801565117,-52.1006334997983,-10.024536648896998,73.00955177751837,78.79371723892791,99.99139087375403,1
64.79953037599566,10.961351654789596,-93.16091001576223,-87.40471197066786,-98.78587543723754,-98.32090158317166,-56.00599917826907,86.79152962535287,-91.83960757369604,-43.88855166763268,1
-69.57914335554543,81.61673741197089,-84.67603721407026,-20.32893560681819,94.86916499545731,-19.104060938409063,60.09870931902546,-73.39740318499177,-47.4680873955941,22.884624241839745,-1
-39.82433803664607,53.26944262093048,-20.481626137870677,-16.348889348790422,37.60742671062576,71.97495001405369,-16.225118863488987,30.552945974375433,-89.83697819512895,98.40121097964922,1
-76.44978342197177,-52.200463957689735,-94.83856636175378,-49.556321346325596,-84.93599149108917,7.831544673769898,-42.751119957568264,50.67260457292676,57.670785807995316,-9.69000034736149,1
-64.72260269875534,-13.586542986676449,-48.9143437907819,-74.46667300353893,40.273972346522925,-71.72855137357921,-78.72665189546031,-91.7978453098039,-34.76057623867024,89.6043675816384,1
77.2342588111986,27.499760586832636,70.15607652613639,-11.066505832256752,-41.404055899113466,95.69062964286525,-33.09821484714763,3.9728857573234677,83.05896008688075,54.04479574833289,1
-78.62461538105123,60.99336677633707,-75.69776609246676,-9.875790413944856,-2.243516463056423,46.71615777718762,-60.69074715638472,54.402425377745715,59.41829677961607,-93.71396846995641,1
-16.054536614775543,-78.83899502869716,-17.300572587325647,-90.85467704754547,-49.88764868640389,-40.61653366452369,36.89022087007007,-3.744710096374135,-20.289577367049105,43.58151327177683,-1
-90.95626597876212,-78.75723448230876,29.389341667461082,-6.965260668672329,21.336309238258238,-59.75973063111868,3.394093485375734,1.1334326548362128,-16.261864899684042,-49.517114091852086,-1
-40.734839620039985,80.44912461924628,51.17483023567743,-69.77320003022123,45.50693129808215,32.0116345167736,75.27938754888785,1.686917524054806,-73.97173389846338,58.928335603570616,-1
-10.052031509892004,6.710886710715897,-14.249718331729142,-12.318133528146078,28.92840132126983,80.45099387533705,12.639719321335718,30.370091759893057,90.69586489651903,29.285623032779853,-1
-59.47347317293137,-57.239757867453434,-3.2018499334920136,36.34568741102686,89.81736316387466,-43.130979611012535,-82.59906190778004,74.91728306378761,-58.736921011257316,-68.30218821530445,1
-33.09774225161357,32.09394427288623,-48.45198773769628,48.7776288237238,83.41031840807591,-60.17057669597672,78.10831702611935,34.65186144935538,19.63698294533924,-37.927425665361,-1
-32.599364713742744,98.1285474344358,57.57294391710877,-17.3891304093204,66.57320248070059,34.303048739277216,39.44121877325887,48.72868682164801,-86.62944928678024,60.754460270459134,1
-15.715089881500404,-80.17077754447521,21.751665025910597,-60.83499022896846,72.11904494319026,28.22235529393592,82.31173620141928,72.54800873156819,-99.49412064104708,33.904550712729105,-1
-25.025884095259187,1.1851600292787765,-26.22349568882217,27.70500923833292,-76.29439423597478,67.53218115521108,50.20243455102204,1.129913780706218,44.521158733155545,47.29466904985108,-1
38.00937768188993,-40.81473020394233,84.1070462479255,70.16253329402446,18.429119997772773,-31.86766169240923,-67.22833654625606,-76.94440174364858,-79.18709828225053,-12.373703039722699,-1
-47.79029475303038,-0.8565979843449014,-83.06603714494211,84.3510490053786,-80.47435207829511,-81.23421976658305,-3.4779658812727803,26.10480865572636,-80.46046581246884,-93.35358766101032,1
29.14500867021073,-90.48336149077751,31.18974216767839,37.24720562316361,87.47985511557224,-43.86525794793303,-16.495078806793487,-76.54652689148287,-33.897983639161396,22.810327648935797,-1
-74.63519548991624,-95.25672793884188,59.58627350226311,-90.97780089592122,-49.61492592867152,29.244705564935884,29.5508170893292,84.15290392658744,-93.95509758690572,53.55676184129109,-1
-34.749216391770645,11.409517238446824,-21.264763222195725,-8.863266699736712,-53.58418236239557,95.74342741116274,58.20966291095863,-84.40833117192155,-53.79736659271015,-71.29677330558562,-1
83.67950841631159,46.784074057540096,2.264908732225294,-74.81151672949547,-67.64228299527394,43.46074754100886,25.777567605346505,-1.245215886268852,-32.26509714013699,75.08648142953959,1
-25.09035132408374,98.63274778669569,-34.785899534575336,20.91253292084751,26.384856285624807,-44.775443331194694,-9.16126458414314,12.033098109058756,52.40429247974345,97.36511249647006,1
48.22412985801182,-71.72328915673197,77.56362299299974,-85.74946293572701,-58.10631363895289,98.59256006264624,54.81226380998453,-42.23852898712443,14.847032178799054,-20.698200744475443,-1
-94.86207102611837,47.755605783719545,-69.27369592134667,-64.5572183461812,33.07784743360352,74.6906267132681,-14.672935070948583,-87.77712752870745,-91.20079398544136,42.42642203565933,-1
-97.51919274453704,79.01703455326293,56.95486423255787,94.33012092389862,-29.830435189564056,-91.29558227533808,21.16895217917616,-66.94219938294438,4.758613696801348,-42.33330864541956,1
8.899391820773019,-32.55959296620945,-32.303897926404474,-74.0214347402489,87.8138384202137,71.48083389271821,64.9155838037413,-5.741829793161912,-58.72004008007008,-13.705936466887962,-1
-58.86254756088898,-3.554953932534687,84.42626510588207,-58.71146157418621,-99.46580132646734,-43.91904007492264,-35.8617908614725,-91.49467160756062,-9.523704091771464,91.58744330935383,1
72.59936627177441,98.85759715221181,85.54645595660077,97.91265636582796,42.87303238946572,-55.03661188210691,86.43322298849984,-22.538160388522343,-96.20389698041927,2.923693308219754,1
-50.323278251358495,64.76034998410759,-90.95407381595702,79.4260932621873,-10.027060927716064,-10.00500808442932,-72.27948961926205,-98.31969514435227,-79.8153566504295,-4.051381370967121,1
-32.346498801100324,23.824280009339247,55.67912287064232,34.4505000148427,-18.74585967054314,-13.247451241487767,76.26445308274666,20.999084827408552,-1.3837504350668013,-41.23162077273725,1
63.59340482381245,-2.209814712309594,6.791309386986782,66.84768592812799,-35.066224421308306,-46.97231925839142,32.50182720043631,13.618412779949779,-80.58438721921235,-14.129142189809102,1
94.95863242935661,-51.375093915466266,-67.06594749853897,29.37204480344434,0.21406414145542385,4.154847727704308,57.372544748093105,-49.34854610754527,98.25981573573068,87.8848817817811,-1
34.450137458838924,23.244850321390587,25.66727305973076,-20.88016363003453,-69.51142311841929,-77.32518371811392,42.21278384707264,16.702268958860003,44.07872587914804,-15.824807946580236,1
18.826143070427023,66.86495914987972,6.837978361723842,-98.70209572260056,-41.95990089868851,5.031791755583441,-84.62435734357496,-18.52792926327318,-33.863842888704625,62.71648660358696,1
-65.0322745479175,58.026274745221656,-44.0811258953536,43.5073727025254,85.93949973308912,15.674004604377075,-46.581397578367145,-63.37556025344562,-58.01300833420478,-56.80811809554713,-1
45.143901677672005,-7.202916511923846,-45.299426834058586,-62.7735691263801,-49.79876424512535,62.172193903758284,23.30933782989348,-81.96523528359083,-90.59126709426621,28.789247740129525,-1
-97.22757281742798,-70.87425229490971,4.975443601116481,22.09510227073575,-19.56591459151788,-57.07631275826166,38.190528642603425,69.86087945071515,-7.867476985772996,-98.94219892458358,-1
-91.36525284059766,-21.43218470371953,-83.74417903182245,62.63024019750213,1.8457627696222119,39.5209002788724,-3.281461849625984,54.996099893415646,32.53204298427724,60.15360822347375,1
23.428997320806005,-11.879377188165051,-35.43710045723134,-90.89915244194077,69.59251825783997,27.568835977545376,-66.22358268965334,2.1436555825729613,-79.29196761545249,45.583212999865566,-1
19.042566825374948,-43.1791701545134,-57.60369584014773,0.7117092651044885,-18.38635939281383,51.38527752549609,-90.97158522757623,9.609230832656195,-29.38506247803312,70.64054301198652,1
-69.10805055533524,-67.5003169051117,20.024787987899302,-24.08127123551202,78.06590506847374,-96.25476946802733,64.47313997225893,-18.30233908401719,-44.41210798139012,-29.854043164027402,-1
0.02255041532539792,-56.77283753781586,-32.784322451552384,-80.29698530629324,-64.24829930578713,-62.0392082667224,92.80568119079675,55.402802612363956,-22.679479349188327,-6.222141103408887,-1
90.28066844133141,-33.17906958268735,-63.941973876871884,-68.04288757728591,12.119614141555786,58.36933857363198,79.98977484761213,51.473144125108234,-31.568689237994718,36.83406955784636,-1
-45.15695953026599,97.18683372498356,88.55440022105532,80.60260783361849,-74.03888826682412,35.42319435631859,-35.765043890948746,74.02838828189155,30.730283946485827,68.47312857115935,1
19.0263349811363,76.22102967131318,46.81280700462159,-42.42221412403151,99.44102879486024,63.763877374060826,85.18577808064876,69.14306477783094,-57.270149846672666,53.15220482078425,-1
24.974819921399785,84.51448098116,-26.264515230171057,43.34495653629011,3.201058434758224,39.83978055144661,-54.34238674576688,-56.209419797567904,78.09437211793647,23.171435179806892,1
-95.0826167082397,-19.494728901971598,-22.074796528397925,54.02233044605708,18.802540181616806,2.638710938992375,-42.05488868110261,50.14811216233818,-4.982024232881855,-78.37726848811832,1
63.83777188535805,17.13086708575983,62.44790772174943,-68.89198169990254,13.772159472235515,-95.33226343387058,-80.91200807493315,5.544160273890597,32.262188559715156,-96.07898051885064,1
31.345896944321595,-45.86507880694213,-8.082598824111216,71.81553889006852,43.39977161662375,19.00617066830263,-84.23722529750953,-74.10083194744948,-73.46182230866893,-62.91145512235276,-1
78.08190344386568,57.16169684887001,-16.66598335872591,-22.318433225609624,93.85384886970525,-74.5762061920583,88.73603812748917,40.87150352401636,-8.412072135996837,76.49787606940427,-1
-86.79803117195169,40.78733340690309,72.22604860895626,9.230918241439284,-21.904311894778658,41.979959545574616,48.811447407130316,45.64670475262332,-9.010767000513354,-0.8248370094186015,1
-22.140877191604687,54.367207046021974,-29.218834748628254,-46.93872597591622,1.4948709326815077,-30.794743194650565,-88.66486693270551,-27.449359536643243,-81.13510466868917,82.92055827005143,1
-11.484530813436919,34.80027421397071,-35.08426816694417,69.19187308460252,58.370372551026094,-33.071831107287224,-99.47367119570305,-96.62025222975532,-55.92403712675258,-2.8398819114056124,1
49.521876035250216,66.47820834038157,-54.20256293993766,83.55912522213595,52.73662008994549,-84.11086394022101,4.584033794847713,87.49825393894707,-96.16541898938257,54.66024176339411,1
66.42683559154838,-18.518423729062917,-87.66394074938091,-4.753437296567526,-8.5360087578578,85.1302413866519,-93.23591136540337,64.28792632547723,59.92238256476995,-61.32436433465396,-1
-55.977734819049374,-91.9339677896974,23.158510420277082,-16.06101530008057,33.72047611216752,66.52851566702685,6.801864135460335,-0.3288437245955578,98.07812810581592,-20.33277861204168,-1
10.54141514370906,-45.19764392289049,-85.01119746030064,-96.33476629096027,-99.27682764568647,-58.30544421985684,-13.602205869916276,-73.81861263052521,-10.018306192986643,-64.93220279254766,-1
26.828427659147366,71.94956113701338,72.17100560868974,33.485601201397884,-54.504870670741745,54.76066624949627,-49.36407343814795,99.32571908492437,29.541286983808703,31.34792537046937,1
-91.58136207272763,-66.22814212659293,-26.34744202561737,92.93711128936835,-91.57445260940096,-79.9294572187242,-68.22849280297768,15.958692139581117,1.7601506413013794,-66.2586043851005,1
-82.1420950948854,77.937482514333,-28.247686506772453,28.99275414903923,28.342296456857582,-16.402395162225304,54.082797373481725,-95.34293586661249,-93.7394361279384,-66.63823470193086,-1
-78.60387223460832,-65.83725873875785,95.39421092525217,-9.856402893570532,40.75620100693297,-61.59004672079247,-1.0609290083266671,22.168781804854774,72.77767826700205,10.76088247270674,1
-50.92953716675779,59.38950080312918,65.48914719592264,48.217159547643945,-0.288471943644808,-7.78686215807673,-22.857042479424436,-35.066744185512206,-85.3252086331864,-88.41192227677882,1
-2.5469291799898457,-11.97584580301276,43.83931210273093,-50.72572027440363,51.95722424008093,68.02763287798987,39.63260736073104,39.16190625293103,-7.835047220253728,57.372829946335486,-1
-26.14384595689178,86.38254651949117,76.8942627151055,-14.37303105778112,-32.77411559438259,-0.6272288510520241,42.739131864619225,-26.67936657748899,-35.6682733361086,-7.3070722761439555,1
2.741571043060958,47.20347367306718,80.44405730807483,-13.01281992731819,78.54126281901694,-70.8941076570465,-37.26971827109591,26.197809376140825,-30.526445360822734,25.620675407446996,1
26.04944389123159,6.8440819862494635,-47.43714508941166,46.74720234527123,56.21955102483932,-38.41174809082928,-62.66520356085179,45.62167806881854,83.68173538494196,-5.221392108834493,1
-2.1094479444873997,52.080013457496534,-89.37587516019978,-57.806142057660125,26.604243907603703,89.77193003556042,-61.29654891876051,27.997845007148285,35.05463959072492,7.688356399362135,-1
52.48939173497368,52.559810575161094,-66.05731672101787,33.70263629356435,86.16648316349756,-6.750374431339708,90.60069655920142,-41.245280991626586,-99.71155000300855,-5.344122422444045,-1
13.907955913420736,-14.222513729957882,58.31478178600557,-21.574370606145536,-17.18761195733171,-60.380085593760114,-76.04536830002885,35.67546045198915,86.73002236231179,-82.84720444457368,1
59.05346237197804,-80.47799237820168,-8.85283719830305,44.60688617015913,-53.603232586525436,-66.43558117541515,-80.99940157532002,-23.642843947812395,1.1385339794666152,27.575221419633394,1
-41.43559265980705,-18.99978028249032,-91.56991660741316,9.999497097471561,-50.819391487346664,-63.96273613369332,37.311652794428085,45.88677802282828,-25.044940717301387,-26.309976581811583,1
-10.336188926115568,-95.48628335952458,-68.46226558537055,-84.94847973835884,96.58104657193795,-32.237915953864515,32.539707507885794,92.38733627847228,-2.2063815418504618,13.482832638206645,-1
-59.54121016835927,56.15709667309528,74.97639348842884,-92.18907631748878,68.081019688906,79.77483212528114,-46.74207708203719,84.10567928937348,22.731093987736628,-67.70905206994948,1
34.50145253472982,-18.42301462992822,-36.96254196920723,-45.64389976176055,27.914774666416207,79.41958624128108,17.553728593633593,-99.68183469684526,-90.81323858884302,-22.501902290443198,-1
79.10464569924011,79.11114817477701,-69.37731084556032,-49.88574171557043,-14.707039954589021,-28.16014087135838,-83.0571767258397,-20.882011825440088,38.272578742358206,64.54584325823197,1
89.55593959384595,69.59433866251808,-27.099807090241512,-68.47315365663644,71.57119716293491,-0.8832488015267757,22.385832383045653,-45.699430940623856,-34.70791898008355,-80.7853189487567,-1
-42.363094808094104,11.368882626912509,-90.04656068228489,26.29982133469953,33.56291456398628,-3.8012721158095246,19.154886971844775,20.949592288401448,81.01887419267894,-16.927382394545106,-1
74.14998025450228,-92.11648297592741,-9.975145472952235,-59.61182709760349,27.823025677960644,-15.027588397294252,1.3935124720093768,72.21929839149323,10.887515298780158,88.17965600614741,-1
-72.37494137195056,-0.7648147797769411,54.2627266450028,-83.45049922202571,96.64371295924221,-75.54074672809388,91.86082488904503,86.3440793216736,64.3198048673755,80.23166480509195,1
-7.844246393454853,19.53646710469181,-58.450145397561926,-57.989415964138956,40.33498339695328,54.728031079906856,27.383901076502,-38.91240605756754,-46.9208949286015,-87.71678352568424,-1
-94.2695144844691,-9.892692186584796,86.70037534048697,29.932632693905504,-13.121021224529002,40.03242496265415,63.72989714354628,-41.79799411780878,15.989034897677229,33.02817537974039,-1
-25.811798368446958,88.07940678910884,-14.287232438860542,-26.462095492729375,-35.95399180629563,95.97806449424121,-69.65082124143065,87.16206975449705,-93.98180265444147,-80.53066437437101,1
-8.752698208891601,-90.04379969539124,-62.33062534210998,-98.53790226901185,79.87183993523485,44.880600063578186,70.09967971188127,-76.64299173197269,81.52242367868311,76.92226098448364,-1
64.19620345982818,94.73842697003977,-18.89576895929281,-58.64072672847871,40.198578797829754,23.035162276648464,23.837692620982324,58.86512365411784,0.4651578660391067,97.04505820946986,1
-9.047131489467787,34.7033573634518,56.90202713551062,-68.56743540165,-88.75501683516136,-24.59602866581878,76.87945527705173,11.562670763014253,-16.552964916130136,81.51885974219255,1
22.36620402064429,63.42042660052297,-40.57656837443162,15.872723465309463,44.9403625831211,-82.86066736858812,14.511634449704275,-47.9032569606904,-32.71914817888772,-58.448622880496345,-1
-81.11622046790382,92.3280984630608,7.471549845375435,36.544235547060595,-9.567849558168561,67.80439166684118,-16.007957554761546,23.66109927261826,-79.81833247082122,-4.298992580210509,1
56.67744399916768,54.49956921926278,-49.29004481361816,-88.29856971011272,-1.5732015205320238,-59.12033126758405,-32.005419393197386,-24.143293910337718,38.887021438176646,-17.983568245466614,1
65.19564254161637,78.04413411091119,34.67831582316617,22.24173056310849,-66.99253389598331,15.934087039507915,91.84285452685202,16.12627023380891,87.11072770542586,-74.33338658351025,1
-21.81880081889706,88.38111745208403,-49.85363479958911,8.589316914368254,25.128413710375554,-68.84339041212675,23.920664083457098,-1.464832181298675,-15.91358805965855,57.42766770700595,1
-91.00063575291513,22.43173178864582,8.244125606578791,50.175555302897976,43.4563234451434,-7.071937899931882,0.5819083804546636,85.63523923444188,12.276159634069401,-0.33358352015626735,1
-83.79075681847041,7.932357780630483,-35.20477868769221,81.51514079265328,-11.927213764240392,63.238212551861324,-57.29936547100485,-38.72655517976271,1.106020382979338,97.3808011503391,1
-85.383687594597,87.37068601820306,64.75952308700684,-10.352230688920699,-9.623501269813602,70.09803771651269,16.562654642485654,-69.36621690409467,94.27823139113198,-79.70242746900007,1
-97.71640330918527,51.493810144620596,-92.96785734227227,-63.40045667958023,-44.754537286945315,-21.447403810484474,84.52024873069576,27.21702889444677,-71.34886198209209,98.29588029988204,1
25.318502218642053,21.893552673324407,58.56890676742438,33.94916148512783,-4.062649075902797,-90.24838024196018,42.80751394562594,-14.229678116632627,99.10655451390878,-18.32024333455105,1
60.56218696490009,40.98222654626721,-94.64588285937442,15.23708250145448,73.40301569440177,-64.81541413394359,57.95538147895675,68.2460191220151,-18.95842770842475,42.14193245174383,-1
11.352578602785954,51.795366370806136,-40.43053032799564,57.795437570458745,4.608266922974465,-15.225051313107102,94.81362327994026,-29.114443395827465,-42.143973254732245,77.84854237734513,-1
-98.19230618414156,81.18879358525291,-14.606760143756148,69.74739851863478,1.5605769597027148,35.19430507825331,93.7927886080889,-74.73892391187718,-69.24645001572716,-40.63978437688092,-1
64.36618931707184,-89.66286401777364,74.52733753823958,-68.85061362931116,65.35954795270919,-68.37010788609561,18.8022993944454,-85.64424186560022,21.151790136120823,-64.48603229389431,-1
-12.173018285956317,-92.19871584743638,-55.0499923645285,-32.06963099660891,-47.912953315299504,23.44437183349237,-47.34483486335272,-79.77154649095502,-57.32261745541911,-55.50936624488636,-1
-81.75877939026194,94.980854562047,20.205175497737997,-56.82672046810229,19.023426164920764,79.07833201602105,-78.54181070161057,29.14444292959456,41.795927941638325,-88.36623843197538,1
87.25612429378532,42.40159223963252,-64.09434150126665,42.77829386562263,1.4727086449127142,-79.15920952810924,-35.31840955840579,-2.067457354984441,-32.99140006702159,-16.635499899655557,1
-43.02541960761543,-95.03655771097017,-77.8841625862681,-12.176845143472107,20.49065263271899,82.3654528086984,77.88879456750024,-73.41740163276273,-64.93799705520856,-97.64880705447996,-1
-16.214910099090417,19.082960324021684,93.2818592246858,13.106375384811514,-18.880757912838718,-86.60208149747402,-32.91707439538183,-33.82261198792689,64.52743062082928,30.956873425512754,1
-2.9810680040919664,-15.510841993824172,38.184114014239015,-30.774291985682424,49.21726456432549,2.6813468020866225,49.66022454464442,55.40739638793906,-34.07343444698432,-41.59161878456554,-1
63.461062442647346,-97.72206638228944,91.98731435977686,32.267861677716525,-61.15137571324845,55.342905025681006,0.49275187614625793,-25.69731933050214,38.70003055516344,26.71267111075943,-1
-7.4930567733704265,-12.39118481892325,67.63184028021735,21.74609651696973,86.19458284856887,58.37929033236162,20.789126025930102,-96.59551516403415,-81.99619562956613,37.46138042011819,-1
-54.41296749161167,82.56016008157235,-85.40633341486246,-61.74136515957856,21.32445036191642,4.48626260999994,72.09014713326869,-44.279404927693776,91.33709853220986,39.21944765736825,-1
77.54083655165996,-51.679744712847395,67.73143089849142,-86.21345957518218,-91.59628174672807,-88.92229308438944,59.11289227835789,-52.27882244318276,-93.49602481356764,-69.27592372581557,-1
88.94725175661594,-2.7884916194638123,88.89757596904872,35.53475495360934,21.461748584255076,97.77582385100268,29.501475969139477,-3.0380204258746204,-43.006160921464385,-83.26512757202597,-1
-53.071583628909295,-32.400243794302,-23.77813479834343,2.9552844000907186,-86.63055603646478,90.40798490916816,98.0205588224268,-37.627343012222546,-69.35369641880345,30.87685682946531,-1
9.139193762605174,17.617249170939544,0.6409340149927942,4.416761832455293,-82.3989499388597,-87.63619139771617,-64.00273719886928,-82.52300009907515,-43.22137179376835,-94.88459579243892,1
-62.672012040463486,-81.34252305560629,-86.0816305207382,95.8751639332909,-13.53984600316079,-70.60019056732925,86.61902445438429,-41.2441106899347,44.79067932885451,-47.60815401647922,-1
94.61563259446658,-73.92966405704165,14.886751459271679,-21.031800046995784,-29.289344625511944,-78.7072392824647,30.74329966643353,84.4733118662601,-72.11110053157353,-85.88676044552805,-1
-50.24164225216459,-95.20491052469366,-95.54992961473381,-47.89099717805243,99.89010459839272,-49.644813554566,-83.29084255675907,-87.4128091195117,-37.381985457944424,-29.04289745630686,-1
-59.246708174462185,37.855864245167425,-72.58806329268374,92.45281560703441,-15.032160378145917,72.91149806043137,84.16495889014107,-28.381974441104603,73.2994217290331,13.528240953956868,-1
48.78925851453539,-65.04374302501324,-54.625896733701175,-87.19998344952262,50.41588750591583,-11.232835039496749,-93.74359384566411,39.8151269779396,45.36225154012746,-83.2096778260359,-1
4.515319867349035,-62.27355071518503,36.592883737737424,-28.952896533899477,-95.90430777512013,45.92964168424379,22.40086783437276,-40.97393643339671,95.04234411212093,77.93488627885816,-1
-14.775752409553846,-33.43632778166561,-59.95581284226679,-99.87767296888259,68.88222978853267,81.22097787099526,75.500434228167,99.72001278993204,14.695341430032684,-38.21292008989563,-1
-48.08471014499016,70.50774817119341,-13.726908722399614,6.872885771875858,83.32467473562252,91.8123553969331,70.93562323227107,-3.1028234129024668,-70.10590816183975,-82.60692689677008,-1
-18.68189252810555,97.19831443413187,-87.3361506055358,-63.99002000664291,11.760166870799253,-48.256879562332244,-40.671741614920734,-59.458088339195236,-4.195788689405873,-82.19166679093576,1
16.0935201987392,74.2667184680565,-39.89464855230081,-36.30073734722428,54.27415577444478,-66.2038821532575,-54.40116395749117,51.605653459083726,-7.163054786521997,-74.42628456729727,1
-62.94462993329199,89.82249137764941,-98.28904597636597,79.02943179434556,64.83583706878869,-52.27481025747893,37.68490827912268,-54.01557351786186,32.85448177762342,82.90583854807656,1
-23.13467056806367,-35.37095654411655,-18.35563548235359,-47.01856130043598,-50.9178815825077,47.91127501986088,8.346085866788286,-50.908344319910135,-66.80129960823407,-6.012773231145573,-1
-46.81430987357624,65.60865715485045,-71.36049922395158,-90.67170981483778,78.02812824032421,59.76891745943496,35.42761611575921,34.460127735505495,87.26363126401694,50.80402525717648,-1
69.47758611427474,83.18860079081048,-33.46909981898976,-82.35313494287311,12.289803462200922,-81.8650698774102,4.112128219092,-81.28244204381892,78.52882191387911,-9.763691260003341,1
62.22475398669417,-39.471931872637086,-64.87689313376671,-74.67577566184539,-20.337988597323346,72.48932529104047,-26.476597038117717,-48.83662333148704,7.457637241178958,61.10603078269418,-1
-93.06545915478672,-42.6678837425954,66.21688147131903,51.06840308682678,-8.786453920540225,94.81282484502981,-81.39017740237415,-14.905693397992621,-23.113886668861056,57.89342243149548,1
21.418807217756154,-25.901712588097155,35.96735195154406,-90.36984216535981,14.614131703386278,52.62934203282717,6.0164268241156265,-18.848443735413497,-96.52480726774861,-60.173815960505664,-1
-31.922579149098866,-54.49322461270734,-33.66194966532288,21.235461156353523,99.22303403858245,54.85825807623203,94.50937608795721,-8.392889134043727,-89.68980420150845,-48.1639902784506,-1
-63.073508530526155,-53.901032529695826,-34.37930483163565,-55.26495758901222,-38.204707842636566,-51.14902206189862,98.01109155496698,38.13882079169326,99.69473690700576,-12.836776201300594,-1
-66.22830732592101,-59.87672577506946,9.255820958056788,-70.76692923763255,-77.39747493060432,89.22738354464846,-80.3290988619709,-25.345670020798465,-37.098598806176916,4.264750920389162,-1
-72.96674216903546,-28.894040569598474,85.43496754719777,-3.689320574548006,79.21133749959694,-94.86302493905796,76.82759265766293,67.58303598385714,53.95674911408048,65.83053201488443,1
-9.342233050394483,3.603069781703951,-32.09421617386134,97.06894373746212,-10.631749106940617,-99.96102753253658,-52.37619973015617,-90.90696242455954,-23.947594797673005,-30.059778286116085,1
-45.27191642784567,-86.58125347402425,-62.21722871326092,-77.76613344923176,2.156323601416176,11.609648249153466,1.3962423232006387,-11.247339698124819,32.52177283391225,-42.01061942744011,-1
78.53434221539496,24.590808836676345,-17.643594502845076,-73.87520662614165,87.11311204044392,-73.73751276428995,56.61856915217817,-97.46432458884743,-63.89281748569224,70.97568319501556,-1
81.85053888739847,-65.81102128648284,-82.19677505322076,9.201350306717487,3.5843467282883523,-28.86428719380349,-78.68134829915614,56.193128648533786,-61.151665320257734,-6.322128079467191,-1
23.17001961044329,7.508028728069263,-13.078469226549316,66.76186177457234,13.714430628042834,-42.1465854327935,-41.48236755194363,66.32507115390766,-55.58947636507951,-81.88877757786037,1
-28.284307695025362,-97.27203083282379,3.3306978522485764,68.45641974964315,11.651926249719864,42.37004457526123,-92.61750891561348,19.638496369554474,-43.84991965404017,45.697270988245975,1
-79.62137982541265,-61.78962625826343,-89.09548822434405,90.16820684582228,40.88636412951908,-55.5848600112141,10.486033394291766,95.48964605323621,21.588574202988426,-55.797802195621585,-1
-44.63444055298969,89.00341884969879,50.22967356451653,-30.134592804817757,-87.46087222272318,-27.233338431971305,48.24276194098735,-61.39305497749659,-52.15680289821769,62.59964772151295,1
-5.157156668507241,-47.46090459961294,13.29332119592685,1.067064195428685,63.64760563838598,-72.74218448762602,79.03839990343272,-16.27757174208999,-38.58261379509036,-84.13837353565674,-1
45.772288453989376,88.81895718607291,52.91274361142041,-56.44747629019644,24.19328555343172,54.82142407520817,22.526441557859684,22.65667414343902,29.94973975421965,36.82997935829104,1
68.40665887528425,58.82691234645446,64.22472522354488,-42.008335639242645,19.458199912241227,20.668125900445332,-36.678814868931056,97.95950403232925,-7.895592640584795,-47.55062322242991,1
-18.483158285236613,33.75065088996274,68.01543193754483,86.87513592808415,-34.9344346471717,85.3606732879571,-2.8560412932483246,54.92014927775671,3.2663151494382276,-94.9617371456177,1
80.87195499877146,19.872710347653125,-45.55049272590574,0.6808217688923293,1.7349264179876656,-26.436749783792806,-79.48551225607065,84.19449384223049,-34.61081152143434,15.803070273321467,1
1.5610127917558287,-63.30842304822699,-34.90620226467547,-39.679286740567086,-77.70757208329664,-85.9366814564492,83.6017189641268,79.11842370026824,-57.16313351426603,-14.18714630176052,-1
41.00818127071855,-24.722492453104934,57.39801667696506,37.895918745719484,-27.801048241506578,-50.15269109423666,88.77976198963293,-8.356349002472797,-41.41462806338401,40.685110489644416,-1
-94.56651575488803,-32.878151151819736,16.18277964925568,-8.457189700353496,78.45597717129635,93.47510639563956,69.22393983798881,-34.28438443991962,-61.93059414131099,62.75999556379108,-1
99.30526175972383,47.12853200227306,-51.32950119328026,43.25886609736767,-31.61395648031555,-6.348775085188791,0.6553439772526133,-91.0757850218544,-5.535638455229105,98.54126212086629,1
21.962552309623405,62.37233996651682,-81.42810541129575,38.04666668290463,-71.12708822606513,-6.915117251624551,82.04947504899388,38.57317390705782,53.06601455860692,-60.82708809963726,1
51.054084099361575,-17.880260552346684,-79.96613475253403,95.31746784007686,96.79471163647477,-46.80392172132135,-61.20676970328604,-92.9609699349671,-44.652941045249975,-90.33023369756401,-1
-24.934018416079624,61.49558713038178,58.58045566592716,86.32149902953222,80.91820317063366,22.230898045260105,-52.250997932416745,98.50001835226792,-54.983423284827836,-57.00879627787208,1
20.130213309671177,75.00173994879404,-21.849930458181348,-18.26480424156057,14.418921345634715,-87.59582591023224,-88.55630245893687,-30.40173693776312,-73.39383522940281,82.92268983628844,1
-0.748249423527696,79.02000581324887,-52.475756487915916,-70.36445393410526,-19.040918827652348,90.4790348127903,62.913413066852996,91.99316274241284,30.873073115317652,-85.41852205549223,-1
-77.87928022536784,-93.40461126348131,18.735014879580362,-25.260566052755394,-51.84013801237231,63.25407948629794,84.64317707882347,-92.06182853003797,-63.13336425566312,-73.70636625410091,-1
35.205257610509506,14.132915796157803,34.888214273373706,80.24174716832249,-71.57072590869664,45.97733290454937,-17.662475097194545,35.73404002248725,0.6986171145968001,-28.456056092476018,1
-65.24768137285125,-79.20812481752208,-2.511905248042325,-8.854519863950742,43.30981360465839,-86.03260937808608,39.6519726612413,-24.815328509488026,-87.71897119049305,47.85728111524415,-1
90.29814203535744,73.47092782307158,40.668190903786495,-6.5282630762161915,25.642015433249554,-75.43393021605985,74.41076522133622,59.5504900191801,95.12632303018043,88.63254418169896,1
-76.17186560079037,20.92254270104432,-96.30681902135281,-0.06187942277593095,-77.22599947892704,29.335337798801135,-15.189109659210516,-71.53359477379661,54.70523927518306,-99.67889300810084,-1
-96.75992053210656,90.11879318622488,69.44189751467772,99.01035065500113,89.53145339381908,-63.583813349949025,90.71958716299062,77.44234454637072,-21.143015616879993,-15.40486023793106,1
-35.09763996493159,-10.533514666762443,-67.1472672558752,88.33896630033189,-52.627858111928205,1.5689706448317224,-84.45736039032158,85.75145757764727,88.36413143247484,57.76937982632319,1
83.49716862639804,-50.55878525222464,31.33139132456904,-76.4472015446763,97.35798911401659,-60.104862977868656,69.699803745504,-69.64767721736496,-62.01682940566777,11.60696072806661,-1
-82.97930277604293,91.18375999240885,-6.60170921963703,43.45983033750687,17.180847125508777,-52.20669328228071,78.57442795042186,-37.82748285347564,74.45347672063093,51.70723590806051,1
52.96196018059908,-85.4527476445607,30.697786411649503,-1.717249075423652,-40.60580852968594,60.92234020506817,68.45070568729514,47.02850706942479,17.14439948166799,64.4408301697604,-1
-19.859166633106668,-74.05874840199462,-83.6062444813019,-74.97676807010289,-78.61278730085121,40.2785532572145,42.00667316102599,-34.82404788898292,41.79220725956702,20.013992331590757,-1
-87.19873067827581,-23.00825547248857,-75.10022034641044,-97.3755748876733,-3.8265082727548645,45.07508266491496,12.828117377373658,-48.44658487897566,66.06198831699308,-14.011840561036053,-1
86.35074388656327,-91.88285757306099,82.08221791562323,65.8850808372664,-23.722467385286834,92.11254032513503,37.92346315689417,11.727411087012158,-25.294750986509598,-18.050956100083624,-1
-72.23456547011797,-37.66941666907022,55.35365427001457,31.358800926006353,7.089799929486887,82.31863471148898,-69.35360599335465,-79.85808396210396,-90.10936313152766,48.71036396461804,-1
63.56684323500431,18.498695835281012,20.68351569445666,-25.515260764998587,-10.177911826949511,94.22074879783185,25.175194537314823,86.10520014166661,-59.96918328623546,-11.497329277088525,-1
38.47086123088283,-32.40600415190424,-62.56427820230195,1.279340930491827,69.32641065861355,-25.179021775583593,88.84072294433201,-67.78027047071562,71.98977970367758,-0.9619550566362278,-1
1.4119293477436514,9.680187348382347,28.84828016519637,85.30910828712547,-42.67688831005447,-59.29305641591451,-85.95368706778443,-28.169361739311768,78.37017588377338,-31.82069298341841,1
-37.56205268617412,-20.622404355016215,11.140708144060255,-85.82289883817478,57.93890254739756,69.89360519709498,40.58724537580892,26.969546837914194,-18.24967485776341,67.21797058372286,-1
54.554283933015824,-64.76111876715049,68.73367508388819,23.610161667074465,19.564275717580344,-16.883059851078855,-70.11644461774584,32.696913021792284,-32.931904386341685,43.14662273721049,1
-30.348906595339926,94.88786212769506,18.05981435111991,-9.365317621223525,-37.14598035581549,47.05920960410225,48.68721835552583,78.04886248968265,-16.231804992375757,-97.36398273881643,1
-64.95564557883453,-60.662288353757376,-56.50312922740439,9.543141635847178,25.809398717410076,-75.87823532961676,12.000832251049815,-33.623335801286785,2.6401209093510403,-76.11654548447228,-1
93.98287956292063,29.28147504561781,74.71192045452256,-27.212223319191423,-73.50864182662431,-58.65293887168524,41.386405960464714,69.79840904758336,33.36313500313889,-89.1603542235465,1
29.929329798473702,55.17301304055738,58.9104588843411,19.063909156579,-61.10355385390793,56.0052129147779,58.835992975726214,71.5527405844916,47.5689420873575,-6.789285129374662,1
58.00608726141229,-73.65809295872899,-92.62134221784638,22.87632795135073,-29.737215835628845,93.42326550204956,94.44458828786969,51.11811617421492,-49.93820233085731,-33.129711769085276,-1
84.87923907530609,71.23072439893207,81.37456636381054,-77.91137461176979,4.841543789539756,-94.60904804037375,26.274815993821775,-39.43556976509734,44.54094252139157,12.721237227205862,1
-33.152336260787834,73.43043020022441,-74.21253891603656,-92.85781019437138,63.29205068656694,-50.05671727299947,99.68924531457014,93.26525264145374,15.630588228259754,-24.823171891761405,-1
65.16335011295254,-69.0427930307776,-49.56096771441636,8.40839691078979,-86.95346774650264,8.854378860165141,-53.368400292679105,97.63831190074217,43.63499640050972,-29.19069096327101,1
12.814805766703557,-76.30765898110363,-83.2194916343604,-28.847857001139474,-17.33154717023693,41.976289321734015,-35.32048472934977,24.557889500634673,30.630779036777227,-56.313875070213506,-1
63.60295318449863,9.281414842426415,-1.3929756919590375,28.069469259547418,39.06162161870614,84.17231303630874,53.19832793838768,43.71246259696525,-74.4533436146092,-94.11898456390946,-1
-76.62039185832718,-51.277041603561145,-14.711238857139364,-8.636734758736026,79.07230857051701,79.02619396309257,-92.12492612940244,37.32976961340677,-70.24313325245797,-15.781143169716088,-1
81.84042724129742,19.206032189960226,-10.655688802025281,55.099150327215625,19.76847511449374,-63.126623165691534,65.80437833308383,82.03947615931045,-77.66006690752681,-62.006961061944274,-1
13.156310968199264,17.09718766300712,-64.12932814708962,-78.31127644974762,-44.70192086302425,-69.14227702838062,68.55455188509438,-59.156914469698464,63.919229353724006,68.83043391508826,-1
-97.38110868233328,-16.523411639905333,70.92151254667425,15.291971291846778,-92.3814576820943,68.86344828126468,45.2028708629808,-28.361756949483194,18.1111200820679,-54.4435230702331,-1
2.149460515513141,70.40968316093858,36.36660640657175,-31.523646798162332,33.67266945708843,-80.34695883733593,-63.43958394214384,-81.19116409977892,94.2758430516021,2.477447019004586,1
-33.04219162186416,61.2033009206138,38.042155339893554,98.91311364171534,48.49921210147298,-53.458958212175276,-29.620997683159047,-63.91379310198859,-18.241065398383796,64.18437457472112,1
-21.63782107656567,-92.79252450016251,-78.8834574191144,94.19842970476282,28.377515429695848,63.57208080161013,81.7527266079239,-27.046393636408837,-20.098184452612827,-76.11637867980232,-1
78.105456147979,-45.1574221751706,-85.16817884519385,87.83948656515241,67.56311816202259,80.63678298262795,-56.342822045851705,-45.69469648378019,29.2947128243882,2.032556515630006,-1
-3.239492027870554,63.03604639397781,4.8144893013408705,-85.06411343665808,-11.8255257009845,63.72843770768657,-56.290183749842406,-8.62166371777073,80.37260222467316,-38.79688105239254,1
2.341489422940171,-84.88910124744609,84.84754016282659,41.53087662362401,85.93729049283016,-22.687105661440924,-95.75838987371694,-23.624601077299914,33.78119973745547,7.646684202988169,1
42.42740917612099,-73.04284301651238,-18.10074433088964,-77.9511026638867,-66.7481143397207,-16.26148502198987,63.406605444067196,-23.229940960378272,16.62176688464993,36.5100985592413,-1
8.380189475671628,-65.52272757896675,-72.4202356539332,-99.93396814810471,-3.7711280408049106,-59.358481347913774,-91.61058538715857,90.04272147890535,58.36216609939737,-13.71665475838671,1
30.549221570374954,13.170357482134378,-88.90321158641788,37.521020198758634,84.43896772687413,-40.80140356685427,72.08332231626912,-4.223729563487979,-1.1693552803808416,7.21345337772506,-1
-63.635006558579875,-60.70260660875777,0.6418833503086177,73.46910094042249,-31.60283894240301,-89.17690643927011,-25.129621844762994,-66.63593281679854,-67.37297708483896,-30.84412618154188,1
-81.58660278350492,-48.5762992002611,-42.356483408826605,78.40511380599469,9.537144605828814,-75.47000869501115,-14.17248180894417,90.11529057977108,-62.288179559934534,-67.82092878916887,1
-59.94359642647482,36.29212250343426,30.75990186672334,-26.62086762692499,94.19733038072138,-18.324063873704844,-52.407966443140964,59.32842389035764,35.880988599392424,-85.85664309224623,1
28.96652080446276,53.95446147711712,-85.63849091090616,-96.25505724112186,94.0203528663123,36.55248239519423,-79.77712476278118,49.63475859561771,-16.58816528572129,-61.409079870362326,-1
52.90555893094353,66.5787189774459,-96.69211014202467,-45.19506119230283,-78.09267900452575,-71.54020064826143,-77.81519217873058,-5.063941834984249,-69.7729481167597,18.07561291475139,1
-78.82513635737413,-97.4487040585139,44.759046034957095,49.15954068374484,58.228993108414386,9.53680125306866,-37.52233190093692,87.02324823787785,-61.442921088178636,-13.427692767513761,-1
-87.54164037398746,-82.0695537528642,-17.901377091731646,62.88471341583039,1.1681724918118022,3.655952489838569,76.69298702241855,-84.95488219177538,10.239449026140818,34.646879499048225,-1
74.36870554904641,-72.78875311367142,32.544484673635566,-49.458428058175016,99.36428997923653,99.48054138860684,23.826374009422807,-3.6574492244491523,-53.75231288016287,-71.79237637716815,-1
-98.00424466831012,-78.40751037783289,-34.635938749653576,-17.123366128744678,-88.35130944570575,-51.55647126728151,-88.88298017158237,94.82298354770654,-3.2756174022634497,39.73005104439568,1
26.680170863345154,-8.131268881208726,5.954983051359704,-77.85137596176288,-9.565408881911793,28.631520611803438,85.86305190949346,62.26724477206767,-70.2991741956159,87.44323476888579,-1
79.67729331680698,-32.206014765435725,39.427962789156624,64.42897591407461,11.549028088579178,60.14241184369695,23.07847693721466,-13.822476289570943,-44.006361792292026,-27.74645582066462,-1
32.70471878269046,-70.09013628861109,98.56289245110773,-99.21478860214692,-87.36439000923613,25.442383809070492,46.88663774959787,6.178324903615433,-49.429880064589014,51.92512687862495,-1
8.05988135229994,86.52914346823354,76.11648862419332,-40.69565592177078,15.640921135319232,-41.78254700115394,18.90633377055009,-95.93371140531384,27.990917669903155,30.514109746780804,1
-11.847450612354365,-15.462676068514853,1.300240207385059,-48.69347647780431,91.86703365678372,-75.13268531210696,-86.74328558210946,55.75022485752524,-56.418275658820626,-5.284295932820243,1
22.04502989552826,-52.01021925527374,92.00253145054373,9.66639970595915,-17.15114969579932,71.5839096920813,25.87011820550906,75.92124041223622,38.43367874430223,66.96628621903105,1
70.7569843409334,88.95001604204236,8.540249451329004,-52.80488457610972,-41.05354484466173,20.0931626352492,44.019799125137524,-47.057887210623136,-36.3603172429356,-60.874070259321456,-1
55.96907903022873,12.318901542438837,20.043722212393874,15.074012965143368,-90.14424999418208,41.790184866831396,-2.478447988968682,-50.66875194286404,-19.581546951723496,-38.788170869219684,-1
54.182440749164385,-96.6061741369067,18.43803608584365,74.02860111034744,61.10537248100667,-22.691549965439876,93.73147555775526,5.091634712907563,-96.47777532741031,-67.02231552749745,-1
3.5921055425157817,-26.64958471481198,-66.47714877067412,46.898480122210174,9.763066032642584,26.997417972488137,-75.2601882546867,-37.42419577083456,90.48893109850619,-57.52685354500253,-1
-42.87480228755138,-7.264838845364395,-6.318090995128259,-99.80020154661146,-74.87180457808071,-27.79558728227225,58.007262795254775,70.48606653772222,50.56751752034455,62.126878301790214,1
10.132675888170311,-87.10186390883075,75.17714427339027,95.21903582229771,94.44293018925399,-11.844469490721465,-25.718333827472833,-94.00187244796004,-17.140727281220578,6.747194857950859,-1
-10.716096719683563,17.762054031244645,5.459826625758794,93.13778331207385,75.10957449308614,68.60703292769804,1.7217895273332147,-43.646826300547836,48.422271722776486,-91.62473008150485,-1
35.27221357454482,92.35249566909377,45.847101893672146,19.173210705719313,26.91335986899884,87.71841267638624,-16.526143608406656,-95.56947345022007,97.98878487007187,-71.51771604418605,-1
-73.08474657917844,-60.325492030459735,41.037795783470926,43.30543524428094,82.47061739782765,32.09389247375674,-60.465312356820974,21.578785796658593,-5.330404265356876,-75.0526937114083,-1
-60.95187940870159,75.77622918257043,-99.29906729378834,-50.85898150306487,-35.85918132728614,26.601558506407656,54.648500655763,25.601835783143855,93.62396030548612,3.87580461456929,1
53.79748303610211,-67.3291100513687,19.37137215689819,-47.297709870219016,-15.264718076430484,16.49501351082128,92.55573753703328,-53.56615706267818,21.399938529158675,62.8964098698703,-1
-59.73757843551335,-23.293097513204614,-51.03820771757333,21.89231720215288,-95.6117064804872,-62.39656928928443,63.22372732373927,27.898535001096008,-5.155770999453807,16.198021549894378,1
63.189387793723455,86.2980773837852,77.8609447656437,-96.57558284056762,-94.16183190110638,-40.30739265090464,93.87405820369324,99.81651717438965,-89.46183488929069,-46.43881023606795,1
34.31463911855991,-90.13820257803506,73.0858810165372,-51.25657356649476,-93.14297288135924,83.93233141750045,82.3310678327586,-10.659632411159947,94.6678532393183,92.01515921886585,-1
-0.22086709281161632,-49.301249348561925,58.45014003280363,-5.681065544641257,-5.7865044509718615,-42.421845180957504,-72.60926216202805,39.424109490424,81.32330200199155,-33.437679163701645,1
19.712598643552,-30.452432888136883,-8.697648655641956,-81.75152117725581,-86.79873283766642,51.37595049613597,-8.088318844568093,6.083438322223117,-64.39829810588029,28.786336378637714,-1
7.11076297593452,-70.14639746615055,69.82732723222443,-77.41468174222499,23.61453594433236,-18.390533813093285,98.65759514545132,-38.092385582332454,-81.23236932982564,-78.09765095254784,-1
-96.3779632358319,0.5751040131169844,-65.32536864849837,-68.5635056783253,44.18650966838226,-31.7220556038085,46.72105872871447,-87.74479203331104,84.1299857655344,22.7875091387546,-1
95.8303110201231,1.0056092297533894,-35.08961879350005,-62.25203086029853,-32.09881854563123,87.39379008677219,57.73979791069442,99.6947750948882,-85.34672619556753,-15.541573663239475,-1
86.77500350558097,1.023111148801263,6.049505273248542,-31.003430860824338,8.562179129621867,60.22774165975298,-82.70873698095525,-11.999574424849754,-89.14872690368472,92.40319539735876,1
-18.491393793513836,-49.48279866305516,35.97457478943497,-1.1799168483121178,-10.568608645648283,11.745453745151877,9.045977193877803,-44.219589855635675,2.431496282333029,97.10116296731016,-1
-81.94204598911834,-70.40833317811882,83.0953762436663,-40.28224874234147,-26.63798104890624,43.795749435379946,14.669124295120682,24.929811803651432,68.51311550038074,29.40768100341552,1
56.75196849682146,78.8182738515691,95.4365813189992,-87.58978947291345,30.225148990464902,-32.56699742862163,-11.536228727524971,27.449119897419976,-97.78504355625455,-64.04814729460735,1
-94.83761861010261,32.37206244300111,-7.146715942812065,36.641661909517296,3.4592991780146463,-84.41457342377596,-33.109036956988376,-91.50531501055161,-41.19976035791557,77.42185500209646,1
-99.70523558273771,-17.417762082157353,93.52941854656174,-96.28889218602792,-32.53643479806519,-23.912839421603607,40.94799814216617,-90.98973836685649,-30.193586198796936,43.494953465691,-1
49.87388732899137,-53.194364938625085,-22.32136392322262,0.4256191571249843,44.297081887309844,25.812280938535565,56.205282061648234,50.30678224094234,73.24974617698581,-15.74606480211942,-1
65.46042994744917,-99.12808400868391,76.44248236346269,-81.97934405655434,-11.449142849876353,-74.09477464915659,9.663266618604595,-89.74262413146951,26.193900437134275,-86.39253783131127,-1
-71.83941022146479,-39.75374104121836,-62.687228073068056,69.02112819605236,22.3294665475197,64.76530236265805,-18.439397380674933,44.54463008178729,-21.334590293543926,14.083076241622422,-1
-59.50388796695252,-89.53056431373739,51.26635729603183,93.28696201686392,30.57461859403196,17.078442207328862,-62.835924896182945,27.443823361583526,76.80357195803666,-27.473448294293505,1
-48.35112234020833,-12.173867839029896,64.74485722739746,50.2614591304353,43.6784803567692,99.62602318476505,42.458877513297836,-23.148073986386123,-16.57762795808509,-21.215618261065643,-1
-91.60975531367275,-60.55146676659664,-32.05709123278314,17.47092622759787,4.648847861811362,-74.64103113266466,56.64267687327779,86.11497791515652,-12.032053813722229,27.93955598566076,1
74.11568500920137,-63.47497394937977,75.0658165275816,-52.66892410405723,-34.71011164972613,-22.81409261374783,-2.4945157558579325,11.11949058199366,-52.43630032531901,79.68520060559788,1
40.60379177903556,-84.056985362543,29.818348107709625,-45.26089680673022,-64.39681055569474,90.25295979674516,80.78581056921766,-37.998207086015825,51.945371882536676,-34.10614039061046,-1
49.63678240976927,-9.103453408928658,-46.68997590914261,-88.92417317040841,3.466899695899045,-15.104699630210106,-24.34667566901578,76.4732689744128,-20.401442491512853,49.77912910232166,1
51.74306423278415,-2.725579834970489,-37.99672883563021,-58.382557029977946,64.12445085663072,38.9578204735335,83.91585527180854,75.32536632275074,40.420217093805235,15.22781899011403,-1
-76.12379773236064,79.50176702167079,-64.44033228695025,-90.6372085531545,45.39326889220797,49.56484223699326,-7.284674552265599,52.90538713638878,-36.10969965745014,-54.76128526655359,-1
93.40705505122924,56.40036511878827,81.62641131212615,-4.129542156833338,59.2799977541292,8.793927159541099,21.48671179400708,84.89445504875556,-95.28662778386798,48.967518774079,1
59.88317579379586,-97.34375930828398,32.10648308729722,21.702468505069334,39.560616981055716,68.7128584282618,-60.87684569999578,81.1498347882717,53.34627812346673,2.2698155481614606,-1
1.4823877435617732,93.37311005867872,22.896201640596473,16.80773156532436,-13.503322360111582,38.99579172106607,-28.094199124494352,81.7717369462666,-1.3236272070904533,-94.10447928215953,1
28.40632923085755,-39.10191512919392,4.253550764813156,27.379794433096066,-87.99273739952827,-1.0629702366836256,81.97079067962915,62.95690679291326,57.6077948895628,-58.67379412662845,-1
73.45884019196046,89.23737879825225,70.85353853150613,77.4814947937927,-45.781011384023394,7.639715664365141,-78.58523005693303,-46.744892014706664,57.72212555106472,-80.91481587148465,1
36.30054444478586,81.39710368764875,-76.76384499762182,9.936851170647245,80.10309849262734,-32.88275796236324,-11.493044374105835,-52.30917674691009,56.661397596190255,-45.88385745493086,-1
-78.63985919952728,-49.42900424748824,-8.879492499667577,-76.85734008620608,-49.706805901784826,81.8445514208293,-2.0946626626638647,13.848700759751466,51.55383366043259,58.35975399097438,-1
-87.78440802902725,75.42409353245759,85.81527205136473,9.261914275859809,-41.2506396748878,-78.38614094377125,24.962097804910115,-38.30165660296954,7.602962137313355,-55.5507355627697,1
74.38261225610111,22.189305140530635,-86.05845070620776,27.010214040497843,-33.23608628947976,63.40925088063395,30.572412956082417,23.77511054920558,57.77746566912765,95.33308643748165,-1
-84.3087237315468,23.013950802939604,-43.74799592390508,39.74538474077582,-49.50614049574409,-72.79471502447944,60.37599039100016,-93.89944451613692,88.96263851515823,-74.4618555753612,-1
16.19007597763587,-60.18353743440845,-78.41885655540477,88.14934461553321,80.04330047612129,-67.06501589659584,-69.09239926140933,-71.27471342357777,32.20807537085088,-47.96107183870602,-1
59.28811230469546,-18.13101582352148,-9.598342402583768,65.32742955420113,-95.15248116716543,-36.73643259786643,35.22165837316712,75.35298149707458,-15.657359605596398,-19.736057910299536,1
-40.738375908801984,89.85623435119675,-46.46664804611147,-46.44966689209167,-73.42765031449501,24.827631655620365,-24.9903842089509,11.189031304729795,98.9985250609476,-97.59303693515452,1
28.095208435168786,-66.28019031319263,-31.022165165363333,57.52022929232888,-35.64061828247824,-56.049551241482234,-98.78081900362609,55.331088447460985,50.34310070705149,-90.56523512112769,1
73.92993696243425,-4.675167898274225,-62.88395264328892,-3.5821310951040175,0.5442617909448018,17.57128319978814,42.06884770374947,-59.26933312701033,-30.771414713141553,-16.264372863340853,-1
89.99223679004507,-28.688215764622257,63.832900019245955,-86.03673970288762,-12.652664441071806,86.92534650551568,-3.8034880833296256,-50.46821979417979,80.25824751876826,-99.2983300893128,-1
47.57390371230602,68.08855010920402,-70.11361957159619,86.1407986384948,22.2672693905906,76.63137773241084,43.30772744181351,-54.86250972389426,38.578620789425145,-84.34180977234304,-1
-39.04978092277334,22.33113512920282,-11.425898778821903,-23.632180687774664,88.83018184656345,67.32745444298459,78.04462269243723,36.753393572896584,-88.19388463246933,36.90256984043694,-1
-74.96284155948992,-96.3837815588629,80.34833520812842,-52.81982666034233,7.591926328819795,31.052252460151834,-15.833359254786544,82.44869419484013,38.179777445526184,72.4697498898314,1
-60.06524356832805,-48.21914504137208,82.44592439991999,-39.15909637299926,-70.18204625425668,-10.960070745873125,-57.19981965765517,-90.07521316410651,-47.77825182843822,-85.70889504700996,-1
61.01806369913254,55.67438090909823,33.6518874416349,-0.9815100013687754,67.92109019810329,-32.75476138303688,-44.69033001201432,12.000508127745846,70.21500086434409,-45.91261476395192,1
-4.904856953453262,-50.140929999077734,-25.777667244682377,38.23542891548459,-65.38761015985901,-14.457976506242403,-65.0444992273502,16.37017681889317,65.25328549579817,50.30977833250944,1
83.9711232825521,-27.756788204837648,1.246207218176039,-45.337528269256076,-39.47887581825924,8.318155654654873,-22.674226470123187,86.01123891770172,-87.42029017984783,12.64279132742847,1
-78.81883911924848,17.038957078570775,30.712145109038573,-23.91110964680776,18.58106828105268,-34.77769743147579,-73.72686446810806,32.03762603627209,-89.67272247475624,-66.87153802649809,1
-40.38675976599917,2.8061638951738956,-57.86241659393971,21.371940720589492,41.726139594196695,79.72715093455514,17.129265418092785,-18.85809422352949,-69.66149256430978,7.8259857901672945,-1
-4.789919560180067,65.10696830408313,-61.076149135086965,43.77559607882702,0.8744986278304481,89.75615489983727,-60.9696062850162,82.6053818793786,-92.46322261002237,-72.81177790202307,1
44.490423052301054,-98.5293910891146,16.123952096470745,-8.437269983075012,-97.13850204115306,0.14892164050574763,-89.64652381158697,-12.529859007354432,11.10059030636262,80.81067115322332,1
87.81369589005831,3.424177622666093,-36.34469077610392,-35.43244445373803,61.72085043476696,-98.81649228046159,35.128927175476804,-45.530330508992044,59.280133126422385,98.009308070283,-1
-1.534903999763614,-84.33235644759867,98.43434288968189,2.9975709455665793,42.10583452999242,63.89335029888434,36.43570521326808,11.876434802904015,56.56452590290334,-86.78524189776901,-1
-20.691443535745975,64.36786455058049,-40.63995898963222,75.6671211775174,-97.39494393741512,-57.883221183471115,45.29028869368727,-86.91149953498922,-98.02581359215449,50.521614513860584,1
60.882811935494686,13.01445660733873,-22.483666512633377,-34.19747724321347,3.650462282641982,66.55666283769764,-69.01761192650685,-16.921973887304944,-88.98582834140518,37.42621165629424,-1
1.228372568048826,-39.44647847651499,-30.883825330260507,15.357941699447267,-27.359411044669017,-54.7776178731483,-79.46940359763792,-50.50393481177879,-73.26104148356931,-94.23452896550137,-1
-29.85763690965797,-1.4034579083821939,-30.72729937830114,52.362619375172756,10.192444283744834,-56.09379603687612,98.51239173309082,45.92537130200586,34.85373792286333,48.150479405714606,1
0.07188924311212475,28.5666781631476,-96.15365930864796,-54.92751493593524,39.56396861726205,-82.7963624872639,-77.9766512513056,14.469836487652785,-78.71424545702111,-40.74711931026478,1
-37.480395018339976,-32.552449832831584,-32.942336584105874,-61.39225174124449,79.90055202630927,32.46611046080457,86.81219987234593,-37.08566786058087,-69.255630734175,92.54812639329509,-1
-42.261252645860026,-3.2245470871481814,78.29101291127444,33.50965446686743,85.28277571673954,-88.47532366316764,-78.04415170836569,42.76203946880145,8.02901249682084,10.580165138944707,1
79.47946366431725,71.53119764836546,30.176697024773915,75.4077258086609,-34.50259822537383,90.45509006931664,-13.119285576193235,50.80678182483206,-61.31633239230825,24.48904020074562,1
56.264371149461,19.88610840552434,-50.29279959743273,-90.7933727716563,-16.1483803148772,-58.54586679630951,38.4026781137824,82.3572046978467,-52.28583487780676,-41.220702866542844,1
-60.90839992632002,21.28195534876008,21.000612267606613,-27.434255054625282,-85.62242171897547,15.998351407023435,35.59215052308261,-77.20534957259817,-26.274978183667244,4.541907750089152,-1
-89.23389501830819,37.59256802374179,-13.25458747079675,39.272253383294526,21.975425461621185,80.11771357395762,5.493678012784528,-93.24556527154537,11.319042562142513,-57.61747080398347,-1
-68.84534788396597,99.10328971806496,-14.4597658361523,94.27925339789965,54.51042685324052,-20.348475980668738,13.559399382581901,-51.78197009252905,1.280145919544168,60.659094763072574,1
96.79552959196565,56.136414937572454,-46.58781195212796,-83.28355559992886,-78.04442098852161,29.622081775258295,87.40587888166556,34.81595794454145,19.407479518896125,-26.30929885455977,-1
36.223570792996554,77.6544393023012,1.2743347090290627,-23.471768986885706,-92.18876423671219,86.42039199487289,57.861758049322646,56.50140353718058,-0.2712498220747648,-30.22296799356326,1
-21.08553693621525,95.54256256509998,-0.412389320878745,-48.124000955763876,-24.426801687655583,62.62895820290379,-35.80427880325503,51.10161530505914,-90.36640632970338,-21.629793512006245,1
-83.97703072306497,-27.64633761548683,-78.36792955296357,25.73686668492097,10.482093373601728,-76.34022199185571,67.58340123769005,29.91023679829317,-78.508730772673,91.08429252878295,-1
-3.2279562271377245,-25.398580024287853,-67.89691694386175,-78.68742325178965,45.18448739920106,29.789869758897396,34.040636311280366,30.25428072500594,-0.6209276876247429,27.52974000434338,-1
35.51287236845647,-14.89886814563144,3.7779063302162825,-66.1504805114211,97.7543961390254,-33.46294052487188,78.12336625336243,-96.832797790775,-84.54139229718302,-12.282489567488895,-1
-44.81546112389063,52.65703804063182,-75.8523294582027,-78.4271323111515,-48.23393798614391,-11.074747277584464,-68.74194380363177,6.043738573448337,-34.14658590570522,45.71224444988121,1
43.80918103684911,81.55224873003573,-70.09827209586078,8.974656857147039,43.1917808278794,-86.83539641237121,-53.40974767527369,70.43551829232771,33.465232658761266,30.64367067756598,1
87.66314573026321,-48.347128422567295,-97.67467974292667,66.15217336264533,-22.759415090823794,-27.996208356984752,47.078020107147864,56.589624546910045,-97.21609926653755,-23.88954599898456,-1
40.429219236365896,-33.409950607525346,45.15177509065512,-41.89935056027618,32.32229930167847,98.63140764510706,-40.93155954621865,49.13336743120968,-96.99605438519725,-21.23789061094483,-1
-62.77282044933041,-91.04632226230262,-58.94849405274598,-16.15261170052797,98.69598686672543,11.17493836534291,-39.20441817010545,64.53565363797838,-99.03146424734399,29.221776894331924,-1
-7.203660366622529,46.447582818457505,-83.04810534493564,86.97928970351481,-9.514622706658884,77.89846914281767,-82.30242729344937,99.09304770211841,41.02644313165774,10.370438607512455,1
-20.133483960155488,-24.0198955354592,66.22779288707653,-55.870811064208596,-72.19316823632448,32.82177809660578,68.16966591783705,-10.252941127424876,-61.01655445114946,-34.37602853435028,-1
-67.39293261368181,27.409510700725505,85.24282107971374,28.24299804700493,68.72196582748836,57.475720718019915,5.420203829342697,-30.89264846086401,-73.6558582269112,-62.32081080058445,-1
50.7923807193568,-8.73663588980753,23.377156652163222,50.15793498970163,-3.775195326057016,-85.84526597193891,-47.72383292472735,91.59916421124555,9.749393901572702,23.361660248996955,1
-54.24036690167551,53.319188942410335,-36.07637489838575,16.60129660091026,30.413163937055543,83.09572057394294,-3.4785838815322165,70.18471508085713,80.58064733055744,-36.67433478611335,1
-43.79910021825728,-88.9686818796429,-88.0947606256355,79.76221860548432,-94.58326903435845,24.46305047736827,-49.351342241764186,19.43866202267543,94.27891596987439,-35.20147240556277,1
-34.651491593991835,-58.54349549005289,13.763746353298984,-51.935446301626634,-53.59875974363857,-82.31077061218244,50.393166678642075,91.88903163580119,-77.35292289654492,-41.13896981778027,1
3.6659304727473483,-89.07793935730619,88.4668989870074,-6.7992971293974165,85.45246515872748,16.004960463393942,-13.397870881920085,-35.502625638981144,-43.9807509477087,-29.157285625036963,-1
-55.46478417538301,33.52034271664701,96.06441454556517,41.79502918786778,56.27731394474009,-98.35992503865567,-88.97265296774552,14.815203169492008,-71.59304148734938,-27.3486532434777,1
-88.59461719927613,16.60372948882727,-95.2387913483314,90.07685887582352,8.971051423860388,-88.06340030808416,-94.60602433989452,60.38373614358875,95.98770925716025,-74.65392947024903,1
86.18973910139556,-61.75157418477573,-79.86127977923938,97.70493346518433,-93.53961741693031,25.05260550866683,79.0436973445195,11.794440184971293,81.04102636351254,-15.77490537629231,-1
-20.60369658514331,-73.00430278567158,-25.62797693338112,-56.8997688332469,93.74749777894928,77.37605702420814,-76.21173462923267,11.415165916857688,-27.880593369484956,18.036864078993958,-1
-31.18167643011158,-21.32943225044764,61.43595404049822,-91.4510786950782,-43.35018754452511,34.86514488621023,-37.90390523804719,45.762939476254644,97.74308220548039,-97.11280419313586,1
85.76159213757705,56.58683454797344,35.34733973597733,-12.595184780265427,-74.90838209180362,-73.14440662760333,88.11225749452723,50.23067363461976,56.575863237752486,-56.55578897428135,1
61.086465859997276,5.072096363899604,-82.10432340351652,-59.0692940707346,-6.485807549516508,-83.729525455399,7.351247733363266,-73.80350136135453,77.5193835216441,95.25203611220897,-1
28.165262938041252,85.98435262913296,89.89908634783234,84.15296282446397,80.25095942058633,-37.91340160433898,-93.13452961514824,-7.0977989726950454,60.454864608952306,68.06551960272301,1
0.6264945103080066,-18.518945677730244,1.8227384977758305,24.51569804425975,-4.584565688157312,3.2708325332991848,-82.85529545036381,-62.904099328715546,-18.676338371275563,-88.66291727582654,-1
88.29484750121307,-67.93819209688623,26.121694330121883,43.8542770138431,16.752284175597126,26.2286578578871,-33.42374778857847,-90.02027250851152,-27.99217378059791,39.7507125843816,-1
-67.84802079033835,-49.067246822007625,-34.18082393704809,-15.754053262900797,24.49037489806905,-34.18774300709005,66.3987615757975,-68.02059386164869,13.289469882374732,15.517780014619476,-1
26.26151061839775,-84.15007877401423,-25.716617601353576,-64.55552333870607,10.027934965063352,-65.68501124737281,-65.58146521391129,-49.65667681505306,-70.81234146336584,-83.29047592956967,-1
-20.267394445537377,35.40756297640203,54.430500961492925,56.41290431448621,-43.078557634591604,68.6157040519713,-40.392627840580396,48.97645735999109,77.24627567649523,39.3994641758205,1
-77.91362731777946,-98.64236519528204,-81.3572148214603,75.43174165401058,19.508874905444003,-17.607508611694826,-52.82141918549619,40.82922732902378,-68.8422580142481,10.85595769673256,-1
-59.72724357280512,-93.14041973933766,-33.72117221147252,9.218265059278522,57.80216861096608,22.759791808416168,63.74194261146175,-64.923807411203,69.66506348433174,29.896637342901442,-1
26.275065209650194,15.281110290726673,39.875773146644235,84.790981964986,22.761280235086744,56.64223107581029,-2.8726013844627403,-23.972775434600237,58.22435406746189,79.26799304310194,1
-50.32474792603996,-65.65800220526236,91.76019085176955,44.83848933083098,42.131475413371334,36.41536361022858,-82.15460019720742,-32.492410873725234,90.41044889798417,49.07659126219872,1
86.34808066330163,39.4182276521517,31.89803421753038,49.03033070535716,66.80888324429645,65.47297424092196,49.65656335180674,93.40670171834614,-72.86248073694239,-89.86929894915583,-1
0.30359207003327526,-9.166505966447232,57.81479657633872,85.635187813247,56.579353734466906,-57.380363770304044,79.18506300770761,26.180044079325,32.36839696758051,-52.07723206622017,-1
9.086373881381093,82.16484406607921,12.88836833076266,-84.5176651549414,17.397096601357887,-18.70365993699754,-94.8843450753617,-79.31699144611022,0.12173674401981316,-8.038373380025888,1
-65.85832733750397,16.77165346160308,11.992829429168637,55.376199151661524,17.609543669127547,39.12832158311804,40.33835028406824,91.94278662671132,96.45919299585722,98.3540643975673,1
13.791096656370144,35.42549771478039,67.7762161010242,62.42090777281797,74.23928744368146,77.02205782162295,73.0438347044124,-69.76857381724662,-45.62137502240087,19.243903199676865,-1
6.422697053063132,-62.35356004619088,-26.33792358265366,35.59960304851691,20.109247800207243,-15.225298781860658,24.527870540522272,-47.2443936885397,-73.12551468778356,0.8969981975491805,-1
73.41446371602075,-40.42812032195775,95.8523731217285,-27.570243303952637,18.69523997086094,-28.000238112045423,-78.8339175842864,-54.72191930805326,-81.71437992002404,61.842841377144055,1
39.78976569747712,-15.312239020041503,52.811117970487686,29.76517530012282,-82.766661319717,96.21096768206198,-67.65229405349092,-6.220491097560796,-74.71534885807034,-67.44460306386483,1
35.29674990412087,50.33595340628466,-64.03037031816017,-10.835643585664158,-82.21550822265249,32.23326185355532,-0.09444302141284311,-83.31933300668584,3.4027594331944613,-19.917949946719588,-1
-46.9907143349992,-97.43567009787884,-61.21443594386391,81.17211275850542,-33.45768361352522,59.580551778825225,-79.57578013435287,51.34576274234897,-32.10619555605906,-95.76318115742866,-1
-62.024934180816004,58.49133382785266,-8.540040400620413,79.73127675088912,-91.83191141000233,-22.22271256483917,-4.4829216919801524,74.93578077963508,-41.310005943372595,-21.300603782614516,1
70.90947864043608,-64.76921749942798,12.533356131266629,-30.67206112602277,20.838390148732813,92.89970497278816,22.45206817534691,-74.7281550055568,98.87536330099144,-60.906877873562834,-1
-30.824507852428525,-87.67840294150615,-27.97645690219923,96.36160454356539,-17.667778966002714,-22.579168326225414,-81.05228013949606,1.404218677119644,61.06871950974238,-24.018213255233874,1
-94.76065829358704,-5.836716126820377,50.3597889037417,-5.312426432345106,36.66508650717694,-29.570422188896657,-9.084285162509076,-2.9777074972244577,-35.883544635476156,1.697649968144006,1
-89.66625566840779,56.7905036195682,88.97512838210886,-9.251648181139686,-49.52550469570583,13.24240898212068,16.89736507690536,-95.05221849242338,73.82359779268208,-52.62669923389778,1
94.87896153323331,13.860996882440404,-40.3916603306171,-88.38733222178175,20.579267889281397,60.06808153476845,-24.56396244515868,-77.50324904272435,50.704630739249865,15.015708941078415,-1
69.3028677380556,56.25812948113844,51.53152332059449,90.95551048504308,-39.33292352100257,32.99709069773604,49.77959132157517,-49.05259425317696,65.21217563744165,3.8842218723691815,1
-16.76920036404769,-4.578036461214779,62.81038528428593,-56.35058904376924,-41.450034962598714,-0.19170845577420437,-65.72859619707432,45.36236959750889,-46.235943642667074,76.5038870160769,1
42.52426661970256,42.41439844958609,-57.30769677220624,88.19132425178697,79.77715077242905,37.716857781503364,36.73085689271497,-12.798333382833334,-32.91093341615026,-53.44328573998203,-1
-55.527739050365945,5.02817035392593,-45.906178876698235,-54.36653312388311,-84.1934648534176,-42.858151027534454,-65.65707653865292,-55.904080926442965,-99.23490511065467,14.082916703190278,1
34.427109481175705,-63.1910455899573,-54.17667721772019,-50.50645409973251,-8.239536928341579,45.03183025996594,-0.22338888855402672,49.93239669167497,75.14086605785909,23.934123637505493,-1
91.3229242166916,33.40737142507078,74.73373113026628,7.211270865417461,37.286826380508074,-4.035963718511979,67.85668038436862,-79.16423224810035,53.96106334974945,47.72469662274935,-1
18.590170286985483,77.96727881766213,-60.129974211062745,89.78802625685199,84.6578536472573,-85.2031899816562,38.651403167900355,30.609748352044846,-91.76472044923887,-37.83589700880074,1
-54.26464407927825,-23.77062359305289,10.206270536031397,-53.01874777375228,37.95092819554981,23.221241340575972,-72.64414899098108,-7.606828909916146,28.669033061307232,91.183281118813,1
-42.98096626123058,49.50412734930097,-80.16109397742429,-88.92185399581216,-24.646451959117684,-1.497668333273225,-51.03769464682182,32.39280372282366,47.19464021041412,13.501306748420177,1
-30.059354050830095,-13.349813538194425,98.96260586075445,76.5211247457683,-67.7831506165777,74.81890402786803,5.201080721718824,18.519887737963828,-54.146914069238484,11.014245845906487,1
-73.11297411837563,1.161844518465955,68.44201604205199,19.219705534019155,-78.50013580155152,77.67888350940453,-76.08357864702884,-35.27116637801089,62.74669812480849,24.489291914588264,1
99.5256594804313,-51.698754628787746,76.56235977347416,68.24282910221064,59.46282881732503,-91.60908574187421,94.30803886170304,12.296913266463775,46.08435860255497,-10.916679659730761,-1
13.170112062649338,7.6652744019824155,-56.550685503823914,60.50530697266319,23.822939060684178,62.7806944544987,59.77071131130026,40.25371588834349,88.20361533043649,-29.593695632278667,-1
76.17415183978568,44.666060798792614,-64.07323472557185,-86.56296069521974,40.02591249119055,-87.79445771351601,-96.80483423132354,3.1831043921670528,-36.76219596701631,55.02472787054808,1
70.99480391229486,74.71111524541777,24.225059818165803,-82.46065816753813,93.17700258866844,-29.323168859564547,36.31563650854312,-83.70772232082184,71.95232057343944,-12.925759771477033,-1
61.240255958612266,10.114126908272851,-73.09490154216309,99.9849653666353,-12.527387429644506,-7.352652852531776,-95.91730986297414,81.07946281298314,-4.137212373228721,-38.188656793962174,1
13.545463586210914,-19.42199378999028,84.07796630000738,-26.825659370204875,-31.99814661841893,-34.004874314461645,-24.9523237746142,-69.06297471867333,16.881935413328193,-89.4834876356249,-1
-88.28981415120415,62.39354847816034,-81.83236378771717,45.850394625682924,-78.36266853506788,-66.63234167167514,-28.20781707314255,-22.90156449152856,21.036684553383452,43.45377379649929,1
32.70035382161117,-13.09380733910092,-66.56082909054632,52.720871832599045,34.19889640566319,-32.78979074988149,69.59501577557972,-2.6838876619098357,69.90521535283023,-52.479700212526616,-1
20.31077585996482,28.201211464140243,34.6841600493741,-25.639800456542417,17.11836504409085,20.224478405007204,21.893508589967,15.910537929756302,-21.755732628641923,-92.63531989240965,-1
-26.18939564781668,-46.29998476050092,0.09897901532276876,-47.303324571419395,-68.32522054017207,-91.60528634475259,64.24077020022989,-56.6143084268022,-84.00923177967215,86.39062454246155,-1
-74.61111724900547,-95.48606068531147,-89.58952032653858,-25.630139459208223,80.33268293535158,2.675596656796259,-36.66806107115317,19.426446301714975,84.65983653463854,42.007363675852616,-1
-54.1497209534717,25.350669708466242,-39.80845688826551,83.36465840468404,-26.730363058266946,65.75834106003916,-71.61394754824084,44.30628946477637,-15.826950096998573,-17.599963334979236,1
46.921660142107015,-82.29553695705431,77.05656581938007,60.85869275542282,-80.68255394621087,-5.02173883544981,71.36953292059474,31.86657405809686,-49.2389989376034,-78.41171426568386,-1
-6.763681774488603,-23.210221147405477,-99.65503557803186,-65.01069724840244,-42.61509724866197,-77.48625271469896,-56.59671830853878,-77.0292083009848,37.807020622375774,54.524338260832934,1
-86.19081873708005,-97.21019626161771,91.73954827307969,57.56663763709935,-76.38822004763716,-30.08964235933081,-26.58368659820573,-38.94385739376614,74.1587092154166,32.06097881986628,1
30.392251900520108,-34.75589860381369,-76.26885936074954,71.56018745651812,-51.85751404354673,-49.54527412100791,-18.950734418721595,-83.42230577093554,91.81185473434272,1.3489159675775397,-1
-54.12684459246553,-9.535304473140798,-17.730750223699914,-85.8070733428929,-5.365348395729242,33.85868498935778,38.38904717950973,71.42303000502125,-94.2343329689353,73.13771405453056,-1
-97.79374711427056,72.36876465896597,96.98757379417268,81.81450527225891,10.415339256249553,48.58072057647988,85.14378803343266,-37.15918450715989,-75.77769226133964,34.41254284224624,1
-60.614859109314324,84.84368696853201,96.8036300392721,26.307381948532083,90.89920569095594,12.051091000231452,-39.97784047495343,-48.91871193319517,51.899899375515076,67.22132685108627,1
39.00704577171064,-12.443704540076013,39.08142971786114,-53.50619195664732,-1.357031280881273,-1.773422035903181,-39.05364918525132,93.65092296266607,67.23724166304225,98.71811946360376,1
16.638160855419514,44.11728387412748,56.18663595809886,7.4691176826001,-42.70703657099564,53.5268964312331,-36.36561182545772,67.84176292577823,70.98331830538851,-16.603329570228183,1
-19.8473878249348,43.613632240172166,-82.83784565811223,12.743535909523558,-64.93781789707208,-51.097516961190756,-97.2448428095147,26.339376245176837,-49.68212118583102,-48.675194449405,1
-92.20843073030716,-38.641143377979745,10.188838768120604,41.827398311885105,52.5657732788589,-65.35002245522281,-32.587252797618376,-5.662102075736513,-83.98765645588276,40.210992854726214,1
-89.91664527955817,62.246111680271554,-50.12953781865961,-94.21763534668854,10.430763909407318,51.743960454329056,18.57748087135711,-66.62215220418955,-51.70565111711951,46.700499697712246,-1
37.265439337219476,-3.3971774312099114,-26.989744491638916,-14.512866089740584,-38.472478379982064,-7.432059562452835,-88.63160220322297,-65.38006841893903,-95.77569823845357,24.913403688557963,1
-49.07186904724723,31.312540479930476,32.43717714236672,17.812030705058262,6.213603964472611,-16.516920934710996,11.103485186195769,90.63456340484973,-44.336667917641016,81.09444286978834,1
26.948828220805908,51.3409820222939,67.15748729044003,75.44066881880096,94.96155345001546,82.13915928527575,-41.41931932543219,-49.159291082018775,-49.2476295062725,43.672820532353086,-1
-89.6328401760542,-92.05775848555055,-63.750438786769,-64.2076365729998,87.77393478186289,-63.335391555007845,-77.8650041765502,76.32875103618696,15.580415526806092,-57.22569266604487,-1
47.813395187874505,48.809890245715565,11.968219116798352,-31.3539650064897,-70.90172850859716,-64.32439217127128,-68.12171220773672,14.874499509036724,-98.82326246699833,-11.832421815237353,1
-74.45730327295303,79.71938211379401,-29.513794889451873,89.42330064727568,69.45299678099278,66.62188348392726,-15.613546687308983,-62.017286011661874,-91.45201706130428,-55.12790003231365,-1
33.5521183206306,4.0361473133519326,68.68808873294805,-78.27024417341391,-24.00501510831836,94.38515933421573,-73.21484750284502,5.111939034771822,-90.18851015918679,-34.04268707763774,-1
-64.90167452372853,-98.09220919489101,-15.598949830855389,-52.70320281544916,39.47670481752937,40.38357869305332,8.331909833073098,-90.70651080755216,71.98886079343589,-67.49303347044983,-1
87.24244924873796,-11.469030347913375,-60.46581262514621,26.202838700906227,62.902575923280665,71.99984375636015,76.44707032284981,86.03055452876441,7.277369468229992,-14.982541218808393,-1
39.40483320085991,56.530312564575325,-21.960806550019527,70.42959677040184,72.77720653579141,-28.07230364880364,82.62001376040388,-62.38401898615204,86.44785527022762,-7.691909587433088,-1
9.005383779387671,-84.45751632165491,87.69241062493376,-13.718859266042926,85.29424091193161,-99.95094189760138,-34.74776090658676,-90.61946958040812,-69.0359181097132,38.241066026810955,-1
46.60002144452463,-17.717813647906894,60.59840357343057,14.347462232064444,-26.571368137585253,-78.14251240940669,-46.686788591563676,-58.50136263903085,-10.718560398796015,76.17100564545177,1
-56.46652008389279,-20.85103403052912,0.018467156446646982,86.92107761545066,-68.06209750758319,49.95346517016753,-61.665698829836614,-76.47807761604754,-24.820329347335218,-17.415933053147967,1
19.485848514683994,20.988162639551007,84.2059032107604,15.925705516628824,-77.50986535329336,58.102353018259066,36.46491572159829,-2.591441127398639,-76.53461122683612,-99.27058451349733,-1
38.211162547852354,-65.28557116971206,-53.09117985038938,-73.26595022705958,1.2723119261016649,-18.81983613385721,99.7939484397555,-66.20637273761558,-83.28738675784155,28.346043122171665,-1
-66.5285935526438,-71.67772987642013,66.5686185733675,-62.971822991592894,-34.30021606043448,74.57586266566665,-60.37846709031329,-13.68818576578326,57.99052766941094,68.67914760992025,1
-86.92676848712296,-51.75113279239443,-10.208912504352497,86.56240299405135,13.276360122041481,84.83111732160685,90.5873398503453,3.5309363779754364,-89.9781121917865,-43.003844043947396,-1
4.902277914050927,-37.167587232605584,-63.6984076757009,63.869229744354215,-42.57114584637372,-2.5616449423113465,-23.54548099200484,49.15674903923767,78.13016882836735,-18.721185165739882,1
-33.968809936879126,-95.99765527424505,85.21626935738377,22.286161445577775,-67.49896878816352,-7.428644356905224,-92.64883507426815,25.39977904639153,-81.4830588782574,72.55512184255741,1
-14.00847604403566,-58.02143153900057,-63.2105164305232,17.35335276560548,-38.14132439651128,-3.484763255798512,-26.769598552826608,-11.824599830439155,91.66798367777884,97.6792498035363,1
45.73125684732054,-19.669374847123947,-80.10768050956203,-75.02970431334313,57.37405383702503,8.220010345483615,39.697785093764395,-45.172537271429356,-13.268729845660346,-49.49997823362013,-1
72.28913720426485,-55.670537076488166,-12.035852433351153,96.69864115995497,44.58283644027702,54.94842330257629,2.5014620172071176,-71.2110850316563,-36.35420957346691,-51.404418975808056,-1
46.17349504072885,-71.22640673133404,-51.534853950735716,47.64336002726398,-6.485927677340612,57.47666251026763,52.29614754406191,8.114013324181755,-22.815392688887542,-31.510299162128618,-1
13.508169652311636,90.34048127810743,10.766183173564698,62.610241428661624,-34.01980797018712,36.310814628690736,93.41758195562275,-75.70433993021936,-35.9243911672324,9.693213018040197,-1
-96.1344738164798,53.6178756837333,84.27951760003927,93.82330618814771,80.28873716984933,-91.32935717609439,50.66134763528018,-52.03137025233233,-67.70590369619072,34.408962645627184,1
15.561410050216935,-57.65664430760686,-73.02503071839047,-94.91181977351214,91.55732722202029,6.397099095509134,-90.7076675444909,53.679764360974275,-69.92466573792397,-85.31661383061677,-1
5.280532187222647,44.70691466621773,20.420366025469946,-14.059838591368035,-53.57220952693345,17.710817744148798,28.02541721077597,-31.085438059508803,93.78818569279886,60.6615994525755,1
66.27470287714198,72.55415549184511,-79.09848747145517,56.04131444023818,64.22842537973591,-72.30708078606483,39.555419196197704,18.701428051739995,-66.02918266971515,69.82685941478812,1
41.753131045830855,-94.1658662851851,-62.688417560876864,-6.393061415454596,-80.02652941560203,17.673751648835008,44.965905102652926,73.67256418892418,-79.36172008757474,-86.18816420707695,-1
8.707643468529213,-58.9625714190386,61.692057895429656,5.236562020972073,78.17299140715522,54.791615956618045,68.14309174168869,45.91585105691814,47.24354310860329,83.01743911237938,-1
5.032676733412032,21.394623254853087,41.62946691971143,62.74965911350952,63.489902895260144,-36.0491100174547,4.779246478548771,-87.20744559120968,76.79485974236985,-34.54468782904388,-1
61.18508002352422,-87.34931822026408,81.09789549826513,49.76783769237022,10.84294306377656,52.817356598266144,-95.45717775006636,86.88013960282566,25.33401073428368,-53.7486287369483,1
58.787026690370254,-42.12951795555075,-72.48957770497206,-12.832072213089447,-28.55291667664359,81.4964013904966,31.630937030543635,-62.998051477801596,5.916090087629016,-64.64181898293691,-1
49.721741716366466,9.995797276772848,-79.24361436466563,80.59534472349134,77.15647158392568,13.185528909066122,92.95723059000741,7.829779345469873,-64.68632021618821,67.83976571133806,-1
-91.98817618986111,-8.595209561474903,-10.062065326132057,-3.7736378345069994,8.460014804816879,-23.531773941779903,80.94699796918121,-91.9602043003014,6.454415423151147,57.26795052643675,-1
-96.6104670220838,-28.94207135613624,44.32592720093999,54.912049982917466,99.38217785955453,-65.73684923344037,-20.36535546292417,58.08762050925088,8.465205447629828,-48.278555530765324,1
41.3259739757419,-12.882168397458187,-19.253399179013968,66.15854456781483,34.78397481690729,-48.147854349561236,-26.905276112005836,1.7848670657323567,-58.90151710046656,0.5904998369495189,1
60.07130156447232,7.371829300523672,-66.57998244687322,99.72957698684414,62.92133687498418,-71.45992803412983,-25.492285027960705,-85.30594155915819,-20.49666458399419,20.19225679316743,-1
-84.87899187664985,-84.26028465849811,49.61787314062528,-39.27899058258153,73.84001761296142,-74.32093690046693,-52.47969322656309,99.20962498380365,-13.400662489696487,65.73035885150901,1
33.277082715641285,-91.23062950067401,-56.9338944942537,-8.444129746872036,-20.144923196884562,46.764377413926525,14.24487767235263,75.07143714569571,86.85399296675402,-40.38408901678623,-1
-78.92135637843896,37.107724112524664,-62.2802137456816,13.814639118014753,79.59006867640892,91.0026965965171,87.5549093377928,6.208993594991654,0.28313345554941804,-75.89089610128808,-1
56.39199543159182,-86.9998422102223,31.82598252463214,-48.606229220145835,-74.08356641401545,97.59424424427036,2.643817820452199,-5.300892936675211,-44.46164607008001,50.330536925962605,-1
5.408292782330321,86.69102104997043,-38.64544972943354,-48.93723976574582,-5.50299492572357,8.563472415635133,-25.437309764444024,-1.3726463108342415,-76.35385507783127,-67.36820816175975,1
-42.55220166918365,-52.23096791927861,6.469545590925762,-87.36645381939378,22.323576550832612,77.43935334443125,18.965741241122558,-55.77611508693931,91.31576197894847,-87.10297705243994,-1
35.54464824026408,56.479161728891825,76.24990566452112,-77.56028710588718,43.33437365658753,-88.15532056550069,58.6517025954756,-8.119001162792628,38.79673281398942,38.636653691243566,1
21.127577864682294,-97.86597459876745,-32.27206106270633,34.26596347731805,80.53423405500737,-9.454001275813468,-48.706461800135784,22.245050409629343,-33.69729468865911,-88.73158428547565,-1
21.25058755019549,8.696885716602893,-34.23094235820207,8.937618686795318,30.31878282275872,-6.936905102979821,-61.11026065529994,-43.22260757537695,-72.78401912672865,-17.742814167047996,-1
-4.79637412624669,-53.542069180709476,-89.56298844064779,-51.86301815533183,54.94299560223823,-26.59965157382325,-94.73303613860176,-50.990543772318794,-99.30197882961916,63.66364407949678,-1
-60.75085665876687,-11.412575653112796,77.66516294052443,-32.603375511749874,-70.18042110612102,60.08000425676573,19.434871865609793,65.53266849690621,70.38857204375734,-63.18546809722692,1
24.417340045574704,29.26198673147627,-29.14685573447484,-60.82556298417252,19.239289344498474,-34.89956693462213,-88.19746686539003,5.148921023708809,-58.29592234908154,96.51011645714493,1
58.51902325767665,-92.43597268959294,11.744681642510486,94.29541405405476,-98.02242699661585,-82.52461681864185,-23.732376736535727,-73.66620634400735,-48.55742529251288,25.897789864646924,1
-18.253165780380726,65.98791864248867,-43.82334538648005,6.980956837958985,19.166979380144483,65.28870285495395,48.291893768510675,-31.779467255632298,-87.39422942574501,-59.165750944204845,-1
20.689718676275575,93.2042918260417,9.204918664150057,-80.58917380332446,47.62925689347796,73.51600615880693,-74.09336420150603,12.082407015651839,75.65563158463667,-33.89952994607981,1
-34.92006036814645,-11.085299786114305,24.503173682543206,72.14040650842998,50.9243565531213,29.40700491341744,-80.2655803829173,-16.628035964803217,8.343195188603048,-45.98774780818544,1
-47.73339642292325,91.20394209731339,-30.79951740554472,-16.225867550790568,27.222411440587663,3.1262110624064974,31.15828538461537,-97.44222114958225,25.149412912628264,-29.233421333954837,-1
-53.78504068238572,-59.14870641272072,-25.09276950979178,-93.34289014730861,-37.08755190769351,21.872742304850817,-1.3988187988867509,-48.9943595830554,97.43919488373723,-94.75110260155346,-1
-98.7071284420579,85.80417714336022,4.822308245391028,-22.91937629639608,72.88112486837278,49.19426761608733,15.995342462894001,15.682230210956206,89.65694645074902,56.16306176295723,1
86.54569667080264,73.54041958384781,-34.60447535145215,78.79567837662165,98.88603584005412,21.5053724350677,-57.6219688572529,17.66263794787281,-24.696329790065747,76.99663077581425,1
-86.92873184021153,-74.639640174648,84.82958982733979,16.893986328922608,52.63797414389896,-34.113052332347976,58.54739885384714,-43.47209526472226,65.69508800464331,1.686480518967386,-1
-16.46660083660106,84.02276266452574,-72.0456677813011,95.09639848955223,18.518069488892365,14.659037494029704,35.63312512415246,-24.521041533991436,-10.451463712525012,-14.945731354273946,-1
4.259209530827789,99.33665558693593,-2.351774113313894,56.96744995652705,-84.85343250810489,-10.56931516129842,37.54185054188713,-95.00144064598194,-0.005702760592328104,74.99566396738928,1
-53.610580776804916,76.34179392771694,-78.20567413921684,39.71965734540785,86.00381176389917,47.29347749000044,44.52570014787881,-48.27256642638127,-35.563137102388566,-9.822076981026598,-1
58.62857479934789,-97.39795731482546,-49.92538985860446,-96.47669857177854,-73.79429883754021,83.78291939919924,27.265245203945582,-73.22922135246893,-4.422301704333222,-0.8606604840342129,-1
-54.923746398646834,-67.21365580935945,16.544295196755755,-95.38207546355983,-80.21143558989532,13.923593517152028,-61.13486959555006,75.96629922399688,-39.05204875709683,-28.54308637313156,1
73.97927241242564,-85.98626085576211,41.1239608360288,-25.438002159358902,-72.24190552980605,70.25447738042095,99.15617843362841,37.024394430105986,-67.73631864369048,78.4919779304796,-1
-59.11032550714539,-10.21765548144198,94.40979295514288,24.74439385583669,66.04870559408147,57.13641635520622,41.885380658988566,43.69277241373982,-62.80260008085526,-37.87387917868379,-1
24.132095964916815,-25.311081770912907,-40.81260646569176,-7.055248749992529,92.80414459144563,31.516377360665757,-4.770598215031981,-69.27298342111112,57.17213881200607,-95.39532984233921,-1
91.25837630267227,-58.92636306200294,2.793302504529123,37.88234168610256,3.917855666851395,28.39031418086094,85.24553143946099,91.70121392382731,73.0057367859315,51.83428042800878,-1
-60.14593270663984,-18.352496130740263,16.358252955542028,-50.420605449824876,90.31217050780316,12.998059616426332,-38.9834295911814,81.51095586984854,64.83280797423313,-16.907087583509522,1
76.73679353759795,34.67829580596705,77.94274402487952,5.944989361733491,-78.67738273775784,-40.697529672656515,53.98165983597457,-30.805354767386618,12.892984030142514,-88.75711579864108,1
9.746757873317222,89.53723541285592,95.19662387848999,81.63078864550059,-55.85929588981886,-23.8328239634382,64.99094284332628,-74.48031863341238,62.0172167449858,-81.1968899412831,1
22.658336977475813,54.082357413728744,-65.2721374749176,-68.10798044264656,-28.180723292721794,-93.91479435945777,81.24645482069585,-32.854586435616426,66.99620088728409,-76.49307589261161,-1
-3.591788377583498,89.68503110829857,-83.72193667340342,43.73907742950777,70.97554336151637,75.53355258670317,-6.11563958890433,71.34471433420441,24.46062809350282,-42.425997575176886,-1
7.6045410727805915,-22.44713429405006,-94.04384253581581,-34.06102265898964,14.831333286310382,46.77754821797487,-97.92145949115829,-88.91119195361499,0.3479315414067514,-63.175240978802364,-1
-57.97856141752964,79.85006139631295,-85.32319666959829,-53.535242093614485,71.89315559411313,-89.38964681766387,-0.21625794866524473,-68.42154777838837,-94.46964882694897,47.372638330493885,-1
62.032217991940485,-85.0508192727369,-0.7940211492911402,47.58960165666409,89.40715756741088,-57.77516115685095,77.77037154488099,90.78724974509876,-78.36736394030008,-8.39234076819099,-1
80.51058133591334,93.34684550702161,-44.25725697177021,-69.42223087104074,-30.17917691008381,28.955046789569963,32.84995677903632,60.43616589743263,-91.82126347958372,31.92147927947906,1
-20.235443820619906,61.52517391259502,68.10717598983877,-26.19706013081091,-47.53763159080482,-83.31513155776929,58.96791495443156,-65.55646478792193,-1.2901019513537335,-96.61209961552628,1
61.43110747297652,-93.78862479296887,75.40545425232744,94.47309695599566,-23.48525883687867,-2.8867992329473253,-7.730494761950695,5.870274550632388,18.492331355768783,9.733356060430737,-1
-69.75063425301309,-10.273481676453173,70.21837644642889,-71.79504227993286,-67.69521554014774,-56.79195510528405,31.309535382214847,69.00345019336802,-96.69607768000763,24.39592509269994,1
-28.437183177290223,83.32862053878324,-22.430980062830614,-86.56844352343573,-5.258758462138303,6.4960413721176735,-8.41800436296974,-37.037424362145074,82.38955613449511,35.43824344810059,1
41.37146876952343,94.49227800558043,96.58898432404425,86.35770861023482,59.856761533529976,61.633662182507834,-6.553809449837161,22.745149212795155,80.21797233195895,-35.79468603330929,1
46.299292808627825,-98.05992901539156,10.589378715578476,-39.87461869227029,-58.10952499493198,35.72477134805567,33.313218856946605,49.421481716710076,85.611994553757,-97.03251729904459,-1
-59.02374516985749,24.63448490643745,-70.18086426571321,23.081135485554142,-60.2919594344212,-1.7932760266397025,7.098528757253206,-4.8464981994979865,45.95057795242178,1.6322939769202804,1
-38.09447674273445,-53.42828862478115,47.82493342730925,-27.126341179983953,-87.09747785239324,92.38306028225756,-95.96081184529413,99.3838000141588,-29.981076731151134,58.840135651476686,1
61.366947853452814,72.6863155578769,78.64722944198934,79.5662159202839,-90.71912828416906,70.6846539018286,84.81802598605395,55.21764948960683,-42.93529474600775,-49.37395927779764,1
62.8767841338163,-65.08320306472794,-16.01849046030648,24.068572263443187,97.1807654246928,-79.12461423608315,27.70110517905357,-19.524212352645762,-49.45990174076478,25.87619900804748,-1
-69.22001906124527,-12.79034040548244,-2.611857352150352,-84.1016503294625,83.70203013770998,-62.431742293091006,63.40617244488149,-81.04389843091766,73.48112391848537,64.43043768861895,-1
-40.40455290083125,35.963625043994,-67.97435196307195,25.72624311377858,11.776222820431187,-43.83749056335249,-13.767055722217663,-8.888302181061476,80.03978038225944,11.817739773470365,1
22.682277842141545,51.904029743388804,80.98590339636306,14.39653706880253,98.81119135362272,-89.08194458976068,93.43484285894166,-57.72725070927023,18.27904883970612,-42.99979598278894,-1
-80.11172144813096,60.163619971950055,63.84611536802046,2.3655521325109135,76.84774901693117,-75.08649044907689,20.91341333654968,-6.5115001834697495,32.02607779011066,-77.86343759290281,1
-90.9391980455911,-48.47360024729417,85.48456729655246,12.843595406673103,-77.44588830216938,-57.45734100964073,4.425858716957109,-5.612997241734362,54.42527101080714,18.45106074028729,1
72.40853019786269,74.95321251079869,-70.12309064575442,40.539806563446376,-20.785629216661988,-48.10684588781338,-87.42934126340359,92.62604249335763,-12.677002701729108,4.8526955392335935,1
3.54232867694229,13.762547286774577,-60.054296175519006,29.354992216386506,82.41361197766366,79.00885755949679,48.22413850701929,17.965413744999296,21.113021190849196,-68.28399700816556,-1
-89.93009460612936,-91.89816541173563,-41.6682458998126,-88.77368239578553,-37.94627626402352,98.76961257107689,34.60016668209428,-75.45456582543568,-48.72855016321744,89.57339906562268,-1
-42.55575815896984,-85.5456581977297,-87.60579860411795,-76.268831058122,74.75075839875609,-46.83455294524377,29.29502021911449,-53.58913566185064,26.692385100664097,89.02626558661191,-1
81.56770277670682,70.48777712837463,73.56570043298652,54.4452746771359,-12.29975034508459,6.5438142566598145,34.795545483222554,2.400807288063291,-4.421493707156628,-67.67349469643128,1
47.58555379976005,73.98118677806417,81.45791229051437,-29.039716143725315,-8.748779771605356,-35.27256495195216,5.606060979034623,24.016103582588073,86.92744136436474,-74.25456967335072,1
31.756673342143472,92.46761149624137,89.73123154131298,-55.58696509172161,10.306849929272133,56.28947572513451,-84.88974667780758,7.28904107030705,81.06033303651421,-70.3171280634829,1
-68.21836646612928,-51.85748286729866,-68.88193512299843,-5.741034293336654,-23.540597007807534,-93.89515681299356,18.044361761401788,-40.46065746073728,23.272912961500452,-35.742343133204585,-1
26.01862537233268,46.35521900753449,-62.95533383381242,-67.88262585537484,6.394203412878426,27.072353485676317,35.10672860969419,-57.62068822120552,-91.9986372852394,22.81415250125343,-1
-96.68243421442877,13.083187950507607,-72.01620455460119,-78.2889284454703,-85.59466685393274,-47.9815130930209,88.26807024663421,-57.485368365354496,82.99661903655249,62.07729217313346,1
-50.60776660162149,97.27643432577844,34.39757428046522,21.67371813924717,-29.048965774048455,89.9671763542515,80.93803172587866,-45.970680620379255,63.562492776452444,-74.81702988744448,-1
62.5971477432187,-89.53342853986743,-91.59104078481106,75.95338758191306,-88.1194052218458,-94.55431753263032,13.480808401319777,-57.45023203029827,7.658281508773797,-43.74185916490099,-1
87.69643164283093,37.96421426575239,-80.74988335245487,-9.708230799901884,99.75857017110766,-20.35793827317964,79.57395776547202,70.06913229337326,-23.626630547675248,2.38216420971537,-1
81.98862877087839,38.12454841626831,-59.65908852271164,97.94462651094298,-80.99944763541387,-42.51687658387597,87.89251386468692,66.56979005435653,3.878047188813838,-46.75499493468804,1
55.82051727915734,-43.612623131648306,19.18831914614087,68.6722257743979,27.803485785352564,46.015805299003205,69.19917111495852,2.895449775139312,-39.578783870320834,-66.04731197848818,-1
19.253975696410606,-28.786540176171044,-99.50908271123116,-57.962979275691254,68.81574687644698,75.22886999236863,82.35302125467334,13.034337419854964,-27.613824861452827,87.97939640225252,-1
17.517174221880367,-78.89727071975977,40.37248536484316,82.35490940482856,-24.656769212932645,30.649243071185168,-76.4277015243493,26.43855624813311,-56.77988046749787,43.735789121612726,1
-72.90809264106184,12.96383257727922,57.42022650717476,38.248082227322044,-38.37471847922951,51.296115995312505,97.39563393759062,-77.23308162481663,6.148526289235747,-24.39403166320706,-1
15.677383401281816,-45.53692056378345,59.39753095179711,-89.44332989686177,79.09512115047878,-55.87521833794915,63.07557391655476,-38.85500318538166,-17.413088066607145,-37.53384857793485,-1
17.55387217243964,-74.70715091928577,-9.397049923962314,37.08132460806422,93.26214177848254,-57.18250628229573,-4.251587471448559,77.0504450927694,78.49921948230815,52.24796634754151,1
-39.7907844331374,-15.873952624236125,8.697891541726761,62.36215388783896,60.1382927148571,-44.24345082537391,6.6778567940821745,55.592126791115334,-62.20522184057549,-50.27366473895265,1
-48.24400367999662,24.675913191981408,52.8186000425963,43.39538021277542,-87.59502492944338,-85.58018616996401,-32.874201505176885,-72.46277365601166,-87.22093028013134,91.41252643956122,1
34.61842618224341,3.5277871378869037,17.10280849621593,-30.83476724286416,-18.807708732082133,47.2137384045964,48.48566074561208,-92.239394695123,7.99188637561123,-81.96385851582117,-1
81.69011226672566,81.91288547606024,-82.99127573878577,-12.702530138458584,-73.35628119197534,64.81985792670142,-52.04971673892995,-86.09821653315124,-69.7541246537515,24.47967845866947,-1
-53.523135388790436,83.97418682610856,44.95786023908707,32.295353771257396,-92.33018981491854,3.7472871577988656,-44.01692789269096,93.12221045720591,43.184546984424856,-51.00651641733221,1
-22.288379745930854,-15.125594789273066,52.22211769705157,97.3753693883441,48.17252599235468,-8.553918853526994,99.73451087025603,-5.571029723576146,-83.173642405795,-38.6224455262697,-1
-1.5444287103930492,82.44151424983644,-13.385098971086975,-15.953473439707992,-84.34054660261904,-62.585676959885795,-79.11930819721354,74.7746305302932,-41.84493048025728,45.06222817948614,1
-13.236516084694088,-68.5528669811533,88.12731016124863,89.81941778568526,-51.91037491838411,-85.28923870170175,-42.81254221791968,-48.78425212224191,-53.56540293833842,-27.237720202194524,1
-20.43267489956861,-68.34274878818039,-39.88177544381632,-14.270886136963455,-81.3184636479568,74.40375118412692,-70.26364763550794,82.73312507040333,44.64159910065635,83.47635209095313,1
-3.060742573990609,5.451029990135424,-34.03683822872779,-81.73447112693353,-53.285820390652574,-89.53862929806286,-17.266844654526196,55.08937401101278,-17.157561547638963,43.94273202210718,1
-22.980454279614946,93.34122800369212,-49.41763888874257,3.402944777343194,-23.67815640345495,92.52833258937625,-80.2506562609658,-96.83387670938122,-53.69779111103372,75.58617804592993,1
3.8771719007874736,-13.512566656699391,-16.984374198440193,10.872808165681974,72.07066950073911,-11.318357401056687,-52.810644621448645,44.20716451005657,-29.820590512763317,32.37585563295161,1
-14.01378452197038,20.834787634518364,-43.03992515008983,36.33969401656691,73.71782831220034,-19.10337096044492,25.628795498625067,95.87254403785877,-71.80717947957135,-58.40777361915934,-1
-92.13757203178021,-84.60616339839653,7.310934202159871,12.715668555309762,-27.16105974162319,-48.438190306561424,82.15484882747097,-43.142679303871745,-69.81409187741612,-89.68800341625831,-1
-39.53335012970125,41.58956534023781,-98.782493804882,-78.53626790519698,-52.93832038492585,-18.225887809287073,-52.70070408641128,-14.028975293814355,85.20706714713444,-90.77700219854701,1
-14.954362912461221,-48.460870362164066,77.45820035546589,3.3320991603880543,-98.20114143651378,26.899845867855348,95.6057945906339,-86.32504552140303,-86.43953005626418,-12.242801865173988,-1
-43.24481884025511,35.23914927130784,-13.57656487682111,-20.941500409865668,-72.27970038035964,98.89551554152456,-17.698932935613016,-23.93633156951654,-72.97869858021033,49.87613200527022,1
-13.739658731797078,-26.983265343119854,-49.02360871776328,-28.75462250212489,38.21803729903306,-99.37782447535145,-91.34702386969009,34.66863342945595,-55.29656865352139,-69.44883040779581,1
14.857515018042193,83.80765540573424,-54.64608932984669,49.92423111272859,93.3299993364225,67.08117577661247,61.516080280891,24.036526303762187,30.37601433461441,18.887140189280217,-1
-64.14934885214385,-96.83238581102516,-62.04728837079783,-89.21666324204598,17.221423587444562,-76.2482392748499,36.998944529517246,32.562187249952956,-85.9620718844879,43.87118237503046,-1
-63.71233046087461,-8.011609741207451,18.82092765508503,22.65727876662595,-7.10477085653234,-54.07748869605706,-50.92160801319861,-76.91344406513723,-40.391460875185125,-23.986289637512897,1
97.3325186534293,-27.086714496027113,20.84790206642846,6.406937366678008,18.986968699474602,90.60083104194408,68.46552145206596,-79.1692286804975,15.528366665197566,0.2357460012831325,-1
-70.22238993351107,-3.386750961339473,-97.79438314621993,-92.41005395202583,59.33167476996749,76.90628792560048,-46.486560041449955,35.189294128461256,-40.815981979880725,-52.311487655980926,-1
34.20259610658195,41.24649970635639,29.74437603098113,-65.90049564242116,-26.476806709733467,84.10459552121705,19.619268095350662,94.2727716269051,75.1803852893093,-85.29253334860181,1
-33.190006866246165,54.44805517865532,27.74785125784757,75.22795693680143,-49.590628065585896,-42.3358959165449,-16.982059474424815,56.457521075449364,91.46284973641363,-93.71363870384275,1
24.48272831319933,-7.321798239070759,78.94209108537311,-29.07458111137629,-5.328662591359333,-84.04481493811535,-57.50262035383433,-42.68287153917078,-34.17799975627271,10.633410850215782,1
55.975109171524764,-43.44690858798028,-53.16111487663741,8.589987589622552,90.61355725409166,59.4853860766365,54.63579565173103,28.377961844967672,-74.66943885804099,27.89038462534124,-1
-40.91104450451595,-52.886813081099746,13.940926407081975,-33.5849515637328,-80.592844298015,31.365762427270056,25.149269238948023,-20.164659560460024,91.61381106762096,10.3351067253667,-1
-0.9017367587603076,-97.19709649478861,-57.23222210094714,-33.72138246069676,-84.29775635785121,49.413546862036554,-75.42756068357619,-2.998324001345523,62.83652929689421,33.82121193222315,-1
78.02822747920294,76.34346127907924,74.91529534364014,22.400779466289137,96.5605079410038,-93.90012207042373,24.86014577505607,-31.454057513318674,-5.745264312465409,86.62029745832245,1
-17.646891683098303,-50.6069175065875,-12.584383448504994,86.58900706482882,84.08932477915712,-16.608315207045152,17.70797011507446,-0.6593035284289783,-77.70675479756493,12.026428341606945,-1
60.69654865937693,64.12831207089576,16.301661924814454,56.79215741220358,-83.33013461582959,-15.979393718850716,-85.5974683081395,39.69347328232527,-37.92183491152077,-0.07772621075075392,1
21.54735897577183,-32.25340884511371,-91.99737389297513,38.02626958737844,-59.99027336927354,5.082414190801259,23.545666549399186,-71.05218034785399,-43.439990487561175,-37.79337843979924,-1
16.862862384620044,38.58404584495773,-90.11051266413055,44.46086586590772,67.42948626502346,-57.20473287218704,-5.491789192176412,-45.1007113093606,80.34185972054541,-74.34130150583897,-1
-55.14130334299099,-99.53050522650938,69.9087519108244,-78.72717339456688,36.917679530616766,64.54544424946943,-63.57874933252907,33.34140694695597,-68.18981427941178,-15.114855712098759,-1
-31.48178343777363,14.792303500325943,-60.77213005322568,5.972618167335526,10.647374227924516,-54.83572909304224,11.2951715541614,-44.29187284690352,7.711165490623188,36.26231449867245,-1
89.1849288064173,20.216533078643124,-77.20760372836955,-10.944176632551077,-96.28158827539333,-56.3864728856136,-73.63336638300417,44.037335919513566,67.19117989921796,-3.2352795506315175,1
99.23153469975577,40.82087215432736,-64.67726148517542,20.656463890117678,-45.19043836041292,-82.6025188637823,68.83570170089249,-92.14968176993806,-18.99207673189882,97.51582884341289,-1
79.47714349274298,-31.94500355319383,-70.18205024635044,78.39398255512108,-59.476859860764655,-77.00955550526677,-32.82971950772844,79.1104572028209,-10.870039735121509,-44.01528946378996,1
-90.85159323749743,38.3854726533184,-74.35401053924517,98.81239667662209,61.74172896414879,-70.24628476191886,25.988015784608592,69.49156364481595,-28.79063286864732,-94.30863006160328,1
66.72999238751711,28.951345318018582,-53.60630956844283,-70.62562483335853,47.678433057228574,38.971215957863905,66.93482433607272,38.65911644394916,87.08944592994226,-57.36361506803351,-1
-85.6576222304698,38.12306247732727,5.6116843784249255,50.67550904927367,-90.64799723776676,5.319686033362643,48.42227198228642,-85.83532034141486,16.979822554930024,84.75056085675578,1
28.22952657705946,-52.99374023761627,-59.506491580849996,99.35251699728181,87.43060126515317,-25.51908735488921,-44.402616759763646,-74.59482057257192,-88.03079228275061,-9.955881306853058,-1
-86.36553812290128,48.1766413443971,-33.02860980020377,32.762021050056575,94.21479965316436,-79.58400660516256,-4.380125460351181,-75.57299969061337,-5.199049018773422,28.956196285031666,1
92.48945898842226,15.133050599483937,-93.62864749434799,42.13344918856703,60.939157007966514,-75.9422813148577,73.1892573597784,-98.60393510877459,20.311352488921614,-59.99438640049064,-1
-21.36095979441555,-66.23327866948598,60.138560183346215,70.73914279620789,-0.5272159566564625,-42.9242964854921,92.33719904445118,76.17916068245657,-6.194487430679544,60.800148144353216,1
-42.162510740810035,-69.41136270491477,-90.813993554182,-78.48425945722745,-16.832003713886223,79.8874924789433,-46.34435749745731,-94.70398438939134,76.08440648398067,64.41848007410039,-1
88.3383973316061,88.99695711116863,-15.863552591814312,74.22642421643363,45.77067397475315,-8.480173839226197,-66.14374449140739,62.31944749309238,49.802370552804575,-52.10735221284244,1
-30.012429285857195,45.11364951198965,43.900331009553184,-11.32086683331184,-6.6083402909178375,30.92418704006289,-72.3099706230242,92.86921607655907,50.6922211743167,-37.86547132511122,1
-85.24068705292022,-34.12414613958485,-41.070219387499904,47.18944034464448,17.193835739979107,-82.13609576324754,93.71173830546826,-47.12911548658614,75.57428553527674,9.34668733134319,-1
82.90973276971178,-22.22970070517671,-59.82585286166846,-72.44289586498063,50.37795832839549,-22.597519344275455,23.08378608159491,-66.07696110432431,-27.423793132105217,29.628896390275884,-1
-97.83778327296073,-38.22782015270736,-28.973356936841867,-80.05527998678625,67.18910748216209,23.929936303663027,-1.925825500227262,-36.43977586866492,45.790395836303276,-96.42261167861994,-1
-25.338136744049407,-57.847380114018755,-86.83156709826906,-34.846376071326304,31.94888565389209,-53.70929753525671,15.094133531283987,94.51519414120969,77.75791766278195,7.6084400095131315,-1
