84.37484700462338,-19.303426757520597,-29.85763690965797,-57.59103201835467,33.80446746582166,91.02304145834029,93.70746633997845,24.799697105796483,-96.75992053210656,12.918127786692708,31.661487901212382,42.07030014246644,-1.4034579083821939,42.60285837234815,-76.05064229989362,-10.080218798452535,-20.4730028534494,35.910367314536785,90.11879318622488,65.34552967925643,-4.574046520863348,1.9779896411220363,-30.72729937830114,12.962556217236454,1.9748112612805642,6.200625948592503,17.35095933827762,-20.072303501212858,69.44189751467772,-18.581608768396052,48.772428977199695,60.947412953388096,52.362619375172756,-32.77807075587924,-83.09347694128553,-49.664119227937945,33.479724912161515,98.83475833634688,99.01035065500113,-0.8921974291597508,93.16488488832647,54.561281481731214,10.192444283744834,-43.84491854795136,-57.97646275352828,49.04369543923116,-28.314851523970248,31.37466045187179,89.53145339381908,-91.61286688022625,-1
-35.843987005652835,-50.808454323098374,66.42683559154838,-58.29789712853284,26.828427659147366,-72.67981926976547,85.42212577168547,67.83607899605971,-51.94017530992665,-78.91972452070755,-58.18052708207715,40.65544554649031,-18.518423729062917,-33.59985957646417,71.94956113701338,28.560410032416485,-89.5462664876807,41.406233864576876,70.78969260290873,-90.49644855857792,-16.310642056754403,-99.32243040347217,-87.66394074938091,14.854076051417437,72.17100560868974,67.18481460556268,-20.86601718073679,-11.241031804054245,-37.85929528835182,-70.82215070334254,-90.53000453463211,8.849942899127711,-4.753437296567526,25.524940184610628,33.485601201397884,1.2340171310405026,96.71966577563077,22.241350371638674,-95.68201777146493,-4.710852741234277,-9.146451359475492,75.98934857462567,-8.5360087578578,88.43926776714596,-54.504870670741745,50.76525233860565,24.674152044179436,3.375148638985223,79.02760519230324,0.001471863176448096,1
-1.2408807271218478,-5.207671947425524,-64.69439359889834,15.677383401281816,58.57088380676788,55.06923008062711,34.49209960500576,28.949049715363714,-6.932613212102794,29.043715168932778,-12.420022571417547,-4.426529017372843,48.39907822523446,-45.53692056378345,18.49659878031929,98.04450692301478,81.06436567521794,8.568274866814932,74.42121274931623,-24.900275595855973,-23.43515840729924,40.03765185881062,-37.09648555817895,59.39753095179711,-62.69779749918805,-93.70856095079478,99.5300676750947,-17.8200190016387,43.83438456842504,67.00599225336939,-1.7464743019998537,-41.78422372487074,95.96063262083086,-89.44332989686177,86.73150908165434,41.57840613958663,6.57712732817393,85.09031845570664,-47.00384541662339,-5.298282451787088,15.38904852879206,-64.27365737462294,-98.00124502828584,79.09512115047878,19.365644273048048,-92.08088564018443,-93.69556293857741,20.32714716466728,52.401988095532346,46.67679187300115,-1
-71.81515500504747,-21.551190980053534,-52.244570846339535,33.50997985829409,-59.72724357280512,-53.523135388790436,-96.97786315710499,14.857515018042193,-74.80896072412835,-48.76169711212901,-5.046198791269745,39.33779757463938,-2.7034468535154303,39.40260278685258,-93.14041973933766,83.97418682610856,-3.774861636630874,83.80765540573424,-49.32037848812547,24.16652655483857,36.24185156430977,70.05974731435836,-90.17462122162954,-99.21413571555644,-33.72117221147252,44.95786023908707,21.99629856289431,-54.64608932984669,92.8291591731116,97.00676900119194,-94.19201955815612,2.9964807391611714,-85.20222315961898,4.782335340879442,9.218265059278522,32.295353771257396,-59.465618738539064,49.92423111272859,-86.68561053951298,-26.3479523539839,-41.317817996121,36.12478568054729,27.287068914696107,21.49636348980222,57.80216861096608,-92.33018981491854,9.254764202251835,93.3299993364225,-72.6623360552234,-28.704366970433497,1
86.54569667080264,88.81186793732266,91.10473919098695,81.28749066888219,-10.336188926115568,-38.64468009557176,95.06862669581412,39.43273842759609,-81.71560163657236,7.069553612331347,73.54041958384781,95.78947117093236,69.1021621681121,-44.065228690711365,-95.48628335952458,27.338582871588343,42.52028145967864,-83.22040787421814,-84.82567175519048,85.56201232953927,-34.60447535145215,92.05046504028752,70.9640105984376,77.18473408336064,-68.46226558537055,47.883582733173114,49.514927210822066,-49.13198248447917,-79.31296667024753,96.87626252372067,78.79567837662165,-21.712795955428874,25.04166434858601,21.85948785828286,-84.94847973835884,64.69071289408001,80.1564000376851,-24.393846625137925,99.8598951926997,-72.81852354146021,98.88603584005412,65.11047588353725,-65.8192409646944,14.665152777812708,96.58104657193795,-42.39119804302989,-0.21742534208482311,-96.59370778239929,-38.867185481508535,34.186158590821805,-1
-97.83246970394033,-31.6365296604248,61.13403059001064,-26.411849739583104,-56.42148914900198,-54.774933750065614,99.5256594804313,-38.3063437021032,-71.48868899337688,-58.841124602115656,-11.312179432791197,55.596994314187356,-37.082473317186704,60.3827905672253,94.1336055587741,59.213705079387466,-51.698754628787746,25.74427740511642,6.960195383833607,-99.9518250964267,18.117931547716992,-17.095834121963776,16.221248939579283,-4.424538869388471,-56.54851990122709,62.62405452428388,76.56235977347416,-92.74953649704103,22.533705947895882,1.3107631762835297,-43.06892130128159,-71.16210721876939,-60.151624283076366,-87.5551654695516,-2.0619915678236964,-14.364862507569924,68.24282910221064,56.012184643633645,-41.64107065525495,41.3121628645996,15.280938687078361,30.565679644400376,46.65513916679538,-51.36648529485419,10.705792423226711,80.09141454959646,59.46282881732503,3.7962507046557477,95.25401264822437,-49.20251015899566,-1
78.96547008552977,12.187594307077248,59.75664715473309,76.84129266968156,89.13962940005646,89.53760519289415,-42.507667020549974,1.1017520779727903,11.23813852600233,77.2342588111986,-83.00674202210672,22.07521195633842,-21.16190108001841,-98.3008842785581,-3.2406206834407385,-7.029043837345867,38.63387205076921,-17.361104239440465,-36.998344962045195,27.499760586832636,-18.03046537633,16.6772464655496,60.45776327273751,35.82576626697238,51.39895189793111,32.485994684270366,15.84400704551156,-56.7113833176657,17.738344072680917,70.15607652613639,78.06183955491286,-87.45568181972232,51.50539882656889,92.73743319133021,-93.77828316251677,46.78729094665684,41.74104010980059,-1.959429158874343,88.6998459407854,-11.066505832256752,-14.910176689636614,12.39082850197373,-6.710582048221767,-48.50693349361486,83.1913190931356,0.2881494283105752,37.73783018623348,-67.03562340195475,-88.33334554303967,-41.404055899113466,1
-28.101769756048967,-31.5836502568185,20.004109623860742,-24.822342970846137,-52.51330632503874,0.12071423094151612,25.685291322917408,-67.11889418422425,62.74466874444548,41.2743993619992,71.5715567034978,-46.400546623124406,-39.38684776497967,76.25950912281834,-3.02825205677928,-79.41077105994276,22.29897054383983,-20.28815517117448,-70.79661888157835,97.20558563928594,-37.970555781839586,-3.5097059237764796,86.53638047210043,-97.9532287182485,22.128550184328958,-40.18713807823138,91.7573287880816,51.7527501403755,79.65594150875899,-60.13522820988524,-53.23032618290446,10.153145274430585,36.39948945614671,51.93899955998236,-36.157792822545495,-19.798036045406647,-82.06434866812398,40.13446896923196,31.093140295285906,52.39256777785786,-7.154966762160228,27.65512388402894,94.5715458969483,-19.137780395912145,-13.154444601405572,8.927811123571615,10.503956073395585,75.12360398813848,-67.8892114715651,-29.487571551502967,-1
-1.4749791418281717,-23.372294350100503,86.18973910139556,86.62266626871153,-72.1606597308609,38.919085450657064,-66.5285935526438,73.6819047893868,-88.0765349310682,49.7926301720797,-56.509413556552815,24.509398092456337,-61.75157418477573,-28.035019872686703,99.78093995261534,5.961811414010825,-71.67772987642013,-35.46325858443595,-48.74901522218549,-30.105176093474896,-8.168173924817722,71.75025183817837,-79.86127977923938,69.26975597328465,-70.06530708327978,41.33887606850294,66.5686185733675,41.45414518889103,-25.685378296759993,43.127847213391874,-4.586650086545504,62.06062746669417,97.70493346518433,-5.755333819251348,5.505184734919723,51.04730623999038,-62.971822991592894,80.33382912645868,-51.633001009106906,99.29777323536408,24.56378457163946,94.12416913736914,-93.53961741693031,-65.77551560388667,17.795086952304032,-4.949019478394277,-34.30021606043448,0.41432146396471126,-94.08316327239723,-23.855823752904953,-1
-42.0497094172464,-92.13757203178021,63.16662499812355,76.01581751229165,-71.85769439024831,67.86769847120047,27.5376493791871,14.252093987419471,12.783913351124738,-32.15186776523274,94.01489133334138,-84.60616339839653,95.29793222957744,73.90823377184367,44.06667383319859,-37.36358985927297,-0.07631760024760581,-16.373680041275463,88.65967944913052,39.94261543086742,-47.4238596021348,7.310934202159871,28.323999742881796,80.71186073945637,-77.78951112437812,-45.99900070699721,-55.39747171762439,11.469012943293365,65.88932795233288,-21.83329014655564,53.08644334895433,12.715668555309762,-20.407924710977028,-30.762938457272227,49.190923580799904,-90.93373959040119,1.2147796933420238,84.58555303479366,0.1411180987770564,-89.40424133948062,86.59120842841568,-27.16105974162319,82.53847468888316,40.03734420238638,-25.674476312319584,0.7374071389467645,-75.53913674125523,-96.01356657605609,49.77625593318686,29.880093475498683,-1
-26.44337345614936,-28.780654820430755,65.16335011295254,20.11886667212346,30.22951697633482,-5.543639167403654,-11.21610909872443,1.970801910091538,2.8922655479788375,2.222727697900112,23.32439563305502,-63.17973532780861,-69.0427930307776,14.456762908400236,45.977823540719555,-92.32768904240507,92.55696159614644,-13.255259433715793,81.79617838297284,12.048292756610508,10.706177071436656,-5.89898420153456,-49.56096771441636,71.67121103181935,-24.63607877040583,-46.75434273650636,7.52969279753583,54.56089857234812,-78.5528396460953,68.33504185429774,-11.696260697826986,-39.78256390695727,8.40839691078979,50.907906539077516,9.727678339115428,-1.8385501094594332,34.171540666139066,-61.681010063115394,28.465378390159685,94.58514208177994,22.71186096230278,46.86506269899982,-86.95346774650264,-68.2295847680688,-20.849229955280975,96.8618381725071,87.84954457502175,-19.57652287040854,99.50113863470025,16.778742745318937,-1
-60.841773042140716,72.35712420270346,-64.06337822595161,-73.65424530908761,-31.366529365468352,-43.50078680542955,-61.8146829856713,31.63196485951468,-67.32664832031597,19.293415082708748,54.43040552316762,62.628400896345084,0.7438869179912615,15.614420402482509,-62.18446924433023,-28.431768271693358,23.66926140909149,29.816120403776893,58.270544730466895,82.15958220977356,20.309701275941222,5.020479628448811,-30.102963538379797,25.749045165614206,-43.68922745436086,16.98722366780956,62.48049680626306,23.60856241635115,92.4150756074446,-75.18062477806353,-99.19494422920584,74.88887764123191,-13.602481514968545,-57.25576943559651,30.21022339558934,2.8376361842022533,-33.20929534212202,-81.33976432854928,54.74634738755853,30.78355765466941,-99.49564765943599,74.34781758243295,34.89225668887471,-5.905749784993915,76.78450839225249,65.25827298747046,-95.8277054725182,-81.80603031462879,-95.11597947121373,-56.50136343597711,1
93.86050712381979,-0.7267505597527304,59.56272977172691,74.54605009692037,-75.03583720663033,40.73995592581019,-2.3008734680189207,-89.88537923515423,18.756126388690447,-99.81131694647378,53.249094552075775,7.516227610302863,5.6355442846034265,54.2486148066356,74.31037129164955,46.34105454463031,30.73129528112409,28.754121620248924,-44.012534061618666,90.12235494857805,-2.550087930909811,-8.415084027820427,-37.10467282669789,-6.426017273213674,-45.58316848440447,-66.31841019799401,-14.206003856498555,-98.1588665218714,-47.567217918240125,39.0658812905134,90.71470748245946,-64.47603610895956,-15.12464659722437,-80.10011714867687,38.07866771873674,-12.252558497917605,21.544549567425264,-44.532016412212116,-41.51910128789731,-81.99841191081228,-59.88319398335194,-42.7775953544274,-95.80300364874306,90.57752257697194,35.54731991615665,41.915838775653015,-10.991578497952005,21.02895708905872,1.022484213937986,0.4883585149443519,-1
-76.82618809497406,-48.35112234020833,89.99223679004507,9.339482542814011,54.40249526199807,29.563489198105685,88.94725175661594,-1.4861858493404867,-54.74551399936276,29.120515411682334,-14.170101608335628,-12.173867839029896,-28.688215764622257,13.784281168943252,47.659102095661524,41.09933038692478,-2.7884916194638123,-87.69139317303262,-59.099132261440836,-55.77534742219701,95.69889293435816,64.74485722739746,63.832900019245955,62.20433785844537,52.844096768461725,-79.78470152565147,88.89757596904872,34.429737386481435,12.596300903053148,-56.06506440105852,-21.41111212532803,50.2614591304353,-86.03673970288762,0.992183788433536,83.23742961477751,46.20715166566217,35.53475495360934,-37.03983477319266,70.5612222181804,-54.82756367556594,-17.428145876585432,43.6784803567692,-12.652664441071806,-81.87511265595703,-32.42157108130792,3.536730506014891,21.461748584255076,3.6091768822783337,-67.20757623638505,-91.62506020535706,-1
-43.80736208155393,-13.034532279250755,39.09344133797242,-0.7077695289400481,72.70950450290903,0.9591196609056283,-89.6021296044585,-9.988272114754949,-29.03362889136747,20.050282019916608,32.46358270791646,86.45337678419446,-23.27819192896831,-5.858810536812513,92.28351556931466,-9.347645494828072,2.775166955646725,88.52194203173113,-62.7366446962933,-41.32206488340433,87.42249878429439,-91.39720712398893,-19.81945548417478,-64.95514152677694,-87.17294955252335,-98.77427053726385,36.55590003882608,-43.23077033077269,67.04345212175377,53.80464775652959,-84.5456547465646,-36.060862666749905,2.0750813257724303,-43.73790590585149,5.22855193782928,70.28700757149494,-38.85250519707526,-71.94636767291429,-64.24474248990256,57.95309755893328,50.32097366462855,9.484010374611202,-89.44508348014364,-21.586389389525507,42.67351071281408,-88.29171560998441,-28.61701970569696,22.674033952368603,72.77402952624908,-21.2779316110756,1
-23.821828673795693,-40.530198525489844,86.88720536110287,12.03363669236839,-73.11297411837563,-13.446624080147473,-6.178557790484263,-51.89368296397026,15.423416477581299,-12.920735320049715,15.470680243933543,70.65695971344039,-57.64037002369946,63.358673914869485,1.161844518465955,68.36174180576378,-15.122196385497915,74.30913614162529,22.078773328810712,-94.29599503227035,35.78060417194138,-91.59884651623761,-96.4243031930364,15.384427719928695,68.44201604205199,73.37471655983578,-51.32605731872479,-44.81548938637938,88.38210897029597,66.41241935083016,97.94457809326127,39.27516997411317,57.42457258788838,-40.46560413073925,19.219705534019155,-46.03247903642447,-33.644498199070554,79.28748714374731,37.067756384271235,-36.032815341606586,54.024441533953535,42.633752600056624,95.40285191997887,-16.193716583174506,-78.50013580155152,-74.98575210988619,71.47803391743628,-21.499597545956405,-29.049812810744655,-59.60850512286202,-1
54.25406933718915,-70.58530381419241,-23.13467056806367,-95.27228279073272,-52.24075772369214,95.79622303496177,89.34674578467911,-60.966696556269916,-14.187526139466812,-17.863473397943437,22.837248863802273,30.03743328913066,-35.37095654411655,84.00763282181052,14.795035006348371,16.159365970695134,21.905701950812713,35.52223641991884,56.83743584641593,43.5874047245139,-59.46861560191379,95.29655524017417,-18.35563548235359,29.43191222539147,-62.12875446386698,-93.01882818537814,63.39369009497523,-37.06220522573469,18.59085458548067,97.10809613480782,-91.3553697164442,-7.334219690745385,-47.01856130043598,46.19234163222322,-71.32486578635209,-94.45493504763016,21.49567890062363,38.45107791918093,87.43790977517091,12.467265478355614,-66.95242195791982,56.58433058817903,-50.9178815825077,-5.920729431205544,-17.10049497221,-32.90761717176882,1.0382457505538412,-49.24747753100105,-64.92643949192454,-33.93039761856751,-1
-60.80342751617096,-94.2434647373322,-19.613817278151572,-17.79430603865906,-17.646891683098303,-40.08686440922522,-84.60410658700674,-2.433136291197499,-91.9722281829267,35.81332089912749,-44.64917360973828,47.184081274789776,-1.9375021180343452,-89.41281288623635,-50.6069175065875,1.5794832006761794,-53.103198643366014,18.74115659028692,-54.32887716423047,0.950864713108345,55.03815385878116,71.65826711062121,87.42899336302438,64.32931943290001,-12.584383448504994,27.47817007465987,-93.50373559282106,51.79728808869652,64.50720378269435,6.665368550587274,34.14390514140962,79.35027292261293,99.34528021154662,6.750664118757214,86.58900706482882,-69.20780117911477,-14.893671039823346,18.0430471257214,-86.22849247849169,-86.14147010667156,-71.27052698557608,36.716166664941966,10.43722178694722,-35.62762872201877,84.08932477915712,26.047631421232325,13.434620037040304,-53.77362787487942,-87.31013926799243,-15.1007250945665,1
62.75900394138972,46.44497728191223,-31.750434474768724,-50.09076003009878,91.20942872238663,24.974819921399785,-93.99479893412143,-69.22001906124527,-98.7071284420579,-31.999122788021566,-1.5996541135834548,22.62324781384831,-98.0061530530963,53.35367126766715,-74.04340685547774,84.51448098116,94.4459418432715,-12.79034040548244,85.80417714336022,21.45333402029759,-36.39805903714037,-37.04287525660841,-31.816718161581917,54.73586929585014,30.98106042356622,-26.264515230171057,-88.80394302766273,-2.611857352150352,4.822308245391028,-83.33948337764072,87.72006315894549,-94.14125899892586,-14.563767518325648,-10.132788112913175,-84.65209725094876,43.34495653629011,-18.905705422604257,-84.1016503294625,-22.91937629639608,32.656127371563656,-2.803643087179438,-85.29834463946494,-99.50090927983418,58.78088002653817,76.48424169739005,3.201058434758224,55.21885724366487,83.70203013770998,72.88112486837278,93.22326449855098,1
-52.472491201520064,29.183448266320255,74.36870554904641,-20.60369658514331,-9.929804218917468,-57.60118906026839,64.94864746940152,23.025828108239963,91.52632925451758,-62.16084152192902,-5.168410824184065,92.54651677222782,-72.78875311367142,-73.00430278567158,-37.11317883771892,-4.601616924365004,-19.54106438473626,-68.84967542689404,31.898011624916847,28.33514203229919,80.27998824584662,-10.77713857496245,32.544484673635566,-25.62797693338112,-21.661044897832113,7.846105467296624,82.97567612347407,-59.64008373156196,72.14571187761695,-56.568933301787006,-48.484243500400126,-51.03765374317288,-49.458428058175016,-56.8997688332469,39.398466319687685,-83.78501677054024,-36.84292331202421,19.754740826723307,-74.1852669386341,73.89182056808087,-50.28845859665192,-50.2568636042275,99.36428997923653,93.74749777894928,-2.666276598231974,-76.71846270703611,-31.942706580320618,58.416859314790514,87.03820609151401,-80.58613436901268,1
27.511494271042622,-74.22405561787016,-66.59321078158496,-19.136246379141568,31.356020944858813,36.52344424468049,-96.92102166173831,52.48939173497368,21.199393454205094,-73.85653528204854,-87.61069628420242,-6.195012056423295,-58.80236316230536,-90.17032193096459,23.71702981442307,46.135802305678055,45.935682729448246,52.559810575161094,95.98288655647607,-18.6864384189018,-16.650187875189374,79.1302460803837,12.000797845783666,-91.08867367646936,13.237196863475049,53.01268627311279,93.77186709355769,-66.05731672101787,-43.67987795294972,-63.84601613981937,-72.95203440305549,-20.68725664058381,74.20285747874985,-45.82278899472505,-48.70389472637881,11.802178519368354,-52.044052231190506,33.70263629356435,79.05896283126776,80.70624518255852,-86.58687429172487,-25.10662217388932,74.00450543783435,29.696668374025563,82.10320198640127,-18.122632636710165,-17.5901548221228,86.16648316349756,50.233302159124776,-91.01598895157288,-1
32.70035382161117,61.974889170926986,-10.819458724650332,-56.79236349808008,71.66833535982417,-46.88343340827878,49.67117073314796,-44.507064055009195,8.27488418148765,-60.85747198007019,-13.09380733910092,-79.30498727068307,-32.557501918742844,9.016682571978023,-18.67269462300591,52.406544207810214,-88.29267998398997,0.6438414365924245,37.390488277087655,-9.819269381370361,-66.56082909054632,7.615908574810845,-54.33383268133791,99.34675405887629,16.26784338645973,59.451805129621505,68.06724764421662,-50.616700978241916,72.93555051713008,-5.669439734322282,52.720871832599045,-91.14091380060152,-42.110161139126134,94.72152976013973,-6.379591110078934,-96.9000166619358,44.293907574297435,63.33574785518468,97.09507980088645,-7.146619514777328,34.19889640566319,-10.296858556353655,44.354055463561906,-38.549003774237775,-44.28296543058687,-26.68981236668195,80.64472499418721,94.8999766525566,12.082302003122194,44.835607028090635,-1
-74.168116969701,-36.94193243387793,5.032676733412032,-49.8066677319404,53.78455642152821,3.7401988761190097,-87.48703155610968,15.561410050216935,-82.44235258836801,84.52075141879158,-6.54780079849948,73.3191377191007,21.394623254853087,32.724944153459916,-21.263622801877432,94.60906990283223,75.62303939714027,-57.65664430760686,18.63119910542686,-80.05380553122352,-4.191854865077275,55.06315077607522,41.62946691971143,-58.63179237128775,-82.1500496726832,65.5358814407081,-39.16350447429677,-73.02503071839047,-34.58006691998415,-17.03040603803538,19.26552100077241,-21.887579514593654,62.74965911350952,17.553692521217926,-27.75006108527907,32.44950950429606,46.2262217928847,-94.91181977351214,-56.186635628080104,-90.9483372258897,49.899101092335115,-51.72587239919921,63.489902895260144,17.024465011430863,-97.8209053949314,78.01663390935161,27.927641860699154,91.55732722202029,52.910292854098,67.59243496721697,1
-91.84497168904721,-62.686595189738846,-98.72282565663329,-76.72672042290478,35.23551241508679,47.71949162646615,52.88814561510088,-95.00566757659008,-37.01631108222085,34.20259610658195,-59.29302522262072,-88.7572189080243,-88.81472997435486,-69.60396350518977,-47.51678366075711,74.19351997250851,-12.75711657599092,-49.55537315387624,-45.80735842575609,41.24649970635639,-0.36985594977032576,40.91720642667005,-2.8358882279201794,37.622775252211085,10.680005366682991,-35.7489653172175,12.326506656875964,79.20310459232448,-65.9133596240008,29.74437603098113,16.388728301156604,23.78447124694432,-12.076553998227027,43.67204378287633,66.49560000638178,2.8892856270619376,-59.44615812623218,95.0384822143053,-86.24587960577044,-65.90049564242116,-8.740071641888832,24.761452784175006,73.22131226090843,-57.406909999713164,-69.01406263105534,-65.69803540395145,-66.46053541754127,-97.1115791529709,94.4680753191366,-26.476806709733467,-1
-81.94204598911834,-79.64350547591926,-67.84802079033835,98.43160296466255,-5.742566520367092,21.55042445054451,-88.7647845305122,10.231992383274417,21.427056176715382,65.91254313660997,-70.40833317811882,23.657004202743963,-49.067246822007625,78.70199427866359,42.22436340305717,-28.497334314552617,-24.737636609000475,10.833944322200011,92.00237616382509,-38.91115469030366,83.0953762436663,17.788729701469748,-34.18082393704809,56.3491717630549,-31.23550174824952,-10.830073160256461,-36.24032764988976,-5.75266254167046,-0.727125506738588,-72.57936238513427,-40.28224874234147,38.97741716145603,-15.754053262900797,-54.11626469685733,79.6545328985107,30.03562519220239,36.43663323055563,-75.45213609113821,60.42328943258002,20.219412274501863,-26.63798104890624,93.33073426554847,24.49037489806905,-88.22073491445697,-59.619569320012154,69.9822870184276,58.18352005562582,24.057401897702007,8.694984076872657,-11.173429848394647,1
-51.20207132418329,68.3657553516544,27.705189532817116,-87.54164037398746,-6.24640690709883,-39.41685423336148,78.17110699662933,85.7261124230788,46.04434355144983,-99.9545923563489,-88.5216312623453,28.685789903466144,25.641319418608788,-82.0695537528642,94.41069492469765,-72.05588660420918,10.263478132562824,44.884468053863,85.4732818923107,93.23560496690735,9.121692885430122,-21.07418601879361,-15.282834624184233,-17.901377091731646,-2.900821766825487,85.23778428789001,-53.18475920317696,90.83074542383557,7.886871097587218,70.50212725784104,-90.45833170922559,-89.80519284166772,89.07162689130652,62.88471341583039,-72.7097763459083,86.16740631198209,-2.7428855297306995,-42.433131939697645,-67.08742467603592,40.078715927059534,-15.21009854516997,74.48530859808372,90.76679437499166,1.1681724918118022,53.781887909495026,65.29678819621427,87.07389988094582,13.32934367083341,-67.21655941128301,-91.76454020739683,1
-1.1159390594837078,59.971051189463054,-70.33135980758223,-28.901397911728523,-8.29539822362186,-63.67720644867947,-92.21239666246687,-46.81430987357624,45.73125684732054,76.17903210895051,-17.77731660103028,29.606063611042828,-47.54513563700302,13.177721020351797,-16.845039802069707,-84.08237052559151,-97.69479718940295,65.60865715485045,-19.669374847123947,22.81814759514033,-34.52466397692015,-94.92570239153689,6.017699382884786,95.88410273551992,-6.806650362772658,87.8961775429751,37.998239270861234,-71.36049922395158,-80.10768050956203,7.021356000120676,41.878149050225744,-15.228421166145665,42.944440361885285,45.402490939944784,95.15786726882294,31.755535697540893,37.316185604257555,-90.67170981483778,-75.02970431334313,46.68829876213164,9.582888735329846,-35.535633545945416,21.485752184230165,-84.93753530857404,-81.67470310014176,-39.58424014530064,58.12546787661543,78.02812824032421,57.37405383702503,98.5309494505432,1
0.5274186210384215,62.91494404627642,-54.009078821782765,24.77916725832769,-90.37143280432932,-5.2380343204106765,21.55053661913051,93.61527629014671,11.292927469764408,-86.47905010552337,-16.133063916142333,-29.18708752898118,82.26836324328175,-55.27949033526578,-11.521251850361281,-71.77477634013563,-9.626191069544433,48.66658271313133,-75.4833686985634,49.63235980573924,-33.87983800599963,70.47306985240874,21.938713874807704,-58.23259590960323,95.43754782648367,-34.559995592214165,-13.530452332373684,-36.37349373330183,40.97938179095922,-74.92422317836247,23.93283032394173,56.85894095774529,-92.37367718170546,-89.48262795712458,22.34758116849433,19.7933272647751,18.002493654739183,72.3933512314216,-62.72695381389654,-6.442045905491682,-34.53089172019668,1.0057542773998591,-81.10322496420727,97.87100302550382,-27.839921348166158,-68.81296973678434,-62.67570168663465,-35.10986927073209,-20.04449046522265,-91.28208453655762,1
-32.19404179025986,-77.03263505215929,-90.85159323749743,-26.49311554169371,-77.80210615730378,92.69984817751765,-29.11501024138903,-30.98325089735326,23.834547073167343,-11.867023315141296,-59.0395181887581,50.96549167246624,38.3854726533184,12.37539124830262,62.546580860935876,87.19883580035554,-24.440635218117706,3.7874728529513817,67.44382859173973,-14.618935872739286,-54.619846551238346,76.54841524141608,-74.35401053924517,-47.77457111338459,-37.76151112912469,44.431115863325545,11.736288787446753,26.294713426550032,-80.24940626366232,-61.451298557526314,-50.29013784976408,-42.94726761169343,98.81239667662209,56.52415781540185,-70.275173906019,-87.3969218614379,14.941840573515066,-7.133025277922897,36.73450434790135,43.68125553967198,-25.623899082281753,38.44677492908414,61.74172896414879,-60.11422833920865,-53.9633017331997,49.56647218697759,-20.189756265769176,39.026209803683656,92.47435086067634,36.83954869493613,-1
50.47490588753601,-71.97736484670949,86.77500350558097,-17.475631830275248,-22.40264801062611,-39.41381887191415,-97.123710785583,61.08600860919583,-64.58354892054203,-32.23530351543853,-35.853283537685755,17.16167884304886,1.023111148801263,-17.610690277547263,42.82382818498317,-17.807878392819347,-70.02744022268968,14.170605108862546,3.492201876858232,-13.212950073725253,11.8603744153654,-45.01833250355185,6.049505273248542,68.44991703984681,-26.666564425073375,1.292223753415982,50.93650417362824,-10.633153896014264,-60.542338256586305,2.5957683828683713,-28.86252202112513,55.73043021498188,-31.003430860824338,64.51674643228645,25.65864569631053,76.4108808557537,92.55730176561403,98.93802599290501,36.27311511611194,80.42677368940099,-35.712850938596574,-55.32793345315194,8.562179129621867,-11.606928937723524,3.055924822417083,44.715642328229876,12.315147325206866,42.37945006133711,-46.68048463391654,-7.655416366661811,1
-83.03245718296162,-45.1889558625588,93.98240922145408,-88.28981415120415,10.742297071602238,-46.9347724889066,-31.618944378901944,51.45659565510016,74.86146682741611,-31.63019161654836,-7.934189871446989,-17.774544348124152,-46.227691004198675,62.39354847816034,27.85257663627256,-27.29710852614666,-45.988306779688855,-7.527710550452156,-65.76305123297495,87.71711915570103,38.74825973966571,24.463071290852852,-40.748849336643175,-81.83236378771717,66.56980831828852,-43.47487880970138,-24.365637109413754,-69.85351854070593,-35.488152673346335,-2.9254209661611554,72.46104731533413,-12.790155875621807,-21.029265119264323,45.850394625682924,6.94794308270221,28.886098702923704,-14.908333473113203,35.831080547926035,2.780942509934576,-81.60708653649729,-61.679328496293536,63.067295498219806,-4.903238763342642,-78.36266853506788,20.610853586496347,-35.23629308834499,94.17825181162371,59.55806120124987,-48.46761603266294,-76.12329922826532,1
85.66371251754506,79.9149146549137,25.24406432628308,-3.7311696729352803,4.289137808717896,56.264371149461,-65.66121845891008,-57.51054456090541,86.94598309766019,-89.23389501830819,16.41402622484472,38.355527828396475,21.343240394000773,98.91285133690496,-90.58776042461052,19.88610840552434,33.882412850728684,0.9478950760703384,82.97723002430081,37.59256802374179,93.3970036056075,15.922179845656785,54.660808022875074,-67.06906234879409,-77.3145146508317,-50.29279959743273,34.84731232563979,-36.229638212683525,-80.48416608474611,-13.25458747079675,-62.152479490950356,55.84102294777668,-11.956205405799608,4.875097331071345,21.217868111307354,-90.7933727716563,31.940896429418387,79.96960120142029,99.21339103895937,39.272253383294526,-51.465729933639096,96.52199828094888,89.80095733455468,96.81191447708224,-82.99350929961255,-16.1483803148772,80.99904519446497,-63.101917629269934,5.5792768086785145,21.975425461621185,-1
-77.76050353876974,-16.245895021585383,-93.92258806063263,99.66950227858993,16.0935201987392,84.19890421931518,88.3383973316061,-53.704957246940374,73.28463670794002,-9.929922843841439,40.806290518331366,-91.0278884744566,81.33065939039977,63.879646193298555,74.2667184680565,78.75483755238898,88.99695711116863,-32.1593137456164,71.88691656671017,-66.7598926382509,62.883839442935,74.98666487012977,97.19206042306996,66.4451567007811,-39.89464855230081,-15.847958444707857,-15.863552591814312,92.64052819428332,-25.526740354279468,18.268517959728342,-61.16758451709807,-69.76341613254915,-85.04067040061214,95.64473371627491,-36.30073734722428,76.9826914423987,74.22642421643363,-48.20078534007346,12.945720079798946,-74.39504742778465,25.004599786298414,4.012515036922679,36.43536673990101,16.466324446801778,54.27415577444478,-41.20427384838634,45.77067397475315,1.40535748892799,11.062311457411496,-1.8115311794083766,-1
47.57938333915371,83.9711232825521,-32.620841645778626,6.060426649831669,91.0121022969978,69.6084179202968,50.34939847916809,-83.06233162493864,90.10656419088178,-68.02404732671172,15.708363640706295,-27.756788204837648,-61.33215327758956,62.22091326106363,-61.24217399532903,71.34598930117949,65.06168048459648,-39.63306782142097,88.46018758024135,58.32801443661259,-51.537878722510456,1.246207218176039,-37.25294823106922,-41.90367887821127,58.014825392654956,-60.86029213939208,-89.88488678419793,-51.69143745680442,77.38647926343441,-73.62960207132062,10.678488045952747,-45.337528269256076,-53.09382560294515,-84.17027581005448,60.84675780644534,42.85269256436973,-38.575861025587834,23.607496112354866,89.05924898747693,34.486880392468606,-42.846219956019624,-39.47887581825924,6.171263479946788,-35.65269673740754,13.010317258080661,88.3210673811989,-61.866283795765355,65.47378227323765,77.9242471578514,-36.15921283489385,-1
36.94623451077587,61.31222957228994,-23.96087624282859,-45.6100547742738,-59.90509689431944,14.349196628749738,79.47317315818637,-70.15010605170522,-0.752155619837211,73.92993696243425,-37.95294325105905,-68.55922328860915,-83.04676911473337,-29.87146170857062,11.36367205566151,13.694440431363915,-69.32703451685087,26.006915508487637,-24.40632887174317,-4.675167898274225,59.260037193532725,-89.53024663807952,8.70687567482473,5.737170735763939,-24.84813043920741,-97.9819189956237,-75.79685665027023,58.08305006384205,-93.43291418322448,-62.88395264328892,32.560617275147166,94.90651073247491,-52.194872639266165,78.7779525444383,21.91216438096197,75.26120593335878,25.521344266412726,52.00944119219548,-28.480094862708015,-3.5821310951040175,-14.73606663913705,-61.68120641940098,66.41766353616615,26.008944128270656,-27.830014744128206,47.00276169215957,-86.56491374682878,96.06582657527619,91.2962194462454,0.5442617909448018,1
79.44315159066534,-14.912712276716647,16.43409203525465,0.5132152926884856,81.43900614116598,19.0263349811363,82.75768877465185,4.94712753228643,74.5718843131329,-28.56153320139103,40.161683600348056,-68.64791426967214,28.561318217234742,-56.443839646486296,-2.718992892764362,76.22102967131318,-21.00194589019351,31.65675668523147,-96.87134093851317,-12.268923729925092,-39.75485038754412,-86.33032571036105,-69.30863357836759,14.148748346663979,-53.32090965431866,46.81280700462159,-27.234991840455876,-92.03886335558254,-87.77076379046275,-61.841546904832256,-85.3110617988477,36.4458535153168,-90.84473211425488,-36.6924537330082,43.42389710645847,-42.42221412403151,34.12116194426909,41.29529744388057,97.07702805358113,-86.8324515671395,21.62858847663,89.4677024161553,-27.90812257864968,48.118839895237386,-63.00006049960412,99.44102879486024,-68.45847105760974,-60.12705365056736,41.510883395751506,18.692244490367244,1
-10.31089560433604,-12.774694172936663,87.3211384589923,44.4141876405474,92.80348142354046,32.60943836068449,13.236138245014175,-20.968940505538995,-2.071184793593474,83.29783022310284,-22.74245897089095,-83.15739776458034,-15.041163733717639,-65.44853634378254,8.681170439652817,-51.04002539965482,-90.40845351260248,-3.421112680280274,-85.82565986902529,87.6936424731625,65.1342891958956,-84.65452561435882,-38.92370360630726,97.83683287321918,-79.77496236366835,-0.035548450282192334,-8.11225067632428,49.31333476067857,25.655891813042714,-76.33518539937236,50.58971993262213,-18.361383636516408,-19.508964344206078,-2.3580043447016408,83.98027328738428,-57.809456149449325,81.91031815502026,-1.709171286389605,-15.493329023004648,68.49328144252513,-58.34288278715327,22.92932649658077,-27.78806034436097,-12.179838850137827,-70.37175645552487,20.48705111808809,40.470292173021335,-64.63652844404143,-44.824024056597914,-1.1854845133586451,1
-62.68598822279283,-44.62447037055925,75.49217252607608,32.36783796987572,23.059605013960407,-45.921342723094895,-97.25088919773096,69.02417029920696,-18.68189252810555,75.09773007917931,-3.5965320446134967,-51.36400394715481,97.82506382174668,-25.745815898921236,-86.83403132736925,48.88385076266519,-51.56331088124646,-80.4585449226483,97.19831443413187,87.74997765596657,22.51856165517529,74.85931204443486,5.7610436313532745,-92.50240862606813,60.41251186216061,-72.92428079777977,8.48916121544137,-15.06330166060792,-87.3361506055358,-23.770469327789854,78.87797073969816,40.527892801336804,-31.81282393716087,-35.21288678439325,-41.85902881912358,12.77842256585322,83.02814790347895,82.59708128620173,-63.99002000664291,-42.234443993784424,-7.583079075020649,95.66804655931668,60.468799796390584,-90.70770455561808,-36.51893416820617,-69.41891118995429,29.73660898084671,-7.7802490731779415,11.760166870799253,-93.2813621840985,-1
23.00144533983395,-69.66502405344977,-46.201319112980464,-9.124533088007823,54.77593114603127,-70.53939114420594,-59.136723320205945,-76.02178130545758,-76.97076432095977,-3.3535848249129714,-59.20107927812253,52.42592409006491,-75.90363551230641,-43.90898704798894,-48.74152492615649,22.76918900154486,-82.88008943544634,-96.07789350514928,-9.249247949929298,85.05292833139288,36.305205977330075,-90.42688021877858,-45.38370993573633,38.85494928717259,96.34544347633181,-69.85260139376632,49.354088923885826,-97.268432714784,-13.676896525530168,14.128836509008963,33.79032835212499,-78.59786547911582,-12.161566863466618,-87.54988201170914,52.07747643610071,28.146671861489097,-18.316258500261483,-96.47949525973101,-19.38489145995439,42.9538716998519,67.87879422398242,-24.583365223002374,-75.13907263701631,91.05732276989909,69.83261402872412,47.79430639065791,95.56229782763896,-52.79447896143496,12.646661748701419,-53.38603326102977,1
29.926579809442927,-75.14055530289106,30.902242856227048,96.73578505268273,74.5507679132256,69.4121653967799,43.747923570706035,-11.440372691252506,37.86208242053806,-12.947544068689226,-54.33374952627783,-81.396518147465,-25.329367793633665,-53.85308195858924,87.54092307587354,-14.821368992663636,-40.97822796314294,76.66994020442078,69.31086449308057,-66.05895216895101,8.376034655243984,-97.7690825376339,-14.116242629549333,-49.45146625030938,-79.68509115292372,42.376417045857835,67.92587751379838,-37.137024255061554,-50.02136102652705,-62.0006981595431,-51.91088726481814,-27.66183773994942,96.11842476095745,-40.467098814137145,22.801667807787467,-51.41806563567004,-80.14133074063928,-49.737408254911266,25.208894093143314,83.24976065652697,56.97366239877769,60.924488308080896,81.11691691948079,-10.05309978600522,45.30069188139251,-81.02216495214978,-99.07801280536637,-39.401813867129064,71.55471919382279,8.544473387650967,-1
34.34013688117133,25.178275287401817,-48.687443259727246,-77.04622562615651,22.72082284749169,-19.279799527681746,-31.470970695495694,23.877993873300383,-43.343119301484535,33.33713037850262,65.6371738646906,-67.82794130298042,-46.2802134170805,-69.87780938629618,97.84333668411722,41.012656841075824,31.831108920026878,-48.63368508658827,-6.1879319557692725,11.626831625642993,53.45566021072966,42.47880569458434,-3.7447698976766475,-9.34005227069143,-56.454193150595074,67.92489917231214,77.82899239915707,-85.27634769326366,-43.022272219387794,28.33730159495994,48.85618785883284,72.63746967361124,9.228894092675446,43.74078990039462,98.6967043412499,-87.77940870267929,23.167103092886435,2.079124504019788,-61.392767557135784,-42.14566125510439,-95.47568857457986,99.98019540184632,-75.92704764395407,-14.169499089620459,70.4695601905276,68.38772612849715,91.66187254058698,6.393792155836692,35.95131753647439,-96.46161537577034,-1
9.905776464747106,-95.50613833597652,93.02373928720911,-81.40187203537357,80.01663660329615,80.38803934983002,23.90524000726066,-94.84608024712978,-21.370574101196965,-48.58746156215825,15.308997990228008,43.51227652970715,-68.61947517077598,-92.08849868747737,-26.458298374491363,-47.866723487579655,-38.14637770006093,18.866346785319152,55.43718188792192,-81.62993255415981,68.0899163277611,-57.049266834983456,-26.990861304777297,74.1783580935612,66.44515610087575,-28.32647353352033,59.38231314852595,-63.0109325576536,53.875829292634535,-46.86430689943255,13.039504235550226,75.864331853012,36.655322084477945,84.95718194280272,-95.48766984853447,56.39885710221208,-21.177323297454322,-29.25234944401933,-8.594943903812123,18.668731437694348,7.204992195410156,77.49703734146715,55.71109198230769,-41.62960681668206,-89.84327215264973,-13.110809756024281,78.47542291865994,-30.474439712201146,-51.18399790750283,9.97671189755043,-1
55.42938318548735,20.103372086730673,-0.5650471983145451,-82.27991406407655,-45.95046157384335,65.50126397464425,-9.047131489467787,-95.25844927109632,-15.997799140867428,-20.989332428640807,-42.054403252357076,-70.67833992799936,68.21923412322028,50.54542756519521,7.28207661600608,90.04224117308604,34.7033573634518,-45.09108305191107,-10.291490126308119,2.4857102753312716,45.78042715814999,-65.6954612425626,-65.14426429972787,98.67455763203498,75.37171660523433,-11.12352753978702,56.90202713551062,99.53924373224271,77.34527662899785,14.270313141389067,13.240964701429064,89.6489071444937,69.3401446700802,91.65712562889473,96.49796635881236,52.19266355216175,-68.56743540165,94.16948029700188,-23.19699405456315,4.385990560752035,71.9135177622228,95.06648602131577,76.12470319500446,12.273803443673344,-43.08385219047022,-22.704050002508296,-88.75501683516136,77.1648582093247,59.603103740890475,-88.75451397690776,-1
32.03947534354626,-33.30016566177116,74.35671331844034,23.00259360777332,21.581042818140745,26.872737774337423,53.303009906516934,61.14290513364358,34.450137458838924,-24.589213799660243,-19.006282524762312,41.716709153565034,9.14993595588713,95.04890705679173,-3.528758283449406,-17.62954337110061,-58.78524401256495,-74.56350927349781,23.244850321390587,35.703413896882864,91.12427595627122,90.92750267201114,-53.61977564621703,-12.729761139277656,-71.93529604643479,-71.06901959860463,14.282278608846852,94.7496428235921,25.66727305973076,-38.41125846761359,-89.87972257563905,58.517432006713705,91.75692094500621,-59.19827269784659,22.68525230424639,35.35330824792811,55.95221105582439,-11.22048280148691,-20.88016363003453,87.68437041975398,-23.556146475421798,73.08340705922407,-28.272626425084923,-29.278944752702813,-60.94256979679808,18.771852993105313,-70.91676998147702,76.74719122721095,-69.51142311841929,8.622777343064072,-1
45.64326972237191,14.155660933782372,-94.15054339308817,-10.559491899032864,49.765267392661286,31.47069643402571,-41.523377917561376,82.12114344288435,13.14899012265785,44.07679971728916,-54.842089569874176,25.669423509888873,67.21578015905618,-40.764646888200296,16.19371732631849,28.455632701422985,56.65801848777329,76.08438057472097,-19.641265933327247,63.45185379750458,66.78332009220739,12.963662792039415,34.42101340275295,-40.23938718334507,-69.20512976686322,58.753361405950784,-71.9465573081662,-85.89314095253562,-96.91700831031847,96.84995329825807,-33.30859589367054,-24.725874540346467,-60.42907006446712,-95.04517461312325,-41.113844410109124,82.8462752688325,55.96851620386337,92.22488037034347,-53.34847170920041,-5.8617564719108515,-39.86176265525159,-66.37862775877326,-93.27123549124758,50.31272635538187,39.61507374631731,-8.620185817101884,-64.58066114118324,5.6142823473609695,-32.62076293704543,-75.88619660897697,1
24.578095163800057,39.33016477537845,27.286049908727335,-85.74865444694828,-78.39484917386173,96.2355673524589,-24.906214306699923,-65.49522461072759,-13.445703131636222,-75.50042760680216,-14.329639886230751,92.87064680719729,44.91158183176364,-80.39109237781204,-27.17578863169892,-53.28391315552816,-94.33250992332307,-74.69093776072455,88.68562145305708,-17.052839494001248,-90.90269170554508,52.729406504643975,32.86885829294289,-73.48356396376417,-80.86625791435746,34.80523582522653,-30.06932390755246,81.73111226807194,0.24654533568160275,-18.72002942910052,25.099367423340823,-73.64266627317795,0.5298669244564422,-90.88549567723594,20.312413764380068,-36.28738037480208,-70.44317330433645,74.82192554363013,-34.14485415550847,72.45850591084229,70.9171537618962,37.203347195991,-13.254344045078057,40.41285160545729,-59.23626396302335,58.5062117812941,-49.35533849732208,54.468195110768505,33.53386295424002,33.96850174052233,1
-30.158085077467817,22.124008488326524,74.30736123047527,-86.36553812290128,-10.588891238714922,3.806456025909739,1.1268306843917628,-93.97922555773621,-62.672012040463486,75.98292534540289,59.5996070438448,-38.10748471076353,-68.82969268971131,48.1766413443971,8.35206398820307,35.6245003073293,-36.6631287966148,21.151897871794418,-81.34252305560629,10.403634459130245,85.85613033716183,61.89464192308688,-46.96382497393543,-33.02860980020377,-10.06402982296855,23.014668003702127,69.9951534219191,-82.86716119060543,-86.0816305207382,-39.499207929717684,-24.25872848692454,4.074443288193578,7.471280954577409,32.762021050056575,-19.000592224610457,20.119340715890004,12.128585029197225,-20.43688097554825,95.8751639332909,-59.25550761389691,61.188977742830616,-24.35541889879063,-61.93575536879648,94.21479965316436,31.701289438479222,79.0870201512212,-55.00026459648577,-1.6506299791679595,-13.53984600316079,-71.40048976091225,1
-0.5502988215229152,-57.71039860069107,35.60323051181271,4.191595454408443,42.04855972466231,56.364772668987115,16.889781951485205,-6.38618915314197,-81.11622046790382,71.70129091031089,16.344305494695348,-34.65222188627328,-78.31992545667546,-1.0805894472482436,54.934587436359664,-12.340278393366816,28.971208685945356,-44.91066404189819,92.3280984630608,-35.6675057210506,84.9245635685057,-4.960456108610117,-56.76228522590492,-13.00396042239096,34.03709348224152,52.79940986390861,-23.593033917745814,29.019489128530665,7.471549845375435,51.58754792123318,42.30258006236369,79.46779311375374,78.8215196795895,69.06702440452847,19.291221261456656,-31.007583048153563,45.35121147964719,-2.3833045605710765,36.544235547060595,6.151835437164976,-1.4241640911832434,-89.67949137820396,-71.7898157859527,-52.54830247306192,-68.16796045555473,-57.76790600744952,0.9895525580169107,-95.61471404221535,-9.567849558168561,-44.94197284663917,-1
-67.67425718107725,-32.67914436121589,-95.57528969420055,-37.636773382948085,-15.490314337611082,-74.88995704746932,-61.22738641262146,-36.49005994848231,-74.89004202030458,32.62924979504177,28.555482695985575,12.918816258064297,84.0080105091807,-24.208818037498474,3.6799253266130307,28.94399547636354,87.38985078173909,-35.40425332723839,19.858713262095733,43.12711011155247,-38.913661463393545,-66.85019692230902,21.291555108709133,-78.6761454389153,-73.90930256452783,50.90466148511291,11.103733340519156,48.332177743617734,53.3395647666965,8.18396265745973,-13.184721160616093,-18.1847930867809,-54.743474541266465,-70.2516980257005,-16.29672266946322,-23.785864713115544,98.03969809247144,-34.42225627257105,73.07416030021162,-32.65668054398098,-2.496791033050471,-18.609243505148882,72.62679250463225,82.40687340666054,-74.80664473906273,47.13774973404091,86.91311494142775,88.19978556501943,96.32977525765335,70.20848971718044,1
-34.267090926016806,89.69066139243134,-75.57801719799464,18.60886683735683,-92.20079748501769,69.68507581810493,30.868401098543927,-30.83878031791501,-95.19899103102223,-25.583549007420814,-36.87335692656954,33.2814609389838,83.08324029334068,82.16684539795077,-63.63830686661005,-75.74702132817265,14.136635014395722,65.83635598998353,-47.11914041407093,-57.594429899554214,-83.5533556978799,-0.9656815506667442,-24.858838923945896,99.55687756401295,14.625584654512934,22.614461976542998,91.94536760779226,47.29884174335584,24.174837511360252,-27.24278968018858,-19.88212853603777,15.15001670406211,22.26615066057053,-33.701545349023434,-20.651605747452066,61.748445804223934,66.2013577979549,62.590596729441216,80.82158109152715,-56.35023349768573,89.63256100406116,43.94516712014172,99.41840352204972,85.49225604868536,28.85457319393535,87.55699136032297,91.71063706252534,10.652880406546103,12.80475872043641,75.86020931787178,-1
62.11066615636659,13.5890461105259,79.60610978999739,79.96666913745449,-4.63130633643658,-19.094522885226056,-22.88048149733332,79.1379888533233,79.31493169380204,-35.58649296085406,53.552923542867546,9.383102758624844,45.43256194802768,-84.29275144144026,-52.157782393156246,23.54538481235886,84.65990165398588,62.58568107878742,44.064583295712,-51.974675909696025,8.840000422725566,86.25332548026756,-71.78804010154059,67.34214411669234,97.27115910114821,8.013143056834366,85.5684533212389,-96.13911665642667,-5.7263688597018785,41.337541692108715,-25.13488707742924,58.403841588027035,84.92019808434253,-81.34902604292584,8.22058329083022,77.85800441439113,-20.942307786078047,-53.98547577925932,-98.06549223061616,94.43659363740821,82.21475138129583,37.034538060309444,-71.87672862354322,-12.379042070484743,57.16566477805293,-13.27081505359402,-52.01641622909503,54.455325140388624,91.32130109271438,5.6964001919094045,-1
-32.4769657192744,6.422697053063132,-55.963359610037735,59.08999215794583,5.47992442453527,-66.60938225056026,8.85079322273954,-29.75612253024383,26.742319953105806,72.28360921910348,-96.79436870897537,-62.35356004619088,-84.50327468890346,4.934461337124446,-67.56332551842452,96.71945994775484,-25.27886809318818,-18.15008524292054,-46.28857187587179,32.961551716048916,-7.935721988520328,-26.33792358265366,35.77564647811931,76.93647548433756,-77.28909123130123,7.5846062535771495,-17.60806402084023,32.205411646873415,-6.565173329510699,38.80398916491308,-94.20145100020403,35.59960304851691,-88.60942654086377,-80.80486066077741,-51.30872844560048,27.9203497026232,0.9249365863395269,42.80054170470228,25.27310839525157,1.546192802447635,-37.93399857308739,20.109247800207243,29.55419768280092,-78.92130520982734,-24.859845115583283,87.30099618036908,-61.38554524065374,8.967030937798853,46.49002317346125,-81.37814387990785,-1
4.4486520109608705,74.4247817888303,-59.96995115103798,-83.04159679083935,-98.46719347015494,18.712187075757186,-86.68705441715542,31.743527745404435,-40.734839620039985,-35.91974277195702,-73.11331452609,59.02205650534492,76.25013633637795,-42.884076752272726,95.6530927058948,-99.85662825868404,68.28795199124895,-19.290275837262328,80.44912461924628,14.62984959624913,95.65389719979763,-31.824692083212696,-97.76013894885918,74.40594696857335,78.24588820629347,90.48413895069126,-56.01313723388375,70.42791277089515,51.17483023567743,67.38776896199124,57.12035848460451,-57.907556571599315,-34.87104461002146,-70.56845980725532,21.834975875931633,-94.99273275251123,31.895935657357143,16.144973228561142,-69.77320003022123,61.6652797843129,-68.6655731304964,56.473159030231926,-44.87115395154453,7.801647512059944,-68.15152119802146,81.07864658580107,-2.8353265697398626,64.37427097416918,45.50693129808215,-16.75606384847461,1
-52.550182500639984,85.90582884956518,-55.84607744224792,98.97326343395343,-39.04978092277334,-40.03989448695282,-76.489739969956,-37.624112847254956,64.01350041112988,-35.829091450031285,21.642275353289335,-39.68262602528969,60.63410232654621,-16.978564629013476,22.33113512920282,90.82632831421452,1.3099999817094385,69.04511163214798,-34.11666852511142,-0.22979525114514843,56.81235596569576,-92.4887860519621,-50.25134674176355,-19.449276250511602,-11.425898778821903,-77.46042791233496,-7.493011340858786,-57.69589645115452,-76.17998847812888,-73.14060712096267,7.885302915247266,76.45621900907662,29.106798176029713,85.41382321023701,-23.632180687774664,-29.73689094936489,-34.770056576127686,42.65634447644723,-74.08925244790088,-78.8529464147099,-26.721466657038945,48.75253485057806,-77.82387828030299,-58.64682811325987,88.83018184656345,-84.02011980962129,-25.198960125342154,93.65871165459026,14.648532969601163,-96.5170192117548,1
-55.14613810788804,-17.6318171705463,58.961909749985864,-8.039915246135962,92.56207141480519,-25.652141018733943,38.78991810203135,24.537908189959495,-53.25184159265115,50.42286653939496,51.23844682135609,89.1430216882049,-29.858042401583134,64.74889238245993,1.8226770375044055,-10.545406368575598,11.562025147086885,-14.681619789121328,-19.525892091725126,-54.71407898247001,14.077465073506161,52.41433068794515,-91.20567167570903,-18.231267654986354,96.64319733074916,10.086077589424107,85.30012380884426,-75.58924658373681,74.67388792988373,-38.541271351541376,-88.36977588671976,70.96683024746721,-14.390441611585075,83.23020536288027,-83.93537886209333,7.269925579911202,14.662748914304416,62.22170286856493,-50.09562848276954,-99.32320268520452,-30.911278107897175,3.2631977698235772,61.98900183058055,-90.6091921535197,48.475276574527584,82.54532521767953,-36.1945463253301,10.081888635697169,-50.08952155697599,-46.991294257731475,-1
70.601891093472,24.84759918279842,23.33006290414761,-72.5780588542002,-77.01340058808663,27.190941432745703,26.283784243675285,76.91737764592276,93.86436245683578,60.48035689026486,-4.978327013632921,37.33572234482588,-82.77284569019274,-18.421152643961918,62.48273152478009,32.47437198255071,59.56047444172154,-79.7943507017483,-38.468982528732695,86.5558249375469,-96.01970325198444,-96.92674985305534,70.44284134459588,-77.1417428326287,94.0153237820002,-25.620800091764792,-3.263910848426704,-57.416542879138866,99.10985294791382,98.2803726099223,-45.69330341829949,-92.41661118527334,-90.8159887817474,-63.40532331702611,93.10216491358659,-26.049498405394417,-57.6769345301237,51.46835613451026,22.532249430399816,27.147355651053815,-22.607784096452548,-5.840117012838391,-67.3237087070899,-47.87469733258487,-94.2736590532717,-34.176917421034545,-35.47758771171647,17.354078498779103,43.35960586079048,92.77777362209767,1
40.39337545154066,44.007307309214866,-71.50089141969735,-49.065875590789766,26.820806275266264,-10.891672251621827,-33.27432083262687,31.406099646821474,-74.63519548991624,-51.76695713844761,87.98487457714177,64.60071488938695,68.73610593299554,97.855989021277,51.67695431798356,79.45969914994771,-20.382564352753832,54.574787276370614,-95.25672793884188,-20.178140088514795,-27.90739417014889,58.83254176752192,63.34905589453629,71.59149107950168,34.32858429098903,52.46375233879516,-15.732036677790333,58.13190520912218,59.58627350226311,-4.059967493290856,-28.77216759700636,-93.36070277890602,-64.6891615514319,-16.66392391371241,-75.79024476553226,-29.107675940822688,-91.41754546796116,60.9093384285066,-90.97780089592122,-35.07505520431111,68.65189612954853,42.33343539713573,-58.493972917439564,-63.514662902177264,36.16341799070719,52.204120843089356,18.33608390640032,-8.826325679613106,-49.61492592867152,35.37710335131544,-1
-54.41296749161167,23.65095430605919,31.048396127804352,-64.93941152846807,96.82206380729957,-24.536389207361424,46.54669495723303,-50.066209451953966,58.43823896033521,89.00481291611376,82.56016008157235,-90.24673623737192,60.45473942949556,63.672128279043335,-17.995242651651395,2.686899425164029,-43.340694400459554,-95.91967786235872,-21.40984700172939,-22.711329813836528,-85.40633341486246,92.45830833451737,-96.36840687858424,-76.88866023273224,-34.49054581230142,-38.04550305519019,-79.01216393441011,-9.213407651401923,34.75012925177174,-7.125935963591786,-61.74136515957856,-7.354072518194215,1.3423527865596583,-3.336355689549336,-3.126369731468401,-3.1671505215996376,-26.91482393955056,91.91068285998,65.75161474866786,-62.7798876121517,21.32445036191642,-22.1172914901792,66.49847401122884,26.726487453222674,53.59349930157998,-86.14301971115484,-97.60426210596714,-30.103404555197173,-68.1147586223396,-69.11797843154696,-1
-88.72490066981457,-36.17990535134887,60.605179566532684,-48.69398751115044,-98.22734297730622,34.295829733441394,93.5522930539124,47.59018947951844,14.424592744441256,45.216970296770086,-12.997081131955326,43.99936052548924,-26.92663168986944,-23.30377548499149,28.09665862844244,4.887269171549875,36.00921127485398,99.39810056251022,97.77514242750865,30.78022927385146,78.42240313821628,66.22544334354913,11.10179567909664,-10.42173103110737,23.219712429870924,-62.79831362880095,9.547488864854785,-87.12502329699208,65.27184203500082,-2.4995442759440323,5.487216985845606,-49.306171751421225,-78.30374848671687,32.28040662375662,76.78367928685569,68.60868733434069,3.799091286432983,-74.08285399800312,85.03096367810872,-56.23306448246148,87.34389586547024,-48.434860812812055,-90.42039570651504,59.43355444507475,30.784273985150293,-98.74289082628177,-34.70984591649939,-58.456895655061714,-70.55995436796884,-79.30834325900939,1
81.07639528385272,-48.1153133137415,17.070872879350432,-34.61367673238418,97.60719323111837,-39.16025607274383,-51.70070294862643,14.608440123803135,-23.57210503348614,48.313221693365904,-35.80059087182043,-55.90590380012603,2.41771533973278,70.29783632930932,-64.85695083263482,-21.044936645663427,1.9446343207130354,10.745646279672243,-60.23429394270401,-66.29707130816315,22.03571524732837,68.43320601227663,1.1966658314126875,-14.023448375030398,94.21449172556393,57.26191054205597,-63.17399538376303,71.22604407060916,61.22236353168097,-93.46899308115948,-36.442918282627225,-59.119245046892765,-0.7529652260097777,79.52280166847706,-77.91312573825671,15.712011039823977,-30.82198488359535,2.678014705636201,1.5076650184151106,74.04833164940038,41.275841980608334,-13.275982937446827,86.74952704994638,-31.50874294067296,-84.4051152956377,57.49791372587475,-36.12566671234765,15.009433288790035,-17.972402855711707,-2.4394022262370214,1
-89.66365576627845,41.44772686267973,-93.68277103487159,91.30027965989603,60.51713591596257,58.51902325767665,-13.305553448873127,-40.72847729734232,-83.87691896607964,-75.23079465883652,56.70030051758178,-40.11537503937868,56.58472285151447,-88.58018431096473,-74.19271822211502,-92.43597268959294,57.65504163416594,52.72305979233133,-46.9753477108521,56.97659667755886,82.24686206293427,-29.756596072302386,-13.429778640865806,-64.5729090413995,88.84473489475735,11.744681642510486,3.360118938124799,78.93352486280273,-68.9197742521969,93.09163568796069,97.90962385897541,-1.205002338946798,-16.903582660079337,8.15364656546727,-13.336101953420638,94.29541405405476,27.227306085626196,2.4156907875358087,52.483924329144685,89.30167565838826,68.73848068761336,5.041213891417698,0.7487390749457319,19.675788639899267,-43.74104089435102,-98.02242699661585,-81.30139766911384,-38.39492963961253,94.53375800671523,1.5866534344125398,-1
18.17858863764836,-42.98096626123058,-42.592373365017444,63.48994169823831,-34.9791969136602,-36.87453124733,-18.06578932480147,-10.192246413974829,-80.67103314244955,39.40483320085991,53.81222663194484,49.50412734930097,-71.56372472252968,-73.93640238174181,-51.647098504063685,-31.53318350780185,-61.041239471214645,62.14609304608254,-42.874680063284586,56.530312564575325,-8.473625090964987,-80.16109397742429,-82.80525294415767,-95.76723720359234,-27.541400336702765,-79.39616111155878,38.561678769820105,72.3128568499913,-29.507443120152033,-21.960806550019527,57.22308956062648,-88.92185399581216,29.916188923567802,-30.29066967932448,-45.83357193200814,13.898367704001942,-41.43742897904312,93.27945837485746,58.42115588299163,70.42959677040184,69.3450817579722,-24.646451959117684,17.23006483260528,-27.98198083728984,7.1593292373888175,-30.63955604239925,25.342515191357535,30.67965351799785,21.67659062995908,72.77720653579141,-1
-22.366014758695613,55.105523339002104,82.47266912333819,55.28948929994493,-97.65867785381919,73.35407090120006,59.24829010827369,62.93420094199783,-88.08258052937126,25.08669003331869,20.649084536805958,-8.921018950411835,-87.0201440923181,-85.61865653671089,40.89872728233695,-88.93352256733078,62.53860867515647,1.1484596710888724,4.016536643316783,69.8069026566946,76.02627068672834,89.90748742273036,53.8373579991856,82.12250147452104,54.96555333092428,-33.15072516857373,-48.517753960658915,-38.06388712970883,90.41168365944213,-43.08783204767948,77.42839973882874,-83.09133292397539,-27.75545295314275,-10.788554867111813,13.094426310050068,88.51554637857743,-97.56633092359337,-45.050993511995415,-88.36939440202998,46.72881305251332,96.68302305328558,-44.37775051512871,11.53438094051333,30.31852129614495,17.066108378012416,-9.906534459048459,45.420565542731254,-96.62656365302826,68.8946535027695,-79.26394192579416,1
25.17198314284728,19.077003464008754,-91.9781617175035,29.16216253104119,-97.97376319445132,-28.284307695025362,-51.69987440143331,-86.30990948679664,26.29175851660412,-78.26349212506159,38.58178220495353,1.2089384823673157,41.947416960204066,-85.65293125051501,88.12799983722277,-97.27203083282379,29.32422673151106,-91.02379670545639,71.25702560935247,0.7546887449268098,-2.4803123900878177,-89.27432192571017,72.53481406637783,94.70531036745035,-61.189223950879004,3.3306978522485764,0.3405968352698068,-70.7248122663686,-27.223921274623336,-20.119939644341045,24.439529256026617,-11.168185537499937,-75.2478667831978,-24.807779567729213,-77.0704393955647,68.45641974964315,-46.70661175815947,37.13532726673884,99.44701431751736,-38.80071824855269,6.043809564198739,-55.13947463500508,11.499751935989494,5.892970394293329,52.90331220722638,11.651926249719864,15.907868698745077,-34.05550823446649,15.307000153631776,-43.74814189497405,1
95.17041589250692,47.28884712494457,74.19382474921713,54.930706236236375,-20.596991752561664,95.46158159830074,-29.895893142767633,93.94472655959541,-83.96264863757735,8.92617422142716,7.10849461955965,-82.32060657064832,-11.374530935417098,59.93837240055825,82.74549880129186,-78.60174776507534,-59.77269148192455,68.27135426103973,-72.20801895021675,57.934722758551146,44.840982561674025,-82.28636523498398,-89.77367237866056,-77.04274426787751,-45.20187990548199,64.9893858921115,26.757683909000434,-74.55917613244382,30.7130305362204,11.540952381334236,-84.78212573008474,-77.60540590260135,18.212415609797844,93.45092450499038,-88.06566886350066,-8.274302513706829,30.915302834827713,63.647457403845976,10.280894981180126,54.27603774404554,43.45433783746719,-64.34134767268952,59.93576065496282,-79.26617290355264,-30.57188058104481,8.234766027621077,-14.798984116731148,45.13953895662817,-57.07049024596038,55.8413480536457,-1
-35.990079793877655,-15.715089881500404,32.76090552436102,49.14675654624642,35.424127947001864,4.502036217117691,49.63678240976927,68.84246505722862,97.9010666768645,85.21191196365311,-30.389608904535905,-80.17077754447521,-88.04754516432311,-47.49794190336687,-27.27771016198723,-91.17088758250891,-9.103453408928658,21.34391595644641,-66.57313702613857,83.46978030134977,94.59547608406098,21.751665025910597,67.9133412950844,40.34620815115696,99.73969636825737,72.77335119764166,-46.68997590914261,3.147237674808977,5.912618729667443,43.09683595487789,86.45642881415617,-60.83499022896846,75.86529980316473,36.445275341198226,54.94468584412027,-5.070368443639012,-88.92417317040841,-97.20384163209764,55.51500540781004,-82.47152423405197,-15.640236143093816,72.11904494319026,-41.744701636710914,39.10209529165499,-39.76689259974815,-52.815382534477486,3.466899695899045,-37.80105959760927,60.60922531197471,78.51675527792406,1
-83.29985666026624,19.48262043406166,36.64960565792916,-13.196126765224946,-31.51040423305733,86.58497251393442,-89.33040060222046,-53.23743338138718,46.174069155232075,69.00792977932849,-74.8713015175372,65.08797914972575,10.337593561292337,-95.97565562938519,-76.74526394142387,-44.225614747807015,57.133320388891235,15.391830024195812,-36.26054854292053,-11.970310555173498,98.75462055358634,99.93464104841846,72.35476795787093,44.37063210662245,-38.321081606970786,-82.92624413468694,-62.32104651990156,79.73861076043215,91.29962495541969,-39.87361428366489,-28.217401800393873,54.397814050938166,-18.279005855351983,-30.196257491511375,-15.365432094649023,-47.28510235972323,-10.0080847262781,0.10793542642508669,-46.782452826210076,-7.299686766562957,84.37916051532852,-42.21563363683063,-24.65895951681547,32.93188270781974,49.991020220815614,69.48417752533115,-63.58647754439508,81.5012698530793,-40.411908254192184,82.49499714386977,1
0.30325893743992083,-70.01651453024525,-79.01396431636502,-36.91862085039745,20.130213309671177,-13.436799558106145,64.27767258013887,86.3109828618962,16.347329484237335,65.50473879076341,-54.50367926129201,-24.935730845397245,30.545624755444834,-42.54846102458647,75.00173994879404,-94.85151805055676,48.440201824226506,-74.72597161059898,-32.76693228408401,-7.030039259189564,-3.9526573057946592,-98.83924623141178,-39.993903880900675,-38.79877895821136,-21.849930458181348,-16.122032406322134,-36.58524612738836,87.53642043189404,-59.22270490789523,47.71189962315901,-2.7993103523546523,29.53191712805895,-65.6729965169254,-23.114253386523416,-18.26480424156057,43.46555740817391,34.30670581092576,49.156431600254365,-10.044411686859362,4.078445198592462,-45.26674917963467,98.59300036386443,-94.78334266305563,4.096682878109675,14.418921345634715,80.57295875832818,-85.45775713108165,-52.61282411550352,49.983484414343906,39.65384638954171,1
65.29149322154834,16.60831219393843,47.28040301312811,-92.93772901195219,-37.75650098732128,-16.68683430354156,-34.67215011481781,-49.76614649031974,-28.372056694171107,-38.46418210441029,-50.47367138571226,-24.8357561984118,74.67222356828759,28.673945013952107,-19.096095108352998,60.62661778724919,7.6768373792866385,51.08745450311622,-39.816185366916244,11.67689551404439,-60.866740874931516,31.247978649671722,-15.76172403492184,-16.508785781251703,-46.24058076660449,69.55805407257486,-5.91355046735174,67.62983307527139,57.828790258582416,-58.981249255278016,-60.844977717372764,-55.746000274823814,-9.232423748603907,-28.833924266467818,52.68356284413437,-95.80340074273937,17.888644120849804,-3.893731368318342,42.581158072967526,-87.55546092423145,41.85241875590003,42.24811836058791,5.731166435371264,-10.850275386385562,-53.02196680563598,93.84918684221805,63.98008599689163,-87.72541403730423,63.81437692230176,-74.51689623968932,1
15.656028199234797,-63.68045663971487,-34.70773835120163,31.87078444115653,-71.99518048933646,70.7569843409334,-6.738048771965978,60.19614008067299,10.47322756344687,-16.521043534170417,-7.928925373034616,-96.61744001567854,-58.4977009230242,45.84804981951359,-58.435231708232834,88.95001604204236,17.559081013274437,13.288737017325317,69.26360255617473,8.471790098464282,-78.20000202740478,44.486684604482605,75.94410661204316,33.307691059537774,-41.63536248520654,8.540249451329004,11.503652933455058,-47.53682996689308,-10.108161363251767,-11.078880152779817,7.286079357898416,29.186836960187634,-63.837872992472946,-1.1371503899880793,-35.169119407565375,-52.80488457610972,71.33964462551376,77.25227690596265,42.65060625025416,10.54115323257551,-56.17100635348393,37.77862160648945,-40.86828563138036,45.88399865085137,64.70567519624944,-41.05354484466173,80.3290846510177,-53.18041619520011,-19.537735765167596,-46.25867599265996,-1
23.643612663252213,96.88043614071043,-2.2306839486159618,12.132018883234181,96.80263264209285,-84.30883673657522,51.3460334137136,24.55068064796822,-4.982025426646388,92.31014642751325,35.374455165515286,-50.34250407383081,76.32706983508214,-14.577510716133176,-61.310554397612506,19.344598021243414,-87.1912952270423,-65.73509110912501,40.22822627671539,-54.51034918704008,28.355080888202252,-58.222221457031374,95.88397462757044,-84.50284050990172,77.30613414103357,6.744132270416131,-41.79932731994369,-85.96067771845728,-95.78386791429261,12.255102971242437,19.10052011456156,77.67273656025282,61.18587323189311,-67.23726728113692,19.96824422862285,14.427549433070695,-99.7513122267796,-0.087537771952924,-34.504722657075376,-52.244998336088,-6.287724773317493,26.765557388788537,-3.3298673222233504,-99.9385849932489,-96.11688802468687,75.19746634148206,51.70898417932273,-90.86485228672936,-68.26896600738121,-46.69803255120033,1
90.97305613263882,7.479120587584575,95.17305116382627,28.780850708226126,64.75807684425894,-35.66600206809028,56.39199543159182,-58.1881252586308,61.93500725317787,8.911064930935098,-89.00673863203559,-65.20725881933227,-83.70522045741163,-56.94619084283315,-86.3979536095159,-9.672200896232425,-86.9998422102223,75.70614984143117,-63.53296328435609,-1.2025639713017569,-60.05434397775269,39.49225344534537,89.0377159519089,63.582925209332956,-59.80519344175208,86.65173351617076,31.82598252463214,19.798018126205292,97.38073328705113,-21.31036935527284,-54.59363314354626,-83.26731798976337,81.19758125178299,2.1993583868684823,0.8296979456632556,-77.06375152426597,-48.606229220145835,35.46431759229486,-55.130562725647096,-6.517899948507022,-51.20730371628734,23.78929922776345,39.59194221758463,-40.80335725675839,15.119549753359081,-69.87994531448145,-74.08356641401545,-93.1607028858334,57.94635266400232,32.16158858550568,-1
45.92123566761282,-84.82733437826721,22.682277842141545,39.02891080951875,-78.90526000867388,-85.64483875469739,-18.369661826660376,-9.202017760060201,-73.80525140116518,-21.288932778736893,53.749426272502575,-14.621054435339474,51.904029743388804,-5.859800101787684,30.798844284049665,-16.510343220707497,90.12127431597457,74.71506115194683,-20.19190959033918,-63.86901958176594,43.23477539128612,-84.99558222141637,80.98590339636306,-17.15988913907131,25.487801536430197,-58.29449194016245,-31.412976832658927,88.83487270113238,49.553055428006445,96.50975230791988,61.49974633133215,-58.422388947371104,14.39653706880253,-67.41677904694185,58.88824018427877,30.463840310710196,-22.443368510724213,43.83287635577787,-78.82419570523956,66.64585279756113,-58.22179315131901,-30.958579832933538,98.81119135362272,26.1033970427996,-10.621167988684775,-34.489647031847596,-28.23922388622661,-0.9396692620779987,-79.65631119207418,-39.52692152198662,-1
-14.363170336537138,-23.221755725357724,-73.75102446352248,-96.16154463538867,-87.27181814267153,15.659679884072133,0.02255041532539792,32.70471878269046,-49.82418002185995,-62.024934180816004,59.560936268214505,34.85871474000493,-66.64253296326517,35.834339907598576,33.70933902279708,-65.74531786675209,-56.77283753781586,-70.09013628861109,-2.1606964038768837,58.49133382785266,-67.98517890265387,75.43098007423885,-5.125472005076205,-98.8811688236261,-93.36516844884524,-81.73822448436785,-32.784322451552384,98.56289245110773,-91.95104587614986,-8.540040400620413,61.60294981255669,28.194264824427506,-21.977357313213375,68.49442571867158,-98.04555371610375,97.35511947711154,-80.29698530629324,-99.21478860214692,71.52224706511149,79.73127675088912,5.149582819052128,-37.647189669574075,88.20686075790894,-41.650966351766485,16.55302268870888,77.413952583147,-64.24829930578713,-87.36439000923613,5.605470146044198,-91.83191141000233,-1
-51.62954181990966,-62.591250288495324,41.63441772905631,52.96196018059908,32.996980695199056,-19.14205054902618,57.85856966393712,-96.16890288974942,40.122299278890324,95.15576370978653,-44.88664473816431,29.185578604607855,-70.87427065891532,-85.4527476445607,21.01425068754874,67.5682761811037,-27.03638073842862,-62.38828670418488,62.8417534109326,67.11414199291207,-72.75326969085486,-51.33961440340657,28.018079317234026,30.697786411649503,-13.243119558525464,-14.55939454363309,91.78092096904103,58.87046584953504,25.464893904634266,-25.71320987065353,10.35644567882072,80.7449840747615,29.13706503484815,-1.717249075423652,-60.55882055379984,54.80066258195194,82.7844398132608,-28.603638824448453,35.40813702954347,-23.870770660508526,-91.91085437539985,9.128225318713021,86.7258888066128,-40.60580852968594,38.51279830286654,-5.403246669573235,-8.506601539417929,43.69484295518504,29.74518069507576,70.2492247011752,-1
26.36744243395985,10.409436170396049,6.233905600206398,-10.277873809091489,1.0910235820899885,-55.14130334299099,56.74765021504729,93.1494419639495,-17.842238000077643,-66.75412758966826,-90.14110144711671,3.4544339508621107,-60.1686204805866,-41.62656459272005,-2.948879170551777,-99.53050522650938,-73.29688972943609,-83.23916818098785,-6.439517592532155,-9.700812176111157,87.59757309189939,71.8092659413312,-16.81669341345679,82.98638035405926,-71.44302997208706,69.9087519108244,83.46062909281011,-5.2920706202219066,22.610405173895714,-21.574429002642347,38.39850441134885,67.26197500313432,12.78489158419265,-91.86004094923848,-84.68627163597675,-78.72717339456688,73.28975612685284,38.852986012522706,6.933350978576485,-82.86992121691796,24.804187998892772,-0.7480043916322501,-96.3300247091813,39.83667499805907,90.12489385406332,36.917679530616766,15.064915748612734,-48.83539499039162,58.78545504699076,38.717216452833384,-1
-74.58789746962304,-96.3779632358319,60.117339821816586,-91.66541987952314,-98.89884016791584,-12.60082286687583,93.61316241015177,-93.5113107905626,-20.737474900355892,-40.38675976599917,54.89712062395819,0.5751040131169844,73.61963197341257,-6.52253291041491,-67.85733016180286,45.426239376385496,54.26462864337,-12.543670351076486,89.74098364783615,2.8061638951738956,-3.19221195443032,-65.32536864849837,-91.53301081950158,-5.950202868004766,-48.71632608491587,-17.271049030920366,-35.23007385083103,75.2971226174731,56.04538332357893,-57.86241659393971,-34.83288103100021,-68.5635056783253,-48.276245737904766,-32.80727028926958,12.20974707334075,81.92275937658243,66.91439137418945,-77.02338178424222,90.28110314203167,21.371940720589492,-34.80969120911294,44.18650966838226,61.37012022775309,80.74978614867823,-76.93749556359842,69.25547449458384,84.13768823393909,-61.523363755150044,-38.985672504130186,41.726139594196695,1
78.05275677818327,63.820463534839945,-10.261275475493875,45.901645730479345,-24.934018416079624,72.5280942298358,-15.332971169360505,74.13769109148788,12.77858421108047,53.949324571417435,83.01969089800599,64.53149369608548,42.939217801324446,-93.78637395110874,61.49558713038178,67.72435923961135,-63.75639127727655,17.538893906262444,-27.335104886197996,63.16417020505904,-35.630672959735946,35.67862928118146,-3.4923185066654696,89.35823445632411,58.58045566592716,-95.06878885862142,-12.480451249241284,-79.43828765282922,-34.338257928417605,70.95566925911584,37.42450407196114,6.3963599810001455,-39.55012101736051,93.4242356509495,86.32149902953222,-93.41784060901215,-9.250209212489708,-80.55511641471504,-52.069573396781024,89.76016593552708,-54.071064401970645,-1.4291322190126152,-77.98093894762272,40.49942336478236,80.91820317063366,63.97538236521564,28.350415426309922,-38.189151599930035,94.12824934997761,84.05165002235483,1
71.09211680220145,82.96918021362,-60.091509814170976,-74.38085072676,-8.752698208891601,98.65100308459282,81.64569774006458,86.5109756838624,19.89222793174332,-24.527364640669845,-33.024341972603,77.31908830047968,-66.35268417830162,-26.67245998070871,-90.04379969539124,21.13984809197514,88.19315756855877,0.6136645264056284,26.535406968271985,78.00378022975295,-49.98864829796936,14.990698645928276,-37.46873712895611,17.73779486720322,-62.33062534210998,83.77041025178193,71.27481964296047,92.59518847289715,15.69465020037714,-16.45276109768747,-93.37330756135782,80.31712524197258,-31.065371797490442,18.494929512722976,-98.53790226901185,-89.26956719806185,53.61798104382805,-91.96643720988375,1.9755309520813142,2.1772016449328078,51.627692301857536,-33.1013331976898,37.21519285243397,38.62221190941145,79.87183993523485,-91.42264803211782,-17.51410199744828,-38.07542141476874,-52.64554771921932,31.547415797494466,-1
-84.6040180342414,38.07896572587305,-69.22081873202899,8.002382920902122,96.7042945430444,-87.46207567562683,22.658336977475813,93.98530506903816,15.376240262241694,-24.6647119141075,93.25485954963716,-8.139262357385249,88.75327644240286,-38.32957566476025,-16.817269140498098,-57.75834828240966,54.082357413728744,75.49784834629762,43.480711081042045,47.44553544996535,-66.47568723188311,73.75144610731743,31.155460356836016,-22.856657447795996,-62.80931092179467,78.08444075583304,-65.2721374749176,-15.397110751647475,-77.899729754462,41.7408578427293,-70.58601908993131,10.526916365838773,-68.2916928816779,4.643603993458441,65.73898844880037,-11.1229946723888,-68.10798044264656,6.13762821248875,24.959984414549652,19.65058610341039,-8.317233641560449,29.114727374634242,7.047867382946691,-20.470028335397444,-65.71337176436234,-59.09120849101299,-28.180723292721794,-13.752601721878577,27.27316203332842,90.07742883582253,1
26.461166118715894,97.30304975859593,-74.22602650531095,3.135885539299551,24.18571349568623,76.03134758429701,-95.6173342449982,0.2551289251458684,-82.98872290215178,20.862596448063968,-91.9332295723096,-78.86993091021387,-39.76488260052824,-11.62925838178721,-17.813419007448346,24.29288453135692,-74.66882543056121,-17.58127807349217,27.586097915933095,-48.99926949978486,23.222160083144217,-90.40648828410482,-35.0498782065596,99.72228540749083,25.636520902071027,20.65830212240347,18.62119102243291,-50.063787132135,-81.48478658958025,57.800976912138935,5.838019749313389,-78.07500273399954,20.334004352718765,-70.87084079470046,26.807394682721736,-10.381777440816037,46.347994717121026,88.67594379895021,-8.926453299287289,-84.88298151891054,89.14768439789054,7.619387094567401,-84.40998611381625,-31.665192009743407,-74.77800373263872,2.922558247552317,-36.78405626409899,-94.1114970510337,95.71755116995641,95.81388067669457,-1
94.35641654419214,-24.54316737907547,18.481556931903526,85.40019358485907,71.63541063143279,40.50810030696138,-86.30825613328439,-58.49181275885931,11.315685700430663,62.38924692757669,86.51334174119219,-90.1990710057453,60.36517997510302,-10.039201859114272,-74.7433054830862,-95.22316173617145,-42.42409933303109,20.85190319738504,23.470850197613416,-95.67460150764124,10.685912232745494,-46.891163039351724,97.19486353710388,-19.868430312409345,70.44730499518218,49.28384656882099,-86.7018409650467,37.656934073601576,13.565218279916792,27.74468176340119,63.86375246939292,50.50373211407242,-77.51905774441023,64.53122454207707,44.19968400898077,64.53069181007382,79.18182774629815,66.5738083595979,76.64104037469244,-54.55586118001789,-35.66319066659311,-81.35770584502609,-95.89549765749695,-52.0251881927897,83.87896824173569,-76.29181260487034,79.84443039494548,-61.66712259683844,23.062281445487855,74.5235940393226,1
-90.91072393170842,37.68047928554722,-20.765461678148924,45.58786139475305,-3.3185128053706734,-89.66625566840779,-29.015067824597992,-80.92781574539929,-94.96018103578608,45.62328746723327,-54.96779515681362,13.37168665881893,90.10071231782698,-14.110420584259487,-15.820694248154794,56.7905036195682,-81.70340841407058,-24.79164177816871,-98.87373745038926,-35.040216923927886,-98.00805175913933,-92.44340638708097,-31.313882396101377,-44.86282061945994,-21.312902112627953,88.97512838210886,6.239758848302301,-98.0828719711211,-92.01356214687814,58.66896557219519,70.71004559166335,96.00008311986628,93.25525037947921,-40.668564776387825,-9.18477113753164,-9.251648181139686,-63.020520955360126,72.07006696171129,94.36941085615771,-14.836570697659695,-32.23140968339584,65.0429989809146,23.59974569939787,83.01998152157256,88.18709522506288,-49.52550469570583,-11.903269732064373,-47.311318502491815,-55.98645704902763,45.544219265342036,1
-82.3014995896161,-73.19695430987186,53.43765778622537,22.19619777019834,-7.540887799878561,4.515319867349035,20.727440111875012,-45.27191642784567,63.676084955907044,32.605440744629476,-12.45663501329173,-77.49937389467365,-5.619497887095392,-26.742722758695564,60.53124883044396,-62.27355071518503,-32.73745449900889,-86.58125347402425,71.82607195024667,-78.61602712403572,-10.475225466895012,-79.03547181184689,19.87584445222035,72.1860965157392,62.16410756763025,36.592883737737424,-45.08546086408067,-62.21722871326092,-1.6119234781286593,-0.28615660728894454,-71.99215374712958,83.74474986676609,-29.199011363751467,27.949542407535915,-6.121124293734198,-28.952896533899477,77.81731666537311,-77.76613344923176,34.730866156448656,38.8448978365451,-54.15875776746179,-19.22328662278244,92.0214078337124,-75.42244210772219,-43.18198793623858,-95.90430777512013,81.10965632078319,2.156323601416176,8.571070206267791,-61.51087892775185,-1
-36.13727248191702,18.058988502961554,-58.83175799264635,-38.879156901957025,37.654847156047424,-53.91666757653002,-17.7616964010828,-92.14611715166954,-84.6483876222524,76.89574551935183,37.55384127314696,-18.733553807246437,-90.44372706371892,-16.785865918262772,-15.162988850804766,76.13011549291556,-10.302954399473236,46.45811348513922,-68.52429702622649,-34.37056389698627,58.74348515704247,-98.85581369160707,-76.07391209678593,85.31142302836761,30.98554695442718,10.549489519340696,-75.68867409634619,69.74726555079357,10.916134307124878,-48.486454870096615,49.57845080521665,86.60297462608412,-35.528981318764735,90.5531794306666,-51.23522947991903,-66.27966175248952,-2.0817285888799404,-6.982267417090981,13.672551769518762,6.127451333130438,-55.261447047057175,41.94743850510426,80.17597979763624,17.25536968392369,58.237953112659966,-18.57260122454454,-70.61240081079747,94.26594004246397,51.6820380854125,24.560027695461955,-1
71.68255036860236,-41.370453947797344,-13.822495267638814,23.197090052035804,-69.10805055533524,7.818910547201739,65.0831328247896,-70.71274867943677,-40.67750356858137,-70.56734978101093,-81.51009659258668,82.96842997033093,-0.3621401652041669,61.34156154901228,-67.5003169051117,41.21162292760616,17.945807215293158,-35.58388493674684,-98.14949551281953,43.552108963246184,1.0664066671760537,-86.76625565496383,52.72638310942682,-86.59438419249545,20.024787987899302,-1.240220856850783,9.743921116609883,19.347772555981592,85.34256906155466,7.476768487873613,-26.989869178893827,36.05312574571491,-8.15252172718182,-86.2438684604682,-24.08127123551202,-79.01912273013774,-24.9097759885575,29.016900705965952,57.17432511862111,-45.89303117320218,-76.48658590535445,62.835779327476104,26.081303712208978,-85.46159881624071,78.06590506847374,36.795735364082134,-19.67628518415259,21.361566920486695,-72.51802595320163,13.792627185058606,-1
50.12295032817167,-80.11172144813096,93.96420901570895,45.29234302260096,41.11717252876491,62.1757162015837,-92.20413586777391,25.964130886941533,-80.39846304385179,-94.9302791472123,14.239836792582736,60.163619971950055,-44.04661382259183,-70.12012230924555,-42.74819292336336,-36.67951303451742,19.00926898475224,-37.805395723393346,-7.571905346019861,-63.19179303571065,73.66479273007357,63.84611536802046,97.97843244797494,12.075972027353671,91.70325500052115,90.73129019265426,25.383255862779123,-59.07490548819603,-26.79692248162482,89.3277454429905,-6.681425312876101,2.3655521325109135,-30.968507172803967,-49.20672033755557,55.872653009543654,56.16516668218563,47.24751934302358,88.09754739384996,-16.849122464879613,15.152376743246236,84.00315539920135,76.84774901693117,4.035880379704153,72.61479971811471,87.75432220287794,45.34782634592551,-2.479835720258805,20.00548053582598,96.45968726408387,93.6829725391236,-1
-98.98768323075626,-49.07186904724723,-45.27466674366683,23.917590979565915,-41.55635390762045,-96.48952732667422,-12.157879750056537,-43.676791578873654,-82.79356859341135,64.05066378897794,73.90673436299596,31.312540479930476,-19.547917263291595,32.29324106473038,-23.36710628817484,7.475838088771013,-38.91730029144973,-86.44072083437749,58.38130768444739,-29.51345369223168,-94.3085216312155,32.43717714236672,-95.03813399148684,-24.951773500617037,-29.63462058263771,-8.603928074399022,-70.33965303845058,95.42906656008117,85.20148352065013,-46.219139087703724,-73.20026375886586,17.812030705058262,37.85681635019296,21.19003460154221,48.10367293648986,75.99713831216727,10.067299552388292,93.41108064566203,-15.606123878251665,-84.75632131099036,19.60916449340469,6.213603964472611,-65.49365986257827,-6.895998937170106,15.608022325760047,-60.796270939028375,-1.7633599140793876,-82.85540631414355,-85.26778559658811,26.29965653745765,1
28.40632923085755,6.517886510317169,51.6526391858045,93.164432230644,95.36006570213186,4.259209530827789,10.674237949954374,22.29272224513217,69.99186610064106,-50.00542182623406,-39.10191512919392,-41.03655233064663,40.656010808450105,14.242583550303436,-26.19645351776545,99.33665558693593,-61.742168660697125,85.5801259724054,89.12593554979941,56.14654600573394,4.253550764813156,-63.126352396061236,-54.57018223261074,-73.61403484923784,-36.90215870355522,-2.351774113313894,-99.04003503652585,89.20043866780955,-6.354719181473527,98.90102084411174,27.379794433096066,-40.26320323717314,55.70285897051147,70.31022340987346,13.320343508097892,56.96744995652705,78.12807725612342,-28.04730766065471,-95.55587209601232,36.97366800536946,-87.99273739952827,76.32298819796765,-95.67186200508306,-89.22263031456721,-86.94512305966839,-84.85343250810489,27.549133249143537,71.77551525174638,58.507445222864675,56.69602970176217,1
-21.380455066647926,59.05346237197804,-45.15695953026599,99.33937077059537,19.671496859551766,-54.35292730126018,-29.145734556556874,-81.5278943777243,28.19310561975155,68.7758822461858,76.8686855942575,-80.47799237820168,97.18683372498356,-82.05981619703084,-77.99645577449128,-15.085478562808888,-74.83953273078974,-57.05109951832852,78.06051142270405,-59.1033077608353,58.0814951765976,-8.85283719830305,88.55440022105532,49.026549699679975,-83.52940193264837,65.70771518540988,43.21838356630269,61.53192031495601,-98.24504898761643,4.069267374314833,-30.22758064594538,44.60688617015913,80.60260783361849,-90.45324206424878,59.62500960128588,-71.1497371766817,54.796119253382074,-81.17840625248812,-1.0663435545313291,-89.38544356572658,-85.992954933767,-53.603232586525436,-74.03888826682412,81.92758446133121,-27.03579155649676,-82.8929281401076,-91.58683055696599,-85.19374251881729,36.824054141175765,70.20531926034829,1
-25.871570586621814,65.94836074144033,-11.249956139085768,41.53618694818314,66.72999238751711,42.884832814248455,99.12622189977668,-21.37921848811979,-20.133483960155488,-27.348929664837954,90.66143351647452,75.87861136143908,-93.502680661967,-90.60711551846654,28.951345318018582,-67.21594759061102,-16.756593793537107,85.85219503957842,-24.0198955354592,32.26762276724253,94.57132094206858,-35.99780215058732,-11.216660390692041,71.90554104949797,-53.60630956844283,51.136355409903985,50.986346614447655,-57.824431878529566,66.22779288707653,-30.98982613558863,19.430140896629467,-71.57860803348353,38.51547587938114,-4.166130520911636,-70.62562483335853,15.08818530613307,-51.59200144479068,88.42932061323907,-55.870811064208596,64.59006400444324,34.10271972375352,33.17130881157544,3.6716532603867194,-30.61733592582054,47.678433057228574,27.46272593342654,69.1209590196793,-92.17089727819669,-72.19316823632448,94.18241407255297,-1
-60.9514024403911,-28.233903175299503,30.333365075177,-73.8579246519601,33.560936645281316,88.54486381882245,-21.793426174520263,-50.6682768389187,-95.81317643465334,-13.892835817392609,0.9274575954869846,35.4248526965128,-24.259328883768134,-67.80311366252505,-32.28919451258973,-82.48508740275236,-80.61653458660103,-22.82811063277819,46.897408064480715,49.25097887004108,59.9157288204006,-27.15955547009679,-62.650743080534625,-10.129736654090763,-5.381092380125054,-48.271952672535676,35.0647053614332,44.80175843231078,85.7212659154039,8.286895321968984,-79.29128560944321,1.2503468994653701,42.899230556869895,71.83637802213522,54.154537642121426,31.61851218793356,-79.0589686275157,0.012465318041620321,45.29418643608864,-21.42154083376417,-43.67284132930864,-33.024944773409956,45.08312615729025,9.465748468629883,-70.38243239196795,47.746221092480596,60.775275428839876,51.79133024231959,-21.72186712354609,67.5793349397427,1
97.24214889592056,-10.798845408408852,72.66672991436505,-43.56258506135997,-18.483158285236613,74.28280683817087,47.485217154135455,-67.72652832232338,-16.180105416582947,19.462475666142367,26.344483665316815,-70.12367275471358,56.09422767603098,24.301462227616824,33.75065088996274,-79.10393664920838,-36.779022411820876,86.38882793087441,-57.052974975687356,-56.57191919246563,-92.98701019625626,12.816984337725017,99.86702456622308,-36.61094227288291,68.01543193754483,-91.35726009000034,41.790824685684385,50.07778541814031,-9.758918357520699,-49.78419519413093,71.24880833832407,80.99537635633627,77.2872110710781,-72.64899527732248,86.87513592808415,64.30797218513044,-73.93517728797579,60.57327447950922,31.30661398060036,-65.54703712884236,-42.06079588024563,-14.249851740337675,80.97932229462529,-25.053597309375704,-34.9344346471717,-51.504073720876505,-4.645895878714796,27.151266873503815,38.50350185070354,90.367709393332,-1
-22.2645420621036,40.81595361984472,74.73542283726775,-29.31572413945638,-87.54537882362288,58.903108898149725,-40.541841938533274,-38.707306391435935,-41.18650756464444,44.031492186188046,86.57353802532663,-31.807605271402295,-19.296001511957755,-51.969680795597164,88.66202237482995,47.10414115871623,26.35496873055108,-65.89392212124494,84.49977926050062,66.55581420465893,-48.36836646830434,-76.42797826404598,50.99574662983264,-17.186276111911496,90.46027692022133,55.720271740111286,59.3097108092997,-87.22484322762232,54.09787170025925,44.29541654680341,-96.62742598357912,5.4449503200791725,-27.476609682907593,-99.94950910188759,-55.158037558231364,28.190443969635112,-83.54562186475871,56.040699371352304,26.01044042992568,-29.72819713364383,-12.402795687606812,-72.05796187016833,-12.37986224179022,49.60072979377381,-8.013560674922246,63.67461077397894,3.6453786949755482,97.47204090706686,47.774845409274604,17.27250090519574,-1
-71.40166358943283,-72.12878518543518,-9.052028873228181,15.996757485626262,20.588575295892312,18.127566798927546,16.19007597763587,87.70595669462608,35.50916103675516,-15.245976013815323,21.46488335861318,-84.2746578020484,44.289831421914414,-35.887355127815084,-42.75513855200113,64.36029185084007,-60.18353743440845,-21.256166069392492,64.57761365870041,64.64527184929989,-69.44991366647668,72.72460018399067,-61.43961946670815,37.96825668719285,97.19438879006873,-9.57955884713715,-78.41885655540477,-28.38293962132437,99.17128583563246,-74.5893499523992,23.01023310571297,-92.17354910322813,-41.824053551156126,24.351877219079455,84.7085513872452,50.98536732753894,88.14934461553321,-17.712752514667528,87.66595571530371,-46.16927180578205,82.64884515672674,25.8244438677999,84.05718892728356,43.2773115769823,6.3485463229282715,33.15861903952316,80.04330047612129,-82.66851892116576,23.018673174880306,11.371751147452372,1
-2.1094479444873997,49.087894836865985,36.028154352060085,-27.97271850569618,65.19564254161637,-89.52899596250552,-14.479733259332534,-65.85832733750397,-28.680764802758873,69.81960399173522,52.080013457496534,-29.503790611329777,-87.41850479639521,-64.33369751435674,78.04413411091119,62.46346654282377,88.60414192914723,16.77165346160308,-0.7849042998937676,-55.022643954893645,-89.37587516019978,13.828314090853652,-16.867799699910165,-65.0006342498832,34.67831582316617,-8.989659038372281,-29.870143409196274,11.992829429168637,-66.09596793410753,39.49980720741891,-57.806142057660125,-51.992316247170045,-40.497298977244434,88.20396453944684,22.24173056310849,67.02523266864083,-66.71358466750858,55.376199151661524,-46.19329024481782,-51.478596609309555,26.604243907603703,-58.34643574648619,36.221899728851895,-56.24225083848331,-66.99253389598331,70.9366416185737,-14.209177553491187,17.609543669127547,18.554143948604462,23.27910495537185,-1
-55.57843790585395,79.04136753743987,-0.8248529842458368,-30.48569515220359,-97.4784960048482,40.77141832686624,64.5967610083535,-69.59028651510164,-56.4217240746512,-37.587191069595875,2.9484387513559795,16.487015377659176,51.262019396058804,-72.32048280637508,-7.8262529460696015,20.644427131592735,21.71431863479485,-55.701290228072,49.226195647728446,39.070850146373914,-53.53289081519637,48.4915128427113,-42.370102193324996,82.15036254762944,-45.49376619195864,-94.2284173327751,-63.50473378015413,-75.92340704507606,-17.033865622209206,55.840627353021574,96.97318806896854,-7.055608760250109,86.05086399701122,21.224877776595548,-55.404505042463725,-0.6245216626408876,-13.613315327304676,-39.22770720225559,27.609640229402203,-79.96579855971335,-90.03062517710913,36.91921002326538,-97.25123306180856,46.26483533488761,-82.53191717721114,63.313441947847565,-49.465157608484624,-69.87628797735252,93.11184366373163,85.34955426903366,1
77.44254851526532,-74.39083220844552,98.2337252273953,-14.36007701487705,64.4206321200451,-51.613663936894085,16.585211360852625,-74.79959442720114,69.88928124514712,34.34177184881216,15.361583927651168,85.71110657882718,41.85922542815362,-61.787572130728364,-38.03057664934401,4.372459066435752,-89.59083224877371,2.615443673609974,-54.823717413284825,-28.875600148486896,51.45911441423857,60.535162505257375,-9.921984718813803,56.8883084141458,22.429964322678046,89.58341578689942,38.99349212116934,-98.08836277038628,-96.02401826054393,18.197336993626976,19.074673309778703,-77.75668499955692,29.098107833270575,-91.33087601453485,5.834890636369906,-27.51787163733968,-25.51464976480635,49.624160022185265,58.49754547401426,14.398389061341632,0.58678741664977,72.07344693438637,-6.813443339781529,16.739316560683108,-1.6722567771900572,-53.76683606921595,67.0474633648102,79.32019161099566,-37.56766120128694,11.338116282061875,-1
88.29296175530504,-19.8473878249348,46.62260448305619,96.93394790490163,15.439977346910155,-12.677162046246778,87.81369589005831,-78.82513635737413,-54.64547493607086,-37.25937504856876,3.0334056773177593,43.613632240172166,-8.906885598727655,6.472046972262973,-3.9730120723253606,-36.724918522463426,3.424177622666093,-97.4487040585139,-43.02946467787727,38.59435875473346,-99.57181613090495,-82.83784565811223,-51.18108550147953,57.86008982163003,21.737752105863592,4.284408469664783,-36.34469077610392,44.759046034957095,-84.87106386853007,46.39356767054241,68.62199131528052,12.743535909523558,-96.63333602788771,-24.249710311865243,58.990186564935414,58.44318076095493,-35.43244445373803,49.15954068374484,-32.06473229086623,54.69624067570837,-73.21450136686903,-64.93781789707208,-8.903965521471633,4.215939220803307,34.90075575324752,-78.37360553212498,61.72085043476696,58.228993108414386,28.043840873401052,-53.03279017049343,1
49.29828102360483,93.0053821333025,36.09986041494261,39.00704577171064,-43.695760317014006,94.83888876327143,-99.60157295618595,-84.21211941068889,-0.3740112903915218,99.1468904102646,48.47398741795638,-39.25299075498012,-26.68976252415476,-12.443704540076013,42.94046327645154,84.46155509671695,-37.326461108544365,38.30110916271889,82.15898610198977,-45.62785465481684,-36.98870067848012,-60.9154826723302,33.58674709114848,39.08142971786114,36.49581324737238,48.75346947470882,33.015487999685604,57.411330798073266,-68.6984201839087,78.90424870998697,-80.4780003540585,51.56240637842319,43.33248362673939,-53.50619195664732,72.41017139522557,-34.66437923809755,-89.56855382933415,-96.71278841353457,-28.420382890870414,64.89500924890041,-12.11154374090249,-19.016457326238864,96.8353285789764,-1.357031280881273,47.98174231777659,-48.98810950610502,-2.5709274438382295,-55.169199115260284,-66.20372615556434,61.76022122709094,-1
-69.91662177929436,-93.21080428284023,85.40690895926133,32.75793723511782,44.5413915396457,56.75196849682146,-57.84137968999428,-54.0012492073519,-95.48709765893055,71.58698279946577,28.781591413552945,-82.10537543792256,-68.86148044881341,49.530364912995566,-88.72362922935369,78.8182738515691,69.23877323087467,31.788558786948556,-20.90218476328596,-47.957726412849276,41.18732354232401,90.60323520808856,70.9130337882481,-85.8370597228471,20.81442011981271,95.4365813189992,-46.033309341781134,-70.14762060223876,-13.254423420804457,37.67934098538166,21.824124442659382,93.65966293203385,-77.69001853062854,46.800850908736834,-4.3126323918246925,-87.58978947291345,-31.419471289823676,-75.71684693760916,33.10680003400279,-51.657253581736406,-0.6447648824544387,88.76094179834791,72.60157629984019,-45.64124947526502,54.464409045273186,30.225148990464902,80.067992774859,-61.603146487870305,88.32618390000445,62.19825461104787,-1
27.018730173528766,-82.93006638427123,-30.81300149060742,-75.69972473981639,35.73399133451295,57.509817171755856,-45.81146033672692,94.23018147365715,59.956672889156664,89.55593959384595,-97.16067310565526,-57.69865014364639,-45.266723015708465,-16.743014291129057,-9.00984463160006,66.43249074582366,62.23252077582643,86.6226442337306,50.480490743893455,69.59433866251808,-2.381547947004819,17.483032758533355,89.26177984167748,80.60021703029923,-68.81629806743459,88.63262557066983,7.989645444276874,39.797021634897106,-69.93082505364669,-27.099807090241512,-20.991892863700315,44.38479398578667,-28.00529636466611,61.279058666996605,-12.046299222371289,-5.692722484351037,50.21790608847718,55.179416477836895,-60.07039616373318,-68.47315365663644,-22.979864211896597,62.22552081279474,65.89852729700459,-15.914208771909728,-71.75409508055155,69.8823175898639,-28.310110573287275,-38.98100376929747,89.72203395818866,71.57119716293491,-1
67.66574094222756,88.85329782268678,-2.825648162734879,-16.241336185167725,60.88744153590099,-88.68286877065688,-66.50178218117846,34.61842618224341,62.032217991940485,86.03304057251,5.741463976810522,-81.85582345043383,-86.66803403533878,20.760615768750682,-29.030855313868358,-53.98310162850499,7.483387719961399,3.5277871378869037,-85.0508192727369,47.21642886741708,-17.44738545024127,-7.93460304443343,14.077219915245351,-12.10149748602727,-96.76609200909606,9.787735703734995,11.655304880783163,17.10280849621593,-0.7940211492911402,-80.01261868627608,6.993341133080875,61.80370845333948,10.891045573327858,57.864602072232714,-62.96481223098817,38.19483023031279,-37.317882756075015,-30.83476724286416,47.58960165666409,6.161585618083237,63.78967486226773,69.2456646230822,15.394330955359024,-40.75694766965889,49.85858233288744,-24.02907424750957,-80.8376840686406,-18.807708732082133,89.40715756741088,-41.86003727061589,1
92.72399541785057,81.2944221929094,84.16956956313737,52.057964624427,19.795701635442114,62.22475398669417,74.10539325387683,-19.51874814013766,16.908622651891633,-21.63782107656567,-8.622385652546626,97.12014679056006,44.02226670298916,98.56642633639507,-67.4194691045212,-39.471931872637086,82.64119236283446,-75.2855018801019,-60.1238361978746,-92.79252450016251,96.832991896643,-9.784785635028072,-27.780071874706636,-51.18730979141495,-58.11603663994382,-64.87689313376671,16.152218390450628,46.01503332066582,-14.928945134263259,-78.8834574191144,59.84542125830538,-80.86728271623167,38.10132640222719,58.93243085879237,63.976426251889535,-74.67577566184539,-76.02282583519914,-66.27863874209714,90.65527815574598,94.19842970476282,61.60228401935473,-19.338022401417703,-62.97069165210969,-79.34476689361993,72.31807055449985,-20.337988597323346,81.73233396901011,86.20156192982463,-28.24042856852948,28.377515429695848,1
-90.9391980455911,99.37485036918946,-25.792247403079458,-60.505902028012535,-27.616001832427003,-49.799723347539945,-59.54916389509302,12.437762212905028,10.937404957673436,-71.76018729256302,-48.47360024729417,47.20708008521311,96.00109263936338,-10.229726869599403,-5.843000597458541,-1.1976658801388709,-93.43490023615198,31.439532328012433,72.78066325882264,-26.468390788178326,85.48456729655246,77.81847964979204,-71.0202681385308,62.813657477336136,57.9896539534077,76.81402188314627,-60.483082834336344,-8.751991189332898,-15.295181539795479,97.75208117885234,12.843595406673103,54.703838048420636,-96.79271999387085,32.49969167226092,39.46515406358316,-29.214464684939273,55.716369744128656,26.018769891082314,16.66409564875417,-85.8021617697227,-77.44588830216938,-55.87733366329148,99.61425071844744,33.56171438110641,-11.976818484645264,-61.04124327247964,-53.359016669952844,62.2787424688822,-64.13954705167112,-94.53609767165135,1
-42.85758274362785,43.80918103684911,95.43483684426346,-63.10474937327213,-20.972451347136285,45.411352323078034,-8.96560165326872,-38.71343545932569,-73.39804021853425,93.45423807405953,55.5455820135586,81.55224873003573,7.624202007962637,68.51090029303626,67.32404207353161,-45.020868348582454,-12.644566135336063,18.38288088381401,85.15770989891368,43.10119092422576,-15.20876410734762,-70.09827209586078,-73.32015296450211,75.55166843854659,-56.46682478681235,-14.77996920382796,5.9798351610015175,92.79068507765743,-37.60569151351585,-13.669647481207804,79.65181673496488,8.974656857147039,-3.701264290121145,6.800461149499853,-15.628321526500628,68.48616043008943,13.671009197324139,-95.59677686657628,77.01075060599314,47.64378110806845,-48.2950522910091,43.1917808278794,-96.35719381360441,-9.080778609055983,53.74218175348284,62.907392172518456,45.20147693103917,-55.00371688523757,16.71603724673774,-54.369254348184185,1
45.191135774047865,-42.273889351948846,94.69779383547939,-94.83761861010261,-7.928345759614743,35.50845349179065,88.2241625067347,92.29846491482243,-94.86207102611837,1.1041583446980638,47.7092106793927,-10.405668723562016,-51.31147664691787,32.37206244300111,-73.78402765905938,-17.11403750659268,35.460791859628216,92.57409880036192,47.755605783719545,-53.81166708025111,43.48689017565073,93.57198481628319,67.0491095476005,-7.146715942812065,61.13695777537848,-69.8414368335297,99.19821018922104,89.37347949919297,-69.27369592134667,-73.6458222805928,63.621956948833514,70.47002333676681,42.02217838124261,36.641661909517296,-79.36003761883279,-75.03646619163146,53.74584560241627,72.38198966087589,-64.5572183461812,29.2937040863099,6.724917545323521,-43.827866664197536,74.34927543851146,3.4592991780146463,-76.81329786849872,-84.74129133721735,-29.480264291049394,55.38285985090127,33.07784743360352,33.539552341294296,-1
-25.145840848775933,30.284077670372852,34.52042364502526,56.97939542229352,52.38036252097399,-40.68801755881386,-57.67282028602776,-83.17446754812343,-55.06852047164668,69.69435488125293,-73.2443710012064,-96.06970345063044,44.567840780042445,34.60163325773539,-73.15951473472995,80.25184155931265,30.80461553175209,72.71540062782918,-52.49677588118797,-97.56403291669172,70.59679380602734,-37.79165898860322,-55.220553338863,-52.07803359435894,82.6491238976632,-96.33026766527348,82.57919606124682,-81.30152768320204,-70.88644826949977,-75.11532461855734,2.8542990885102313,17.867675590109556,-68.6332600207274,-26.96732886439426,79.2970545284993,23.60445573630247,95.2831248547657,-17.879186570217513,-67.41271220619078,95.61962386314264,-43.53778842915865,63.40795572183583,40.255801225941354,54.31403409690671,-55.48537774227298,-39.69709295209329,94.92462336151311,-30.391785910241325,-74.86749007769885,6.6165321349604795,1
79.42205199051543,16.24764428452245,93.77557105713831,-72.96674216903546,72.91272190453398,-37.62722841662336,75.2638866284623,33.57358134016269,-43.091722864613246,1.5515676377137595,-87.24108874928042,-18.90566473391631,68.4387461746229,-28.894040569598474,53.231420316555585,37.906841781083045,-42.083459065854576,17.894160618649366,91.9833379284182,48.700507155815046,52.53069798229686,-4.421867810850074,-34.58169879967228,85.43496754719777,-67.67678785394051,67.18982218231366,1.631461312029515,-41.65522256392782,52.88002227786123,-23.406597787137343,82.57173799287747,41.50769792293474,-88.75808842675556,-3.689320574548006,6.608657577716627,59.31924828158165,51.5626611388532,-33.82963902547101,-34.80041629287946,37.417694420740844,-78.90687399811611,32.66356873489619,51.50987142877787,79.21133749959694,-22.52830205840786,85.9863197963291,45.70851973238882,47.49529437979774,6.2620873778590465,29.592860981081827,1
-84.45307260700304,-72.63627381620772,-7.301191239885526,-86.20839672871577,73.11542912491043,-38.04242815818015,77.21868706264164,-21.08553693621525,-73.36357486649533,-34.43143242283635,77.80012216293318,53.02976997225278,-94.83220555599776,82.3153774526105,70.06354163151977,-8.934250038279572,11.123430936480588,95.54256256509998,-14.461642393307784,89.34158300677763,18.02328446889416,39.73139601624803,-20.280067456308842,-38.53496380245009,8.419301839663746,73.52377323782648,-81.10858974625617,-0.412389320878745,-10.941045524957914,-89.75209177071505,-94.70909890391516,43.437377945054294,-75.47615590851231,32.23817994638759,20.94195877747839,45.138369782949155,-76.83306833172605,-48.124000955763876,82.91165553763162,-39.260306174210655,-94.94171820207337,-37.267818164866284,84.95373728718033,48.39334106285861,95.1304262782543,72.81410062909376,6.801863461437847,-24.426801687655583,93.82832400997196,84.65481727070988,-1
40.73157187600472,-27.52122017667338,36.04564848625827,-32.346498801100324,-26.18939564781668,-91.01774020087683,51.74306423278415,-76.27124685168394,80.48065522213494,-17.29669394200816,14.170787255752316,-17.81148952997802,-62.013051267795994,23.824280009339247,-46.29998476050092,38.37278163216888,-2.725579834970489,16.844957766343626,95.20278511975883,-51.00929832680878,-16.59025433581982,77.98621117801957,-64.35338021768331,55.67912287064232,0.09897901532276876,-19.88092517894553,-37.99672883563021,66.30699448937506,97.5191549026562,52.04112490583205,-46.32432694457045,-0.9056873869333231,-30.014293245718477,34.4505000148427,-47.303324571419395,-14.148825080832623,-58.382557029977946,-20.4968496917529,27.74211635257491,-22.435782255024762,-93.2539785084562,-31.197258345762165,-95.53542542045648,-18.74585967054314,-68.32522054017207,-61.8819397758348,64.12445085663072,37.07904918190772,-11.071117134927675,53.25967560245206,-1
-54.70084496041241,4.902277914050927,-48.03928378716804,61.18508002352422,71.14745178115726,-60.15694502118938,-67.90747714575471,-77.6814000085505,6.37435330100331,-77.48190669416111,-93.11373828533709,-37.167587232605584,67.28794747522466,-87.34931822026408,49.94514935670867,5.562421659124155,-40.309867770447894,-57.16474945208263,-84.78000220384514,-68.0173509951745,-51.51623722255783,-63.6984076757009,38.69338119280542,81.09789549826513,97.59652888405219,-89.66756483420207,68.33835361940075,-42.69052028923659,63.279545272314124,58.34657859993058,-38.96833389254206,63.869229744354215,88.49156770665925,49.76783769237022,-62.39024937061828,-76.90604496442242,-83.53070085084273,70.3672517523801,-8.740823374440225,19.536425605561504,-70.08205941732763,-42.57114584637372,-65.82591323230491,10.84294306377656,-89.24497441025684,12.788353928897394,55.69536582324736,97.59047364131294,-6.261986554171813,21.406447652619235,-1
34.503691215407684,52.72115883195215,-9.560194343312943,-21.694860364434135,-93.80884181613129,-15.474160597278171,-53.59636393823786,34.21863141719521,-32.92567875650751,51.96473168567769,-1.796047466217999,-42.919186307315506,52.386875148619424,23.069568125714852,-82.8179223594359,-77.24760823909011,52.140961208779004,-11.243284143532861,5.524891367741574,-94.09160627770135,-16.347183819484854,21.844532553870934,51.57162441442003,-51.062762375345486,56.194880143610476,-88.80688854759859,75.79846155173001,85.06594737491966,93.84842609160759,47.21080289655794,-3.4365011299177866,64.43658116334677,45.713042326654175,91.5312948777395,7.005842553756779,-46.14793670580448,41.77142264085495,-1.013535132152768,-63.04700231572862,74.29041292376863,78.22062883354056,11.621688243304803,-75.5606476341524,50.00681958938077,13.498839896212573,-14.460097052256259,-2.022711942046101,-54.55103442238774,88.62161354402642,48.065696951071715,1
21.91286679597937,18.718490710809732,59.48520432138562,-74.45730327295303,-8.146960565357219,91.35996309685723,79.06921783063385,-2.5469291799898457,-79.31317702790332,35.54464824026408,29.736590671472896,-94.67832678446317,2.452112775252104,79.71938211379401,50.762742595673785,2.9142232535600954,-39.25522967363484,-11.97584580301276,-28.97364719485674,56.479161728891825,56.78505582837752,78.29077462894986,-6.14354437595172,-29.513794889451873,-94.34705979000447,-66.87598811796573,88.86644714965831,43.83931210273093,32.00052091491989,76.24990566452112,42.028376512505616,61.84916735069652,57.05893334453464,89.42330064727568,46.58652440350451,-84.30151510661872,44.29312007166979,-50.72572027440363,-42.10606226549276,-77.56028710588718,84.96432038623396,-87.31960201203873,-21.29719746727585,69.45299678099278,-41.809914889574216,94.68052178567123,-55.64489804382187,51.95722424008093,42.550551038739144,43.33437365658753,-1
26.620291454653582,-51.518053516983954,24.183103553495428,-70.72520156755019,12.088126196087984,-7.180968109299229,-34.651491593991835,-53.11487999769706,46.049837905914245,4.108767460971691,85.88069676983076,18.736923981746642,87.49623447982094,60.64242464881863,-64.71761791442276,18.59694955109879,-58.54349549005289,-97.58601293987641,61.95770573762093,69.31015516397255,77.72853387259102,-61.39700291886028,24.325915608642703,85.6017483549108,17.758905836045912,62.79679491466172,13.763746353298984,-66.28617112157744,62.66866580902166,31.498811851250196,-51.400481427834045,-83.36126462969855,25.587498659892006,-64.93566432428017,-8.547839081635871,-28.033593581488276,-51.935446301626634,3.103983182875325,-45.72619699498872,-18.17091562519255,33.05258486449202,96.51756231036018,12.338674970294946,-24.223686119608928,-47.28722216289651,75.4023917885707,-53.59875974363857,94.75186144860274,-81.72765253822465,-78.19536785610137,-1
18.166652113802144,89.45666792236307,-84.28430056899585,3.681604389040814,-60.780457452321414,98.96385879319021,-59.305451500480835,96.1136454121447,60.6023763052641,-33.968809936879126,44.09134829255123,-57.71374840021777,-9.55697997965639,10.1090601239991,68.49282136711503,16.284978973817417,2.0785442697413288,33.63613239158104,-55.69978982922945,-95.99765527424505,-71.26167854765322,-31.112342314298004,41.42412278887619,28.314059113019965,-97.71346466555919,-28.153771875655394,-53.118851118348196,38.68516840325469,-50.954008353664236,85.21626935738377,99.5769416456921,91.86478090164275,-96.54120484658348,91.09419809903287,9.422263947656191,-44.47610007612233,-73.68118458969796,-13.324278013015615,46.42396008212603,22.286161445577775,66.91914772566344,74.25752714693326,-48.6032675025035,-16.22535466092951,-22.554084075406152,85.32988161291394,-16.286880372528273,6.6442004616262835,-16.718144104438792,-67.49896878816352,1
-44.523763403773465,-45.57097255400746,-54.546074547369706,22.04502989552826,52.35963827553945,10.54141514370906,76.19460112793149,50.49366751729886,13.47818883121468,-31.67177746187963,13.653723253753668,-8.087404498895623,-17.836720886514442,-52.01021925527374,-32.630459710569454,-45.19764392289049,-6.269672600722956,-31.923032464490177,-30.30440484086894,-5.77792900044922,-52.90571659782457,69.84382893882096,-16.859284343014195,92.00253145054373,-32.817230978662096,-85.01119746030064,-46.89287887724758,-62.13045527402827,-56.1923276715883,-52.50621855545086,10.541914033339594,92.96462509444956,-20.975023045086544,9.66639970595915,84.37769711709143,-96.33476629096027,1.6694192027272976,79.65461302202539,62.939569224003066,-82.0968600410229,-86.29940737957382,52.54134464465673,45.17294216529456,-17.15114969579932,73.9547599167044,-99.27682764568647,84.59622654682954,-60.899481960689286,-93.17401918576442,83.15843130939737,-1
0.535804645772302,35.820463828897914,31.690366931685105,65.21352605050566,-28.440346934911645,0.08022914204023834,33.29260950536715,-14.002957175788055,-19.59455662235186,-49.5370527729694,79.8497836578405,47.045703620319216,-2.525038415751027,79.25134329431577,-56.188165388023336,-59.969157750126634,84.21389725991628,-81.77253218205855,-18.567140306575,6.150120477628462,3.8560164790542757,69.53623959244334,-30.647985615986272,-19.40543997532116,-97.01794716903842,-59.18538831963862,22.149698990861893,28.560701756575213,-42.20843617185657,22.982017160388153,52.33627119606365,64.12511861343893,39.4282700984798,-28.293463326031215,-53.166262760671515,43.957452493656916,-34.60831594596469,1.4687064644432581,78.03127251467888,66.70691342185145,-54.29497045865113,-40.25981973112256,54.779733793364585,-94.75224224353418,20.29859059498827,-55.67854865152091,-19.328605652424983,-76.19892185634748,-91.49130301401982,-79.90879537729836,-1
-6.267871601174747,-90.60680664498899,35.30267715544932,-15.750389341185596,25.246864284212762,72.33818075746905,38.17679531016455,-16.07452343863794,-72.00252465564742,26.948828220805908,-21.816514631767546,-26.254968905830808,-18.857115163810462,35.4601372671319,-19.05882513416597,66.3147851820905,-23.603990907410804,70.29688986279879,74.25437019002342,51.3409820222939,-25.93596490989556,40.479228508085356,-38.570009962009564,90.8031608238374,-6.284039124972196,78.6277436758867,-77.55972664687143,-19.6159626014647,-77.13537717617496,67.15748729044003,-95.63864137512088,-3.11490583312019,50.6899420484211,-59.58313700451223,-21.754355743303393,87.63663040890182,32.26996801661258,62.84546561461417,-95.11713703555557,75.44066881880096,8.74779123278573,88.94602566520604,27.125611167139027,36.325499671955356,87.59770554441124,-43.157882616187315,63.57503143702547,-62.78048644341918,-20.979849397042145,94.96155345001546,-1
2.4186116598561966,-83.95325086767156,26.362705403333678,73.61133802149007,-65.02371256480812,42.64137665652353,-68.10154749172834,44.919657369525794,-11.179288618676281,45.07432004697151,-95.79816860272786,28.089454798650564,-89.09814451725609,-50.73035055153963,-24.330483663470616,76.56729813561583,-2.721674382221238,-0.47008909895636464,-93.62304095828158,-22.409566269021596,2.6283003026554184,-59.08127714164484,88.72673412969897,-53.405557584392184,-92.15128479189072,16.573872238408555,-22.533315828661515,-82.00288873007587,34.59008004927372,-78.28737105943813,49.85807210985004,-60.44647447649631,70.28527888300121,99.82991335573178,-99.16056783388696,42.47886039059762,-64.2559741588205,-8.904369680977837,-52.71920820937708,32.84359445577647,-90.91796878325925,18.796150641428937,-75.21839388061068,33.732617962337486,-55.076616708359616,-43.48183349249353,48.15076025839301,38.93648348706091,-22.71032510913102,2.198369995983569,1
-1.4964612362272192,4.613084953823858,-93.77318342309773,-14.783323221925698,70.45277487823628,91.55796019764077,-88.45356815497655,0.30359207003327526,82.26783801572614,85.76159213757705,-17.853691301797596,7.455134733607622,-65.10030272040896,-31.080680854605646,8.775584232223508,62.02801814909225,18.085220621578273,-9.166505966447232,-9.180681324492681,56.58683454797344,-5.247969252255942,22.102632818432014,25.54654711245314,-4.95450659965195,-57.574920255612014,-65.46869283352021,-95.06726234039785,57.81479657633872,78.94282095112257,35.34733973597733,-7.25365281373584,-24.76697791378446,-43.94693996511434,27.670860977095543,52.24230303309477,-4.077249167183325,-36.172096893161346,85.635187813247,12.731739927003034,-12.595184780265427,53.79680003528131,-10.172292571106993,59.865033451723946,93.91806729092013,78.89572495335517,-55.79942153507045,-25.987587426004893,56.579353734466906,-61.19401035207916,-74.90838209180362,-1
70.22733430337138,25.54161061428357,-76.5383622075211,-97.57584507122135,33.84005258761567,-48.01900415143343,21.127577864682294,-37.22438469699454,-32.138946538086515,35.11735471348777,39.43325085807007,-78.59417315779238,-32.50459085740562,-39.13848163582714,-46.942982182789514,-74.36238543790765,-97.86597459876745,-49.71396956250731,-50.292851214581425,-1.6286257213705255,-91.90243513433911,11.55295181961236,79.4077032501369,47.35004418264549,55.227880738304435,-65.35927384801758,-32.27206106270633,-50.22032296136161,-4.003386894201654,5.360583771187308,-60.662713174627726,-37.38336612972959,-80.62156776716638,-61.35280170302657,-14.6749253047211,14.940640783897564,34.26596347731805,-41.01477323093747,-36.06610575308204,-89.50446383411924,64.82988103997826,-41.5638001163966,-74.56456036162453,50.21293662648634,22.903735934969973,69.9563397480461,80.53423405500737,80.33476504539703,-22.94301479320346,-23.695889562135946,-1
53.998710619722175,86.42365649672249,-66.50348354818604,43.264677612536445,-56.18623817962845,-85.383687594597,29.663601490419126,6.458375190290894,-71.30610859639599,-67.14263134551814,-6.455876805769819,-72.85082938001979,-29.96269513360778,92.32228845088937,-68.29595319451812,87.37068601820306,23.538917237718167,-72.60667309115283,75.14340731178788,85.1503386110611,74.82075921324216,-18.30252222354534,-8.38661218542174,-54.991920191160126,-1.786410069284301,64.75952308700684,94.24375799215642,92.97659883277063,62.727204760366135,-42.01258126752443,80.07520446951983,-26.797321631969766,-52.75060645697707,-71.316277552745,75.01179283378855,-10.352230688920699,-88.15030952005449,38.38628393461843,-0.45452470438642933,49.801610849695635,41.746466512972944,86.77979426079386,-33.948350326228876,-93.67287655741352,50.19465193342117,-9.623501269813602,27.93762042908581,-34.77353459676684,10.2376719082296,77.94712050078104,-1
28.48385564126312,-61.86245586726669,74.68464761633211,-49.551795965327685,-75.88831671926195,1.1915815469863276,-84.60566612382519,-84.6393903371157,21.01790370810768,-61.59678305199265,-18.870948110552504,52.47224274143457,93.68382610008157,-34.59864630077958,52.092921255213355,-15.776219113183672,-36.54895671006,-75.13093651151786,57.62378798904379,-3.7234576503145007,-85.5302980205029,11.359676874634332,-73.32227658134809,-75.9994500766224,-57.685438702139535,-58.422329179000585,44.92626737987874,73.89182330757751,-14.374389857971664,72.36562616492054,53.038040596205974,-41.719546742351035,96.60328614122969,98.7823976463564,-21.36459368247992,99.31228390277136,25.55141545231932,56.54696827140555,68.81126655742713,59.20743097271247,71.33876066531289,-23.846485568456032,-70.19829131766977,79.21651212651844,-78.60000570328015,55.005011125898676,78.36769146895654,89.5125279920118,95.68684479780788,-51.25266759443803,1
-25.077477074705754,0.4390020662485199,97.52991274721157,77.38498004185391,18.73215824170768,12.814805766703557,-37.234638355116886,42.950655288789164,65.18646171000324,52.70316873364246,-10.011265146228084,-35.99677738252166,19.251715046540426,19.80220884271351,41.32850434978678,-76.30765898110363,-6.428107473168026,-12.194151203910408,30.239542419069267,18.219076107122817,4.198277729871421,87.56544139847665,-64.53774929547103,-37.151695900099014,-87.15295038851582,-83.2194916343604,-13.85667567839792,6.228926512932759,-62.73330473111854,18.77087294116015,-54.462674814080316,-70.03674279077934,12.489788254283752,-34.4546086635858,26.79468168808843,-28.847857001139474,91.28015588668333,96.45188157414054,35.48693688926011,-98.02407867158868,89.35345709937783,6.526548805756406,67.68887723444286,-88.23909322233905,-43.599486114759635,-17.33154717023693,-36.81694350887281,66.33069752203903,35.00101771647141,-99.35041434769822,-1
80.51058133591334,-94.69355922523606,-66.47615674233647,-98.95407729141745,-85.6576222304698,53.109350103172176,-81.01641263566606,-24.191902923392988,3.712337733146782,-3.2279562271377245,93.34684550702161,8.58808889786556,76.48823826951633,-60.08567682081225,38.12306247732727,-55.77047797786132,86.3070098310524,82.51684358496462,-41.19932228100937,-25.398580024287853,-44.25725697177021,17.751892713001908,-9.487099312883473,94.97450668624862,5.6116843784249255,-45.7031565000283,31.766940071767635,62.72557604459604,-14.03646037172362,-67.89691694386175,-69.42223087104074,-53.4440631125042,59.145542993967666,-68.58822318017226,50.67550904927367,-23.84325308157807,14.289713149615736,-1.7923060323754783,-0.0032936790329785026,-78.68742325178965,-30.17917691008381,-70.5032050525465,46.11828661932341,-56.91120257764217,-90.64799723776676,31.858294557642807,2.156598103095945,86.30392551938354,-85.67761758209636,45.18448739920106,-1
-85.4473987271613,-96.32186469050666,-38.41401168176182,-46.03585597435713,-22.89761905261554,56.12634348511142,-54.2249075033002,-16.561316287084708,-30.012429285857195,81.90969460242766,-57.806021876009915,36.94503277620092,10.540778009108024,-36.548165128626486,-57.85866698501876,1.9514133801742872,-9.980946281828125,-82.39879449770955,45.11364951198965,-5.441330939683397,-42.56954731247426,80.88506846343003,-0.8319937791951872,58.444469448785725,-3.329139388220213,11.609795125897506,-32.990165812303516,35.8138197953937,43.900331009553184,54.67062269668591,59.519869897957705,-25.815314978187004,39.11703486070883,-50.56460619787877,-18.765597417702807,31.294078777388535,-26.07914047724708,44.19106209673447,-11.32086683331184,43.17390871664699,-40.69311412903751,-28.103309634557476,8.909570742495447,-2.0752337179651192,45.044632557027086,-73.71079667035751,-73.31870374435734,14.659474017332812,-6.6083402909178375,44.99645184191934,-1
89.44971547677173,-97.8008342683039,-64.57004211052282,3.453811288321873,-39.53335012970125,-79.49680718670511,29.901785941489464,-96.68150387348042,95.64413370531167,88.19846451488743,-60.18131601281487,-31.685922593686414,7.838758825462875,52.658982399456335,41.58956534023781,-71.82627920982773,37.82181629736482,72.78716149199096,-91.08599185747383,-49.299796778845376,43.21869649799231,36.03170935177573,66.32800803386618,65.2515458664138,-98.782493804882,-37.99563075677952,77.66154948754107,83.52663818434203,-19.970089218830964,99.65379524081374,-31.84730213022256,9.249593520577704,87.55845735735633,-75.96169171089227,-78.53626790519698,-38.665205662384786,-71.36873766718561,97.0809566961263,-13.851605023740944,7.3241805709917145,35.331660898996915,-45.644245158339736,-39.910924089995504,-99.99037522113765,-52.93832038492585,72.15807620609289,15.435439074268515,51.84268304214362,60.675514287584235,91.70165387204102,-1
-90.79947159564945,-0.3264454521040534,94.95863242935661,62.35395761802752,-77.10247238681897,-20.43267489956861,78.08190344386568,-8.175195342663827,-23.809630995305,9.409069123115543,93.3116878761088,59.27814452394179,-51.375093915466266,80.82273209590102,-29.538223158164342,-68.34274878818039,57.16169684887001,88.71304343139539,-22.701255427217262,-76.22948430475256,-66.71714313781203,1.3382402012597368,-67.06594749853897,6.640132873808042,-31.480245756376107,-39.88177544381632,-16.66598335872591,-20.870635760657507,-38.666273937376715,40.31986997991939,5.035157986844823,60.509660678915935,29.37204480344434,44.46323545879079,-59.87126340856086,-14.270886136963455,-22.318433225609624,8.294565482617429,37.67063990804567,-36.25922019435648,60.26942879234244,-58.25991677163813,0.21406414145542385,55.588660565485156,96.01246307745689,-81.3184636479568,93.85384886970525,-41.149918382307774,22.367010919836176,40.18133682589081,-1
-65.12671419900171,96.47572338172128,7.997075943171097,-39.06417218039184,67.40822504858801,-42.51808070688406,-62.87065901975139,-43.79004996662217,99.11378009813757,77.27607239202834,63.331048640324695,-93.31528551289925,5.401524916306741,71.74899370591604,-4.78865956978764,15.575416288181827,-42.36957284451939,-34.89933237477291,-60.02540507011127,15.99356404062857,-87.03315624276175,54.36109369564693,10.902511138193006,-56.039857607615254,36.22753981447809,50.63994038284588,46.84366790577377,11.703230632165003,75.25932809829698,-92.65840343907432,42.8635941220746,62.61739282276392,-43.56427087015338,-15.348171446834158,43.96769227009801,13.672236487154919,83.05559578256688,1.1666359313204708,-25.75301310517611,-14.349859948019358,-73.79155817091352,-69.77996816508028,45.11303946617355,78.18345611298062,28.217256791931675,-2.0069647345740265,-37.423417480813434,-14.565042065398131,86.58952151125544,-14.504005802832936,1
31.738726323788995,-58.018881380882846,-12.276916162081903,72.2739992726872,22.514693668963844,-61.68141085303485,81.56770277670682,22.559167107302073,-17.17178635686676,55.04690777981119,-42.4977601232482,70.31628000344747,-92.49426849363938,81.6820214537139,-0.7409748998720573,58.05198078833877,70.48777712837463,-94.20065113281039,75.28418872089856,-88.85289469971957,-78.62332498259372,25.17167941402343,-45.2256360589258,76.14971541483789,-49.46407445213019,75.36959965029129,73.56570043298652,97.00194956588925,-45.66107676614814,49.85506736482088,28.841096368138466,-68.41072551564638,-98.09875951637888,39.764116248856396,31.16687752348105,22.702936543502503,54.4452746771359,-72.2079258515575,-84.5946607257537,-87.07907038273581,-45.860563815570465,-91.83329092938732,87.53075711159565,22.584970104547807,79.06543598878221,-41.89811744436221,-12.29975034508459,-6.24425234379558,59.828877794332726,3.7523891603015898,-1
82.64811051129425,-20.542541887926546,-92.07623493032857,91.06693730078567,30.444851909094496,-8.067025919467753,7.131319869515721,46.60002144452463,-4.516762103929267,63.77385410409431,56.009617408008694,43.87763111496406,9.882366412192908,-67.05382078378766,-95.31340892652236,-35.11235427298675,17.787204512509575,-17.717813647906894,-23.77989727763719,-15.724611757229013,-82.27340505008385,-59.54536365159393,-77.24750750386964,-55.75569716354016,41.427503587137295,-24.770537997901968,20.26167276294082,60.59840357343057,-28.370626719661374,2.8414348954572546,50.4621941346912,79.5410452945161,25.797677444870445,45.0782492317889,-27.508030277087897,-62.97825391443095,56.44580009442467,14.347462232064444,-53.12568271923885,97.70061398564124,99.46890985669964,-76.8874407053328,18.087456155782974,-10.213710913297746,86.68228591035023,-28.165929766042012,59.50419986360188,-26.571368137585253,-70.35617803929668,-69.85378314481245,-1
-55.28083229610947,13.280928059379434,74.15069006745182,-33.09774225161357,-4.8907925026346675,89.41813342170383,67.47341595403014,17.67044419663067,89.85462124912337,91.42696650795924,68.9728170821017,87.29866626204515,86.80659822612787,32.09394427288623,22.83377006377853,-15.932922160900205,-41.01377283922714,14.267905690615422,2.4339911867774333,49.925150429804745,59.699192720782605,31.498845996988393,-57.52586893950045,-48.45198773769628,10.266109938460247,24.8671053102411,-53.01028743332146,52.44651240883857,17.019979708997226,-17.735460635346072,48.16353158642306,-23.764999806963985,45.888797665309966,48.7776288237238,97.10387138057308,-14.030851258729953,-25.44459084214266,7.274404744825148,-19.821336346674684,24.77250832346587,-3.4579907521716393,25.36072604909461,45.77405861943268,83.41031840807591,-32.21835934325543,-61.803593891959416,76.87723349077166,35.14773293070837,28.618711643799486,-24.77551381554528,1
-41.28163114710133,64.25146093440256,-41.66748425813935,-21.104744285992936,2.4727555091581337,35.92406654702157,37.726325861575106,-76.68338508886066,88.10079057588052,-30.884082825837396,-39.0193751229873,82.44164735630511,27.644883008122292,-34.348982144532584,-29.00097683721164,43.804564086720205,39.20628139782275,-65.96947177109662,-42.16434922871137,-63.91523558372592,-9.732654969180544,19.469860195570618,-47.1014253305043,-95.56809289109569,-76.14996646370669,-28.167212273209373,72.45434587058784,-61.85654939905094,-39.1113102019252,-86.94896217499881,-84.01697813067865,-49.89971506081208,-32.50506099266539,12.868233574630139,-15.152550940945318,63.22511473079078,28.54670905406087,68.72760256915888,53.5481619705418,-26.93214727785991,-34.3841564205667,-72.64333121589613,7.497630566838325,-1.1135598342023343,-75.09690623327592,-12.94555222721175,74.63681840012646,-31.97159585044858,-61.99814103374954,96.10543365945855,1
-72.49581117080135,73.10142517879606,8.25331573522206,38.990217780492344,2.53095062901059,3.1723805424656177,37.02686197489683,-21.581284619085466,-38.85120851054178,26.275195528675326,82.64593725585411,-64.82194331626758,-36.23653542539906,5.515924485070073,0.2882947395821418,-89.31307952179657,-81.04630579308122,-71.23310580193782,-98.84586774140641,-34.216044357855125,45.51866866094866,-42.94440061182405,-93.84268622785068,-56.34610342932278,-78.8442186211866,-50.834573473356734,-5.891702790804956,-36.95227431979578,-48.42599929039828,74.50410336923639,-84.17106634435811,-35.86705475543002,-68.50940856203067,-20.982295528673433,66.49735492392901,-43.84960985073177,-34.01399583150504,59.56286451061197,8.658672074215048,90.71136134401968,-63.06107410115893,-92.06773900514591,-38.5583226353619,-87.82546694171982,-66.04099901286413,55.70836301722352,-7.405266970857554,-91.51205484165175,3.7665351696518456,47.56546546875745,1
-97.56910506203673,32.73423307252963,13.403252197333558,-95.16164722172896,-54.45005277935808,-23.896458026021094,-96.17102640063267,94.7600826714299,81.40839208300437,-4.979931861655899,37.446868692136576,58.26214286253338,31.58998224091846,-60.214044040992334,63.58083536648789,96.53048229871385,-55.97415116049467,-76.71089518305772,-6.992935053865452,-86.67440031792506,14.41996339432501,-21.85651154907518,-88.28182245797291,-81.00267100453758,41.10053213262745,0.6540896201168778,-68.90954156870855,-59.146489353296026,77.81924854324791,99.9610288267603,-89.05207281801262,76.77522239717635,-31.505488752834225,-41.041663198498135,55.71543738665338,-90.4904782237673,3.493110730745272,0.2994191072127421,-80.38112675180372,-35.61784728363564,-23.153892392130217,93.42312347427227,-95.03311850399714,-51.453489510045756,12.444649968842114,7.734499996324558,-9.353566980014534,97.91643846375567,-25.859563877060125,-49.22423212198503,1
-80.4331678697997,26.45285758390608,-93.86949955883878,-55.076877631229614,-16.210441962504916,-25.655186719531358,30.82654740557473,36.773290367068654,-56.733444473834595,-45.202380106005634,-98.76323547182066,26.003736123765478,-42.74402757761182,93.60443440914773,6.723386261842165,73.81981374494572,57.014372312702534,-90.16829527571448,-7.806081557492078,62.20307498641387,71.76278293497137,-4.950694682559913,-19.295446698554116,-65.46851978048204,-69.96927116322496,-45.85544836080333,-28.68875526232874,47.497896891983885,-8.474673482111797,-32.28280561168529,-84.679276737258,78.3736408762652,-23.299623776818578,71.06953373672454,-97.20131796590748,43.05642626543539,8.802458272621962,-50.06998144833945,-3.1479141106774478,77.71027654067359,93.90531212797731,16.85258545455872,6.535545318249973,-2.2837710049909816,75.68898259021589,-80.33526658160724,2.351177511434898,-15.912164144092628,27.31880552366009,78.54980090407031,-1
-7.260319012003563,-27.805220611994642,20.689718676275575,50.27501720580915,2.2550924401502357,-73.65699428418128,31.809082026446475,-1.492923857142145,47.00503723796467,-86.31185815147478,-5.113017170565186,-85.5573629329624,93.2042918260417,85.70155038875572,72.22270401228513,-76.6391784532096,-62.833588886931494,-40.786897992210584,29.414033251774782,-75.07715845849576,22.43324414462913,74.08216571166005,9.204918664150057,95.52646731009443,-85.16547394301553,-23.298195101452194,42.44977836880278,72.40354322600336,43.13475537106791,51.66114270265865,-21.992344469138985,87.557526091758,-80.58917380332446,-24.500458172495485,-46.84526863651293,45.56513383478878,3.3696912615851886,69.96045216047074,-19.302504943898995,80.20769954680463,44.5481535543243,-8.94003045053131,47.62925689347796,-52.92299860933842,-15.112479199821308,-29.82993084630263,96.9394778943099,-69.09963770093933,-62.485368436248656,-90.31535471654617,-1
-11.693899725324599,-46.264528123010784,-99.01200381311807,17.6404533896781,-76.77220795989487,61.338703938947845,12.679070142528019,20.705761300224196,-52.61520122065531,-6.992733155818016,96.66815368284531,55.364273448056224,89.51302526480859,-19.39224841857356,-79.87600455548198,70.66929952174476,-76.6242478818122,18.72210888928288,-42.91894193943169,-10.996263254928948,-35.27810611318584,66.89474869252567,-79.9577301898951,-99.17456906507923,-8.246342008681424,-11.892670375324357,-30.700987364634997,-92.21325854212577,41.382203019798055,87.15996630585826,22.286847347894806,-69.08556970504648,-46.11230185038166,-66.60442355419791,-70.47130147256823,-66.68674998311879,19.70068281033599,47.896717124265535,-98.37623859260103,90.56401235671632,2.9877359174619755,-18.970712328382078,-40.132708562126936,-90.22235409896295,21.879152686448137,-66.1470498569162,-89.70665896480618,-49.26476968097398,-62.101006232029455,-38.18090226005815,-1
-5.3056458438868646,32.70747440334213,-7.4754086521367356,-13.584623411160806,-85.7984670933489,50.85299466940455,15.761350902388102,-93.46818784310082,-90.32745779024383,90.7265215659379,89.67391055778378,-71.13759126250369,29.04752891066633,-66.60996419310617,-20.74454750165988,-12.098443910489635,10.897822864234158,70.7259857055914,8.301256424497566,98.31884713283335,13.128976476957718,-5.726377965400502,-66.022665038676,18.73051588936208,-35.284479192097635,14.32794465402958,-91.13062760927977,2.42077109275985,-63.422469820689464,-28.17801140648058,-21.267317188871843,86.77868762997267,46.35440501739748,70.09045467245173,38.68516041991924,-98.08346245736888,-6.363220794246587,90.78049222585,28.905027134072043,13.716436137999551,-43.64948433165188,75.48969673019522,26.506753760887932,65.66524921854915,-21.09548109274759,73.67924189238013,14.79494209366203,-84.03221372991996,-42.579206662377885,-51.57106005214989,-1
79.10464569924011,78.53434221539496,-5.0738248500372265,-59.50388796695252,21.155849890538065,-89.07311599980554,61.333010605363285,-3.195885498119182,36.86284978506896,-67.66108934520263,79.11114817477701,24.590808836676345,77.71985608743049,-89.53056431373739,-56.63714481417834,98.41843740576402,-58.14244769397603,25.356763410368927,-18.56525228022494,-21.70405393319686,-69.37731084556032,-17.643594502845076,18.050673051938887,51.26635729603183,-85.65789582301346,19.24621596847001,-31.025243261358042,-24.60135292667303,-94.1922434680451,61.78546144355829,-49.88574171557043,-73.87520662614165,79.18689925838044,93.28696201686392,34.35454527244596,86.23161822212447,-89.87093471125473,-12.232652383173814,-45.69668445338573,-13.599082238169217,-14.707039954589021,87.11311204044392,94.52389264459461,30.57461859403196,-50.973567033097275,61.850645530130976,-53.843215497264964,-72.68221232471521,89.09011002355777,53.825780324355975,1
-20.299053120525315,-70.26745444937741,48.54130423999621,88.61516754894151,88.34514232378501,15.424517207664152,-5.215755976779462,-67.7562376049755,17.600092685925688,-64.1810121343637,92.14926055427108,74.70685284904292,-16.458286605404822,81.88873280732622,2.5152431848423333,64.14716816314606,93.61450058193569,-96.19131814514164,-88.34055922752859,-76.92002834383436,81.01562555889623,-74.23738524740237,-27.374257902072813,96.4080175181964,-6.60011609335595,-10.054538335243606,13.088699913068538,-14.743818749093023,97.36213635975116,59.63416052356905,43.96606234999075,-90.90440973879261,-30.995866677906676,26.68640625639202,-11.132966583406017,98.07955921839294,1.0315837256333396,29.38788981612771,-61.79096786894094,40.19640120436537,74.66826152091994,90.83814606695714,-39.50892403379787,54.97205373933036,-47.83287680339685,77.51600971791356,57.26342893985242,-35.601220734647015,34.03453841178697,-99.71055589580014,-1
97.20021276457419,-72.62287398623855,38.52519044523291,-11.960200408901883,-48.13302053658111,2.770892841353543,60.882811935494686,32.34373652879131,-63.821619724220334,24.642074613601395,-30.435530513390802,-32.29862411490542,93.7629381155609,-72.69939758328357,11.48494893402841,24.988754081566398,13.01445660733873,56.30462590661344,94.1146665254721,-33.82258246124114,-21.148352900850952,-88.37324179463428,79.20567306499862,-33.18455651643055,1.5724075231987626,5.581965588784854,-22.483666512633377,-84.37806224976876,78.81092254042892,-90.16220195359558,-6.437140763805658,-52.49539163038624,65.33726073429028,74.0607556999685,-72.07232015401755,-18.597841552535527,-34.19747724321347,-88.63218778403608,85.62904417912841,-44.09442291763621,-81.77356535324006,98.60160725683286,80.93468750634733,86.35953089319972,-64.92193300527748,26.776768043922303,3.650462282641982,10.473964321825392,-12.101626704372165,-92.35984100216406,1
98.10102840013465,44.45338637113184,-52.78990733070721,-80.16438008255682,-25.089422595975734,-33.56179337687908,-35.39453084918122,50.479576460757585,-62.94462993329199,-36.7797376906059,-72.10995275896796,43.7398531945592,-82.37155132184157,-7.883489861066678,29.972784340515005,-69.90090038548288,21.20300049588863,-45.5065631933808,89.82249137764941,43.40958774142095,77.27527692487902,71.0971909391915,-97.80726937369133,34.934798404632375,36.548767925408214,31.98485905181198,-87.23479305805728,52.879840512514846,-98.28904597636597,36.88653791631975,-70.08046877048832,-92.52967303683744,-49.72519854191724,22.27060615502836,50.72437611687181,-29.15586439314481,-66.97025757800512,-38.779207968476626,79.02943179434556,-68.9811458278581,-31.47772590770532,66.55141117420754,48.699723823286575,90.30842935109968,-98.84934753533973,55.11362956188634,53.9328976997316,63.09994542070385,64.83583706878869,43.97992727693989,1
26.705942152178935,21.154963871377433,-32.976229148171626,83.87839464288348,-29.525010678069123,-56.85186416470918,-39.7907844331374,-89.95139803540357,9.774560308519952,-7.820332358683629,-34.7659491743493,62.57019430735156,-50.204620167727,-30.656247752817762,25.84383860165842,55.57554110737544,-15.873952624236125,-92.8775699454317,53.83397390471748,-47.489953995999954,-5.134885889941799,76.40963720153974,66.9596985159881,25.92824684649146,9.447485575856703,33.78002112372357,8.697891541726761,21.78097220600759,42.52093685094661,-33.956954967994506,-10.12682567496988,-2.021171573835005,21.7143448612033,73.80942049536338,17.818935163316212,94.6614159000753,62.36215388783896,-19.71236760022701,10.751167267579717,-99.32752433541268,34.948345487617644,-56.762933524266444,48.59582689779137,-67.88752443836475,-2.22132337575205,48.37643366463388,60.1382927148571,50.677084803121886,55.7646898671623,14.390220323839571,1
26.22772519945258,-67.2688114268591,-18.133198736991403,23.04388764620218,-40.01617769860306,-3.1845860579596774,-55.527739050365945,19.042566825374948,-62.012772708487816,-66.43708087079428,19.561602680302798,84.74627917535523,-21.952290083200992,61.45232986525008,-15.328394529842797,8.477312038087746,5.02817035392593,-43.1791701545134,47.36336636594004,-74.86777088408346,-47.64942619259527,26.80015348319762,-11.97115869241263,-79.2252419442379,-45.74628270336465,-38.78816035676482,-45.906178876698235,-57.60369584014773,-80.46673637477542,86.48555659576306,78.5312390670961,-56.55330508151306,64.52498553571203,6.615764464926372,-81.78672880250548,22.886730967019048,-54.36653312388311,0.7117092651044885,46.64391391628203,33.18600624413597,98.06521890537311,0.4560258537055688,29.503797459809164,-90.9081548819231,-76.51918752728002,-72.52626908501945,-84.1934648534176,-18.38635939281383,-94.50133367448599,-64.47275469114082,-1
17.155116254692658,-5.586610978000152,-15.65581462530892,-7.892100545171999,-86.71123112884503,-92.21400733486651,-23.44024711272243,10.132675888170311,25.13015788545529,87.61282791362626,95.4913126367685,-98.27619948164394,-8.359038949556805,-44.961957645304864,89.15494340169218,-53.730257359969904,6.1718068576951595,-87.10186390883075,-67.46955636201989,12.107870483354176,-24.61000566274558,-73.1137834328532,84.41853071446633,-28.640748869013095,54.72732900115216,24.90360307286943,99.47622536276262,75.17714427339027,-34.233390623761935,36.69054868421006,85.40242258501613,-8.30647797085524,16.705909773182654,-93.12739415662779,-54.437941864773705,40.09549393802837,0.7794396585165231,95.21903582229771,79.37564836598955,68.50541025752207,65.29987246020156,-6.776116146448203,-18.687699315268148,44.904567715784765,-73.71892563890725,-53.11970925525284,-99.66950237160577,94.44293018925399,-49.9026316797555,-78.74102790007171,-1
-9.091787046445347,-78.68034937324563,8.89781959216991,-8.362622652421464,88.80841876507958,40.97420200867634,-44.59749513480424,-55.13628822929475,10.694355241969973,32.66214190080038,-10.73472800268776,92.07335492442604,24.515079566556338,86.96440808876025,-12.106925128311573,37.65859968545101,85.5582958750631,27.489075743580415,22.83674479690785,-37.599738778309934,53.8970774631174,75.73951676521517,11.52847866863172,6.431496996967127,-56.04993996662411,-81.34797596383365,23.34246615342697,-48.29874957043761,-97.27912090986635,98.09433446945133,22.812996945479668,78.48523550720788,-92.13610246630535,90.82761587676185,40.00680819297108,44.76573636458903,76.37819298961733,-75.36162239143395,29.138773676783586,69.94260891607883,71.58613073370674,-71.78421569612512,-82.53040230371415,17.916857550670073,59.1150547785264,80.74599524272753,18.89280970544722,47.497417233229925,-48.6059844561711,32.589854685922234,-1
-50.53037965136047,44.9533543057523,36.223570792996554,-69.75063425301309,-71.42994253983228,96.07374818843701,-28.936050305222466,58.763620781607926,23.08415596416708,93.96377292675695,75.42551237970034,74.73560691214976,77.6544393023012,-10.273481676453173,-29.804875214781717,71.02188439948802,77.51261436323827,69.22383711102236,54.89548385519666,-41.696614369761534,-81.9362879401854,-49.07462666942091,1.2743347090290627,70.21837644642889,44.2271707198087,-11.171159555976075,59.98940971697638,-18.19845265274536,-52.107044093106644,-5.631405032477261,30.788734435985276,61.97528300771387,-23.471768986885706,-71.79504227993286,70.01680426612725,40.21343662197546,78.89307586301811,13.161726837234838,50.24603778161642,-52.84769742728539,-33.3163997107967,-59.25934166868474,-92.18876423671219,-67.69521554014774,40.09518026430811,14.853337920179627,99.23058084012922,-88.39407458114385,26.12620943083263,-9.825153719552034,1
99.94353465722611,19.253975696410606,22.06675666218368,13.066050914321977,65.69385988982341,-16.333227179543968,59.65863944183732,-45.87121160364687,-60.27108462051884,6.494181576779482,-73.31673289535858,-28.786540176171044,80.32624589727203,-43.14234218090813,-76.14566559205132,28.44192740053947,-96.393598034954,42.041969663252985,86.68266408991099,96.97431322272041,51.75882854086257,-99.50908271123116,-83.26380235046054,-32.26407910859382,30.654313166548746,-27.986901289854345,-19.147456986969374,62.95923453199521,96.48947140941493,89.5045961102476,31.169789714774822,-57.962979275691254,26.234840801801383,-11.034148480408206,-21.15245277413979,25.173221923073612,-55.78682699055666,10.978875235041869,-57.13834756763367,-77.50040843722292,16.401856176382594,68.81574687644698,-68.101873233758,18.33789474862178,17.42067101260747,-45.60883079223008,93.61465617274848,-64.56691574704547,70.99720296641149,39.657385326118344,1
-91.36801760988477,46.51441944205007,75.70311226026959,-45.38583800543752,81.89092218744841,57.24113045221159,21.939485030523187,-44.95216379259834,-58.33692199829641,5.009868049076928,-87.81889135296346,61.023841750932974,29.503959114032625,-87.86338620986353,74.15943446762265,-67.67246124308164,-11.280059736362574,-45.00416160527196,76.79955537423734,91.39835377408829,61.185630683071736,-50.6765154618652,99.71204969701373,-22.568921189203365,-41.53333774332351,63.00155539675154,-49.89111514573597,53.070398783930756,-82.66428776983386,-58.30110500914789,22.741296369915347,86.72330384607346,-43.006344484537685,39.34272007060565,-4.996648601316238,-87.11247488946154,-12.746573039116043,37.03224012283724,-72.29864443496817,9.997796422843379,-59.95680058309964,-49.736206274736915,29.727473827657718,93.99040956343731,73.23558432901046,-87.91760166110116,75.49298993435559,-42.20460075039358,68.60287096899253,67.3492663504918,1
-81.2036120318262,-30.860801299216106,-98.04583051616326,27.440295361656084,-90.87025089952326,58.62857479934789,76.51197535446946,65.31021483829284,-88.28693894309323,-41.7277854324511,78.22801835870189,-78.50988947421837,42.721473252694295,-36.812835522872646,24.50987924262276,-97.39795731482546,-34.12438659315646,31.77108084536843,-82.37468609988845,87.5773952189767,65.78597823860241,41.35305637232622,-98.35275168160797,45.620898473548465,-16.428762695573724,-49.92538985860446,-52.93488980805008,-43.79441474595951,33.52144594540064,16.00871105961967,-10.172062308121795,-21.603777418607976,-7.24250884892939,-0.31163191300112203,58.7042529280649,-96.47669857177854,-4.885984649269275,48.67225009758485,27.13021423178776,-96.47303418953072,-54.63058089978872,50.919439711558454,69.15252922356092,89.07359496240053,-3.5001250268507818,-73.79429883754021,-51.87495465412286,44.36854995104795,-87.5696145734865,-60.07387026536575,-1
28.657643688470642,-9.342233050394483,-57.867562198866686,31.232367536214298,-15.593147974472203,-43.50425120459467,-45.61079211631025,22.36620402064429,20.87186394295422,61.65364224325566,-54.54778928806754,3.603069781703951,-6.8548844665004935,81.8011177671406,-9.23068723861769,-60.373851635284595,-73.47920185063779,63.42042660052297,66.050038556277,4.319902598224317,77.55070188279726,-32.09421617386134,-14.229127738672304,-97.03396751365842,-32.53409377931705,91.96868534770371,-23.711783578878226,-40.57656837443162,58.0219024534189,15.095055577272973,-90.15111971834217,97.06894373746212,-47.90248418853018,-37.58161681858358,-54.80945782934923,-66.71611241367945,26.04776247658087,15.872723465309463,70.42654392387726,86.71246232054665,-39.22248640583563,-10.631749106940617,-33.781141599928844,21.893360621294562,55.878610848844346,-66.20859177973628,-96.94523238742305,44.9403625831211,45.86414956652487,3.921419094469229,1
42.435844269507186,-30.226346691400934,38.73644515629772,-88.36724089890484,45.334198414064645,-99.72927485690637,-54.08036784920627,98.02176921737316,27.55482836911831,2.574948461053552,-21.248971686918665,35.36400872600939,54.56801668530068,71.40580566611558,-70.50921651477302,-85.52472136117551,-24.107723881307038,77.82387114548857,-95.30819565576911,-3.857188703128813,81.27084221912924,94.50289643194853,67.31875582619023,-58.770767943967186,27.004913228321925,-75.58291566975346,-93.55692790992542,-62.1332493005859,-22.24097620771947,6.720480305085559,5.30312330432605,-99.93805361699881,-34.795309544403025,91.13108504830672,38.9244574880953,-42.190053410844165,37.71990413509906,-84.5043868072539,1.463700135929784,-19.642950967448215,66.62906077248508,-80.65603328977409,22.10748546134647,56.40926059259803,75.97135376853089,-89.0472444948349,-0.06141628580532199,38.88498990472971,77.68522843757137,-23.11338051416996,1
63.444440040243165,14.32253789397997,37.57714446016266,84.55143810267887,74.2408964526104,-75.12632019989795,-28.62280496577796,85.82894344233748,-74.3348275622471,-72.1491858430592,35.32344671050129,0.12390646678619532,57.607029915004404,-25.468574021170554,18.513636552965366,49.444929017717385,-51.80074840081641,-36.869274603535196,45.6941891117184,-42.894985656932086,69.82644959770212,-8.816812595577247,-81.86758229813233,-88.24079669107259,40.5701646792065,27.9233464864124,-52.871533600062605,14.644591511248734,-8.216695140252938,-30.910722838897314,-15.26196426790058,86.00536757763246,-37.55363207585296,-40.58180624393584,-18.162125056040253,-68.64611253299955,-86.86191413187066,44.87138696596713,62.47376057475614,-8.751394830741106,-61.254242760682146,1.800924312411965,1.6369766573740492,-53.26199287239082,-18.531249565962554,-9.099279803479604,69.72767959061187,-89.97891469900563,-90.29762599474256,-9.53102940007102,1
93.33096380873391,8.710572222797722,-93.49476410174961,-48.03735825099316,66.27470287714198,-70.60745808235806,-17.60838099317961,-17.760502223490832,-75.91053200068691,-92.20843073030716,72.87325329119466,95.9910894716557,59.484110788332856,-85.18501855791045,72.55415549184511,48.32756372352418,18.174384594851702,-79.23212277781448,-9.94696130067237,-38.641143377979745,57.465167491479065,73.54947801634611,-29.771261888637596,-91.44334635054642,-79.09848747145517,50.00303584573905,-66.04461204837557,35.685333401747386,50.64728286175216,10.188838768120604,-47.83378399499825,-87.8779285764373,34.5134390189246,-77.77043450657821,56.04131444023818,-47.26034890978661,12.131370700136372,-27.154423770757788,-87.23380159477729,41.827398311885105,-53.29762828134707,-62.74656353742123,-63.82519235571769,-11.804922310718254,64.22842537973591,-50.970396020509746,-3.3527687509696165,77.69017298647728,52.347380442503606,52.5657732788589,-1
59.03723895374074,-9.832125719173575,-32.10996149143878,-65.17813293318312,-77.23232130467972,-4.619978706406002,-26.08516011464536,-89.93009460612936,65.73058122365785,-50.60776660162149,77.48490707407205,25.936719051840583,5.189315380291887,-33.25915848487402,57.858130935420945,-48.60954009830603,-16.31010056490838,-91.89816541173563,-67.0531982224552,97.27643432577844,81.6517109354132,55.27827373054521,41.69565062736703,-93.96159693256227,-65.52077134030947,-3.737924288341347,86.38053688412066,-41.6682458998126,-59.1107265868674,34.39757428046522,70.07255753157008,77.17654751434887,-26.28466123237247,44.65798966856326,-99.77080987434874,-43.115935219241685,-4.151524992133886,-88.77368239578553,79.17676741350942,21.67371813924717,7.5261353207090025,-4.423401073602022,89.57255432699216,-70.51724670311452,94.94738945150146,-38.961233112009474,-4.789761213903091,-37.94627626402352,49.36530122981881,-29.048965774048455,-1
-24.883409472011195,-49.64018821860945,11.929736697382822,-7.704507075053172,-5.501328998697289,96.23850583282317,70.99480391229486,-97.83778327296073,-58.233812901082004,11.10991397712398,-64.16721634196983,19.208719095529432,52.43750223881642,0.6267109496639591,-71.90019804089653,75.84086751707653,74.71111524541777,-38.22782015270736,44.302355968684736,39.12815068908162,85.10586432937899,83.39574980370054,93.15830602139351,42.971194840081836,-57.21542590005646,-72.76517152768577,24.225059818165803,-28.973356936841867,37.86802312652088,75.91264752255626,84.06005411454962,-49.43275938504199,61.6220693228687,-85.28779420445676,-21.650382478957653,-14.185446508999348,-82.46065816753813,-80.05527998678625,19.83941820422163,-44.93102997231118,27.97928721665039,-66.185639488647,21.25321270647433,99.31082163517618,77.66103045932948,-47.02951996350393,93.17700258866844,67.18910748216209,21.506758255610038,33.16455281111848,-1
67.0604991178476,-69.4281721631336,63.59340482381245,70.28499154901914,95.82098760303091,-40.93970448563344,-1.7808541233669644,-12.364277350331093,-22.254730424690663,41.87776436487724,96.93089551816792,56.29241775094184,-2.209814712309594,51.357844580479394,-89.60678037376395,-44.51465303980417,-27.362175256754995,11.768174190933294,64.092258031663,48.92073580067603,-74.87745929593959,-72.1624394484026,6.791309386986782,-28.932058356090607,22.80623968973012,-30.684402424844166,-89.74593350736934,75.27042260543831,-5.458620272742181,7.695195332541189,-68.20698119547387,63.51890939030923,66.84768592812799,-68.45593658335005,94.19681157537411,-74.5761416285903,-12.067693525881879,8.021487784358186,56.81894011596961,25.840031489932173,-45.54912812310678,69.73591294171132,-35.066224421308306,68.08133111274284,87.12387126573142,-56.85530190687811,87.35362667442047,71.30824413775892,-82.6327159119977,-12.831779269597604,-1
35.51287236845647,-65.32528094104904,23.385383675148447,-23.875341304683985,37.265439337219476,28.96652080446276,31.034742904867613,-52.5042886495485,-64.62060983520321,-27.403431919225667,-14.89886814563144,70.17055146441908,-89.4348212182795,-30.87459259276821,-3.3971774312099114,53.95446147711712,63.206700460413686,89.4341233686788,-45.818155350625766,-8.936317987614316,3.7779063302162825,81.77748807729358,68.66647097838751,-32.658866220493294,-26.989744491638916,-85.63849091090616,6.423972040941294,-67.1920105847174,54.83430000458583,-0.2910243337413476,-66.1504805114211,23.27126471980499,-89.92740020132084,17.476719053729425,-14.512866089740584,-96.25505724112186,38.712491194093985,-30.322387979588527,47.45393662514087,73.58222634785224,97.7543961390254,-84.4576048622219,88.91265271645054,-4.552025038213742,-38.472478379982064,94.0203528663123,54.45512258292254,-1.3782303503510747,4.434560896867595,-94.14372304637075,-1
50.908574816936465,-82.8982938291064,41.35544337708916,56.75835689707944,27.380463490948642,-92.48578192021853,15.340479771551259,68.93318181804486,-74.61111724900547,82.16525293726303,73.41203647578948,6.611058018942245,71.39002597387761,-15.645151612774825,-50.01965567262203,76.98534936899333,91.3671335086126,88.67145974197632,-95.48606068531147,-91.6808087487061,-1.63773553550881,-37.51882046407364,9.097629611392392,-75.67636863607012,-53.91560563713256,-97.80681678871055,-98.5495143969711,-75.42488402116948,-89.58952032653858,-15.377313800842757,36.88980969263943,-85.69223562192471,90.19363729047987,72.51784826827276,96.08977972727854,-22.971852737684088,-98.08765742990435,-4.606421780811104,-25.630139459208223,-36.70509367242833,24.614206680503827,0.7355146842124611,44.59503870172409,-82.52803706717245,24.878552859168494,26.671582394619094,-66.52542969197279,97.61114372482177,80.33268293535158,-93.11280607069557,1
2.268479772187561,59.459073155910716,-3.898610548434206,57.38067725105901,90.1062105172407,9.315428406458977,67.22354064144974,31.7322709879534,20.361346789089453,-32.53387823084691,-5.674726960947666,-94.37569874441525,18.173253479022904,-14.033748497399486,-13.964818311137364,-33.156932547977064,4.131070746822303,89.54656080126108,43.89404626267623,58.76718242972328,84.44617396774595,-57.21324343979055,-72.24482317747385,97.35931883597934,-34.05756491715928,-6.432397375057008,42.43759639589845,75.86468497394395,-61.41311274144095,67.16127392356722,-24.964720337379504,95.93834928716569,57.969581697069486,9.844019977372739,-50.45276719297684,94.38113653033412,37.0090351417239,-37.56335663569781,-20.690802605276986,42.00454630003691,57.375839564192574,68.5254397725266,30.38661189515011,-97.57694597807954,86.3167312620526,71.24538835261666,-73.56876053913545,34.57876079785777,-13.356272964431,-91.10111463632018,-1
-15.155598150604746,-64.92574427531008,73.78099689574364,19.645058812747763,11.54176525000878,42.865327146999505,35.50632277673694,94.9381192097103,66.52235466522623,-19.62474575265209,-57.291429101931726,58.01664999428755,-13.931365262185508,-10.645568232078631,-46.42528343651185,20.602772672917638,38.96414597434415,-98.93516188578715,-70.72538668220645,-22.573898205770334,66.99390989623714,-55.317491014074996,-95.00581991317377,-90.1416001952391,-96.91696678469215,23.16877888424716,78.66832836552163,94.1581981138059,-5.356994016378991,56.78247611744672,97.73131098280251,-33.06699800309103,-95.67164107835286,28.728274575745246,8.16241415961511,-86.46496735488,32.74265050403881,79.19979033618267,-11.993369399198926,20.779060028954447,30.09581305563418,58.9787499412995,-79.16585466759234,21.940366430308785,-23.136472908325658,29.78838719046655,-99.2443629593046,-4.962167991571249,-68.02052794121238,-59.840347136227834,1
50.67563705178833,80.00372836962103,67.62305792962204,-70.50949465874321,-61.075232659025616,1.7781111182111715,43.020032256739995,20.489888393317557,59.83159422095642,48.32545749037777,24.04696979222409,-98.5816374451258,-3.1573721304716713,-54.26584972307933,-48.79576538769739,45.77410189771916,71.73441098589925,86.16153446895237,43.212610683911635,-46.04078842152717,35.416394390221626,85.82327053826512,-17.07598752070443,-45.51071177823367,99.66138607639763,-56.814879812208495,15.245882355586858,-14.516975962458105,-0.6752371873657239,-11.771280126184692,-37.71684922376826,35.82554748017466,71.5011479914512,87.88632541995932,2.5167933868466292,14.78228120667957,-11.594478313915246,43.56595522817827,4.3569533429772065,-67.3868265279873,-70.55950778041819,-63.366869101222576,-81.90274163008945,10.076647061674578,39.244383000973386,-56.940340535710774,-18.749146714434488,56.71853148346608,-70.58280154592262,85.37444056293165,-1
-22.652930739892525,-20.42888019085167,-78.60387223460832,-19.403964246967703,28.576382011741543,-88.38160958393004,76.33812236870162,-24.0496954161365,62.49476420883434,92.28332392840991,-82.65868648087195,-66.69929059009698,-65.83725873875785,-49.359767326004665,54.0875605584674,92.9380957656922,46.102930805265316,41.986614686849265,59.58863785066001,-86.24980958226453,-14.511615828688008,22.83254052323977,95.39421092525217,23.376814393278963,21.105854978254428,52.661615436025954,-16.1599985458531,77.74321892254926,17.272828264590515,53.00863799409794,-42.09145044125901,17.328602489126894,-9.856402893570532,-31.676787506533046,-37.48505458442835,-82.92046157298378,-24.542855125752027,89.40627938468552,-89.3338420322822,7.450454400667738,-95.37074979458724,-75.01921893515942,40.75620100693297,-6.748789151300997,-90.50115506353555,-44.13379629393188,-39.14934331804758,-4.627741641745104,71.42318846347345,37.38199573664264,-1
-91.85423953620597,-16.214910099090417,30.065137269387378,31.295721466300535,-23.232223391004098,83.90620493120994,49.995559690414154,-39.342821830143414,-89.08691834346021,-82.5106996400229,88.94147633449634,19.082960324021684,48.950146325984434,-68.69415731685176,-53.18844499650017,-8.867835689381607,-7.508636586970411,-91.6239212322449,-57.747416612360716,-97.01000577915222,57.273477192339584,93.2818592246858,13.163598571893615,-79.98706568669334,-78.88487155610733,31.324389894625824,48.7730561776342,24.911727183478888,92.31579420778317,-13.079526256401635,66.94759095539351,13.106375384811514,94.05874654975045,-73.76297921584028,97.91741482813396,-53.22645127252474,91.99698164753505,81.22751751344686,94.20582624901994,-67.90470473659163,-30.241882293595808,-18.880757912838718,31.790169401089344,94.99809305373941,90.22740928835728,47.12483004350179,91.13991178377438,17.3759583593518,33.59452193385522,-72.10706908019301,-1
29.8420604232127,20.630421893277642,30.24659540829842,-18.019022060742344,76.06295242978541,-30.931609551022433,-68.75868626267561,-21.420978221364194,3.9223351606014916,-59.18712229067988,-51.668215836162965,89.43058720127095,37.21823078869738,-20.056089805114482,-26.544459743858155,-37.0133545082135,80.29717022014981,3.9003709529962265,-96.06335692371727,14.137932315369596,5.050092966097637,4.734479999797031,-83.76244258991377,69.43149140062155,52.44615792843385,-94.47404883831697,-63.493689798265216,15.479853426618192,54.6836421810726,53.74695867576051,63.49528786098412,58.26830480392729,67.56514398472018,53.235279893982266,-54.002077341710944,-98.18116393951615,61.14716437528165,-71.79067328325456,54.58670807195111,-61.18109214207897,-74.32076563954968,-70.02901588294112,31.903990933990997,-14.28147858096574,64.23855167272282,92.36663325826393,-50.12907397493092,-52.07903541609087,25.76795771173657,25.562485814001064,1
52.323923065743514,-27.383540720272975,76.17415183978568,-38.89513786839529,-30.41171768356668,70.06960022397908,-87.19873067827581,2.116151491911978,70.23014708519634,9.781926328014336,51.29021759778237,71.72002139649965,44.666060798792614,-35.88648279670019,-7.638703687596276,33.877084733973845,-23.00825547248857,-59.29289550363903,20.990002629540854,-60.88587057969539,-53.64194447668407,7.763873449933811,-64.07323472557185,99.75000687826338,-84.47041692934185,-98.43101575187536,-75.10022034641044,-21.173351434337647,21.366285782746644,36.90888660626479,20.094572650054815,96.6324579822817,-86.56296069521974,-98.8133006507887,23.016993297536686,83.78694862209946,-97.3755748876733,51.83249623267625,-60.4805230317841,72.60519222403516,22.7196137538823,-2.6341144125157285,40.02591249119055,-98.01535856738242,14.482875594599449,-37.62246315701046,-3.8265082727548645,-24.52177791526175,-80.37511736010796,-15.632653526341244,-1
58.315808745169704,73.69359517958256,-36.7687790046499,39.12362929936137,-67.99501270736118,-34.94097319539378,52.870677287285474,89.35124893844815,-80.31516217972626,90.41248932780056,-61.54841630638161,-78.1035267862012,97.67411334431421,86.88215891424295,-60.753143662428876,29.56740772164531,14.36575423653818,5.414187702691663,84.8708692387601,-44.433420087069145,-62.51774240324461,43.359543339874136,40.8171337284671,64.6056617591529,95.57919755722531,74.17811400533333,86.69455838951157,-65.37491216696884,90.21813591341527,47.73241071236504,-35.577480806172375,77.99949651622643,33.989836200616026,32.31640427511866,84.37575867386983,-89.00842506998671,14.25236568852388,-8.575885146391187,84.9289425164828,-32.20583256168803,-18.79884534358483,88.44013229530933,58.11124775252745,-69.80486369722385,-95.26912538033744,65.89201879624434,-16.871686670433945,46.58285983390104,87.33764785697892,96.87119767884528,-1
-36.20487394124774,-68.76948052676192,74.14998025450228,8.447441098369652,-44.923765148916296,-4.732853339780235,55.60504862893063,-16.163424819575738,-3.341143006734953,28.559014101261823,58.802890053192556,-48.33991417448156,-92.11648297592741,-13.064370336705949,-84.26046496092019,8.719114982258418,-22.37338379955014,-77.4991733523817,-50.66231405120054,-82.21409544899522,-1.2999271854766619,-39.17799853143262,-9.975145472952235,87.35478990460038,50.18567870334445,-12.997614512504967,13.432909259174124,-86.67558252650771,65.00778212467233,21.40573087690933,31.22576087344038,81.5261906669414,-59.61182709760349,24.26041783441977,63.036646458550564,15.71508227664475,97.80784835115915,81.8998085881432,6.957375086623017,-65.47454594615525,11.357895383769318,-35.002518088582775,27.823025677960644,-83.70915705311992,63.15031749142298,30.28596243920333,8.018684219542905,13.729927235801,43.434278411653565,-25.69060099936496,-1
75.46787067619621,33.72864398488619,86.4056211020035,64.49611272687218,-39.21071975185524,-24.181190265612756,-50.00861072047576,-52.61333501867027,-36.95211307010984,-40.34550915317545,87.07889793355974,-57.65712557040583,94.02337728368644,-38.12628758399743,54.24496305808074,-3.515279681054224,99.16047355598371,21.243328444153192,35.22835772029143,63.97362950540099,-24.808018071867252,46.32918078397762,16.76665452508452,-45.76444285775931,-17.316684965218258,-57.915903251696356,-62.57099370755477,2.456948610042616,-30.566632065141476,-77.95341825575346,2.771471853824494,51.94233206779347,-43.91402768528463,76.99872267900517,-38.94713967851282,-76.21939646440133,-58.3027586514421,-81.68965284975079,99.73885060608868,84.64787674563755,94.46574206207868,8.739271695028378,-42.03290752407194,-97.4126215449288,48.35189537819278,-49.03983510458729,-64.39409407892727,-33.69115926091972,-83.71182653561343,-47.99532537100622,-1
-38.09447674273445,74.58916717528166,-94.87158683871286,81.25091610420733,14.705790291114653,-49.90642024150021,99.44757998072055,52.03218595803182,-42.363094808094104,70.90947864043608,-53.42828862478115,74.47891267096298,-5.109364031095339,66.24916101798851,-74.98221803271929,-80.84916026732847,-43.872884024696845,44.982054367216875,11.368882626912509,-64.76921749942798,47.82493342730925,18.248581150122817,35.2467470080955,-51.5340377092522,-62.6384203619003,89.53033061621781,-67.15660835453082,30.394742784592125,-90.04656068228489,12.533356131266629,-27.126341179983953,-5.5473078409569325,22.409415931551123,77.81498334934392,84.14758713861124,-5.618178017082485,46.662932253181225,-87.00194793224631,26.29982133469953,-30.67206112602277,-87.09747785239324,57.791667002069204,65.33660545423413,-4.590012456623555,-50.4911425963908,-43.74430998537784,46.45885322801746,-88.85862086131517,33.56291456398628,20.838390148732813,1
54.19343599091221,79.35768198120238,-53.86603765644826,44.86776342574822,-42.57240838308489,-71.42480773211766,-62.29187885014977,-2.0751075899510454,-33.6056990528309,-14.506694366662188,-90.96972711754161,-27.988019613854803,-59.00415343481784,49.799803480991386,-28.655366138218724,-76.48855017581269,6.460872769633255,48.06260616879027,2.6439951655637515,-47.41515047357059,65.58241242981288,71.94575670044651,-5.891063009755456,74.55926501588857,23.295871708248896,-84.93571356651904,81.34847451451077,-8.621089003514413,38.92152232534568,-3.0517285200615873,18.57040097844431,-77.1410637715233,75.94159648081066,30.422795724749648,72.28958428086963,56.487881899774976,9.407828724131193,47.58478749577,15.426966973851506,-36.017272971939704,26.33795744531251,-82.87106682518785,82.31462802753958,31.050966167819894,72.40617485870195,1.4904793473713482,-55.13721813884298,1.088331343560938,53.81941851706077,-61.224720121436135,1
22.683039187157974,-55.758111636079555,62.5971477432187,-93.27727996334347,-87.5084812761857,9.771733015471185,-32.94418998434085,-93.06545915478672,-65.11814657770009,-66.90004506726888,-73.34314838356536,60.73869037546049,-89.53342853986743,-49.903410650047306,67.38556656892473,67.88160752185439,-62.89480494845616,-42.6678837425954,8.906258580901621,77.21479341910504,-75.68253009329462,2.5376144657622888,-91.59104078481106,91.96687627977536,-35.72953883695493,13.107782923932021,-1.0095732590016837,66.21688147131903,86.83106875860128,-86.4890313088626,-41.59717991185319,-91.06799422455525,75.95338758191306,85.64906928761513,-71.99486210602288,32.73902778247654,9.155430644987518,51.06840308682678,9.75846247397692,-17.104654518486157,-64.20991194056454,28.230625772031317,-88.1194052218458,96.14854504503953,-10.33273170836388,98.28010831042712,-91.12219975861642,-8.786453920540225,-26.799890449895884,80.97854009958326,1
74.29211803754353,84.17448010636264,16.017241567562237,33.89739103963802,-69.57914335554543,-79.6215223867973,75.49400933089638,-82.59655633944226,-31.808285712888335,-36.611475646543724,26.154084034524132,67.76786735305407,40.47974421611974,45.69878676948804,81.61673741197089,-10.318431796813428,-43.90735515906952,90.07595029641863,-4.86899381501658,72.04956219549291,-65.66120137430175,2.2591492492069136,75.32105567411969,57.15643007875087,-84.67603721407026,29.848546567594127,4.414714227466618,49.344320336812416,-35.30653305390068,77.04579684223452,65.43734284906435,-38.22695979756845,76.78036299202171,-32.829136827833565,-20.32893560681819,-26.104255273253358,-80.92523842039449,21.18178864265927,-7.210691655597373,-65.44892120185546,17.58844767765291,-75.934668520493,-69.86910226787325,-36.89214585402907,94.86916499545731,-52.953084005870686,-84.80226962089168,83.06578893313008,-55.36934979165184,17.05084524763653,-1
-76.78547189861675,-64.72260269875534,99.26678321134838,49.61463588590641,37.31798269852135,-42.223012218166865,-61.00496001994215,-23.077784804246363,28.791315889522707,-68.84534788396597,-39.3560432311499,-13.586542986676449,1.7411968432533342,83.70430608862424,3.698594988448093,75.31209815774352,-13.63897984281759,2.307238846958356,43.295252528433394,99.10328971806496,38.79842167785512,-48.9143437907819,45.954527467231486,83.9061257825665,91.31278571223379,-16.495438778493934,72.60538962992473,98.5806981798529,-51.89759151889262,-14.4597658361523,39.83863959627527,-74.46667300353893,85.52284702961131,67.7005050647274,81.02677496883715,-5.671380579655278,-13.591457294704725,76.01534177676888,80.42129314366258,94.27925339789965,-28.422293854862147,40.273972346522925,32.463104888425335,99.93126179126776,54.10979613871359,31.559253005149856,2.042640472862118,-90.71326892179042,29.720424527455805,54.51042685324052,-1
-35.35941359584895,-10.517526635309068,-84.77382810193996,-53.071583628909295,78.05161060356042,33.277082715641285,23.356721570508228,-2.7739029570151814,-96.75131135810926,90.47735047974493,-24.60276654263167,-88.59952248961321,-79.53356409318737,-32.400243794302,47.70780789518153,-91.23062950067401,-87.29285551521629,61.79554992274171,10.444456034769317,-60.21663725255506,-97.105871699427,91.88791914823298,-67.5540857807006,-23.77813479834343,-30.465651706217727,-56.9338944942537,99.01055049584946,69.58483245568218,-38.231238171508174,-63.09298985267118,-77.93304523495941,-94.7884228028814,-4.618914893544982,2.9552844000907186,90.42477562617412,-8.444129746872036,49.75466436436156,10.163265090141067,23.583651367598208,17.764978649658644,-85.04236709942697,-21.756366991715794,-64.78244834615955,-86.63055603646478,-38.461551269385374,-20.144923196884562,9.894895937098156,-26.692189118208788,-45.28568528894517,-0.3979212331133084,-1
64.52011213193165,1.1777357768932006,13.508169652311636,2.4443841625349023,-58.601484312314646,13.907955913420736,-22.119012204224944,18.969475900381923,13.170112062649338,-87.95461101994051,-92.1276240360541,93.08972692012424,90.34048127810743,-20.304247578157117,-78.77399613819611,-14.222513729957882,-85.8167617122861,-71.86933215326665,7.6652744019824155,-97.00776034873985,-36.680730317470655,63.86675045977222,10.766183173564698,98.39940180297023,97.67797572797258,58.31478178600557,9.85500162564972,25.772117068900428,-56.550685503823914,25.913479033754342,39.526964566532854,-60.03581593172718,62.610241428661624,93.84719945342178,-51.3009481629636,-21.574370606145536,-25.62040188501176,47.277958010008945,60.50530697266319,-0.5491368103057113,3.6796381575937573,23.163779957974057,-34.01980797018712,-46.860938687703246,-0.36631686253095097,-17.18761195733171,14.1844303600746,-18.257495452096222,23.822939060684178,46.332003851204405,1
-43.84552751182884,-21.510978515472928,72.8716499679274,-10.043070235735499,78.46049962793046,98.26558031284412,-56.08921535403961,32.3827265274023,-88.62372044447069,2.47856414642132,38.34402282693776,25.746803011998594,28.84260319792358,88.75482406896322,22.634072148623403,82.92329090303829,40.54765985791738,-21.781551170355897,-96.22382428475306,37.2733213157359,54.61802832342241,55.230372821124575,5.8206535320876895,24.6863586886722,54.36195525399913,-53.38998029507689,-52.614427697763546,81.90511187246591,87.81626097740403,-87.60499280209612,-24.84101954238855,-48.58363562972636,-78.23852195398689,0.08389916701634093,-56.83776271626837,35.88946716331958,-40.0604337239991,-9.186948733597575,5.118997965674694,5.703034231952088,-76.36747229321008,-9.489067610286426,37.95509119921388,-33.71904705450899,78.02852869597754,10.949260766385123,-8.346903520638335,90.7541480152008,52.84870308152966,2.657672077299054,-1
-79.77546477544195,5.138036460537165,33.37285150922088,20.697533319290955,-42.318912436250855,8.899391820773019,-11.541238909772943,-55.46478417538301,84.48685673122489,-11.029513434491832,-87.1810577927649,97.60279241308433,3.0384452276427396,-74.2491125263889,-57.925583694032845,-32.55959296620945,72.48682602823138,33.52034271664701,-41.87140613869378,-99.37566972871808,-5.61252684894113,55.02921554571893,-7.119418735870809,-67.47434073685659,12.456500553504554,-32.303897926404474,4.124493034290367,96.06441454556517,71.72991578052617,-32.44884770128293,44.94189749287551,-94.89051977567917,-48.01670522845527,-91.97044599425192,-93.36073698688764,-74.0214347402489,53.122656804433035,41.79502918786778,-11.187052521149624,47.522232346426534,69.0773895184924,43.45659438642133,-28.147245054880486,37.57043700843076,-43.50615393450039,87.8138384202137,-87.12317881426384,56.27731394474009,6.371421871432872,-23.314773337218583,1
-67.83838971650027,36.30054444478586,99.42490003154222,30.04021847963068,82.15403232878305,-41.33827784388706,22.10935100308491,92.6720640892076,-88.59461719927613,29.749422779003623,-63.86849173773936,81.39710368764875,-89.75514071913734,80.65472444778283,58.93257847957781,68.15701438782293,-68.46779464061841,44.716140087996195,16.60372948882727,10.98196676508178,25.87098852578768,-76.76384499762182,-23.245213928875245,19.802527422922452,-53.48107260722992,-34.34554128836976,71.06722606046293,59.31618800302948,-95.2387913483314,-88.79417335021726,-82.29618948738648,9.936851170647245,-32.37781585277358,-3.7513089246326956,66.50088000647091,-79.83904302628848,57.22608449243637,-7.823744661407716,90.07685887582352,10.632655934278006,-61.57143026068912,80.10309849262734,-94.36193690069274,72.9999225212106,4.561189934462689,-50.299534499545295,35.776673377860476,-56.28644267749561,8.971051423860388,59.255675659565696,1
65.74750183038586,-72.72570488264606,53.65468277290364,56.10510304877238,61.28072344656789,-89.95479770720524,19.808917430076306,-88.60425460052635,53.072672771608154,75.95048045886873,0.47436399441909316,-47.289704100644435,-1.6143951921741433,-63.23742210363701,35.418756956728856,-77.3225808894855,89.73081618059814,31.22921836948845,54.97668645058974,38.1402078998332,16.639032376609194,-81.7976386234966,72.24987703661301,73.95371360278517,15.740129538448471,35.636516917813594,-61.134729225245145,20.215359801278538,2.865295781971767,-6.342286465426426,-81.58390137527604,59.60931656736409,-75.711476854325,49.36962425922363,78.94037220483673,10.69798610008678,73.83657279610208,-76.63753663757547,79.65392992676885,-70.62857027195955,49.122781035248806,8.265771853960757,-44.25439133292406,-15.116168166471681,-55.34417461351961,77.12436469178942,-33.11710972907753,-22.406733323235144,30.21579514985052,-38.236217282230946,1
-34.96333559465059,-51.970876244361385,-6.5196977500260545,-72.71204948865338,-0.4374983931419507,24.956772557880498,36.022377089394524,-34.353378864332115,-88.01133982773834,93.12779505336007,0.9822902500278445,-88.97969296823378,-8.447077459173173,-17.93925562546758,-96.32832320015521,35.02597716888394,32.14547862183031,-5.935190412558725,-72.35358264293257,60.840581459556205,22.462257768079354,-35.65259402834444,-21.594093039281745,32.75334722433999,-42.21713683923765,-47.2854098162798,-99.17970991396659,-95.72223066498404,-9.012985640511076,-29.011607102151643,-79.97134245232978,-42.229775333673714,67.38787165821003,69.73373512374195,56.06764952503141,-46.93518598706656,-9.880574179280032,-62.73861636514522,27.096603109297646,47.073529946505346,4.978056551030122,77.0129101833335,-85.4969007324875,-96.48945648833758,24.81168855546973,33.81908897105143,-82.74536845329088,-82.48543654675397,-77.93155444224456,41.195155024980636,-1
-28.306854291145484,-1.576741384092358,-56.34922242698717,21.418807217756154,96.99793122817502,-28.437183177290223,-69.03427748045603,48.32829036720844,53.716266182640396,95.31220466458086,-3.3003829786392345,82.3637139078894,10.342474403993378,-25.901712588097155,11.341851310570775,83.32862053878324,-26.05243782546225,-31.09882132118736,44.522344966889904,-89.82920623325204,-88.6318858575223,-74.52559279332782,-73.73535004713652,35.96735195154406,-95.20772297514604,-22.430980062830614,67.87417270757808,93.73258262934752,-34.804191246237565,-71.86091522785074,-84.63010762775316,58.925358205356304,55.69366798303702,-90.36984216535981,47.8579257492874,-86.56844352343573,-88.69707512238753,-72.95426917638954,-80.14797013816101,-30.382193549663384,57.258785768339635,-0.5126692953967478,-87.77858430621339,14.614131703386278,69.6549201334457,-5.258758462138303,52.14292557393284,28.660495698836627,49.74877033289664,-81.30421581467462,1
31.522578460068672,87.66809136420756,90.17271245008206,-71.55012626256077,40.737195492159145,79.71212093496786,2.9866699826518897,-31.322659564471152,-38.44581894137018,-30.996632015086774,-40.01412050538675,-79.06791193070377,59.690701010238115,54.453511367501164,89.21512361376628,10.811676692042155,74.25539762423142,-37.349851902235606,-81.39392505182086,54.01780625081639,35.789084856134,35.75519670408579,-86.87440093285193,-75.78374035170745,-84.94555179927923,12.054015119394592,-14.619582535432556,-7.092307295116157,40.29958011315671,22.698554370395925,73.16829508398843,-19.650958915004296,72.00335058190907,-37.16651744160728,-93.85456406990009,80.08106371301344,-26.386058956540253,85.21227455735058,-58.76703107375858,7.85965276685225,-52.03168838848398,68.40310394370158,-39.56596932833183,8.955119134404768,-49.417081100446914,17.545078538257442,-15.575688589963647,28.890472832947978,54.99812989898163,-6.031235952030542,-1
80.08361143266609,1.5220757368909972,-30.823388609408653,-20.267394445537377,34.1464623811668,-98.01523577443288,90.5630034005012,55.04881036698984,-0.008201607042309433,-31.18167643011158,53.063259905077246,36.6858830314541,56.54913485027734,35.40756297640203,0.9865608178800187,-48.66766202081712,-32.99828600846084,-47.23878501072849,86.77175915714787,-21.32943225044764,-96.28585624698023,91.0197112331372,-58.65067085195217,54.430500961492925,88.25181283552953,2.989470302888961,-85.46321779947539,52.60387956313349,-2.1338336751528004,61.43595404049822,-43.216520067113876,6.092600008163075,86.38448713711739,56.41290431448621,-29.503054480387632,81.20389115529761,-54.91957704623995,36.94450744426641,8.260263251264362,-91.4510786950782,28.411429347481317,69.02248261423222,-5.366990353185685,-43.078557634591604,-53.92646731503679,57.48172568618037,-45.66973609016123,8.970711567207672,-14.131452540068864,-43.35018754452511,-1
-24.748082893816843,74.77801551250306,88.92284389480466,-34.361449278137684,-88.47048356019502,-26.14384595689178,18.63164380789364,-67.39617723702275,-33.16145716537801,61.019462408226985,8.960217055219672,36.05013766607482,-87.27971272444053,76.4990210136273,30.165590097865618,86.38254651949117,-76.50482022470142,-50.84993756282243,-35.361186935132764,2.2872812603174566,-4.80366193015594,-55.49579116451071,-96.45911098535255,9.831138158047835,38.9930537637278,76.8942627151055,66.2871238585422,6.479737445382597,8.850781870172582,-9.581295521923167,-12.37553058382737,-1.7017395480954889,81.33376292303805,-84.23866039091851,-35.7641482065072,-14.37303105778112,-61.55359909458722,16.2032472496539,-61.580470959729475,-3.583768353545352,1.7642896981989935,-57.1012251221235,73.96480177740628,24.067772812399895,95.39463254510383,-32.77411559438259,63.618979009176,39.499402057714974,-79.94060661442215,-63.76947853900576,-1
-25.596382841443372,66.0439729133983,-66.04841898249185,60.01419373983191,-13.894132307558493,54.22456317037731,77.62363778680717,35.487614245658904,29.114436285485596,21.962552309623405,73.5959253461806,-1.526590259750222,50.03216659092021,86.00107555821452,62.05182610345739,60.328517966273466,91.84708706476442,96.09415955661422,-52.918550231694674,62.37233996651682,29.280347333159938,66.89084297833924,30.505375550083755,-75.21216114711211,32.6916646032185,-66.52649385466972,-53.77193159803046,-41.564639323591024,-82.51346050127151,-81.42810541129575,-41.739438258969926,70.88459206552363,23.36767535684841,-98.46043940905744,75.72431936151449,88.25799007885539,-55.21837369177713,-0.40197444904627844,-74.6948647368844,38.04666668290463,-45.549636980406035,-64.81167350434758,66.31093763631551,96.7524269137804,-2.3875080173056062,30.7465000252287,45.44313760372847,33.71250511242195,32.665171576333506,-71.12708822606513,-1
62.022678935836154,69.29045834690365,72.02447943784091,57.00330876741137,-23.097734471037484,-45.0592369904216,-98.00424466831012,80.48260665722069,90.91318577176216,-19.303806194600085,-74.1857506138237,44.21093217957437,85.67451039615835,74.00498510403312,92.78320241463769,41.753126469130905,-78.40751037783289,-47.35076503389113,4.376892385495651,-32.23976601457741,-13.533220024266939,39.66266478811201,-82.00654422780782,-77.92898868842491,-84.46551734543229,22.261103411077343,-34.635938749653576,62.84217967657361,-15.529625459853108,73.69306824247371,21.66388028001343,-80.66205673245139,46.93089957061278,78.91160057547657,71.27066976270174,65.74885314569539,-17.123366128744678,56.89229337867582,98.27584368965913,85.38812462402174,64.5292694292599,-79.35608170884421,-62.53627605961793,97.11492598086923,9.052425449371455,-19.9190525579926,-88.35130944570575,-34.0722351344553,-89.92044115132364,-98.561408798428,1
-92.62261052909344,78.105456147979,75.72599727103159,51.054084099361575,64.32737954209432,-27.989906819804332,-26.310216016684222,-69.10155919901484,29.95760935285992,48.39554590279718,75.96754958829356,-45.1574221751706,-66.37638048045497,-17.880260552346684,43.99190787389591,37.828671396067534,-95.55943740242994,-10.17035945355748,-17.790561288788382,34.45258798651321,55.9637351246287,-85.16817884519385,34.15200434230678,-79.96613475253403,29.69951950944082,-17.79184388507771,45.348113045863926,22.570954792672765,27.269625053411303,-33.147325044158165,99.8918134372804,87.83948656515241,-79.19794045437186,95.31746784007686,33.97817357168137,70.93477405006035,-25.2764455379384,-1.9597082887466257,-62.15293781014599,90.30962273534792,20.22588198605375,67.56311816202259,37.37742371847969,96.79471163647477,-30.168919706429634,-95.9989671147663,14.871014060775579,34.02135914445333,-20.00108063810005,68.8081826892151,1
27.282082252756084,-44.28193219360828,93.82052602816228,-35.325687576895845,6.605773449227996,-89.13359303541924,49.67686993524626,14.175483367895254,-14.7203286396755,56.67744399916768,15.52261612742673,-36.86630376718681,44.53671489489733,19.2787199384923,-59.72017944122252,-64.66353716473895,97.65242302863737,42.8306292784348,58.40062522603918,54.49956921926278,23.5114626419237,-58.323264198234924,74.99789900488429,67.29463833319426,-47.60488714429649,-4.821497834101862,-39.71501764028831,-60.31985415085672,47.023164968079186,-49.29004481361816,-88.46334308329125,93.32299845284285,-91.04552549638099,44.51081932323123,69.92223730221599,31.63948164267333,16.038980649595388,9.36040518290244,-67.77801896283337,-88.29856971011272,-89.30889720336033,-36.880232942885094,-88.30414727681773,73.4567771778224,62.11863217540193,99.34564281589257,-49.1222383433902,-41.23141624806694,24.25940684335781,-1.5732015205320238,1
-93.89995001219012,-69.32971937678396,-20.61534475968078,-69.96619983659167,22.156014215153647,42.34456114920974,-86.60527759494569,-57.060822507328915,8.05577863748421,-78.63985919952728,-43.6349993409056,-46.96585176332888,-71.44287266642306,65.17764528536293,44.4747015265597,9.786504899867523,93.88787513517568,79.16242027971575,2.4046778217518607,-49.42900424748824,4.474652793360207,57.330503215269346,17.533810294652056,63.64240027409264,-14.509893351502896,-41.455112432045624,6.502973951304014,-49.839173499820724,53.60649085081647,-8.879492499667577,-30.2988400336818,59.7226031846902,-35.927605901538755,16.722443228209926,-10.643767393724389,79.64771964002949,84.35955130070178,18.965057854754235,48.37409701939117,-76.85734008620608,54.20148772197709,-89.40564503592641,91.35364344297005,33.84080099115309,-77.06735877160793,56.82645172168867,72.67731295787246,-67.04482263457636,59.50470948832111,-49.706805901784826,-1
53.79748303610211,-84.60935967415817,-17.29017969492969,21.705454539293314,47.57390371230602,-44.429444782057544,-53.49880155843376,-68.75969841388014,11.026757350637695,-66.74893393005988,-67.3291100513687,27.84036587799197,-84.91756480144235,-10.854035819426173,68.08855010920402,58.87684501857126,8.267076540253441,-9.145855127914942,-16.3233324573457,31.848907410174377,19.37137215689819,59.754365822925706,-21.408238672663543,75.36955483082238,-70.11361957159619,-91.52761360944359,-7.867251057859235,14.873944847802804,54.81234138922321,21.81633100420271,-47.297709870219016,50.06248767594394,-18.131407234211068,-3.2985850844669358,86.1407986384948,61.91585218299696,42.524215869664374,-34.44278616764865,-89.97859401200631,-85.3243220512448,-15.264718076430484,-46.29839160641631,-77.87884961186711,88.5180428553823,22.2672693905906,-84.96388299719482,-78.19705109309879,-90.05634150240618,-95.17184457553327,59.12178496389464,-1
-29.816997489584267,26.69564396522945,27.823987563100076,28.465105181045487,-37.206656524529436,50.84965193641614,72.88664937367281,37.609111414825776,-64.19367251168325,48.78103746043038,36.25642210648675,22.899892051038506,-46.34255991444547,39.61410928068031,32.746872138787694,54.50451835250888,-38.27347029520987,-75.3072852538528,-13.520727962982008,67.04585816920297,-79.28468677939699,15.415488526353087,-98.4480703325151,-6.825738260726325,-46.53105756822933,26.398268826293773,-47.508739403021934,66.31389967297233,9.318852699448925,-74.48175214252457,72.89538072356564,-34.12253560268073,-11.213270059377493,-87.35513214987327,97.98462848414567,-20.896611378488572,-25.010456552267215,-94.27081373794867,-26.194048723480435,81.76544281938675,-86.11660828197247,-90.30052622121237,11.65774928748337,-3.3797815812179834,-0.06654164371178695,32.64286545969122,-78.51510241258475,-80.04639322983873,45.027880519166644,11.742590518904322,1
78.40931103542266,-59.67453599045109,96.79552959196565,62.79405390120377,-40.55243845827656,-50.67927300439508,-78.93090310373336,-67.44180215875413,-6.763681774488603,48.45844629738943,-69.65141740938952,-66.63028435888447,56.136414937572454,92.30874457622193,89.48559961195863,86.73578122658702,17.866328989545607,-28.8063218335527,-23.210221147405477,-62.766992850785954,-61.25221339503788,-64.59171178801873,-46.58781195212796,-74.58874692846513,10.059104636625918,13.941570113986643,-78.11391903280413,-62.36316616641089,-99.65503557803186,86.14515890907944,65.98360619739174,-21.350707041592457,-83.28355559992886,57.87659213772588,5.108146225143244,8.285878860999347,56.93519614577551,-56.23183660984479,-65.01069724840244,53.53508660745584,7.103672892143393,96.94832142733478,-78.04442098852161,41.510566228043984,5.117218539860119,-40.733949781628695,-72.23666355133582,-27.427234020658986,-42.61509724866197,91.84771693009509,1
42.648957444599006,28.174948960642922,29.929329798473702,98.25119874043767,92.89533078016231,60.791701510504055,91.51620301676346,-64.90167452372853,-31.736270809989577,-58.636421373320744,-89.45120956755652,5.063652890144283,55.17301304055738,-39.66755167377023,84.64474939704573,67.99964464878857,-11.33593584546027,-98.09220919489101,-85.79508647013468,-74.4300526013066,-67.71660246248521,25.169333210122005,58.9104588843411,79.9519230736515,-51.09850053111495,27.73981897663451,-28.782065249050603,-15.598949830855389,-21.744628918610886,98.9507376123943,27.89368789842075,22.04979565796097,19.063909156579,61.05411944145018,36.609979605912685,58.966052320865344,14.783488791915772,-52.70320281544916,59.792505051394244,-68.85004804021114,48.950138610380975,72.16024066644258,-61.10355385390793,-88.69781181509603,57.852599398256984,99.21538315931957,-96.19851999486573,39.47670481752937,-7.985601160367423,23.45876529161741,-1
4.061540180758655,74.01977478018597,-91.31749342903616,8.707643468529213,-18.57870217487448,-20.477524289425887,-39.51609774429272,70.1149056030232,33.77530620813707,-33.11149457637919,-48.50415670150614,62.92501120518344,-71.11270316898448,-58.9625714190386,65.92876107058567,74.03933809844844,-22.37570864630058,90.624922501593,-5.950182934249142,51.43011606148784,-40.69968579521219,-18.735393630884147,9.640754558430316,61.692057895429656,28.586241632151996,96.26565822768856,71.87204495056426,82.25395779670222,13.333490750032922,-28.981046727362042,-95.53101324674176,13.390095127762038,-1.7910356455245449,5.236562020972073,71.39676114227515,-93.84941189805673,71.09350582322108,-18.237717521536936,77.11981896996707,3.212364472195418,81.28302652808785,91.33510741589814,8.7631013685332,78.17299140715522,31.27276216020138,-19.872591162394414,96.51207238529403,-12.228994366398837,86.86105372729469,-32.624290972225566,1
93.97576534152782,87.36594786495161,47.68984185026531,66.3394087351547,92.80576943310274,-67.39293261368181,55.82051727915734,8.839732500740439,98.3065551654773,79.59104323700384,-37.433160495155995,-59.817732062895516,64.77927632493285,20.337321724093016,-92.32722772885977,27.409510700725505,-43.612623131648306,19.29491550879048,37.979200662672156,95.21593724429351,70.6027117975851,89.31276859574874,-56.90360344288508,-35.84711719565996,36.04267418673359,85.24282107971374,19.18831914614087,9.047143665114874,98.67217101094866,-1.4015141790936383,55.20979177387605,-98.957496304615,13.487850252894589,60.38925514835506,-34.87070156250935,28.24299804700493,68.6722257743979,-50.462624310679736,95.09809966621114,63.02891948515688,-76.82640116172283,38.42107956278343,-86.80381937675736,21.570830221558282,52.30146193530473,68.72196582748836,27.803485785352564,6.740074683034322,75.15715619194089,-90.06625881983814,1
87.23095483215619,24.0145511857027,-59.895054659932654,91.91532886420669,3.4892703510082583,-6.002346368412674,38.41472940487378,-63.073508530526155,99.54987780204013,-98.01786090176927,-86.24921871550251,26.127058996616086,23.916518565417363,67.37268444531844,-89.89850583354357,-47.592999098625086,-49.637059598173664,-53.901032529695826,-51.560821597371564,-51.45700264028336,17.57713838595633,-63.46967625124555,-95.0248235970789,62.041169900667114,-37.09078047932848,-25.336918726811803,-81.03391223117973,-34.37930483163565,-40.42999774277944,3.330880145720542,56.59767145314717,33.00962247651199,47.31144059396891,-14.550560753659127,-95.38944331095797,44.97410114281334,-71.05341333238556,-55.26495758901222,71.52349995365572,-57.59132756140808,-85.94247719401626,15.36395751825043,-28.02439753323314,67.9044111444424,56.98243089014582,50.21075824270676,-49.611957518177306,-38.204707842636566,30.902893348423447,-59.86999690446475,1
-97.12130227404883,-71.82859592404003,-54.309051733740255,16.484531641449294,20.759090589877545,-76.29947528036969,-66.02379878985295,64.7247221497947,-12.028872057233016,29.106871282104464,-82.60659594881339,63.21135142286471,7.618932824222256,2.305128161898608,88.4370908979277,-58.75945681964423,60.61512846754897,44.08321381846858,-11.759779557413523,-67.48658626730429,-82.19936440346407,-27.321504113574676,77.3128225262304,54.333621262149165,76.47930695327275,-25.33900197542252,1.9785151461743595,37.52028578414675,-77.17704856264429,62.08038817179667,17.25356863865362,-9.525164595339874,49.29195184435551,14.675357600311685,-66.00074065039976,-98.00927485732713,-27.23345794632293,-44.54182874631532,18.214141929541157,8.758037985974411,53.09168944937278,98.07490459344243,-53.464364635582974,-27.452626375824707,-17.3453645242262,-23.209309423315588,48.00110772180915,-7.822006074456667,55.15115812404093,74.07079986112996,-1
45.218266744532315,-15.173865739522796,41.812103890183295,-30.059354050830095,86.35074388656327,4.291927744294384,-55.977734819049374,-48.065832209917204,65.68773418779816,64.25003091194085,-13.432015788565536,-24.3368785669481,-23.527333787674422,-13.349813538194425,-91.88285757306099,-76.93978193219013,-91.9339677896974,37.33008467080745,49.60694786831775,11.976633115396766,-48.28315568944524,97.26336845440258,-95.37862944250395,98.96260586075445,82.08221791562323,63.41698938392989,23.158510420277082,59.636597914968576,-4.8406370010797986,-85.76464022726464,30.76767796332524,-13.008178729756636,26.896014634696044,76.5211247457683,65.8850808372664,91.49810620424421,-16.06101530008057,-49.330327105428196,47.09145033508426,-50.469980305079055,21.91625926072014,7.655447908966011,-79.7750321767025,-67.7831506165777,-23.722467385286834,82.93796422889551,33.72047611216752,-33.47509335863205,6.0471385451782425,24.618747065556107,1
49.20897585308467,-50.93017806373581,-78.68139393840185,67.96045712712345,24.681191631888026,-32.877909146031456,27.18806536534217,-94.2695144844691,99.30526175972383,-41.61776530043855,-86.39253718166606,-18.70745640958556,89.75809953838362,90.74072529834157,82.76290452498884,-74.20421841456695,-45.923352937868735,-9.892692186584796,47.12853200227306,-3.146760378054907,94.80624499441276,-2.9255257590899078,25.42767881222349,-38.04828734827588,98.02195674698342,64.76810303423878,-27.78111139853287,86.70037534048697,-51.32950119328026,75.5091085118946,-26.223075525198865,14.765514716771435,-66.07518139368551,47.98625029408163,23.61812463299809,-13.238392696334643,23.410849220841996,29.932632693905504,43.25886609736767,37.89783126539143,-28.102453229576028,89.18557225921515,53.24778034928451,-52.18092140267696,62.621075878905344,17.94576509317602,-91.6147291244033,-13.121021224529002,-31.61395648031555,-9.23004459071737,-1
19.579995762217024,75.33072053166902,99.58682210666748,-54.384045610213505,69.99507429613237,-85.53670494841228,31.351212694911425,-71.18424279736008,55.903340284812685,-8.29628756259693,-12.750794728568522,66.99475713659245,69.64062571057909,52.20119658991106,-1.9101806528100127,26.117739461708695,60.274307092727355,-18.876121948911532,15.109901566220657,29.055551064712574,4.986816848693508,49.99739687599504,97.64069854539483,21.38445604530807,49.905321761581945,22.62439474831197,-91.5462011528131,60.58596827485525,-55.30024912907115,-48.598753555513554,-5.646569770035285,-30.226655640964537,68.20552755148236,89.35795534503183,2.6587164918996535,84.25728233602146,-73.74755778142581,-27.638526392901966,-3.2699241647729593,86.3155306037153,48.816088821012016,-18.12418364595385,15.153716310456872,-11.944165831842952,17.187445937501337,62.81193488966841,-71.96871565957395,-58.16308144465394,-69.2511942832088,-1.120659445147524,1
3.2600696602390684,86.87340295380298,42.81738642648557,32.274122214082865,-82.5814466408457,51.462041426887765,-25.493345248089838,-13.753226041688421,-4.632224453375116,-84.42869607824608,-4.603321476469247,-31.554895044219094,-24.76190624607557,47.89493077682266,66.59882771060009,43.891993533994366,-64.27422464914011,-17.03047868789085,-49.51723740468796,47.7610100157373,81.60697526714432,-41.74549554885261,90.85168830306199,45.19375586566946,1.02334369413488,-52.58454248875708,8.206057812562292,-20.81178083720519,-70.82617460922079,-41.94050339119313,20.720384044247524,-71.79006195003197,-41.29440916641008,-12.185877051612096,-66.12017487347855,-58.34045538306165,0.8142007713346544,97.16302116270313,-37.402163501224784,25.37913596214341,-26.24995709887594,81.57330674655165,-75.94964530268464,-99.45425109739685,68.27191979186645,0.6388145157931575,97.61089213910185,15.95743171674522,-81.16150858337257,8.573627995642696,-1
94.87896153323331,90.0474707641605,-24.04284396415403,-88.58905576974914,96.14786871668588,-41.990893607512625,-60.66928300940826,5.988117386046582,-47.73339642292325,63.149076125224184,13.860996882440404,-2.941873187656924,-55.64410161329072,-30.8759662198421,-57.429982792328516,81.68750957445297,-65.97145196456842,-78.41508900700123,91.20394209731339,-20.502401515474446,-40.3916603306171,-48.56457279511454,-45.853253515653506,87.71777163545931,53.09970008105992,-26.708670732004066,-25.839160491030498,-20.232677032048855,-30.79951740554472,36.59231870841296,-88.38733222178175,49.016034232443616,-40.77657387761822,40.69702209931333,-4.110754252598838,38.406139030622654,-74.0090191846158,-22.661701072242394,-16.225867550790568,-11.335998704183979,20.579267889281397,-9.181291079133501,-64.09122584116662,55.77472965119253,90.47030079181107,51.114140619904845,63.380118936976686,-53.73603981903023,27.222411440587663,27.457129362887983,1
81.65317719333075,-82.61594238251526,41.67259534300695,-92.76792389504757,-32.95839052582545,-58.22345519896726,26.04944389123159,53.889778816409404,-76.35627554178228,-89.27304169583383,-38.06165777896218,48.33682579836463,15.954288352495922,-82.24534660875347,53.99472364132018,-85.55413034550443,6.8440819862494635,-60.60927395825573,8.693973996272632,-42.53393335447011,77.73864295695967,87.3375853334299,-95.53965902027129,-28.161319522163694,-14.090175295864896,-21.07900966775189,-47.43714508941166,-10.103606962914398,27.878177180600332,-56.312351002263924,40.956858689545385,-94.79409003657302,95.16637795654142,-93.90334793772239,1.1530884669610941,-39.52029603420446,46.74720234527123,-32.81574367521873,4.557146610283439,-40.57013626220167,-84.4212468809686,24.06061800867596,40.60572330758919,-83.52374959574433,26.014629972189837,-88.06522793257857,56.21955102483932,78.81950559780586,17.050030610291756,-48.99286607270798,1
59.65903579335503,-54.1497209534717,-51.59099682749451,37.62694121730843,48.718783235311946,-91.22001147139898,68.66523355757664,64.19620345982818,-19.70764418219136,-99.88041223304094,-66.76300007805017,25.350669708466242,-48.866755333637116,47.35891374203939,-39.708762717866406,-31.790425433875285,1.9471020007874245,94.73842697003977,-41.94326453704793,7.504620040609694,24.74844909990823,-39.80845688826551,-43.66939806310724,-74.51584332812018,48.16187294654884,-64.34503833559185,7.901314796859097,-18.89576895929281,-62.58863279472393,-46.97019955659787,-18.583005436923017,83.36465840468404,-57.60818194840529,29.623584604166922,3.147220882873981,66.80845358533406,-70.19155816495851,-58.64072672847871,84.27348053990374,-22.094478325489348,-47.130976454660754,-26.730363058266946,9.744697669814713,96.78564034032357,-40.47771505571478,-0.09964600020904868,-62.43844448848619,40.198578797829754,-8.23741435171317,46.45185650169131,1
4.619568834029764,19.368569783377836,-12.883337037413398,68.38671335836173,58.84213250988108,94.05142194521142,-19.622560021853985,-14.775752409553846,15.118685728016402,-92.14698967026796,-39.181072805743234,15.158494224461933,-74.62543438738135,-92.23741043763958,-10.65209493772143,41.83614075888093,91.24423472872553,-33.43632778166561,-78.80881773119046,26.850530690307465,-28.912663855093726,13.86704035521879,65.77942239517554,-44.99194821185333,-82.33745575628444,45.57117361002935,72.95804439997909,-59.95581284226679,-57.42984580801724,48.22140832593615,-63.37292568564603,-68.1664931040371,8.531856427313528,31.232361288975454,-70.91542818091203,59.912063248445776,15.182093483479278,-99.87767296888259,73.33138480578128,-11.583396562130162,-31.221231349526704,-48.21647641372353,-45.40902647190577,-72.95292490103841,-62.55061021225528,52.65557698539541,57.01866129959839,68.88222978853267,-20.179612125836854,-1.7530862336229802,-1
3.6659304727473483,48.78925851453539,-8.955970183639764,-2.3517725956443627,-11.32399712416246,-10.46531491791633,-96.37519179085405,-42.41093146480151,-22.545117715031736,-50.279023077338735,-89.07793935730619,-65.04374302501324,94.95201626723906,-42.96268079799044,-99.91969119493203,42.66434590025446,-95.60269559213528,79.72778566022066,26.6566964665991,89.49544687912493,88.4668989870074,-54.625896733701175,-12.333444877129239,-50.261638105772974,-80.04739919237329,22.656669368379738,43.37683511945548,95.54470237452873,65.85733550610283,-18.963579239807785,-6.7992971293974165,-87.19998344952262,19.860077803274507,5.668938687310842,-22.645958279408475,19.062150368690027,87.88672457923747,-33.60460956775337,-70.90347008014797,-41.68292529756095,85.45246515872748,50.41588750591583,75.37460869876452,-28.951427797928957,-96.95550570170184,68.39213624675887,-63.8726898104935,-52.89066524726711,22.036602167363412,-17.275079477841786,1
13.661720667094329,-63.75338676686797,-69.78842164381996,-75.72301211551422,8.139695328982071,56.639682659725196,-67.72743978892326,66.91435805112553,22.727580597876766,-89.05345861500282,-5.13826702631394,-15.411291251688453,41.445665667084654,-84.89458279482263,-51.05688059525981,86.1665728351615,-61.48367350829442,50.73322758191625,17.85346775133341,-7.534300508143474,45.01920377953016,-53.78221557308629,-19.711290147999236,72.93182277797834,-85.3278480966161,-83.06476895146201,96.38355690028283,49.622048231987094,97.27971529706,-80.86275853881875,87.77666301411341,-85.81841553363165,-28.0726513641995,-25.1574408521884,7.462051800722108,-38.58351738333177,34.266806220601126,59.77009204012688,98.39127416063042,-44.40836857380302,72.46832239277524,-31.62373558877701,50.15763529080013,-33.69446179370061,48.43580765903127,15.632440119892735,-31.66033190195543,-63.851938692155684,88.15049052900125,-41.70967047091851,-1
-89.70424975000213,57.83424772146765,70.11634581884837,56.40561753407718,-1.157510549940028,-13.45417279605907,57.47740535046657,19.382138109331223,45.78784002103146,74.60862940304068,24.70106224946744,25.129982588290616,25.018310537305723,37.14255376493617,-11.392004672967843,-36.082114748000336,-35.81291233611192,43.72074813803911,-18.160671242870038,17.966878887951125,71.59038908046728,98.51797518676895,72.48087045861783,-96.69257508786583,-74.11939988028642,38.679000519675554,43.17000310536221,3.948497287453449,-71.85132732176936,64.47270276248611,87.67300303805189,-60.961237144814895,-29.065834677937914,-71.88417426738354,-25.746615176985827,-30.484019128499966,25.9118111990293,-71.63003561615157,-65.40609507938498,16.80383597356918,-1.2561591075789238,-97.9649994821465,94.87171992317772,89.55520629349422,55.06579619068515,32.78001842325821,95.12661307310108,-5.379827701981839,-74.18932269811877,24.911500502418235,-1
-65.35962601799696,-64.39280662604972,73.6545010816761,-12.119002061109569,-83.96399718361931,83.68528642908174,26.478264865677488,-4.880761635598347,64.09751689605497,-29.534589149492135,-81.7348531332886,-81.28811861753289,30.19434904370891,-75.76890774780291,38.77266846567892,-86.55187318959267,-64.04043730098492,-51.614454376152686,68.68555914180985,-41.19205799200019,-71.58767811138756,73.7256341020722,-23.38686478284427,77.34687838918089,-31.759585521569306,-8.997793538608548,-38.31578223426399,-44.187944564012696,-71.36705844448417,-53.9250355267952,-45.46640194637119,-35.38225054108955,50.34340829569669,64.92629359782265,58.4701928709861,93.2838633609197,62.02532700239183,76.42846284517219,60.26245297109455,54.93535367469079,-11.720181783928908,-40.640771903967085,10.437147834129618,-6.999597394661421,-8.01821560896785,25.260466481347294,80.11558611263291,68.02263284008995,54.067224339364486,73.9139489885292,1
48.15372355084088,13.9779369742633,-85.51062244108823,-35.064814621988006,26.26151061839775,91.5868242113541,-86.19081873708005,-40.01158604459547,-11.593315813775291,98.42712789571655,2.5230488206399855,47.48628828542442,0.1753211779198267,81.15135812728957,-84.15007877401423,24.940133881321586,-97.21019626161771,60.82184921222634,-91.04971321475237,-57.08869573399955,-91.6054547512988,26.1559466209864,78.98212851293317,26.81010166134388,-25.716617601353576,9.140603206589688,91.73954827307969,-1.9777046727089242,-58.11432277221329,-29.369119543492445,-40.408514208328185,-63.78385953841179,56.4388072092905,-56.909344608871336,-64.55552333870607,-37.72473261893523,57.56663763709935,57.541746177283756,76.41010339319314,-25.691755110082283,-77.35484154975649,-52.91063488966712,39.79065290394729,95.63137512736444,10.027934965063352,7.475837582741505,-76.38822004763716,37.357793671677,-8.486575285539715,74.11912674525689,-1
-67.75574254919911,59.88207978180853,-55.111885632667864,30.17547380943884,-59.596866319502006,-99.23601546828338,-51.595584003824555,-71.39977546685472,0.055707041552068404,-87.51373454444393,73.01421987507877,34.15300508860716,-24.748134133915613,52.819117315775856,83.65700707599154,-64.23178629844013,-38.95709397422817,82.203139995844,5.554441813775398,-50.745853179365355,-92.85032110682707,50.37524887383819,-58.10275545608006,-52.2026824488647,44.55240656793936,-93.00350233838743,5.126205600073931,77.7184989246584,20.545960101520365,68.26167029994036,48.84705168744776,47.13950106125077,-54.01496729088788,5.178593715799963,26.137437662463284,-27.676731743633525,-82.95718261964582,-58.45398355964437,-23.256930099934664,-84.32231460594829,66.14931094411119,0.13332804454375946,-96.88248304492721,83.06534738641864,86.04789820861072,42.222226810114904,-56.63315646140188,29.22607367344108,-50.203346753697154,-44.50860102241121,1
-14.491796328290079,-65.53602575967403,-62.712347571149095,-84.11612620220268,26.916483510060758,-0.66091543641069,-79.62137982541265,10.532453555349647,-83.68025599903233,-53.55506181973138,-47.518324702139616,36.50234602324002,70.50852897510006,-49.60035567118566,-91.2678142573983,-97.6440247426716,-61.78962625826343,-30.44598047911245,-82.75016573920702,-31.37689671659811,44.163263294983125,21.913706779692816,65.2538299725162,-73.85305210843,74.60712030522734,-12.314221597763876,-89.09548822434405,-51.30919760564685,94.92184217264833,97.8413051596186,11.81225755305033,68.59448040971265,-21.87186903913218,25.389571048351,-53.734337538608344,-76.75084946201241,90.16820684582228,-97.68874379716289,21.61408953981632,-13.80133158636609,19.44253883719864,-1.0321864360250288,-88.49464325706917,96.13083831250776,22.16444143278531,63.710050238888215,40.88636412951908,-80.88492529229387,85.6743687442102,49.19336157721693,1
-33.82039502947016,-1.4763812014260793,-16.483844843014325,18.895267037234603,-7.213724637533446,0.6167901559672657,-59.47347317293137,-27.719244186562733,25.066033990890773,56.378182599377936,67.4945039237549,65.27806232011105,-24.530304553937682,47.91264962225361,-13.446583658361263,-99.74311489463972,-57.239757867453434,77.00306490945172,-33.84140171446887,-71.09695521860995,31.159255979943964,-5.543807134239785,-23.67579116467921,78.90777044811821,-89.6558234890693,51.318786802826,-3.2018499334920136,-59.14704833339892,94.43130190694998,-7.493202924339897,-23.255565056109106,-58.72265155036385,-51.31087319425105,33.32949313985549,-79.3925738049799,-78.8765909476528,36.34568741102686,-77.25139611725513,-56.915619278543716,50.214095769602096,-51.75537497812066,-32.77390390337089,-38.91249954102855,-63.204300477818244,5.457344806736856,-81.92605029750437,89.81736316387466,50.53080024225599,-92.95111018596873,-21.502039753153966,1
-65.34113598583085,-20.199459225973953,46.317904351066375,53.844629567626725,-21.08478488047072,-97.57937664477852,-98.9373048663308,64.7104453223638,-91.9428962444003,63.92497390952897,91.77437463808201,16.153716722884326,15.437335244661782,86.5007906194765,30.98142462957182,88.10746022058953,49.34866155963195,-28.55160636597276,-26.02227487037503,-7.922764864991876,-55.301137148832005,40.06127077676143,-9.007936521397795,-55.68131391211053,-62.3650707894164,92.28626247666742,-4.073608760094643,-2.332371200936251,-90.23167533585121,-27.452670405503284,-53.37053927638269,87.06845627938108,45.80752476403768,-87.55125476824381,21.698217312723372,25.46742208506396,99.78859239610355,-74.80442783616634,97.13320460490141,86.06628663929101,39.85495906707803,-39.64848854995384,-66.57502769624013,19.001955503680207,-13.005724833659869,-71.30485917315706,31.085500220620816,-39.950230616772295,-76.7962977441721,-45.416230519133215,1
-95.34561285283483,31.784788382030285,2.9634707859380427,1.672109383255986,57.79703198415865,-59.06397818854321,-62.455518861549585,75.86604313569481,67.8293216141505,39.21597231340783,-31.586113068488928,33.853658350166995,65.52205226983065,-61.77887546177101,-19.442893190701,-22.589997613022604,-54.63257953490097,-33.39847338955116,-18.11041247453818,-25.550940962785717,2.61388457268761,8.752491183731138,-6.606518167240424,-14.665203876839044,42.93748988699082,33.26106462565846,93.9851147131887,-30.805502438594814,34.60182019261046,86.20445581419881,44.06485546528029,-98.06674666196353,-3.6624462676924168,-13.477013425590869,-4.008701307337461,-47.56568965167691,17.79451777526843,98.14648727515532,16.20766483424869,-26.723321548682975,71.25926175979427,-39.190946072838486,49.04402533830361,58.07364497301751,-50.58667091515823,39.06113552045929,53.355684906648634,45.17486869905696,-53.99423402418799,-78.9453875587323,1
-41.110221586082865,-76.62039185832718,59.307458195235256,7.062026290518332,-81.22854303532876,-22.3668587746009,6.500813283196365,79.11256962636776,-24.432157254562668,-31.75111004845587,-22.78981286963284,-51.277041603561145,-7.238035065124748,-42.51949323090349,70.67914670738833,-68.34338986012527,84.29154724330607,21.94163910735196,-91.53310149633933,-30.9640323408739,39.805482808419015,-14.711238857139364,10.754790858887617,6.667622978514416,33.57204444793609,-94.34301434180405,45.766829424460695,-84.24358579921713,-80.54915682889352,-51.17263583861873,-93.3624739549997,-8.636734758736026,-32.25110115126557,61.623750997064235,-63.87125335506101,47.71140812671132,-65.56229448884744,-89.87783184856531,60.17735409583588,92.71002763261095,66.73944339880524,79.07230857051701,57.78438648282065,-90.33357204220178,87.83184651102385,54.2402058073267,93.53283962928415,68.097911321737,15.618367753736933,17.440425975362416,-1
16.731222370174407,83.46271509244855,23.898069201922894,91.3229242166916,15.455805846626248,-68.54535836405694,72.59936627177441,-33.119764202250266,-2.364464937837198,-76.12379773236064,15.862680557692173,0.6440829717268883,-25.632643086716115,33.40737142507078,-85.48504039105785,-58.096155137493575,98.85759715221181,-66.92591489736282,-0.9364706132182476,79.50176702167079,5.725967507323858,85.3415008678181,-89.3319673989633,74.73373113026628,31.118790248967855,38.581830313616166,85.54645595660077,83.13827001032752,53.21599982364424,-64.44033228695025,-18.480333233563755,14.53411663822419,-32.376845668087455,7.211270865417461,-4.014862199121197,52.10644042088728,97.91265636582796,-54.50837790541587,78.1515934017983,-90.6372085531545,-19.010843840227693,64.71485547026143,-47.65136556337952,37.286826380508074,73.5377754362284,69.18033348742259,42.87303238946572,-14.3053803686836,-55.446824716610024,45.39326889220797,1
-85.19106965318193,85.31752503229887,35.92945653861398,28.39430008865321,-9.752131163802375,20.698619208675723,-78.81883911924848,-2.1214925186822597,-44.81546112389063,-58.06194451395983,-52.678043458498536,96.49651612024957,8.821724787893714,-45.86327913965378,27.480922452236697,42.87751240745848,17.038957078570775,-65.43598970870954,52.65703804063182,48.564300316973174,-11.569177242683452,80.36766328833423,-45.23149618014817,83.48517056090023,9.574162127443955,8.32830156661062,30.712145109038573,-3.618486232799569,-75.8523294582027,4.3666096989699525,-31.50000139837252,32.03452832939138,-84.72133664093886,70.1044219209949,-25.20594814453348,-88.62251232877018,-23.91110964680776,-8.139104201742214,-78.4271323111515,-85.07618888625836,-17.062458070113678,34.55814189320603,30.995264612405208,-14.00149199513865,-10.733194855872412,39.74714103006011,18.58106828105268,-19.636118583134518,-48.23393798614391,69.9969070998417,1
5.540221817259976,-93.76337298774307,-34.593367687352256,-40.25488528224539,6.677325753072523,-23.12899229517302,67.63099499772852,-45.701599491457735,33.84380598497333,-49.565424500894004,-98.03448948604243,-42.16993310916981,42.79158957295431,9.322987932734208,-20.34995302731744,3.249564640012096,74.65087133833453,-14.07945131029065,83.6386316923406,-11.349311705007565,42.78291681672687,48.02987873951815,40.59313270892869,-68.37347085612708,36.30290708846758,96.45291227113927,-5.749856675294367,57.9424018421098,-21.8968604631212,-91.53005050471714,1.7155843737430132,40.14637607265303,63.124354208077335,-66.91167199622446,-31.49215409807846,7.8180290044494996,81.07018046540739,-28.406434888066883,-36.13993593464857,52.65871051178951,-12.354501090180008,-41.19405236897913,10.372727166899793,28.471964743355613,63.18091727629138,43.4071843173368,-25.29507443752344,-44.95601531238289,80.8532616971737,77.47310312059352,-1
78.00106836351327,38.78968889341999,23.631146863623826,-92.314730207535,-49.121683831630605,-90.00419426806425,-9.74117739414902,-20.096243082613043,-67.46783697890297,-86.36267604690747,97.62481519092708,30.456222563689238,65.37356943467242,-28.99694677275066,14.062501565300778,-8.899660956155955,-32.88855966066858,-71.38372091653721,-16.40609128269459,-26.951159676925627,-18.096303944257215,91.80879937428153,-47.50310905670465,-40.78358217290994,-2.437303638480202,36.01220566136732,54.30998705756343,99.10404565287575,78.64131771016838,79.16693533803243,87.22939731970604,-80.20953966269302,-41.669362921060205,-22.312612289485173,-24.069196826265355,-84.40343340200334,90.51719626348381,-5.416805804308481,-16.701917526186023,-81.40394471104176,-53.96374422574846,78.81875471127702,-44.75636629781003,-29.05924837515819,11.967360570717943,-34.29297668075881,-50.10402107364633,37.24500063719873,-86.08776330271706,25.96022154438633,-1
-12.205715858872779,96.9682397924669,-83.97703072306497,32.06054394026762,1.4823877435617732,-50.531936836183334,44.547550447760926,38.40225118933094,-44.586150057320076,-66.23799884308715,-32.83672707169309,-66.692297300546,-27.64633761548683,54.79901745880181,93.37311005867872,-55.38199631092884,-4.649224898334367,-59.385881415987576,-47.02674843728572,-77.37884869965603,95.28264447681124,28.87314009851346,-78.36792955296357,93.09713140158681,22.896201640596473,-42.529267651600655,-38.848102571299115,61.15276650860139,-54.689230294741755,-49.04152885373916,98.67797574781363,-77.30789969504619,25.73686668492097,36.35662424246908,16.80773156532436,75.84980861555695,-27.323325800700715,24.046010506951234,64.98676752815894,-60.794159659298465,-35.29052834066984,-9.82276170697925,10.482093373601728,-97.75220346692461,-13.503322360111582,-10.194150882812593,-88.8838731031846,-21.937357489702933,34.02148986888699,-88.81041068027588,1
-5.1652341825349595,16.117670055608684,-85.56031820416483,85.61672806520994,-75.7949999029614,52.20158469907841,19.431061198060377,86.749884600294,-23.356926810549666,-92.03771211084924,81.91907822218886,20.860883964295766,-7.857565730344902,-68.12102304571957,30.847155989063566,-23.38612605469865,-7.47614561325409,84.03939721485477,-37.87980572093408,45.939925489344176,-29.905959536414414,30.175767499155455,71.83643988222167,-81.33437594603473,58.64593565466441,-61.531368704995714,-21.44996329225802,-7.289555339462851,-25.50661043486535,-65.03261690675777,-6.070328719461557,88.28513436357593,8.602502002869116,-92.55375964954165,-60.02794054516023,57.641022214326256,-23.162169589203984,89.56100367249365,15.261763977811313,-68.0845534426573,10.232920294730533,52.091287871973265,-89.19208153041953,-22.051163274605017,82.89502120180097,32.82875144827344,8.653568319683075,64.39726553714422,26.65074430979783,14.483812793099318,-1
30.392251900520108,-5.684762289968319,-67.27523576166617,56.15231721368795,-96.3986888799091,-30.38088136634238,-64.14934885214385,41.24923251105244,8.868977526864214,-48.67055856278084,-34.75589860381369,-9.423327916897662,-19.805934662329648,41.7800012503165,-46.55802090278518,-52.585921765164386,-96.83238581102516,32.82514785667007,-87.1361553612833,-48.44895687437807,-76.26885936074954,88.03521266021133,32.22611736514335,37.91288221039301,98.31955510599704,32.37811094018005,-62.04728837079783,57.0663382277568,-44.56787723116105,10.098493893183559,71.56018745651812,-80.12344420982798,-0.4506366087247926,-1.3471131789787023,24.411901856421608,72.99371188609604,-89.21666324204598,93.47719753273864,28.549206926722576,-6.748651776525321,-51.85751404354673,-12.876037446010116,41.20048191343824,69.14504658242441,-72.44004559120185,81.23212690637865,17.221423587444562,-2.287389766924136,45.01150005445879,11.813545521847473,1
98.59295922386008,-47.54719114003498,33.518677112716944,88.13584902306809,73.99383192953698,-94.96131720815413,60.56218696490009,80.84865828151302,-3.239492027870554,-10.654706259471894,-18.16348250830228,90.45201567246474,84.93172191644936,-12.790605176284188,-0.5665438564628573,-69.25013757941639,40.98222654626721,10.864519616731073,63.03604639397781,-62.75101234004505,-12.91277421959289,-10.374260106968094,-63.46739022859727,72.12089806994192,-30.11047184327434,41.72408008702618,-94.64588285937442,-60.94661296178921,4.8144893013408705,11.763446983664295,-83.50838440320922,71.12491323517543,-64.15803008779486,29.837856927298645,-95.62972455844425,-60.28340435478332,15.23708250145448,76.23401769483488,-85.06411343665808,73.71512640749077,61.327224345051945,-25.678980139828738,1.3515636047538067,77.39755157439785,-37.542884822148956,95.57837158209188,73.40301569440177,64.05485878194929,-11.8255257009845,-74.90692218638794,1
5.930115671201293,53.89858663838737,-39.80728661063675,21.25058755019549,57.689468650659734,-1.4270831105106794,65.71111958121628,-86.76696223311191,38.68442561126179,8.851467403050165,87.6362345049445,-70.67708856803154,-72.87467679853732,8.696885716602893,0.3871161561721266,-38.752150954319916,4.0320446048791325,-55.40999828844928,90.78416076934442,-23.379713281883113,-65.8879243986963,59.73747418607249,-43.320461085881234,-34.23094235820207,2.0525292441298433,36.55138494670399,90.98158178700069,-41.80831389640767,-40.769106347228416,90.84627149528433,-57.17675131741289,-53.60300300326233,34.20249496897401,8.937618686795318,-99.82926051251934,40.50961611075539,-67.14468681954853,-6.4535457771059015,-61.9692274174779,67.11772177858501,41.718661524400574,66.04006613129565,-39.80489691791818,30.31878282275872,84.46461229573382,-68.02626895257644,-86.7520995823293,-88.53514582711884,68.23774101424942,55.6724527589069,-1
85.93953046851462,25.580077898181557,-55.23647703547538,6.5915573102670635,-63.155032152394774,-50.63522615961955,42.81054467562535,-25.09035132408374,-86.12118281916332,-2.765269179023406,20.158429867923815,64.25188407456909,84.65720420278714,-50.43751141861863,-18.391907679436684,80.38322156757656,94.7485164076987,98.63274778669569,8.005838452137539,80.68155117255858,40.884724295497335,-71.9870881282127,-93.92051703769478,-58.6973670140432,-46.497628529226674,-47.78664002093416,-81.74988614355094,-34.785899534575336,-62.61809303458455,35.438018795357095,80.66820274135893,-45.99950377576094,-32.41971484498738,-53.57427957937881,-14.606721161798149,51.2967698199833,-90.69630073098627,20.91253292084751,7.874911764805532,-95.84718205510781,-0.1369703837510201,81.02842992915339,28.52675469717093,-82.44770510422282,-11.522176578508649,54.87207723631761,72.96676291529701,26.384856285624807,-7.070799771842246,6.307359390797984,1
31.99680920683582,11.352578602785954,87.44569744729023,72.40289645452452,87.66096368969653,-96.1344738164798,7.11076297593452,13.156310968199264,26.47925129310171,-21.375640358584164,88.26687855738032,51.795366370806136,60.53948106720432,-96.77507072555701,84.44466363097203,53.6178756837333,-70.14639746615055,17.09718766300712,44.178643810419544,-9.883501436776527,-1.0411290116253156,-40.43053032799564,98.03835785033434,-7.226955714230485,42.824305480461135,84.27951760003927,69.82732723222443,-64.12932814708962,-13.32383037701183,-66.379490038964,34.70330549442181,57.795437570458745,36.752964955560884,-51.246101383454516,-57.41480990347976,93.82330618814771,-77.41468174222499,-78.31127644974762,55.57849516663083,0.6058961593401193,-53.13617839039475,4.608266922974465,-67.81894320729992,-31.577384221609847,-25.857287270857853,80.28873716984933,23.61453594433236,-44.70192086302425,98.81442760986499,-37.1957498833219,1
87.3459977473469,93.89408665507378,52.2055805004056,-65.29509700269827,38.83011470196621,-77.69755753574472,62.82513711823236,60.289155244590745,-34.61179513266495,35.83251366391255,7.672620420204552,42.444041035431724,-60.46193937710249,11.059165065636265,-57.8943023118774,-85.28732915684687,-91.93495205580986,6.745082734288886,12.62531877840938,1.478818768992113,25.328736662351673,-62.360003664027545,28.425829372852064,6.8203380171731,-3.044387981910603,49.09340764141106,-40.53988015487213,-9.372733704300074,-84.54130136990683,-18.974785332628002,4.739677254261807,82.96302983824555,12.7634961150342,-94.22703210839384,52.34417821903759,25.300661453219277,32.037599499571684,36.74697556428535,42.97408213547703,-96.28393318898017,-36.841456732835496,-19.03357320295494,-17.565390638077673,55.11296769349613,73.11501253942419,34.95260827828375,47.80807749969108,74.57429562458441,72.55598226050012,54.70883694716281,1
-17.036099532466963,72.40853019786269,-43.02541960761543,46.16419299614597,-57.85900722655937,88.88971653886068,94.61535958245966,-20.601567558505167,49.971986257653754,-48.21914504137208,27.79260439465692,74.95321251079869,-95.03655771097017,-91.98618273034667,17.075084558191264,65.24347515504402,-11.177398964918723,12.86021293396604,78.1648263021255,82.44592439991999,16.510767408398806,-70.12309064575442,-77.8841625862681,49.823115805174126,-97.46843430316756,-91.99607185219881,66.22695308073918,31.478607898932637,-20.028260972556893,-39.15909637299926,59.51311050690438,40.539806563446376,-12.176845143472107,70.75262040039553,44.4466512374388,-9.395197279758733,-54.22834483530059,-59.061665075641926,21.411598501138073,-70.18204625425668,95.37229375931275,-20.785629216661988,20.49065263271899,4.051116922685424,31.90939901852792,42.74162045486486,17.62048886354053,90.79304666505485,-57.72667123697737,-10.960070745873125,-1
-90.95454221789238,51.027451134723805,-4.024875939218234,67.97226057334407,30.194693430190824,-84.62758494476729,-84.8832772291866,-83.54553514458763,77.9826752725725,86.34808066330163,11.634236778088152,-44.980223688175116,69.35700037394906,50.986507957010076,79.922497874463,5.716840287488466,-3.8703943375182064,54.40635719447096,-55.9780339961673,39.4182276521517,5.353781453898392,-38.04708336296259,-66.59164373236948,-75.54225576388009,-75.22388694088761,76.26497789299034,64.17066093893266,-81.82021970509044,-18.797492762356157,31.89803421753038,-52.734796478108414,84.00016694993099,-13.099461256139122,63.11739610315371,43.95228260386642,38.144578845793774,-17.29662912428023,36.3363180224834,-76.45636018347453,49.03033070535716,82.5763490445394,-79.71837075249384,69.24641762497345,70.39744363695414,-14.571214978004335,-12.685775338281786,-56.60045078793663,-19.418076727669487,38.6175517539146,66.80888324429645,1
68.97506219389092,43.1944457694795,-10.938948999466902,18.06953809175458,-38.73730024435746,-0.49202957077956455,52.17026618615634,-66.35926884669635,-23.443179919391895,20.1890969075438,15.297780627973182,73.40232138212008,48.261741670152446,-61.43207821155088,5.462179128478667,30.75558459123127,-65.84794330992287,-81.02315397048507,39.063789924876914,-88.36644825581506,-64.3203496142838,-10.054917881578774,48.86074346747321,60.62483323580773,-87.21536716161225,24.651501934626268,79.8678818036806,3.210164468358556,68.77699313312644,-95.46263156351048,68.40775672110425,-66.42421978343074,-69.06493937441746,-81.72571188771704,-28.165469888139953,-52.50466099887519,66.19123551130264,-79.00192497497298,55.47462584210976,-72.21450401742743,16.338116949536044,86.45851517463342,-57.71739684481918,36.42519110130681,-87.71939614092878,-81.15438221182647,-83.87774230675649,-31.831628984386384,15.689448600555053,96.25793198401038,1
73.21277790008168,-92.11463772629882,-96.35348346472767,-72.15092577648096,2.0864978008464448,-29.408299309528687,63.39478145436735,-61.312931408703484,25.136382452270524,27.0646693416642,41.52411714810705,0.37390620490074866,59.8164291543909,-61.69573558997037,-77.42837105744755,-55.75243603866327,37.606103790396276,-89.54472554555886,39.643090698894554,-33.468680035821706,-11.501737266392524,-49.266108175660705,-23.685122434896442,69.52227484312985,3.2679637676653215,-63.7899279055705,46.1085262993158,54.50528463251888,-53.76972648746459,-6.290610041705548,44.89208465028236,97.984298254988,-1.9179277726389472,-76.8294445992471,9.04221576348003,49.14822731028053,81.30612642389787,-84.51554733343198,17.95057090642112,-36.044542190220064,30.42166810318733,-85.61336970372685,-25.54827162104955,-92.50281057493194,66.98816064274249,58.155361714515806,-57.70809812262265,16.421536636044465,-52.32286156930637,-86.56543262099821,-1
26.680751302084687,74.71572482135545,18.58798696834063,-33.39961738836041,30.858510464992378,-36.745970054138645,-60.14593270663984,-26.52185426058591,20.182401131817215,-50.292035814514804,-42.95883946391719,-15.739823673327066,-46.05150682524659,-79.63054697152344,3.423586171383903,-50.94413900512653,-18.352496130740263,-53.38936240302827,-34.82197132127145,96.53764791826512,-81.15138671909487,-22.090167103695507,13.90237386888424,-94.99917742988157,99.12174230288522,81.87206534499362,16.358252955542028,-2.1455548204783526,-43.50023263053191,7.187198625814247,-56.66315120219947,74.32735410401102,65.08288751476215,14.513090779537777,30.193714381493976,43.03439052191612,-50.420605449824876,54.844438231202645,-28.01841450126534,49.16020975320214,13.385990435936918,-20.370143213133957,-98.71011140705983,58.60254497587306,85.43694901204182,1.005417700458807,90.31217050780316,-7.5680572750736985,-40.37688932117931,27.954344202792896,1
0.6272517160175397,-86.5847045223145,73.40629922448971,-42.818642152167975,27.219209281908434,31.326214741575228,-57.01747259272083,-16.46660083660106,56.88109464255945,96.25151547825536,46.63207562735991,-67.49778694050875,-98.52843407491709,-54.64827651989681,-34.13574450349914,-39.356090656281765,66.00653672561495,84.02276266452574,-77.52340501425812,29.19030622240902,15.665820540860835,0.19386037177366688,-21.447816215056164,-42.41245036571699,31.22994290063309,-54.98833089706559,80.23782439092034,-72.0456677813011,-74.18073002807333,67.10785584828508,-97.5725083369599,-64.62735758121687,-83.99173518171187,79.41149367445843,56.2086242153936,49.283787947467744,-46.47036752663016,95.09639848955223,-93.89160437005233,-21.528807903688048,-43.414414183419225,-48.064908882210155,-61.31408166400869,-91.0037724508984,-78.66198589014573,42.7781926148065,-27.043237325950415,18.518069488892365,-65.45379181045108,82.80000740185557,-1
-43.81309806252385,-29.882488238680608,-15.728599544585961,64.52286370273569,-89.60868448914631,-19.42534347347258,29.70096402373764,-8.313715173712396,73.1124766344407,-53.78382942510076,47.42648279132783,86.13445111247967,-52.33255787440061,-69.03172107050901,-73.79707626990688,0.06103127090295857,93.13063495328245,-2.9438565779603465,0.8761408597533631,-24.167827204011317,-70.37321559672338,-90.68401158269168,-93.31939868451312,61.67293803536333,86.11240540711452,-22.853534420033355,-27.670934448996093,-19.068916419066696,51.090761865051576,-9.756937344320747,-79.99638199513555,-46.55854464868619,-89.32490116454784,80.58379464661076,62.49022634411881,45.90076528587673,17.03662829968269,-72.23167149040295,-90.29480968466139,-34.35876628571552,83.97883616379292,22.08224073873322,19.702615893355045,-72.27578732650207,43.64840525442409,10.56800175281056,-86.26306275612225,-31.47292167436578,-82.40684379738845,72.33345173565067,1
-79.70569142679358,-35.52923100505541,36.65907532130103,28.165262938041252,-43.992534089902115,-75.95855417588476,71.75285586989443,47.813395187874505,17.11274575866038,57.012784209286224,60.36803369056119,79.16314631203895,-48.28854727195082,85.98435262913296,-49.44682800976719,10.83625108975977,-74.59328480535365,48.809890245715565,0.2239401650696351,-99.47356888408237,57.71036840165132,25.292771050811183,55.3280148745246,89.89908634783234,79.64470376643243,-63.805387204399544,25.6166953142871,11.968219116798352,-8.397075136810827,8.740283928983501,59.112672500453925,-16.27896286561699,87.28928456235144,84.15296282446397,2.9004329714183967,47.14808997868985,14.375143294190337,-31.3539650064897,90.63651938217706,-21.652980742975785,56.60170798763201,54.95284194644839,39.91929056354701,80.25095942058633,-21.786224169716036,11.44971032370907,-55.69984379816253,-70.90172850859716,-78.6526635970805,46.10003357832045,1
-76.08115081233966,-72.23456547011797,88.54635482702514,38.487230264873915,55.122370185065506,64.50695887683935,-9.949150771421927,90.28896513261839,46.83025180832925,15.012114691762932,-92.70778983487631,-37.66941666907022,-16.213404403210802,-9.208233390428049,-81.81291001739177,-61.59674980641023,72.53503258914515,69.47101078187336,-13.405390032058733,2.0425832956244108,-55.744681786763195,55.35365427001457,90.56076964983464,-5.439107177455057,-45.39424086482813,76.2933529759112,-61.48478053063193,-52.99424257637326,91.32011355346151,46.772796798796406,-54.8043230689633,31.358800926006353,-43.732282790872645,-24.018091035175942,-82.07309103583444,-45.75569592317636,94.22110167295091,-68.48193556870628,-92.65436221881689,50.40886737652542,41.38018033514416,7.089799929486887,34.24561557133404,20.68597169895341,-16.655343772799853,-0.5994054979366723,46.213274659691564,6.273572764267769,-59.99788211132733,-18.106310331476124,-1
-76.58659671447883,-48.422462913359546,73.58365890400444,-87.02928110340633,77.68073446173625,-21.36095979441555,17.387301311781414,-75.9224842421822,59.502809059297164,83.84160621074503,43.19693870834482,78.49381879040234,18.160906703583166,27.627980503253852,33.15688029377418,-66.23327866948598,-73.93521065953436,96.01038859529694,65.7334287067188,78.69181083342318,67.54581972453127,74.58974608180037,-4.941404686898338,-52.25706321298729,29.183305281102804,60.138560183346215,-34.28156739438903,18.289986288604965,-82.34436140631811,-13.45901707469001,-42.910442560026894,-26.37328200377236,19.392057369105586,59.0901916355175,-44.225830201755386,70.73914279620789,-73.38267216544052,23.36997025518444,33.959745554923074,90.03366815261873,-98.51593842386997,-43.21634181632219,-17.937274471412422,-43.80778936539569,-38.64683586940969,-0.5272159566564625,-59.85156336685134,63.445283818618435,-57.35914344781019,-51.98082074430248,1
97.4552258629889,83.09765951760838,-51.30354068474014,-95.6353206449021,37.54440848611213,-86.32935993800828,-85.79302219119958,-40.5425591437347,-60.741139537786594,11.948932266734985,-77.20682257615177,9.249520026170188,96.15223487777033,-28.719052830067056,57.39515987624017,-8.734815235520287,-8.536678021435932,-92.22526059666214,5.887148108255303,-79.83856057218296,47.959274387219835,-20.424282504526303,41.86477055519347,-65.0908232993007,-14.93836993976933,-17.144630482023487,-48.53160236209355,93.07774073268592,91.25183960547625,-61.449597917457545,-7.235656246467386,98.67350017641778,43.93791920907091,41.51067118386396,86.52340343406675,-34.03443411502414,-53.48128020484819,-16.099851957732298,-55.95061191372564,19.814302067048104,93.80037482843059,-75.15934120724523,-75.35074554994188,92.01165515295469,-55.26488037870927,-59.692412602466646,17.477894891242613,-48.98271377614134,67.95680712347809,75.5638345140143,1
81.2708770189472,82.88238918499195,14.121949327765932,47.13262284783798,-30.544592193898495,-7.6567712373761765,-25.375476315523287,-72.90809264106184,60.83311299677683,34.75124595681797,-17.771132704002596,23.258149670828928,-35.9402515006515,-98.58069350102257,20.80099954790002,-88.57345613133401,-11.69054222403392,12.96383257727922,-62.214037247009536,-49.73846257156864,80.58020223267422,-83.8306396713492,-20.098704947887143,38.87117779905421,63.37209610820449,-41.53409683147331,-65.60591963129141,57.42022650717476,94.2592454857091,-33.51045635047234,0.17399067643310673,-36.090187424318685,56.978278932770024,94.4442741934011,-80.22576898926981,-26.336698874774896,-87.51314319439784,38.248082227322044,-21.51103116461502,21.154367324474748,35.162973283218406,25.81151971192675,66.30725730187072,81.55199824809452,70.41900360940909,-30.43807008281665,95.36586437517036,-38.37471847922951,-19.176763690768013,-39.45718798536786,1
39.40314819905359,52.4917371481381,-21.501288718663034,47.47141547755993,18.339432461265105,5.931944789123975,-5.148995804609285,19.21639104766119,29.646693761569196,71.50612155038473,-41.8246291536835,-49.43251986194215,96.28428498440505,95.01743394153627,-61.70207701837611,-43.49182726751128,31.423767812254653,58.39220289334315,-40.71185504412056,26.811011202196667,-5.783429859097367,17.512354429959657,34.83987498857212,-48.602812429243784,-92.12196742206267,25.526070980357574,-95.71202667537734,-82.68252836412995,89.77632497989276,-8.254235159951833,-63.48057378258014,26.39641859666125,91.16234863487489,5.474657994168226,-41.530515156969706,-95.94595886538949,31.671418437059202,25.178043107765504,-93.55192600068911,-21.089444321270932,19.357646002888032,86.27594385419067,-82.42859728373088,99.50050069623941,30.159428344015907,-98.61598088303465,-52.03165030382208,71.87149570329038,97.54591106128822,-63.48025009429197,1
-50.45380209976851,-9.55641182203857,-0.36085670937220016,-41.43559265980705,-89.77292371157985,-94.1660472709471,34.23149467593774,-55.752260710787205,62.87735585375228,0.6690261212308144,2.0920262692882545,6.959893256238487,-89.4580420293122,-18.99978028249032,14.698352778195328,-80.98869263348712,-7.083447112150793,-47.5774055966407,61.93485161761464,32.2530612530183,74.4931046517078,4.851585580767107,-94.47363342881387,-91.56991660741316,-61.07407055935508,-77.85029843389819,92.18348631161228,-6.2532946357079595,-69.51861599242372,60.750989513838135,-2.3688087825381956,-85.40802721740903,87.49343756274888,9.999497097471561,-46.05659918349223,30.65804895189669,35.77281781710272,28.52793413300529,-42.7206843144843,35.70596908738847,21.813233850899664,98.68334102142578,81.13592707539615,-50.819391487346664,80.01936229262355,47.882577879592304,-16.35944313145518,95.88507916638778,-51.802882090741086,1.522076655035164,-1
16.862862384620044,45.63775124072066,-35.082834019945935,-73.30400551681124,-7.464878986921292,9.286063215569456,16.638160855419514,63.461062442647346,-57.97856141752964,10.13209184731285,38.58404584495773,-71.38760945531952,-61.031901668927176,68.50690167036032,-19.27066110130444,-12.265660639390234,44.11728387412748,-97.72206638228944,79.85006139631295,74.08009262116738,-90.11051266413055,-40.022851988839015,-66.8929414612268,-21.65444727376436,47.76548747023591,-31.207877283286493,56.18663595809886,91.98731435977686,-85.32319666959829,52.16033435122037,44.46086586590772,5.097846041863491,-23.548817068719075,-41.07634006301932,73.56649934689935,47.709974874021896,7.4691176826001,32.267861677716525,-53.535242093614485,-32.08598543894952,67.42948626502346,82.60661961075814,78.92405381361343,-41.60479826688712,33.59652756587889,-79.04722846377624,-42.70703657099564,-61.15137571324845,71.89315559411313,-33.051306608534944,-1
25.879727627052503,-33.15122183660783,63.56684323500431,-62.779716430744536,-44.84648634972861,-12.46773437035931,-69.2617914311591,66.472707932199,-67.70843318715198,95.45676463538587,62.3254028889707,29.030016660180678,18.498695835281012,-61.17424591080556,-31.40669605998437,-59.93203578071154,-99.39582572876775,50.97450578171211,-77.55178560168227,-29.218866557636588,-49.697392064719836,38.52268868502014,20.68351569445666,-71.63423426246503,66.02778045533071,-63.25221483151442,38.934400728839904,-77.35587001331015,-83.89668828169764,-48.18035892357775,21.20669050407568,31.494273771230695,-25.515260764998587,58.217144305605984,18.23100092454783,-7.616141317872518,-20.6297059316272,73.0751224204219,-32.1115588525231,77.99202432306365,69.04842076816641,84.05251959899078,-10.177911826949511,-61.77871238130421,36.07043843037829,45.94709998367904,-93.84383364929538,-85.43690608431555,83.09027372301966,14.900865500279565,1
-64.51209124405543,-52.3634437906547,-73.82526785633004,-50.66422709567539,20.214833360046597,-18.11758563659633,11.467433914601614,27.082871372381973,-90.26103032001404,36.774024981806406,93.39370292366306,83.35120062374935,48.5271979363381,-28.35619175138544,95.17417255670733,-21.18327029799363,-33.351651889854466,39.623384816704714,-46.80518706917758,60.77694174705067,95.12099371782242,-43.09187794558878,63.50648319162414,-40.424733695441326,-9.73279345214226,-37.83076889652135,-62.96699091675948,-97.31119120331675,29.01653839335725,-84.93117648536986,-49.651107143493924,-30.14701883047222,34.45430152683849,12.038510846846663,-4.803389027890589,5.282722078975638,-97.36744571362048,46.861933321720926,1.5319992902461905,49.534354016031585,14.982516835580071,-60.7384400209184,-99.12587104279756,40.05688641385947,-51.431139399910464,-84.20903461368636,97.54116194323959,-74.9936768782755,87.68636308254861,-98.30711567653809,1
-6.880396373507963,16.67835895322409,-82.42670017103333,27.333936433441465,94.30653818021014,92.12539510263994,-22.434782016613752,15.371476226540054,74.38261225610111,75.1809849999789,96.74231664183034,-46.07399824656344,73.54463056101847,87.7438603955726,8.976337205878693,-31.613101285054682,-11.74513264998626,-0.836105470292182,22.189305140530635,-82.15868823660723,-14.42609702940176,-56.001774620613865,89.45686461795356,74.02109166882087,52.802525133144144,-92.74902091169453,75.81240091045004,41.8247681630458,-86.05845070620776,47.96432687311929,39.22918498770821,-49.89078821377435,98.55740365271728,-27.435993905733696,24.781406571579296,-77.62801073073551,-90.64456996197734,-71.16798792232608,27.010214040497843,-14.68619905769279,78.7515016554093,0.4129164003135344,48.74123239667168,18.137229276450412,64.86646754704967,27.5422847773427,-75.34070672575044,32.95939820609169,-33.23608628947976,-10.774398116162715,-1
39.20595933499459,6.692218395264305,-1.6810906517126227,-2.42919121472751,-13.914517935801967,78.02822747920294,-58.74957723276948,-31.578475827281196,-9.65210480371124,55.60926129663983,9.94345103266221,-13.971453580634744,32.69806902574203,14.463037126015308,-91.22378232625128,76.34346127907924,96.20589782301522,-34.486741215574796,-66.18845017325884,98.33461056633564,0.27929571906486217,50.10479613934979,-24.632887796766866,67.82432062123297,12.222021753680139,74.91529534364014,-30.62859781422209,64.06900300950608,89.95987069240061,21.939091028996828,-63.84480903185463,-46.639243581549735,-82.50996869944927,79.87330578418539,93.88002251323735,22.400779466289137,-38.70845372990988,-44.9846429724154,-92.40990274782371,4.308289838702791,89.64141236309288,82.27890736145679,-45.15847898795104,55.992704986333905,-23.065875040513205,96.5605079410038,-95.54997490095496,-91.28848392904972,-83.07001307871786,-68.30213536354428,1
-71.9831969526952,-50.30217203710685,-37.92760821528525,-80.38348384315108,78.5046579909692,26.18435804583268,-16.145667766795597,6.2909828378610655,-17.034868895729602,50.91387224114732,11.53773823709055,88.15017184689222,-68.67743702147003,-67.18728234693296,33.990698171843604,-21.69258007967416,51.680734606840645,4.631629963528326,37.47798253714291,94.17083957354004,33.816003372456635,41.00690445266656,22.462676969384447,13.057791990796417,52.67813568827194,-16.026081825938633,33.64740339546876,-88.83235582470512,-5.315773873310874,-96.52225141491321,14.764813837788054,10.358012715899136,84.69520756367675,-64.5766862643254,50.32411016896273,-30.105100808366146,-83.95514163979401,-13.805831498943434,-65.32841395772346,79.39262434212338,4.4520809058032,-6.07021533367525,86.39700357449493,5.241735344803217,-67.75263831307088,76.76886083686855,-7.610390375047601,98.87379527335878,-14.029604342029643,-43.89909832450187,-1
23.17001961044329,-17.07517525459525,-14.901333110384925,-51.86145763349901,33.714529344582814,-28.575768139899438,43.27942239161979,31.281920700131394,-29.379422212322098,-21.55644131329197,7.508028728069263,-52.70501755226109,-85.38298179476995,-61.275238040907844,-46.445137079176504,22.908203644263097,50.59723860783703,46.49092582674595,99.6842467847548,-18.638141728630117,-13.078469226549316,71.06289287258767,90.32071249995761,-87.3932695000477,62.40665860519877,-44.30159932852267,-12.742128141261148,-73.79708911327711,-91.01810069825369,57.32261224358038,66.76186177457234,17.840181352770614,4.457894662234381,35.72540099765038,31.822704324309484,-49.47610787964507,70.88587735634607,73.92339968997385,30.032706503528743,-91.16879017765376,13.714430628042834,88.10614333639305,27.968701255579333,70.88408187627891,-95.41031411201106,-48.10487008563631,-68.01419228473216,-40.256962575077004,-8.856123986942649,-29.373718297789495,-1
64.5074485846338,69.83913031306386,6.720509345375689,55.34211139103624,-12.170036673250337,-97.56864570452264,-6.998096494714474,-18.308883718303477,-95.2107469459033,69.50952661094726,-35.43804131042994,-85.420309625669,83.02776408097921,-99.9517990629731,-34.61157994906101,-48.52690831967319,19.236533880475378,15.645957233902735,21.7998222103857,28.77358551102526,2.576520501914743,75.3837863741694,-67.92122499877095,73.96247316278462,91.30978174584129,93.1251445675185,59.26915509592982,19.282005316929258,-27.681946715938068,13.080678390100857,-24.172136845481518,-87.77247399755528,-29.849357050129015,-23.77133694140427,38.84637576462745,86.14787927248253,7.90071809000122,36.45742435273951,77.86752240428964,-76.6906624569605,-62.956856369887795,-85.04843065564394,38.29583644831581,81.38920062973278,56.365855028662395,85.32426971438446,38.63740075747887,-9.940274751250655,60.68156531792715,-51.04141871684587,1
6.270926313629602,-69.49219141714772,87.24244924873796,47.50167189180138,14.409728673860172,81.57975875592388,99.43647078059007,87.66314573026321,87.91371780503314,-85.89287248140869,-97.8973550916693,-79.96900049864661,-11.469030347913375,-77.89136673828389,-13.936714391521818,-75.38957528193501,-48.19297117933057,-48.347128422567295,-0.9888108690830251,-59.99821577745048,64.12547868380736,67.44799990309187,-60.46581262514621,-27.274450245768605,17.901076835085078,-88.39073259629924,-57.31042373479154,-97.67467974292667,29.95814550252493,61.85625287428664,-4.2334368336636885,-44.71789178126506,26.202838700906227,39.991882542767456,9.475550699949252,88.68547325005665,-62.49439041068783,66.15217336264533,44.176614901624816,-85.65040715485725,-41.34106935823556,78.08329483100758,62.902575923280665,-14.04503311172678,58.59711666298949,60.997711795224404,-44.06099732860467,-22.759415090823794,25.870073675274696,86.92416807078158,-1
-9.891172937981295,-86.92873184021153,-63.71233046087461,-54.93661400975298,50.68558445139382,-86.4994906632356,34.79884162914607,31.884592416399528,-83.68501487772681,45.526227539937736,5.637852351271235,-74.639640174648,-8.011609741207451,7.538425718194304,-19.069251670289972,-30.70614258426656,-5.847521522479411,47.14359735562198,-93.24216981035028,12.542308668440569,12.530823934261832,84.82958982733979,18.82092765508503,11.44380898600879,-48.95375661628692,26.88798823367047,66.85110071703437,4.79484053714279,73.4808226449135,73.7701503602328,6.963632988628831,16.893986328922608,22.65727876662595,95.46406102259536,89.67274620429606,47.4051811580708,-41.41886490332809,85.0709814198236,-43.62124588013352,78.9362348665336,-96.44102199743496,52.63797414389896,-7.10477085653234,-23.164688959116518,83.24676666264301,-82.05902459160643,-99.07989085482312,-2.9626127582301507,-65.69576238936429,38.67644883889548,-1
69.9294781354823,-32.02500724638678,-63.77013009306394,-77.18084302241333,48.09522639070383,-13.596214481098798,-48.707387796646806,95.45598651328945,-14.700050551627768,23.438845423393346,-70.89690344252817,42.73205662243075,33.86308327270032,-47.006587688911395,57.80812084040943,-45.72372098408308,-72.74988698160442,-78.50935671162269,26.84861819550852,78.72972981809616,-33.8734090280916,21.700922594157305,81.25084734757365,-52.34751733201399,32.35303094547916,7.466964968615542,-25.029545440639083,-42.23411401607826,22.306318922954787,-23.225009313144483,-43.13121803604134,-23.62564955309992,26.741948684622187,-78.95630517163514,-72.32582763727235,-6.952136964012794,-67.92817887921996,41.20819679163367,-3.6589040311981904,15.92611404732267,-85.81733784280179,1.6572879449848585,8.848924196722919,4.357882248893176,-33.3591535748282,57.544157459221,-53.02525978249992,-84.50079566765156,-12.746143991482157,-57.0634616652985,1
-67.41311458371406,79.61085788814276,45.0515320830273,69.3028677380556,74.739718693269,83.64781733508741,1.4119293477436514,87.69643164283093,91.58917198522752,-31.48178343777363,7.644020373695042,72.75792459300067,13.8460424182896,56.25812948113844,8.892266429833711,-40.849433075934115,9.680187348382347,37.96421426575239,-59.66895774662155,14.792303500325943,64.2221055483032,58.718239440464714,19.525798639111997,51.53152332059449,-34.56167883421742,5.502903977708968,28.84828016519637,-80.74988335245487,-29.618988848267833,-60.77213005322568,83.6383546459468,80.83273679121498,91.80168872174522,90.95551048504308,-68.98127874579953,-7.348679121099465,85.30910828712547,-9.708230799901884,-20.327742746651992,5.972618167335526,20.361961771396125,93.89171336414154,-57.62669205353952,-39.33292352100257,81.75136338665763,21.70381964207806,-42.67688831005447,99.75857017110766,-68.50973327074696,10.647374227924516,-1
-79.37522623281347,-58.42274897079454,-66.59161841981003,10.845302826403326,-31.879166683741673,-74.42663975551649,-86.54881720652642,-13.739658731797078,-75.34324414021063,-98.79059136320431,-51.200939529505554,26.308875735232064,36.84181503769733,-54.05674326335366,-86.8798470109941,15.404080338111669,-0.19276541918374335,-26.983265343119854,37.3854833548605,-95.37786630644156,-65.64217810444663,2.8766493022040436,-70.54523830033466,-86.99080845257188,48.74736299048911,77.25914895027995,97.61358839222999,-49.02360871776328,-92.36927881292456,-72.55655367798681,24.56584739223591,-34.98969527808249,16.38744279880666,-42.89141242609331,40.79718437293266,-88.59868107006153,59.58935417848451,-28.75462250212489,44.815284358080646,-56.571168432016236,47.35126906628463,66.09540573732485,6.230746179850527,9.47624669388702,-69.63131087094487,-77.34618336821552,-9.505989917131515,38.21803729903306,61.13983706705639,59.64686277476275,1
-49.951420367080935,-32.96055167081981,-87.92958320188724,-23.61207206942082,-17.795784946890848,-28.59413120599757,54.56191465806748,-4.529920375519737,3.256659839534805,-60.1560628325847,15.965915209545003,-0.6513143988031089,-94.14011137931632,41.957010044794515,89.78324363774303,13.361221002093203,-1.0034410575077999,-31.54688144205076,45.07792033236652,-29.399049805632743,-61.83810171073858,-14.050923784866654,89.4175093951111,-38.089366119469844,94.01147200761389,2.5367906899885497,13.278144126219487,-75.73905908696727,-84.03378668742532,4.4190473829578,17.222107179627017,-61.541655353784044,18.89967314995171,63.48953010139064,-19.70979847752561,-54.02608175954913,-67.94668019188262,-78.77106943572163,99.23015810602732,61.11684982872549,96.9808498269825,-58.074022409730766,-31.01904100117953,88.89379056230814,-59.02255426164491,81.35788077720503,-41.438800260979434,61.103325736612504,32.00259884169208,-18.341321242156795,-1
-22.980454279614946,87.96642472269502,-3.695529697489988,-56.9596255965525,81.92536388731847,34.826059107212586,-76.92107156421653,81.83505281071714,-87.59264727424369,-11.163318624326692,93.34122800369212,59.71116762611982,-65.20452009563928,11.575836715577111,82.86808853329671,37.62353184127005,95.701193386538,-60.703469519416274,26.70705872323404,-78.70364734305872,-49.41763888874257,21.238707484828083,43.57357022625271,71.59904454547171,55.71060510370842,-72.58641149191038,-11.727984262875708,-44.61966205181247,71.12553630704673,-60.28951929258142,3.402944777343194,65.17068686779297,-17.64708995472452,22.40018751137363,18.910512472189595,-41.21668062188686,-86.5542728858379,10.696990716865585,-18.561430062829288,-68.36602191811478,-23.67815640345495,11.988087807335262,-98.79559192631872,11.901726687465612,-91.33225333950405,83.29306124650788,-80.58450190526851,-63.285779469370574,92.36908090536687,-39.209618667658376,1
38.37903953853865,19.127748121568857,-9.722595134064903,-87.73007457786636,60.98135536828772,3.5921055425157817,34.72908349498155,43.2099946484289,17.117536774522506,-8.39427668322628,-56.245658317824066,93.665392019851,-75.33630178494155,-53.58428442676699,-65.84634799933262,-26.64958471481198,52.15186167739,-42.10042697605607,88.39828937677433,71.93310953329504,-33.75723707537573,-42.55748577452769,42.0775294876596,-76.5075854407232,1.800436707347643,-66.47714877067412,-65.95339351233389,-69.7317482616934,91.74865938168745,-89.4817057518643,7.101677792899537,88.63261049208785,-79.6992283392929,-34.32852953455891,-71.22685143863123,46.898480122210174,-63.217589753434986,39.93894019147302,49.18338759971127,-75.71557553374751,-90.53031905068613,-48.92052516711096,16.54374042660443,-21.306656251944162,-37.09752592547737,9.763066032642584,-48.43921660160615,98.71947314234203,74.88775703214878,-75.74945757352188,1
12.255439513899248,-30.866543335227362,2.53770220330172,-79.17807012316673,4.665926238948259,4.03397846215023,67.96032133288534,15.862893332387571,85.77190996911312,-37.56205268617412,-76.40550327438768,94.51364712994737,12.747420289079898,70.87990266513603,-74.57947724585192,78.952397402499,95.21566649450378,81.44863345541575,40.432865729662495,-20.622404355016215,69.40240707781672,-49.19577018088746,-33.53801785200807,-41.13565115375282,69.81417498069843,-14.847677013938963,-78.73883573740972,75.83698355581959,93.78034342280759,11.140708144060255,-19.970906543088176,32.07728805426879,-21.412538994438663,-12.65548836886667,-39.88457838919557,-68.23246092359688,-29.43879814681884,58.73299620716023,-55.52276476062232,-85.82289883817478,-18.088253416648996,36.31150692587906,-6.083859329634848,10.803403821523759,-46.131600050049016,-56.049747123186535,80.26353303271685,-87.02415638121231,-9.694357024182622,57.93890254739756,-1
40.49681679742184,75.3531273523499,-4.0122330565752975,-4.79637412624669,40.52675461710328,-51.62134117742217,12.13565898778998,-13.23121542895116,-87.7107419738425,-80.52662124175578,-6.118631602148383,-86.54307741569708,-80.52465417839916,-53.542069180709476,-22.752720940182087,-24.395010113119596,-26.981215953638824,-74.56376215662262,-43.97317624492405,52.17829459224802,-20.409388759733304,-29.29022915913258,-59.1066559604849,-89.56298844064779,-27.35076428756456,87.05006287886658,47.73053011762843,18.48908815808285,-87.84376627411932,96.30827860886257,23.317567614249285,23.157959796024883,16.046257411991192,-51.86301815533183,10.267508539815225,53.65518955990453,2.850855812395011,-32.39151680059204,50.341192035863,-79.93610016134411,-29.18682764128326,64.31114009159847,42.50821110872303,54.94299560223823,62.63693403991914,-97.7891202605981,-60.718806470185726,-22.58891747958269,18.562413070299954,37.282468748233015,-1
11.680849947161008,33.007334909251085,23.569448040242776,-55.87760945775775,93.28347717328148,39.44187638192736,34.957260433482105,66.98944113888075,15.671952623308002,-89.74730816480036,-52.249645782795184,-68.06673012656985,99.36985685628798,-5.245341497115419,-12.570378990993063,-87.34746563586503,-76.99781263438044,64.81889809687485,25.248964552606594,34.542722300087235,90.49826008686489,54.3092914624755,24.37639277807871,-73.68585762421475,56.344453197591946,69.884453890978,19.232559582135494,50.677622983967154,-66.10665822231209,-70.00459516969107,-52.41516755100331,-76.83902213051846,-68.38773994167013,-83.36765337350703,-68.65913044081037,6.2934991914825815,11.801307797178026,-74.06991990177427,24.65179513855989,90.56091711278816,93.75068848856063,97.65771787078123,45.75229166647671,71.35277750789263,-16.008915170442876,7.159813113129033,89.57876453693501,57.665479124235475,-27.1080304120713,89.64388949900652,1
88.09171687058287,-7.464042866078714,73.72463359112217,65.50757911337485,58.91565574003806,-26.86385034772573,-16.84497929533562,80.87195499877146,35.1325804414146,43.74362265244048,95.80636815833347,78.19477693814076,83.95851435588725,-65.78280662856758,63.88557073407301,20.751028767522598,42.03465331803213,19.872710347653125,-33.05293468414419,-98.13100930275115,9.21976160065816,-66.91981909972819,-53.806730356793686,-35.53333763990527,-79.43343678716852,33.285322829782615,-53.014161394171346,-45.55049272590574,61.24193103448664,78.21012338610694,98.79954668273422,-19.265268475194432,0.20411440312501838,3.3717051074634696,-84.2106070326756,-17.819588202282404,18.535613182749103,0.6808217688923293,36.68531808360075,-17.291895451302253,-42.96091474311592,73.48712046421332,67.04938977710032,-94.55257948315719,63.486281842773934,34.30555756281353,32.336871247332965,1.7349264179876656,-8.91007107197197,-42.431941384639615,1
15.094835575175793,-86.85827211432952,18.470065718672444,45.69813543232263,-71.57257524130847,-64.95564557883453,31.902153728154047,66.72880209503447,-63.03232041059501,77.49378804257648,-0.3333943411525553,17.32034748091209,34.72196639933901,26.777892366488373,75.07264798015214,-60.662288353757376,-68.2927683000153,24.405895850401848,37.353559119433925,-69.01164293241283,26.755807908650112,21.221919970594612,17.955920155615686,51.62584129936897,-7.234053636673579,-56.50312922740439,-40.53125049199087,-18.346645214714826,68.63982832473704,68.47135754367642,-36.1809320254024,-1.0827497594708433,68.69649856285716,-43.07401761213618,27.64644927204047,9.543141635847178,-74.38429820302414,-14.215258451968111,-82.36907114954018,43.227012630713915,-49.5385718482724,37.720375263222195,74.98999829805604,-77.57614996746022,-33.39231532026534,25.809398717410076,99.362188065158,-57.29630191132715,6.822367680502666,26.879451899416893,-1
-45.83354974758515,-77.35239083184895,62.96502274930245,-80.32087005732053,-30.955371439661576,43.66623507440079,-7.152296052155009,-89.44694842807948,56.693912009853534,71.92906907052131,78.78670213399809,-16.767810718768445,61.75988890023015,-36.70624318770028,-93.75728793225049,-95.818097532953,1.7077782995415873,-75.417763491551,-29.72881306901465,6.717946022081733,-38.10368416102661,19.18536242334676,-86.41475915543475,-78.93322115100713,43.9327851193423,19.3325813864963,2.5446402147104408,-75.34887600982366,-52.25983906020431,94.1456327971589,-86.46529266840332,-53.063293422949954,-16.960472171618164,-85.8663619383843,-43.51913423082714,-46.55060498578953,-42.52401694888632,63.10848748380147,19.09109654156906,-1.7043531163107133,66.63816088712932,62.94035181333092,63.87956894110826,-56.002900972377766,29.635911653074686,59.308413205929156,29.412441409809873,-55.71051161796885,-17.54549550512405,78.80108294626322,-1
-51.58894569769992,-74.48393944088724,50.54332791152825,87.39156460621257,-52.02517744881106,-16.699113619224207,29.864464915376345,-59.11032550714539,-97.42050604209491,-66.34428229845744,-39.806736073675665,-74.0285973164238,-93.50584566165034,-16.406298397222585,64.5520486064664,50.66258637585142,-63.74994888968961,-10.21765548144198,-74.77284274084697,12.53775115814588,-16.588952753458884,86.91161450865636,-38.032045694464344,21.737505576560153,-41.107180231767956,-53.284183375626746,-87.53645499016287,94.40979295514288,66.4978948838897,67.22256098553754,36.11096952889636,-49.6183469265157,-12.071535895030692,2.288566783524601,-33.19706584846915,41.88055394386626,-13.566548965202813,24.74439385583669,-46.770010614053724,36.93432548317236,-61.95202323824021,62.22357454813903,7.026040063938581,-82.58705933740657,-21.568668951754248,-84.13950504932272,70.29420277737549,66.04870559408147,-33.56901670946712,-64.79436944245462,-1
1.714138232940556,-82.25949324858888,85.55045663904258,-29.000738833612544,39.17982363376049,-36.482640947776666,-13.19580545824823,-44.27138737699272,-65.0705628207341,-25.953562863084656,-33.51466156512697,31.101994369222524,81.18233424692951,61.42140406390254,22.680369304434222,80.80699729091185,-90.51687277198302,-69.06303036302776,43.232907635522224,-91.21907727387256,-32.448802573554175,82.25123036685761,-27.56424848837078,61.12738505498365,59.44791500456003,-22.314555754428596,54.85211368649027,-1.6773310319338606,-39.3042603972362,-45.652296703103666,12.101746815594623,60.23111946023144,-96.53997545180604,92.67867567396982,-29.49442974722973,1.409531809535622,-91.65504142929935,28.53888330960993,-31.626925612661182,40.06111846289522,-42.370950277694355,37.86817293524251,16.767452100464936,-84.92314907124896,44.36394744210884,55.93687307311558,-69.37729381885332,73.86986876261636,21.555542477379518,75.78049072917406,-1
-83.73024387162005,15.303295102850711,34.68648666498348,-84.58834417313376,-69.17099136430258,-91.51554035862166,85.82790400309256,-16.37104236744007,-51.86589704856939,62.36134367017726,68.76257273166121,-43.74308728939318,5.906723004491482,-37.99319519750999,-74.51838566091419,-4.928186463826293,-17.214788389482223,-37.326118713928416,43.04737069652663,49.84343301817964,-31.114390756562344,-95.94400524651601,57.16009303759489,-3.131419545575028,-51.109557948667586,-42.94045582195436,-12.878700503806812,72.32652124910948,-31.93651914036171,52.166206003890096,-95.41568537007261,75.5196746322838,-21.438456609492235,3.0275346922201294,86.81536985429688,75.80639437529422,55.597223744101456,-10.499860476509767,76.96593902913435,-66.4594448020546,-89.37008156541042,28.192879199466375,-61.9811820623837,69.49120371267051,75.69716955138205,-18.397953700492664,30.267988173902097,-44.96218551449167,-19.581450117800642,-85.28407236804969,1
55.02656467222292,70.43630006370802,5.787426805442394,20.32236402926624,-3.060742573990609,-77.80038024173703,-3.3920604882220005,-72.57030236945137,37.817530749645925,-95.97243021014204,61.034879472075346,-22.988388856207663,90.05584472228142,4.366175061037865,5.451029990135424,-18.214552848665605,-64.86554040628309,-81.79273701091165,9.425528513780108,89.25289860061639,-7.958676368676933,-19.620258408806677,-73.32375267245143,44.82719576652664,-34.03683822872779,-73.1085918465871,-18.53301589934786,7.650549268953128,-23.11821381696302,-74.7147545689944,55.172287731730364,-38.63237385947633,5.1263829199007915,-23.392329916347634,-81.73447112693353,-78.4352652296106,61.930466414090375,70.4139675657114,-99.12526417980409,-97.8522036404035,53.160817606177545,-3.583360222570775,-56.400339122313085,-28.914293898410136,-53.285820390652574,-13.680917880466097,-51.739671549007205,-39.603954609212735,-37.75222626648927,54.05585043534268,-1
24.02651956030735,38.93929417088535,-25.349641674131988,-68.21836646612928,-59.355381782782544,60.00069635273627,21.369391108027827,-57.774811488392515,38.99062386860953,14.712656005341998,50.3596327173866,8.403059695945217,-40.21476998033335,-51.85748286729866,-20.541741410818858,-54.31482953831597,-72.9923726638905,-59.256521344466684,-91.32056428428783,-34.97341431994711,-98.19886714710495,22.928563786977207,-41.26471732831276,-68.88193512299843,-58.58303502245792,3.681508946915173,-66.51541045074976,18.651894035075458,49.25321226644101,15.996664090416772,-61.8648106490417,-21.30388988227476,-66.86736650471745,-5.741034293336654,-98.40916374429187,74.18413216997973,-70.41777273089424,-96.97851088245912,96.3042029152588,51.86471371568038,-83.10197915103421,-93.18042766664935,55.87316714957515,-23.540597007807534,-41.96927300800508,34.36839436089349,64.00835823973782,-18.19457581707033,-98.58270651052352,-57.009509968615845,1
99.32736741478107,-53.99823254245939,43.23013484463871,-7.213502662332758,-41.07612073076137,50.18795967266365,-34.749216391770645,-83.75407303866547,-50.628594480853415,12.883317555949532,38.32868039466365,57.78279259317341,85.23859728292533,17.155654186209517,-55.083523469219784,-50.8736851902371,11.409517238446824,-27.22011870093351,-27.373481948107553,75.56652071516288,90.62221705638609,-16.85773817003033,80.24480459555784,51.40237354947206,-89.26056241212514,-15.892461986224689,-21.264763222195725,77.63558207567652,-88.00414556169672,-91.74605052507563,82.24903115085996,73.08317635768876,-36.73558859810386,-32.22362275026515,-6.364447423959945,40.10139913577606,-8.863266699736712,85.3881325564079,-31.191842277054434,44.845647461367236,-16.013232305712847,-56.52297914454514,-64.7807039465082,36.25570606295997,88.22898944077596,-70.71469167021999,-53.58418236239557,-70.97823657494035,-6.99116928834178,26.127457791848727,1
-78.42171460133912,-91.82627674670422,-29.974948166653974,78.83817493282365,-20.80590546750902,-73.23432740006137,-13.283441473477126,32.33345192583781,-94.42955183578512,-46.16768580167416,-92.01549348724976,43.06446210582712,74.87960634166615,16.317767569951073,77.94979805907602,-43.785222910977375,16.951361667460944,31.07663989269065,-24.3607300943562,-20.299594239203927,-66.37178282105059,-5.21604781776162,97.86665736565504,31.24559808176133,31.879815981074273,11.532249524483262,-7.66816384771694,87.84482723424134,79.0065503210339,98.18349495890246,-94.66136828262914,-59.694599416351515,70.54734914638632,54.826931741485424,-92.83814111645385,55.319696439337605,-96.76306621362176,-44.142500841166864,31.202915918301272,38.67940525450692,-61.42125126372453,94.13032660955801,27.574566614695286,54.46393867475052,-37.38640213748663,21.965343088492006,-8.00433729774683,-30.38954260181316,-51.93772977615338,-74.40836717833943,1
92.64450788812226,-4.789919560180067,56.47709681165469,-94.76065829358704,8.60491679153263,-0.748249423527696,-66.05431428461537,-20.46311711338906,75.9202993423524,-14.578990927931358,-28.06488775538645,65.10696830408313,53.270256111478034,-5.836716126820377,-33.17139552322756,79.02000581324887,-96.94703207079405,-86.64994902984861,-27.971577172212392,-72.82276997448116,4.80753397351738,-61.076149135086965,71.51753515248032,50.3597889037417,21.08007439066884,-52.475756487915916,-11.505814601296322,4.0817529365197345,-57.025765230173086,20.568949357270156,67.28917925192258,43.77559607882702,-52.48683132330303,-5.312426432345106,-26.57684653189294,-70.36445393410526,-51.46112030885308,-3.6878064445307928,-18.929677274895695,39.15166759843615,-72.87255969587395,0.8744986278304481,-14.568791770065133,36.66508650717694,29.62211755819439,-19.040918827652348,-49.56577886696281,-57.071057202048856,37.4476828675603,-39.187292498699456,1
-16.517799370244205,42.669917176910474,44.68402273771699,51.23266577904923,-67.55331884350413,26.54237574972018,61.01806369913254,50.053152787768454,-45.60908812036026,-76.00941165380604,11.843626353691633,51.32930987047976,-24.80575561417217,-17.596452209668726,-43.466527891768195,-2.279014824403049,55.67438090909823,34.84392648947937,-51.07674518954679,-68.35185163694746,98.70031207914164,11.016520287530213,55.13092706520669,85.78934711452467,22.678085612720977,-1.9761527746436087,33.6518874416349,-63.70257502826027,-94.2397258861333,75.85452823658184,-46.668068322359765,-14.329943237369875,49.27453495847075,-70.89209373547074,54.03190461723051,49.26123389752186,-0.9815100013687754,83.00902522893062,-51.93885009681218,-16.87970662706644,-37.93797369130214,63.048388213912204,89.67688525452334,68.96572499091633,67.98816342938275,71.46692898457536,67.92109019810329,7.83817414450634,-30.052081831203296,-17.476064988193002,-1
11.360252491670025,58.80503785405921,-13.938821020107468,60.30742237659791,14.354470409664444,-41.89909886571592,-71.43160703713363,-61.878033385110044,31.620443611298413,73.2071350091513,-3.888011832746386,-23.433321046312955,9.975384231242089,-10.083329415947546,10.467602691100566,49.675049885636525,71.97089806702434,70.9234926303671,-34.55576336770922,-46.10198997332733,-97.64698112660047,29.307019756146502,90.49025262927705,1.5788419062555192,19.161506477993925,67.40155916062344,-46.85072476266772,14.951138131080867,83.19840027241548,54.3784292650509,84.72053359558356,67.38068906333098,99.24841972340411,26.770580176708478,56.476618644710044,-33.94259750157795,-80.2218320035366,-56.51663314894866,-28.586772249338793,-16.47895053952064,23.097683868531504,-67.57361094496596,-81.52870835214759,-96.67675465456789,-90.39762687816146,39.42891008207704,75.90431851721749,-71.73745110116796,27.53285691789138,41.54433200434505,1
-37.80353565686756,26.680170863345154,88.94640445828205,97.55710404297747,7.740359590542852,17.17295769070384,40.22791888349474,-18.639039809655287,-56.25722221869216,38.3311303733083,-61.00834570027389,-8.131268881208726,-51.30659118664798,33.83083110697015,29.620425452214278,6.91090895120783,36.61391503802483,-7.290432148215629,-34.12929515000907,88.7577778415916,-93.58729658109168,5.954983051359704,43.68829494710826,27.91076527546224,-85.13382552928397,-56.70188654677653,-54.56174936355678,-40.92459923187679,-62.61760704188482,55.86725306389738,-51.012190861268735,-77.85137596176288,51.35596139570748,-25.132587407960756,13.720842713986883,-35.79603788982007,65.08738312099968,52.20145803718279,84.76932483853918,-82.7031115696723,-83.1573091858626,-9.565408881911793,-34.07070065045504,-73.34869883339768,-51.257660743762834,12.647013775035958,15.423431445190246,23.63370993325826,95.88832839425902,-51.70339275850533,-1
92.52968293558502,84.16837652347448,63.45955399249874,-95.81100779381744,40.45175320633285,-67.46005123828682,-98.32726362462859,22.794061265046523,75.02672372423044,2.3560913138961297,92.41169978827031,-43.70453950981612,-46.112110739269,59.108878385329604,-27.483357481064587,-13.698376030471522,21.02032444743014,-30.746789842413904,-26.430563771439793,55.46042962878366,-89.29106982146502,66.64189138205248,90.31606188797392,-67.66553288925769,-37.224125303247014,-88.90185578578786,27.26886306361787,-65.117891356717,-12.393643373106073,-52.16464102852476,-97.5167821661153,43.07064250004112,-51.267797491631015,-25.41357350598159,1.1852508984340915,-46.16271196566255,-57.310133551078145,-85.79446839974378,-32.49023737993495,-41.498460994187305,89.8264305833329,-26.85989396098529,22.128413326355513,-93.68650071802374,2.810491058709516,-5.4159766276441275,-71.94353828006462,50.904735312657806,-41.948671912827876,-22.661492398888868,-1
10.770856880264162,-89.71483730314993,52.45702695532316,-14.068637452212982,58.101958854977,-97.71640330918527,7.187015770423642,9.973712555241036,-28.43775013288139,-58.80399282460766,38.67550770377048,-70.01814935057206,-76.58711740362747,65.5849909090625,-97.44691469642052,51.493810144620596,30.01849022798629,44.086740445155584,76.05035465633742,66.03544859991749,-89.99623581956273,47.331347043758086,45.22121367388371,83.40434237611129,-25.132769260652083,-92.96785734227227,37.18584414164391,-33.56530809372859,94.67583915502345,-58.95321464393817,9.30034277957661,66.99481467297807,-34.32844297339615,80.71659706032835,77.89799807990602,-63.40045667958023,-47.61802162492212,42.60785505172635,-91.02833276292284,-51.29874785228105,21.269061096922343,79.99330395923815,-48.66186522678737,-50.78427900955664,-13.866462093431963,-44.754537286945315,-84.1152600734847,97.64954647918185,62.81940139344721,12.600952796139424,-1
-41.35784566038709,-41.10684809161646,-92.13129186629807,77.23915609301491,-23.15865740283995,48.37926539174302,-37.44440215792919,45.674170867929206,-16.911399881582085,-34.43236022999318,-29.305361587855884,96.91517927522261,-22.88949970166614,-24.126880359162683,-39.04781744053485,36.11661858375345,55.08190291849894,2.81613912385464,19.636489108400482,-75.49617149258123,39.55940661250477,-78.72231891718454,85.1088651724447,74.81131262779576,-77.55769215054542,-22.486732340033583,-84.46682764432929,60.93432357111169,46.821396176225335,56.15464697743789,-69.70357739400836,-47.43539475752225,93.40319775979458,-9.875317085974956,6.082137595080667,-25.9541028350053,-56.54424424657272,-29.102089843494028,-43.154829872491504,-32.356696563498886,58.78774130639127,37.93484022056862,-96.11346551830042,46.25807721317764,98.71299987066305,95.12774381952676,70.80308304118827,8.944975331156897,1.6054631107641768,23.546243270926,1
-49.643540834927165,-35.58416688336435,-30.43815841956139,68.40665887528425,8.158750997108882,-78.92701554982871,84.15332169267145,81.68691037587504,-73.08474657917844,-37.41609039423548,-74.77693552491789,63.89913707721047,-27.666783360991445,58.82691234645446,-73.48518450310353,-33.461964061466006,40.70566803630609,-14.999517175360495,-60.325492030459735,0.20947555888363922,-6.139400727998591,78.86057866372963,88.39488642871805,64.22472522354488,92.17111535695594,35.670125891004005,-43.63486418006306,-4.8698031096726595,41.037795783470926,53.68210862280685,96.32188546640285,-14.157844091660053,-61.517792422572136,-42.008335639242645,91.7108015899056,4.528686626229799,-38.13846690294047,60.68471381963258,43.30543524428094,78.50229755570587,-65.23080043536945,-29.809335054524084,-84.05905211090818,19.458199912241227,-40.40508953067115,10.400855977063529,-21.35564823915277,-9.413425885309408,82.47061739782765,-67.81932838948529,1
61.366947853452814,-51.365561800109184,-9.242091723272154,98.36199026987268,37.68100369842736,67.16518558210319,33.369478261131604,-19.35787336323544,-91.18682768592372,38.00937768188993,72.6863155578769,-9.773986040431708,12.990521530494647,1.9970158626994277,-15.238362965285162,-19.9689454269202,-81.96085995995112,-80.06721558464483,9.82880304829024,-40.81473020394233,78.64722944198934,-84.02126244172783,-18.624187475065824,-20.40854454084615,-47.83831456144474,56.72454848868597,-65.24022857295206,36.5674532057798,-39.1859430439486,84.1070462479255,79.5662159202839,86.77340797026397,-96.48201675749507,-53.98184159199209,-52.968885998316594,53.782642018252346,46.44351201057225,-81.38080029139658,-10.1126449383909,70.16253329402446,-90.71912828416906,-19.827364102723905,-56.56929003296251,-63.89857603112057,-97.81860093644103,41.71231371639007,-52.35718943417047,-24.80266618591895,89.37708887492337,18.429119997772773,1
68.42378462714174,94.21164903307354,-79.7158343101567,-89.54842414279524,-28.256894916597304,-33.5087685702576,-79.80437863644778,65.21293690965712,19.38904468263452,43.84904011516636,-8.327304114738766,-80.1524670160638,-62.618540709976365,58.532495350323416,45.723031358555374,-17.89903573032869,-14.718788701605433,-38.88470813443485,34.34896809549667,-98.3553737222217,-13.545742442366276,-3.1054381933614934,-86.10400302329361,94.84850510434731,-19.195979427437294,35.07092540173184,71.48296933016016,-56.64845773560301,-58.266475097681635,54.62773457705549,69.61893276022428,-11.770234990639622,9.038165818059298,-95.64221004754889,67.69653811316482,91.42131057120648,91.096178956166,86.89113735255629,-27.688900825947684,34.59283462236314,53.11764752873631,-55.44837729057868,-77.93554062418437,60.50040677308806,-19.54507519528707,-55.74464892555335,-81.52119421258286,23.688694386735378,84.5831487106428,-11.299723489991692,1
-37.128803784734664,-64.59790314465064,76.75717699268515,-54.6687195546024,-68.4090354329304,49.729046825240005,82.90973276971178,-62.94592892333526,9.629040545604411,81.85053888739847,14.181410750428952,-74.94975378075841,-36.15494044276231,-26.794346850696954,91.80483519459318,16.04570643982835,-22.22970070517671,72.24644545207718,-35.137267224883885,-65.81102128648284,96.28314436673278,32.260792457373356,53.32453303489723,89.99100186644083,95.89015262256476,-5.847955666459541,-59.82585286166846,-5.507934229210477,-41.9178155715507,-82.19677505322076,-62.71891718637779,18.831871575930293,8.433982089142972,36.796066512037896,26.542061993238548,-75.16796269043783,-72.44289586498063,-79.5173753746403,19.412404188577483,9.201350306717487,-38.32215741966787,92.80565816648794,-16.27927652320635,45.51648997899457,-74.21898922367251,-44.40051319601241,50.37795832839549,-44.76323711869925,-90.6919920870052,3.5843467282883523,-1
86.15146512071294,-59.003140916835804,65.77667317652188,46.61425920593496,-30.824507852428525,75.17661670341141,99.23153469975577,64.8943035209098,68.4330753300762,-83.88383754269728,-25.591286437558523,-50.83628259548507,-44.4217748024488,79.24724982922663,-87.67840294150615,69.75351705626284,40.82087215432736,-71.99103757315419,-98.37836062275736,-79.95172594648173,49.100617070554534,-69.42257687040036,-49.22319780778637,-40.83732744972806,-27.97645690219923,-78.61487951055103,-64.67726148517542,39.30780447757857,5.337871785270238,-86.27980302097087,-14.501225601135957,-20.463772970993134,-3.5049111164334903,32.36585793562071,96.36160454356539,35.941725855819016,20.656463890117678,33.45192919646982,19.110140246497153,48.936145284906104,-12.770580016851028,-51.17197626100018,-69.48629465346603,46.99910005288433,-17.667778966002714,-51.925209193706756,-45.19043836041292,-22.390193810235232,-98.8623552941246,-19.752709207374423,1
67.19602410244116,73.97927241242564,-9.536343096339976,-83.56566650471453,98.56336779981407,13.017062490551254,-56.46652008389279,-49.42837634997777,94.1880499209237,53.888515884311374,1.7918080844095101,-85.98626085576211,-44.495439019521484,-4.570724802190142,-86.71892930790052,-54.016325827673484,-20.85103403052912,30.924238703092584,11.052664521588042,91.42141920001029,41.85440233396261,41.1239608360288,88.96709060414747,-51.8929826968106,36.8419341176741,-99.4944900336182,0.018467156446646982,17.807788121668096,55.194781749977636,18.018679897601558,-65.74347274156973,-25.438002159358902,-61.25681154408793,16.982300054363563,1.880373906194066,21.389082567640756,86.92107761545066,-1.5115478266996831,-23.692231505290692,8.21418415972326,-28.14461684708806,-72.24190552980605,22.579687396303598,21.58082485942954,97.01910466795954,-7.008995276453916,-68.06209750758319,-62.16562727965813,-23.481297099799093,76.91424128275347,-1
-92.53036225015711,17.245966403359446,-73.45684919138793,47.48675374429712,-43.863356896805136,96.22874635836439,75.47009062656772,-86.55316398188776,-84.14394307376165,90.680575876419,-63.13972060998019,32.57195752693315,-22.113063984465356,-39.29921817040955,-84.40122671811818,-56.135919757723585,38.64190844377356,-88.44236059602717,9.768351118694767,3.4802579649932284,-98.55601059925645,-32.21275601259475,-36.41213405863544,-98.86957903176305,-17.932481132845822,-65.12865846982567,-77.15030934838873,-49.43324336696775,-97.4714797199963,-27.33324361674714,66.59954844788359,-8.290245704119982,-60.84323862791903,-91.48180920593738,61.956805347662765,-6.575381461372103,-9.862342278962274,55.445704000331546,99.31134784694984,2.186115318829536,62.7832213132169,56.43901701361477,-37.92732482318413,-75.6775770085598,68.49084087450291,45.57552441423465,-48.71426106965846,-14.10166426043125,-67.57812891395972,-57.05329952315432,1
-28.64933466128214,-97.09106686642362,-16.446643566533254,-45.03879289037278,-8.15202448060839,-85.4196329264193,24.72975565805322,-16.278545016334007,-49.394731815949356,-90.15581709184768,-34.4232011963483,-44.173905845146066,14.554501947421812,15.387224668967932,55.703176012332705,44.12325813274299,-66.04830035857283,76.37096016413656,-21.452977155154485,6.805546076943543,-54.00771691979316,-53.79277241058811,62.62100942216878,-13.595040073251681,29.361132069819377,80.43882367653515,94.78711482088548,11.223108297442622,-5.26177354185991,65.53422711383882,-52.05116541234831,-57.2574050294842,-43.69299197862113,1.9445411132962107,-93.41628264720924,-82.3088518628927,99.58186435805726,-25.253296633706526,-10.411597743522776,-62.84818875875797,54.60637974114343,58.79354520872718,-24.041947704408955,-77.02878613296468,37.238300096920426,42.561118478338074,26.083205683823692,82.78331577920662,46.44090892386993,40.13986422041117,-1
-22.77947243984515,11.928066261643579,-73.68646297454804,87.47761329942378,-91.25218553821053,16.017766933890925,27.274856306674877,-29.020463302689194,33.30439533860698,27.129064390522643,98.05703411698826,-11.461259606512826,16.428960562948404,-39.32714355716591,-25.35852617897463,94.62894228538173,52.72209592283173,39.04593114954713,1.0328036586629565,-98.99489932693761,-23.95176671732196,93.90530466480135,45.80268425859373,-73.96110802592666,-69.4694039998786,55.797701179921745,24.22668136966628,33.94460156623012,-7.433868560238437,-91.43253576220032,-97.87851532593612,-84.62657932364903,-21.94217983213325,26.667716368517887,93.3345333410586,-87.59094791563409,-66.21118170968302,-62.699883319039216,-24.018962276354756,45.314141665558736,52.10679760193901,-82.08473254111419,-32.591662302371006,98.10302309004251,-6.803643592369738,9.38180385304561,13.359968760942209,-40.16089877365492,-91.95182831632394,-41.33449934184834,1
-27.2740795241412,-46.15135381012381,-3.8826845346704033,98.49670043167504,-62.517611180483556,90.15454154626761,4.289804833376024,-41.70781730124122,33.01119780132623,50.36502919133622,36.6228571446093,-96.50035720252228,27.48049624184432,-82.91950314182523,33.81070306338958,-88.73334444015204,7.796174890024105,21.302445064643777,-3.7452096344789965,-12.44454562208621,13.432617582678446,50.1622762748878,37.63488734445269,-3.6600323975318076,-79.48308793379584,-17.620504327577763,77.08775287246115,22.571072313063766,37.36424319845918,39.848547049094776,-46.13082418777914,66.88999146955263,88.94181016508244,-30.30093035079942,60.286076441728994,-2.2972720008493894,-54.46025731483481,65.43574133160254,82.42718038463667,-18.89495570841129,54.86002355603017,73.56558274627389,-67.13187975434644,76.097436529388,28.081223383934827,-37.19705795103303,-20.961751137489017,-51.506151339388495,55.042263446834255,67.26863915716748,-1
64.37201185807123,82.8597613120998,40.93615254732933,65.00988203601241,-31.922579149098866,16.75455610282232,19.37037537755188,-67.95487980469875,56.48516244255757,13.791096656370144,68.32440150855481,-57.583752504524455,-77.05160833236162,53.26081422378002,-54.49322461270734,17.052175101969297,-95.57310979410059,78.70691669968738,-54.03479164149279,35.42549771478039,0.14698122883967812,-60.379161151782526,86.08469863575556,-16.78595288934399,-33.66194966532288,-88.67700537305532,55.70916428453779,52.67625195671252,-11.579250758444218,67.7762161010242,-93.00023174720286,-65.47187184394176,40.81993687949,-48.20356451360666,21.235461156353523,-6.761792734212307,21.34953806510613,80.81634170826163,-94.56773970926933,62.42090777281797,66.78167478490386,-69.02800049568364,60.995720946908705,-82.14282021641284,99.22303403858245,59.489784015262046,-34.83642417886337,-18.087727941311243,18.02171041871236,74.23928744368146,-1
-44.01322061081143,-20.366261281811333,-56.15720252839114,54.92675612755761,-38.12545642744358,-55.58482586133589,16.742717546272786,-34.36410344047761,-3.7444097561526064,-21.335865922962256,99.7585871631309,46.37454745730017,-28.11523463383658,93.15408877685744,40.57328881002027,45.5158644269888,-11.75406618165664,-85.53032323278853,-14.254971649703705,-60.317979761287454,-94.27376123286943,-74.2845478406243,-90.66043642297738,57.982400340569086,17.473355891497206,22.242866239766016,-10.524035472386515,-20.569500011415926,16.474112631669712,-44.2743333820486,78.5022838188303,14.928414124367805,54.65223041599771,-75.86230643075191,-94.0456185185736,-13.865285703508974,-52.19281137003877,79.72236152684445,-94.74111186632265,2.080937743806288,79.73455111272759,2.2717577466701897,93.04553190113813,-87.26972593307451,27.289005569751424,49.71714534236054,37.91945806554662,53.360733041391484,-17.794577626137695,-39.633740425103284,-1
-34.92006036814645,66.12388155754581,-83.52379087683147,-88.44388780072667,65.87893297176939,29.291748327586106,-66.94310197140851,-32.00562724135037,-91.68420803068125,19.210023152190047,-11.085299786114305,-62.33949501657872,-69.3174235221824,-82.13201954162663,13.149461310229185,-55.348919786127816,12.566047442920578,5.0863996619284535,7.3736435941204235,-56.982954242981435,24.503173682543206,-42.97336496385826,-13.554584901791557,-84.80794260701663,-1.7718061730675743,-85.53788504544171,-37.304942013179684,11.37812765461888,-83.91135995813315,86.52599314787193,72.14040650842998,-96.0560535591375,-73.7888513156665,-47.51038660723197,-73.50020874674269,-31.422134080788794,22.716836971175326,7.099943084474731,74.3194301903122,-95.14145932004394,50.9243565531213,-78.1292133290054,36.51633442848296,-42.77581843524256,-88.27620587728391,-50.9761885655313,28.110759328809593,56.67028002484889,21.27589571480675,-23.441882416423326,-1
62.89369651778716,-94.5808014993033,-28.153326120046856,-40.490309736235886,-10.716096719683563,18.226060651703293,-82.32301060309626,11.408102655007028,-70.93466151589918,-27.499603093697374,61.99574873669448,-10.382902543384702,93.57291319027107,53.75283614423208,17.762054031244645,29.44445667957109,15.100203693811793,-25.286742792183887,75.26279398310177,44.132890901572466,62.803347103986,-79.95362436474278,-54.439848857428764,26.98284706241283,5.459826625758794,9.302741740240705,26.890627951120607,34.44507610943498,-39.0840105825502,37.24665601928953,65.9915837910637,-85.33670957584691,5.851108190150029,-54.53951855229524,93.13778331207385,-1.769365137909901,32.47432487924979,-40.49408932090222,-42.67262943034786,-1.311659887486826,-38.3289121542097,87.96532852884957,29.25267540814548,92.47606544540781,75.10957449308614,44.95653135487751,16.98421894496593,36.69983089327559,-96.9248751911006,12.47455647423989,-1
-54.271438899307455,-36.249499413586015,13.462443925780704,4.6781822748732935,69.18428793554642,-77.33929905450717,-70.61561528324584,-6.4637575030245955,-57.20106426033729,-61.59532617273109,73.59991837901799,-14.491628928057594,93.46562227069396,29.2093888193192,18.183218565445358,-91.80435555002191,60.85223087569,95.21411720638088,-30.406266768956698,-55.02063885391855,47.59062405058771,84.86327100148583,62.01386164584554,68.88112245841316,89.16888181254302,90.71444476703175,-89.46533363406057,25.370724250706672,-63.28741837601826,-68.28039883239154,-90.29330985406621,-92.90608293166669,51.711045693358216,-56.946245193428034,12.415627513129749,-10.214658146221112,-0.29850669517972506,-63.953269636307766,-79.0620863432691,41.87558606197783,92.94751192039357,97.24997129437688,72.00997593924342,42.82456036554825,-8.815345259924953,40.92796388814395,-27.45323635661117,99.59134310045718,-80.40618192098654,5.383873460886491,-1
-48.41167445696888,85.87519782551715,-79.49805440186415,-73.49506545163031,30.632558106256596,-32.53089064618146,3.001131941944621,35.478625977774556,-73.35801517267427,55.101059343799875,50.28466350626053,-71.1519957763793,-95.60363703807542,38.82633079524737,-54.37992441952297,-81.26850947850511,-42.23800600918209,-32.61561738465089,40.41943767589822,10.788346770927504,28.009759386011268,-12.11035534141594,34.26070261870328,89.52050032154443,-85.46356883183782,4.254161378373823,0.8353640676085945,57.887679763091,12.379620600285278,57.875926692384894,-97.88657544511142,52.28951642542424,-71.83331446939754,-46.22503013169703,-55.536358157154744,18.236957423214648,-42.7824443590062,-77.36819868206474,83.8596876755349,-80.79779757726973,-0.5803512645261577,-45.001774042016216,-38.723421234859124,-63.97259457355875,75.36788121503716,-14.532722017989869,-84.4862185475731,-55.39020633559524,-24.438179913513267,-60.97883886543449,-1
-94.69773789167564,-92.69006643038102,80.1403728022517,51.008385749255666,80.49066145716836,-55.829443407398216,39.231229027585044,-29.06675900298343,-55.90247211705015,-70.7957961406075,-66.16762123151597,-71.22476892204396,8.110535077784832,25.591747068581554,96.98582168829833,-17.895443129714423,-43.61408964968785,-57.14563813794808,67.09723112865925,-84.29456281168544,57.23653383964262,41.745715980979924,-77.89172711665293,6.394346899299649,62.23125231750112,60.06497188129785,-92.88962449018898,-85.54559754895261,96.65152219231396,0.8076015257514513,19.537405988700158,70.18126443019995,-88.40048550545832,37.50898110566615,-44.014075668711314,10.306130586456575,-71.07433237531052,-67.87719470615926,47.395919144230334,-98.38947567494375,-7.923824914804499,3.0844896013826144,47.34432872528035,-72.12176525392985,-12.372485726086651,30.33043223014323,-97.72532679907027,64.85094439300155,43.45217029532614,63.04437084242366,1
62.580201826015525,-92.59847305690147,-37.73846016879927,-60.38047344805197,35.36425977147911,-60.201572208112644,-44.32630366746868,34.25416504582651,-46.240476993960364,-39.44497434560657,9.085590042342616,24.62757074956508,10.924098242228993,33.34177107929136,-83.0702492830742,-29.304504974324246,81.9110856874405,-30.353872058526264,-84.34510385402483,-98.9321716060623,49.67927124194861,-45.41656793512574,94.28036972172924,0.4797055687071321,-61.62249005638094,-39.01307246046783,83.05037680615169,-16.201262937953786,4.738866448937642,29.088366636699305,-82.50407884981439,-8.035513818164205,50.03096475898434,3.2633123322340083,28.63229023266834,1.5554572139129306,-91.13354983954372,86.3063602819158,58.09847124966612,57.089006170447874,-50.78517154463431,-38.194637475913716,-21.10451180357626,-88.93986273433032,-64.36627679543234,-55.340490179586645,-99.58369753001594,91.46496970544084,-7.580635161446111,7.5129633165427805,-1
-86.12773982496691,89.22309242672654,-52.49133501522447,45.19598199705911,45.834697509889594,-29.38992167993952,38.92819177874557,-85.97837207174861,-63.108189788023324,62.8767841338163,-65.9074976836716,17.686248090690455,66.0405768691524,91.59587064977813,80.18154605339814,-98.3097007875079,-77.38005211523551,-29.952677134584647,16.273311440914966,-65.08320306472794,21.263389474906404,-26.275869500342267,84.34548410621318,25.93453037197746,68.177795342297,33.040820696213444,-4.7033584289459185,-7.986752208409811,55.92687122669582,-16.01849046030648,-19.67096455759163,-31.64847954028744,-88.6569723435549,33.37905417406844,-56.507931279221005,-18.745039888082687,67.97160067991712,-12.505235445831815,-38.07333525832137,24.068572263443187,-24.988211177378744,2.1953831251112774,-41.108621449176574,-63.53424748898575,8.755461767977081,-74.48629055691373,22.39617270604532,-47.35126874535067,15.953001780101843,97.1807654246928,1
-27.961871717747428,22.29084708692956,37.892993827453154,36.04555584167065,3.3145256891958184,-48.09164336478193,8.352192853512648,47.773335426606536,81.60370908433248,-40.46994448634391,-95.63065760275964,83.16286963814878,-36.05583013202916,-36.61739723629114,-1.4437308270088636,30.45280118875405,-62.127824841627444,43.326387340406285,13.014758296021057,-47.09074275479166,35.43814473453108,-73.8603492503374,46.14137687257724,-63.42124553416015,-6.039584860464075,91.0828329492193,-99.73327210184159,52.43422109673557,-86.97255226582081,34.76759223339539,38.27728904300372,62.2032220525312,68.9611334072001,41.17241217925124,76.63519412286465,44.77420766294344,-7.789333894562361,93.55743838668985,65.83028063103063,-87.9196262414146,82.30980966103462,-36.96013066913017,-62.0822137804566,67.2006077617259,-74.5247934944298,-35.04109942732627,68.77041164039474,43.98792886949204,1.1188803381691201,-5.932077074803587,1
81.51329478521859,-75.87282577987983,98.98156452928706,-86.11523145078132,58.65227008765089,-99.97306139910293,-48.25767156891181,-56.25803993528336,-40.813594112676775,50.255784874753374,-36.8933638673729,-92.04057453286948,-74.67257489632513,4.657249860049959,-47.66572667249871,-35.96376651431228,60.23430065906496,-9.69059543651511,-72.9162300364344,30.739738581015843,40.6063399948263,-19.24867790433069,46.82490873139372,-24.490915400888568,-39.644155372744706,64.1350766802141,42.515588649452155,-96.31315805985162,56.596929915205834,53.58751032360223,73.23778305311615,-47.08179304625417,55.70707420068109,-56.97395471506417,-84.6377944720159,-96.25394158791603,-24.07470671745773,-34.97051075376996,-8.077665645279211,99.65035803725121,25.273021576181137,-21.411974436519927,-86.79089253879862,-90.19002234602245,-83.53694034253425,16.280954042731494,-20.849878942802462,-70.98987183971474,-25.11276853019713,78.96740934125029,-1
14.687577624657223,-18.11766956175191,-88.58262878213702,-26.338093898630333,-94.4926560261069,93.36909995985707,-27.914634571702777,95.67095741137132,28.363903360287054,-60.90839992632002,-89.6685285770718,-16.215275041416263,-20.789104512906647,-56.928143429078304,65.02697513228381,-90.140067518166,-9.563412127978424,-56.87204745483017,-77.92115315001325,21.28195534876008,-42.26673946490791,78.02302726196186,-80.24618972024975,83.92068388428731,94.40841883532471,-76.69107800027348,-71.83762758140011,77.6215838022944,-55.047952468236105,21.000612267606613,-38.52545615919103,-79.04834809230039,55.734932978831154,-60.06806267020435,-53.989126450620596,84.16131740156243,96.7678017081549,28.835618033875477,-26.403018612458425,-27.434255054625282,0.2685760849558676,-96.65778125245474,47.2833823552898,-89.04812277793866,15.661329889545826,-17.942857869368183,82.26163263251416,-32.29726224586855,6.790946079584884,-85.62242171897547,-1
-93.71416286265315,-66.21298738556709,-88.43146468732073,-61.62653505625142,83.01801368140863,25.911539378347314,-81.47490338972656,-71.75529132537011,26.275065209650194,-60.27367722762618,-10.18429717302483,-46.371354077615834,-29.494151739896537,6.696041748956574,-98.1668899632367,33.60389050251197,63.24557037256005,-16.32739231424138,15.281110290726673,-96.16541785002035,94.41919864246219,-61.2599414428596,-45.49047042139418,-22.99175243191766,-18.627178492140047,-44.52483733333972,-59.0357505848291,-62.660203024565455,39.875773146644235,-68.8147495652337,-6.825654218464933,-31.738151902021315,29.093685103633533,-19.40004818927956,66.29064684907104,-34.54852526006715,-84.7111982099435,-33.1842208932365,84.790981964986,-59.10360994988408,81.15441915710525,70.23941749575232,37.35185341649296,91.2839244355456,-93.23112583339943,15.966846734072632,33.9610082476639,8.210244566116074,22.761280235086744,13.981889337847832,1
82.1854368987685,38.4553129035705,16.03447384546645,-10.052031509892004,70.79239339108443,81.2174120962521,94.67652383296422,-27.785054731792556,46.921660142107015,55.35968744172615,0.8265683836876576,3.6730926670641253,54.29466897192128,6.710886710715897,-17.00044832584915,51.30771669906133,-99.91794211216502,-39.76819604291093,-82.29553695705431,-93.57808390358835,-9.40037983400724,28.298073812857552,76.67365960618238,-14.249718331729142,33.08095852765081,96.10806080627083,10.35017658791027,-22.326624465690486,77.05656581938007,-48.42714927103102,53.17046080740187,-5.467054127031062,18.42144269420855,-12.318133528146078,1.1083446859478983,-31.584640805785853,9.643182130984115,45.23622440000307,60.85869275542282,92.24158024457194,29.133182242468934,89.417664950539,76.94425455112426,28.92840132126983,33.193123661406645,-40.66066047438277,94.86074810071875,22.732161481865433,-80.68255394621087,-55.75626878450877,-1
-46.95952646365491,14.894622635982387,-16.054536614775543,38.43226833882639,-97.51919274453704,-20.398941409099436,-66.85036460695585,-25.498213689306823,16.626043819916703,-56.073014281086195,-20.00339634128629,-73.93591336553283,-78.83899502869716,19.212786220119014,79.01703455326293,80.61013062050307,-30.02090727052027,73.14544742135874,79.89061691076705,-72.34489446443828,-96.30871619139548,38.75158406981504,-17.300572587325647,13.886536618970922,56.95486423255787,39.646597962626004,-12.24755586967406,89.44540546934218,4.363140276651123,83.10334574333933,-98.81164883112912,84.4240871922436,-90.85467704754547,47.11163965358341,94.33012092389862,48.35666617794067,-65.56647090710982,-97.95916254295096,-40.829766957591175,-46.18978898390287,30.317180453561036,-92.34717100213973,-49.88764868640389,-20.00477018257159,-29.830435189564056,41.29113706331614,-55.245541683829316,-34.648864933596954,-2.2213714272514977,86.3958439114763,1
-29.32955439478944,-81.68358533467317,33.64255971100326,31.39103125342791,-1.534903999763614,73.05915178178248,-57.7536337054138,-11.578593064055994,22.021584407246934,79.47946366431725,-33.244680586040445,36.8870722138615,-73.87312368852805,15.947422987954397,-84.33235644759867,-45.368075926010974,95.59868474764693,2.9858990784965584,-7.145526135132002,71.53119764836546,-66.69088228123974,-28.11099476355217,9.405629284889557,-99.07110338300225,98.43434288968189,88.04683857457789,-24.823209040865237,-15.132372040744869,-21.85948986237814,30.176697024773915,61.95074348713277,-98.48171676521717,-13.467978461856632,-36.58351652140988,2.9975709455665793,24.37121709691516,77.84537831699743,-88.01905979932725,-51.53886326671573,75.4077258086609,92.17722584499478,-69.80700137394102,38.6419555963617,-8.372327415172066,42.10583452999242,-83.27954379511719,-56.867837319269455,82.66094299175526,53.52382456531933,-34.50259822537383,1
-64.57786411859021,-24.61111411501848,-62.89489685937577,-17.1740494942146,-52.09796601809238,-84.87899187664985,11.375688634419177,15.57822253881767,-33.729556252736586,24.266124831141454,-26.34997852097338,-8.886643601978236,78.79461149250093,87.68952808208152,-13.190226304363861,-84.26028465849811,-69.46836709184325,18.15074427061296,37.99287142527248,27.56443585188204,-45.085536889795684,-60.96507699199876,-44.11151555282116,-41.47745451530693,98.40769475571892,49.61787314062528,92.45561203049263,74.2340663921945,-64.90900596061181,-28.545815600790974,-96.53081462925641,-14.370111601529587,46.8894555597376,7.52492014947093,90.68539668016265,-39.27899058258153,-37.01809049465674,-22.412984864226132,85.74483959840887,-24.474183971971073,-40.958199824327515,-57.37543997888832,-20.235693718491248,-79.01315629711914,-64.77177322516468,73.84001761296142,58.64310720263782,64.30170337961837,29.129358451746526,30.99613880777764,1
-77.28848156007419,-53.408105049273246,61.198509955031625,-86.46632761999969,-84.470133065679,-15.454272621213548,-83.45263287636202,-33.943066499583125,-97.22757281742798,-2.0428264023518494,-77.5205945647974,-78.84069594544022,11.827331292593684,45.904284395287675,55.9063363647866,41.50456379560856,60.609104935175964,-20.554494086753493,-70.87425229490971,-53.573217439968765,90.6145537244274,-91.94436745292242,1.8423170492085177,-20.795130739530762,21.114054778786056,-64.58581561681206,16.51033927692005,-84.42598713872673,4.975443601116481,-71.33799274487787,28.72675762392413,84.43994476713706,98.37490893646219,14.153759317180288,58.51822803930884,69.85172529992931,-7.323302826736054,-59.62078877342203,22.09510227073575,-37.26047238601949,57.57926260894459,-22.708717199885257,41.65536513144721,-67.48273764737729,88.08335852650521,-4.288256983929472,14.665698522232702,-61.008100793297906,-19.56591459151788,-89.04801376207439,1
-95.13680671370923,63.31988789431543,-5.358018661688561,-61.075497635846986,-62.933964094257114,8.896466560052588,91.97256054269104,50.23542739080855,53.30546324432544,-30.233618508273977,32.26853578894489,-46.779726292538285,30.144876866760058,-99.23394189993549,73.76021916356405,-58.269617368313796,58.54068115615027,-84.00350344064904,-79.89392826163282,-96.32885512417164,-33.46540269393523,-2.718180201782701,75.24067244499696,28.87923245637313,79.64583863256601,17.728733943212333,38.72696814552964,65.57407590123475,-45.622335616295075,77.61607645176102,15.531599213201403,50.2065923075217,86.42601466023274,9.09484654763952,-19.152848832104127,-9.76174388923208,-66.72745513765562,-44.554998515623545,-72.21081281145032,38.38046281672419,75.46123806241152,-92.65062467528918,-97.85543942112298,31.510975166667777,82.39371597264514,-66.10234501598866,44.257109719565165,59.11149967895685,-36.05031975468718,4.219213798550754,-1
69.84468209883559,46.17349504072885,-45.34809460035814,-52.163979156814875,-77.4839219176126,-95.28100707089418,46.48020981167582,-47.79029475303038,-49.53761458606258,84.13828015572392,-88.3084025526246,-71.22640673133404,-69.717911212783,-41.76070900067516,82.45091222023115,97.1048266510436,46.68036986698115,-0.8565979843449014,-74.50005466560285,43.69203566463335,-81.75103173914893,-51.534853950735716,-11.742439440011324,-37.7188709910244,-34.329585237856364,-88.31380182908497,-27.924375688686084,-83.06603714494211,-2.2963292138347526,-31.31114334119802,-18.692337222597374,47.64336002726398,60.91174289372603,-11.737777522307951,-29.0550064104945,21.773418925846613,40.350954451699664,84.3510490053786,-68.24474274254754,-58.46507032817867,95.25432008740796,-6.485927677340612,74.33378185390254,4.114021373976186,89.42192282911785,-22.3073317653119,29.936167589076803,-80.47435207829511,86.19302300330881,-98.03989461320579,-1
-54.24036690167551,0.6834541709713733,39.204123610758444,-53.2575836179134,-44.61910252443821,41.395297491143225,17.890797896939432,85.42475637288987,78.07686417105322,91.25837630267227,53.319188942410335,-10.19244792600766,-60.803963059647614,87.31404361416784,76.29716391778209,-32.709929636497975,48.46204910674487,28.050182990455255,-55.47015295464293,-58.92636306200294,-36.07637489838575,49.66376022449816,-41.54196545814936,-93.32135902682852,-14.689429151672059,73.24672457178448,93.906508307004,-54.316308633612834,63.39667616181387,2.793302504529123,16.60129660091026,36.19558584235273,-90.7102365428477,-59.76317156666966,46.10640420107245,-15.663670629421134,-16.44786567509155,86.17461858290406,96.31034758344413,37.88234168610256,30.413163937055543,65.93714231127353,-67.63426774634189,-37.41634586895613,30.62715455631502,17.664998892489265,44.33711986153958,43.44109597888769,-99.65899369954698,3.917855666851395,-1
-94.91617465118097,-61.542196238265845,55.91689471335067,-82.8683500807139,59.582831923178816,-43.14518141449666,-98.3360115545616,-25.565348950620574,-48.281681773043196,-18.93492787060933,-15.65747649481672,32.446431665918595,-60.36072271566637,84.15129021094674,-52.67337370599823,99.48458781071082,-11.849011311736433,4.104106728302909,87.31312233160122,-51.618845481648435,-51.7586450743954,-81.78676358356381,46.269019037054306,-56.985705706989506,48.546172752663864,10.443013610925902,-34.05377857075753,-89.56300160672743,37.77329688511122,-20.69215448710318,33.8997153101389,49.38073107110466,-5.6124142887082655,28.27336384506046,-33.19985623468122,67.67981769733842,-44.92486370501108,39.82776594015982,-78.37008039734748,45.248517701474185,89.44957534125251,93.1467402472459,-4.355577023376441,95.248206587315,43.767949641133356,45.16410413885694,-9.1072986317061,-58.54187128116954,-47.2431795103452,-1.0968898955563589,1
-31.839291949396426,33.617027314129245,-32.599364713742744,11.016989860457244,78.01940703676166,-69.68098503998013,80.19217913809356,46.299292808627825,89.19417796911986,-22.638551589624,43.6028356254003,-7.212747309021822,98.1285474344358,-1.6524113962021119,-44.35656258623557,-1.8772848203601882,57.631957627141276,-98.05992901539156,-24.393787553360966,45.921329847068506,-89.75873016193418,22.441812651443158,57.57294391710877,-32.60704243063404,65.49619195140122,-24.991860351957996,-89.00930922627468,10.589378715578476,0.8149893680176774,-84.9044171151942,84.05423952030773,-44.62589660696867,-17.3891304093204,40.82447084648692,-18.397166600346253,-70.31797532347257,-77.05280774781707,-39.87461869227029,99.18132807726846,-76.91327200329816,-92.67805683155983,-50.896521902308066,66.57320248070059,32.05455655243426,-1.0960874059431092,52.05424868056673,56.852675459056115,-58.10952499493198,-45.703130636177505,-73.71688097174757,1
-92.81154524065158,81.69011226672566,3.54232867694229,79.02354814130729,-44.63713844173884,-51.604573936590924,-84.8600545380425,-79.10909637996973,19.04594654388032,-24.626623930562303,41.93426870090488,81.91288547606024,13.762547286774577,74.94941469779494,0.8140159496848582,-2.1567502623818626,69.4593491070988,-5.648738121825133,46.46015412163621,53.67998578975596,-78.37532950458079,-82.99127573878577,-60.054296175519006,74.16208495512359,53.02230208796996,59.802074270471735,91.37768852659326,-55.494043500222844,37.86776444001657,54.96996930681982,48.4185185116489,-12.702530138458584,29.354992216386506,17.68876552810464,0.37963608053293285,-43.04160218665716,10.394839054355941,30.167671767381336,54.007863136424646,15.689551170539275,72.52362035188611,-73.35628119197534,82.41361197766366,11.628545688131055,68.03525956460078,-47.63568688384019,16.10630089154732,94.99491252058206,-17.19986342305502,-12.007370098461607,-1
8.127024322021299,15.257672033362638,-89.60574326970551,-29.349718299587167,2.533545191283281,88.74031856404417,11.811856989320432,63.74804589681017,51.02672348903917,81.88590073717529,52.37797887549681,-45.65648022036406,-2.9466515314756805,-56.12212216075074,-45.05899343857127,97.26998458883241,41.735343993101395,-3.8427663640545404,69.30689862468105,-73.83152773023605,-74.41001181604703,-86.6405845475656,9.696717149824892,-25.30715664145559,-31.09962897150767,39.25269506010662,7.285909179671563,93.18059837316218,-83.17798013806285,88.06967553403834,-54.33596524061146,13.745588329631971,-22.828924655652784,65.6217018536615,-87.58597265829778,-46.803492124011626,-65.85358477739007,-14.54365837453446,99.42988795163336,-2.758262296031461,30.971133433636595,-99.36653717231994,63.85700814840442,-6.932154653589805,-2.2388184530116177,3.482837763379635,-35.77559338837217,-38.84263720207797,74.88799708007659,66.31729713456559,-1
-60.25686369316552,56.7306025482286,-53.278449790018016,-66.39715845102731,3.8771719007874736,81.22220042649943,22.00148341589714,7.6045410727805915,35.29674990412087,34.97864061083095,48.13271621332521,-86.94464848670722,-38.98006263609468,-98.82705442256774,-13.512566656699391,8.459995124215823,-17.030629939681006,-22.44713429405006,50.33595340628466,-79.52110744136469,61.47418795849788,69.08384034015398,82.31937731205483,-11.270870679304252,-16.984374198440193,62.28150054013125,72.4760769048548,-94.04384253581581,-64.03037031816017,88.28223628370026,-54.89937949580748,14.110570989994443,14.37979353207399,-63.44521946730073,10.872808165681974,97.98699029259993,87.69329252355263,-34.06102265898964,-10.835643585664158,95.59158939090091,-69.4008426643651,-67.67193286584515,-49.393691293572004,-96.15789338529703,72.07066950073911,96.8522588831569,-21.75931165711495,14.831333286310382,-82.21550822265249,-45.815677737989425,-1
9.123357863186982,-11.847450612354365,26.31204401850411,9.005383779387671,-2.7999012404794,16.324458597838714,-47.18760306125625,-48.93272524735117,4.68027418440164,-33.04219162186416,38.994026624295174,-15.462676068514853,-6.039135710263693,-84.45751632165491,69.92003499649161,25.451680127195658,-9.325878879168542,23.124879336625327,-61.20120875532056,61.2033009206138,73.5410919533376,1.300240207385059,-25.639401745092854,87.69241062493376,-89.95737570848546,-19.860143751349412,-25.532436322923786,76.96061619203917,71.31688884549152,38.042155339893554,-83.51911308319112,-48.69347647780431,-25.069381669347806,-13.718859266042926,-61.76339218053675,-69.58805444439353,-78.96234302420567,-70.06449888591024,39.72306120222419,98.91311364171534,97.93857355730444,91.86703365678372,-41.949755961818646,85.29424091193161,51.10954516827201,-39.39065033628268,94.36454005239224,-64.38691233505358,-57.69868240452751,48.49921210147298,-1
45.143901677672005,-2.1150072713719084,52.976652308425656,-2.4857612653231342,78.61804103908298,-89.6328401760542,-87.52118628034455,-88.66391356683292,88.29484750121307,-13.930693525559917,-7.202916511923846,-49.36021859743796,36.63511264796361,-58.35363827835711,86.08972010900621,-92.05775848555055,-42.413181181356194,15.907273829996214,-67.93819209688623,51.897313837661414,-45.299426834058586,-28.603261571977413,-32.95536395728567,95.84965574039705,72.79140562300461,-63.750438786769,18.531729577089322,96.32213112848657,26.121694330121883,-59.36799232715821,-62.7735691263801,-24.008774970518303,-76.70745022167358,43.03294690768752,70.52644655430797,-64.2076365729998,-17.84365141811304,-71.42241316154656,43.8542770138431,-53.93116887357709,-49.79876424512535,-68.68986501442886,-26.93608736703132,59.95723829202123,-39.0373730771129,87.77393478186289,-26.60472532070999,-84.53624142843847,16.752284175597126,-91.27932328275747,1
9.746757873317222,52.0455719779373,-14.763739552805404,-69.59502937427038,50.7923807193568,54.6283747837343,-67.92691877605137,-97.94310081286159,-78.90331450779286,-16.206045244095122,89.53723541285592,-66.25011232035409,-0.6969155538790233,-80.29062971741152,-8.73663588980753,-93.31469338135567,-65.19791039677516,61.194025734190774,81.78354882429079,-62.39178148224285,95.19662387848999,11.003704841058209,-71.69022980243534,71.25353070481626,23.377156652163222,-68.3521474651573,35.028770888769685,-17.40158796142248,-89.68902534674974,-18.268463558032778,81.63078864550059,-84.37913919581743,93.55086467462431,48.27899445594994,50.15793498970163,-71.89525516398282,-43.46886944853108,64.9672554307516,-92.91620534382726,-34.26052255654727,-55.85929588981886,10.329347219609588,-18.343297355360605,55.71589082704321,-3.775195326057016,-55.597893145135814,-70.82888822329909,-11.166243825439096,10.539137752557082,-10.247222314633063,-1
10.870810502280136,-30.730801126807748,-63.576416862260146,-91.60975531367275,64.23965651004531,45.772288453989376,60.600414391567426,-6.66137582311832,-95.58677026354184,38.24933275719786,-83.48556839294457,27.46043130760478,90.14894264253434,-60.55146676659664,-57.087035981430034,88.81895718607291,-74.81187179049988,30.059394814701534,51.01364082632503,-4.859184362188756,-17.18643484643671,-94.87355002311548,-11.482195335108258,-32.05709123278314,56.74059775219504,52.91274361142041,-1.3399567522081668,-1.908094968502411,-17.831364503818065,1.5367649270168897,28.85763130555577,-40.45603038829662,-60.483811129904595,17.47092622759787,9.984214103932615,-56.44747629019644,19.60367296732734,41.11263807216744,-97.24706133292,-47.75315979634311,-75.51783866268661,93.33952335886426,93.77462773652098,4.648847861811362,23.02465793032343,24.19328555343172,63.53986236952119,54.89619169087348,40.51531399284403,-13.767301373039658,1
-62.37576805524774,18.046133373817412,-85.36081524631128,-72.92918354446289,-22.691898635394423,-20.689263602007358,76.58296330374444,-89.74123020375688,59.24872189127743,29.692911380047406,-45.06682604241892,-0.20641115584139413,-56.46004022855351,-83.3241892462481,13.896477627318362,-37.03176891825293,87.71564791720661,-4.686411283996293,-64.16406507493548,63.74759809093041,-72.45433969657178,-3.946614866874512,57.39136209580829,-92.44315563755075,-73.15231618125128,-77.94465434468663,-10.913264942793973,-27.75144119179791,-85.6201162685008,-20.274207671184996,-18.512869446771248,14.336465219854205,-36.73321816228956,-81.41766773405934,-89.12260679968553,9.05068925239408,29.393136804261758,5.408799365736215,-37.04323683743789,-1.4671548338942557,19.100843057220544,-93.33126042820832,90.37676115222612,-30.392211315692208,49.515623895195006,-78.05251055751,-13.812653643070476,92.51391747552645,-70.50309383905831,-62.10407598089655,-1
90.78571540051746,-39.72442516717158,55.31937055834834,46.7228761122804,-93.06594665470334,-54.923746398646834,-14.211133313971146,63.48156946122188,-20.81255476081003,-77.87928022536784,-15.852687486276636,13.899451703715187,-81.03016134936878,-77.35130967203602,81.11642751462645,-67.21365580935945,35.46836921630327,-16.24820190346901,39.09769183553007,-93.40461126348131,-57.198577365225155,55.43223924111899,74.85037533686722,-12.400450420889172,-89.40541879077983,16.544295196755755,-79.93378935758626,-83.82605083357879,77.68634102881921,18.735014879580362,8.708047546114187,42.53224512934918,20.872294992240953,81.01680755219073,7.107335559438965,-95.38207546355983,-28.31955226123668,-34.227873493864564,-96.47371821319506,-25.260566052755394,58.57299742049423,19.773995445368286,-21.921125386119144,-41.52397745694725,-44.68703751687508,-80.21143558989532,-17.894177210656807,-44.45719349628694,-6.339960208970581,-51.84013801237231,1
40.193826291823996,-45.538534696126206,-94.00528202546441,60.99779993615394,-22.103621019515927,-66.53573919978793,-22.1539056616423,9.291708345624869,-43.87983735241681,-29.670025531618933,47.91623544434853,46.52253984807976,12.428950765517001,-4.965826795474342,79.34930998154891,-75.62215758392821,-50.650515866523826,28.710424597483495,-40.73038462388385,-78.27851953070149,-27.362160781830156,-61.591601288199186,1.556837390224203,-62.879187208913365,90.97794200185157,43.544450948698284,91.98562411670031,-63.30714920623031,-29.290355487308986,88.70070712664781,-87.92683129698852,-93.72007403745177,32.2308539438186,-9.343070732468362,-3.682188978424449,57.391936592839386,-98.0538079688954,52.194712906330636,54.96194416845074,-50.55885925787011,21.900319278116214,-78.98288096551143,-46.487275383698524,-58.0145145441014,80.03095028953109,76.27819972737939,34.848056132867555,-38.33977922635832,-80.75117516848569,64.11194619764049,-1
-13.22967015240539,92.21406349389102,45.43381395326159,22.587916498905102,-29.045741632803157,90.18571890050967,-68.70465679927989,-18.450378999453548,65.26816219003734,-91.3799782103352,-67.71046279341579,-96.66568988007339,64.90341395998584,-82.91830343834694,-2.135450504975722,-7.062106310966996,-6.4483538084841,75.2584697047875,52.348541293903196,42.04866838545183,40.95916722643733,-41.684646084846946,74.32336926577003,34.1326632004199,32.38354603158527,-70.07265569821466,35.88171151902597,-67.76726242076778,89.01583956156637,15.88112621733093,-99.32423063831754,-26.87156745915773,49.3949209373541,48.993039692178655,-48.66029070708695,-31.717549474510335,53.52120389164634,12.733609018659735,57.27278732048265,71.8076739092599,-87.40441840267339,99.41497538262874,17.152071674178245,-40.87712795783081,31.235126193283378,63.811491133869964,56.026769839018414,65.71462908785978,-11.963103876612863,25.079648598290476,-1
16.673753019431928,-22.140877191604687,31.5690609206072,-23.233409613391203,13.87547223645656,95.7050936778281,19.86042322788755,16.65047846251136,-72.95653725742906,49.721741716366466,-36.619172455875045,54.367207046021974,-46.39056252427245,28.42204700510422,-26.340906468858094,-6.307752582582694,60.70835536528554,-97.67102009938075,-2.5967918967521086,9.995797276772848,82.29080069096787,-29.218834748628254,-32.72625762325805,-60.75686976594095,55.55831608393808,-60.107462633389595,50.57388890071414,-93.00362529676929,-91.9766843422969,-79.24361436466563,-41.23959423689851,-46.93872597591622,39.4716133667541,32.36431959782141,-86.51522675926367,-28.205914062598268,-72.92359133810879,-61.73104745962548,22.18552455760576,80.59534472349134,-87.31008782467929,1.4948709326815077,15.017141178474574,26.085292942731428,-32.53424463328159,57.47648508316112,-59.175543088380465,-57.959757109495946,5.920970813192227,77.15647158392568,1
55.282592148399374,-20.563294076309035,3.9547897112035315,-59.19287307422023,-71.48117118361824,30.930137373190917,-34.94187632765045,-14.308419230240915,-90.88296841026624,-51.83923678536535,16.6211514559796,-61.53684544312989,38.680170685808804,-23.286521798541585,7.315638005724054,-11.693197924220613,43.13253041446228,-1.230597051687738,45.39597426916308,43.78138892095805,9.072570426728333,-27.84231978425467,22.415863640771832,-0.15769929334665278,74.25458152347892,95.69133443685678,77.79832771126647,86.20571925551252,26.150999608153526,58.14962371549524,61.71723388581958,17.594849674069707,-65.48284119014558,66.01307443915587,56.734718603920754,25.133865984981284,-8.450126523560144,8.439128977214722,22.061556308019178,-80.3377079525525,72.40129445371764,83.60951397628969,67.6184453413903,71.5534185732817,-67.3271956198179,-40.85521900966506,67.45715556995222,-38.34840209903489,-79.24996461589322,18.987987798798827,-1
-35.4087054117508,85.11370258135526,60.345616613958356,-62.96088642650641,23.413303223560263,-67.66571275260762,-86.2572644552078,-30.49624093724907,26.01862537233268,91.0896382876135,-22.158276275312232,96.27666684825601,-26.531896944544002,-14.736341201859744,-40.48585671183691,70.91373280652817,-32.450400653030556,53.57218462517105,46.35521900753449,25.042306771503007,-52.86257713385811,-25.519866792928767,-71.54275627781283,-89.65090406617978,91.73813078235108,-35.26744379283994,85.45312652628184,-45.70786739580181,-62.95533383381242,65.61099459385457,86.2449518357796,64.21571548937001,-70.13030993610532,90.06709333367812,59.1665317900883,41.39939272608365,45.470703415191906,-48.73165433054842,-67.88262585537484,-96.37811254240889,-56.91785894757195,29.519023522603078,-75.05524598954841,-37.19992487757467,-92.93954909718607,-41.8675757303473,-69.35353595307777,-70.85867765049821,6.394203412878426,-48.17597914571543,1
88.04604828499151,12.968226652523285,-44.63444055298969,68.3997105780123,6.793494509552758,-92.79623634171472,64.36618931707184,-19.35844877334955,14.321529896588771,83.52945558088669,70.6634373333172,-96.00541348439438,89.00341884969879,81.91733901075546,-60.57879223526956,-72.72577899410832,-89.66286401777364,14.858707941714712,70.8691965565431,-33.58522183523591,-79.9265009809892,62.81338119025338,50.22967356451653,58.44340663107036,-70.94165760684368,-6.386907914753763,74.52733753823958,4.857196674950231,75.285854968487,17.586746606852913,-20.32446486811388,-95.2008108399854,-30.134592804817757,65.40197632938472,61.071534032355146,-18.65152256173772,-68.85061362931116,-36.9868249478172,-35.4280111661095,90.95073578919138,-15.378903744734032,76.43995572349397,-87.46087222272318,2.903999657668649,97.53983855221654,-70.81420408153338,65.35954795270919,-64.0842478778934,18.18979203032025,-2.529125824272853,1
55.975109171524764,-3.771979629036508,-73.9827519738736,9.905907179003393,-23.919890205918065,54.584296375223005,-21.453851345716757,-46.900718514185535,23.421188885731254,96.54790818207718,-43.44690858798028,-41.55020865212242,-85.49553660910371,-41.0597260228944,89.46137984739241,-44.548316730162774,-86.82156699360546,14.680325179540759,14.112280924921293,61.80691004806832,-53.16111487663741,-25.857868592443197,88.22806702916805,-82.0243439798724,35.90160454731108,-72.60697523814103,-62.8196576887466,-74.17271918673313,13.00355378122211,28.799590726094692,8.589987589622552,-0.7934220117170412,52.92992231807145,-84.04059068810852,58.10167623463124,74.94530104424163,-10.173886821301807,48.66309873105425,-65.95707302359904,20.111531212125854,90.61355725409166,25.343016020769767,-82.63908525707295,72.16832061949515,-41.82800521141383,84.32284465608893,-83.76365892166142,-59.066210481210504,90.5493201985077,-72.08907908728712,-1
-31.786729789948296,63.41441418985599,92.59840077179894,-30.78005469244289,-38.937864660653744,-46.4814646544057,-77.91362731777946,50.15392984221114,-19.459255801087963,-45.88814870240172,-22.40544912042273,-52.923347620328485,18.699283164370286,31.087195688132255,-53.27504727028669,87.5100674814677,-98.64236519528204,-98.15168231889713,-14.13544685916095,1.662338855338902,35.863333062710694,-4.814660527007348,44.76055532610465,-67.15178655536911,-44.415597846128186,45.764436018549105,-81.3572148214603,88.24390574913147,-81.15552425049853,4.94150823645316,-76.4646974709402,64.00556445308501,71.2299145191883,86.09616391597339,95.05990772997598,1.4005980992343865,75.43174165401058,-64.71466067951971,65.79180344213466,68.96321051442868,86.30786603150648,-45.49012098767091,-69.18784125389314,41.06704336226022,86.1484436562856,74.79142454946896,19.508874905444003,95.58000945723774,-30.506071700475673,-31.683389542082935,1
-83.17200700099023,-89.63529263551462,-95.0826167082397,-13.500424333973598,-77.85588133473686,95.20276465584271,0.6264945103080066,35.699993658527575,-60.75085665876687,-85.32718650807946,96.58937591094016,-29.090358234278526,-19.494728901971598,49.07954782830791,-72.89662528784919,50.158046235957556,-18.518945677730244,65.67562912032926,-11.412575653112796,-56.99904634599429,-65.58002947002757,-11.38481341331024,-22.074796528397925,-0.8981645338723467,58.50033637229319,-48.2222516058991,1.8227384977758305,42.38074848826102,77.66516294052443,-97.59816738314717,4.365494872768977,-76.15101773614776,54.02233044605708,-88.8905533024708,44.79357475470337,-77.57727033236077,24.51569804425975,69.39971995145368,-32.603375511749874,-6.677275439574856,-21.729732259884017,-34.17931379044627,18.802540181616806,96.4180635048576,-83.63521543080634,43.04859142422717,-4.584565688157312,-39.79478259166023,-70.18042110612102,99.85530518924742,-1
-81.74266464277329,-24.061518366546622,73.65425610265171,-70.22238993351107,-9.199675760777026,-39.21149754899454,-91.92983462806006,-34.957760744757735,10.946360656470858,9.335452979462346,5.218802650308405,-67.08678831413302,88.13803754464635,-3.386750961339473,19.423324003100674,-1.5567633425066276,-24.008009548049486,97.28280369657779,1.681195328925412,-93.91529206918288,-69.2051740512342,-53.99990949032003,-20.2717329607232,-97.79438314621993,95.8476336639969,78.02109468854081,68.07230107706374,-53.83644296244368,-12.440093745045289,-86.13674772573663,-37.99962944353894,-50.746855203842856,80.05540542553834,-92.41005395202583,-5.682586708169481,-7.41253328456331,23.606496836227436,-50.04619742813694,-31.571736540592184,56.95464062847685,-16.592955097365845,-77.57796916231607,-30.631339086905257,59.33167476996749,5.30530663503508,-85.21565667084727,29.061185803521028,49.045576166214545,-49.934311239593555,-52.70808478752886,1
-44.270707152677716,-0.31156021418854607,73.45884019196046,41.748939548595274,65.64985048744367,-8.460078968141204,-9.13091538646897,99.91154065008772,55.96417680201361,-66.22830732592101,-73.74240559903515,16.151199811131818,89.23737879825225,71.79610942444404,23.562638917857285,18.361581532665184,-49.549433228965924,-57.25266240361786,8.836023188390712,-59.87672577506946,-21.72438132725061,35.87869762248522,70.85353853150613,62.95840032717922,-49.66711299090585,83.4091180308952,52.3939489194307,36.35936225687729,-68.67316376189625,9.255820958056788,-77.26974773766332,-71.34080171381312,77.4814947937927,-34.866653544381194,-70.5397308576214,98.96996141235851,32.02388885262607,38.325898119759785,84.57463489757814,-70.76692923763255,76.79851001448174,39.12554908060494,-45.781011384023394,44.213021460577465,-8.919439290067132,-13.04965475200217,21.554644775480412,-42.75537979485722,-78.77730797927211,-77.39747493060432,1
-81.75877939026194,78.91044537881828,-91.68542818992158,23.91786749196814,51.24272279003537,63.355893301127196,52.460524900191984,56.65959659120955,19.87194500843313,19.485848514683994,94.980854562047,-65.04300242332681,-88.35243383594495,-57.944764419627724,-21.924710790609225,-64.30986518032503,-54.387636619996016,23.042979319382795,16.599695943663136,20.988162639551007,20.205175497737997,-35.03517805028906,88.38099456766582,-80.31249019980184,-69.91028984535674,-14.722021046114975,67.27385860201727,-50.70802607249898,34.391228098982396,84.2059032107604,-56.82672046810229,-52.37558571445009,-50.980616494272766,46.864681643704955,-40.88950027295648,12.149415574752979,19.479778237430594,36.51562741801655,75.2816977158964,15.925705516628824,19.023426164920764,-52.631992626118105,-2.989466380905469,-7.8588946157256885,28.79889457083965,-86.37314724470326,-15.43930551023631,-20.84845925553668,46.17881081733907,-77.50986535329336,-1
40.60379177903556,-51.50589927305407,-0.9706945972051386,-69.51679733391651,46.29929806807246,52.20755805015659,47.58347867080508,-91.98817618986111,-35.29391750290169,32.462747746144004,-84.056985362543,68.06963551770161,86.63858340980366,17.47397371511539,25.251854932485344,24.6628867518115,92.7635322376361,-8.595209561474903,-35.4197862844198,-96.29508465080883,29.818348107709625,51.01879345962931,79.99665537573082,24.725189459452835,21.594233519632496,62.13315469670249,-99.14364843277927,-10.062065326132057,-87.88954875174788,-18.20269925323312,-45.26089680673022,-80.78480487232878,28.178332967441406,-84.77978883332753,39.7805143788286,-65.18717251853832,76.57706132903684,-3.7736378345069994,-89.80558623622201,-73.49024417902513,-64.39681055569474,-29.77243728086873,23.0530735941946,-68.33809372321798,-65.41783940189556,-73.18344560900336,68.14923093736303,8.460014804816879,18.555938795349775,-6.687658971347616,-1
89.9599826583848,-50.06639822816281,21.581018558688925,-86.92676848712296,69.3937708414121,34.80398381175854,69.47758611427474,35.93944336666905,16.96556226115817,-63.63646943253225,-48.378471365317054,25.36658088301344,70.9030871821499,-51.75113279239443,21.337864639577163,38.701967409264086,83.18860079081048,-0.37406516320392313,-42.35760631037879,52.58977570231224,42.606291275020794,35.211201002650625,-32.08537175836608,-10.208912504352497,-59.710703670841234,-67.81259775951631,-33.46909981898976,0.13932555906197308,86.49008421612865,0.7931559650786966,-4.2595598298429,4.409683234251702,-57.02071328515363,86.56240299405135,-65.4490707976066,15.702358481889078,-82.35313494287311,-72.92750764794845,93.89270590916644,41.913543279612185,-58.772216357920605,-91.38315676862715,33.23666657011802,13.276360122041481,-63.439993950873806,-14.17533644362237,12.289803462200922,-35.62406982277588,73.22521181883405,-32.42857417261,1
-76.36703447566875,-53.78504068238572,-67.29522548299545,37.77706041001812,64.48447473365567,-33.68706018656124,-26.33055724112974,0.4854574332752861,-87.59171660868914,-59.18246776884794,-55.1234040400409,-59.14870641272072,20.10695364128297,53.446678831844594,-13.803387430548327,-89.19047453005469,2.9855017721344126,17.02433218542494,-97.62573066612813,-15.424706306644225,57.716353021694204,-25.09276950979178,-14.913761148730885,-1.8780623376521106,-37.41087653032831,51.02861002322828,-83.23831330256715,-2.8783364006306016,87.1310258819089,63.766579842823575,77.77758793129652,-93.34289014730861,-85.35369914455322,0.8190229352054814,44.250819485947915,-41.754134353747155,-88.32075518816922,-98.98657710054755,17.82796317554471,89.29161891810992,13.186749738409446,-37.08755190769351,-66.20915962829267,6.484067106660831,-8.386227526238784,38.67248734022519,69.7172378400011,23.59110420865011,-53.79476483114141,42.53656320881254,1
75.47461438559108,-93.29351305284412,-97.67589201837987,-69.99026706120316,21.417915743750797,-73.1450298195449,58.55162271456257,-1.4360830934350872,31.938054586094864,7.678995857391541,94.36906026509692,74.94872993131321,68.50764587972739,58.56800905470544,61.17823383937085,31.884649369983265,63.37559717875655,-67.12146313431717,62.14413458903496,76.91439741165252,64.6175058013761,59.0574089594445,45.34696727066853,-13.656622994677775,55.36627388965772,52.334981078836705,16.237068546422705,58.11842573008258,45.93736115886105,85.245490041166,27.328207071745595,-72.7544443363102,-62.57831541654939,60.71352028006203,79.7413659149586,-65.87128224957894,9.707798414237772,76.83413170217722,83.01114595523089,-34.65526337108034,-87.05244678470387,-27.945256053397884,-21.145793043143883,19.226277625652372,40.16049626038878,89.15825438834077,49.00730682031843,-52.16271021228393,81.77027557646431,42.809759876496656,-1
-24.707326624390078,-63.88493097453329,29.494942830920593,-30.53133474823146,-96.17678111404719,46.53981011805607,-82.97930277604293,77.21722176270328,4.275404294748242,-91.70053489801873,61.59146562180379,-73.50586873161468,69.06599513774535,-51.730059232500025,-42.95113153864669,-5.3573626231202525,91.18375999240885,-79.24505827305185,-6.113027569191232,-98.60848253934176,24.055763420168574,34.0831029317913,-24.870252901399837,-85.46353688203703,-6.383187962470657,69.40938377411098,-6.60170921963703,88.85323193111017,-1.0176790446679007,2.3039114925747413,-88.61041026031036,97.46310983972572,-3.8437164101773362,-36.11558025715911,47.86723917920017,5.157768707109284,43.45983033750687,-98.15554528255461,69.05035915143628,48.36258185330303,-37.48394822804786,25.346017337757047,-60.26787296573639,59.44131434120649,-30.46941048334064,56.975981899856436,17.180847125508777,-63.34882706218756,-3.259278336965423,77.4592021008416,1
-96.68243421442877,79.35308492528503,96.2372356054847,75.5948640890139,-86.07177036751885,-20.973818477699353,-47.95268040295413,-90.07712533223251,97.46723171590918,75.85591123140134,13.083187950507607,-42.772991508337135,25.168238996475154,61.54047380881141,77.36630789379183,12.271164837867587,60.51214963032558,-72.81345052653587,71.0816324208576,39.61486769572977,-72.01620455460119,-56.99548612876308,43.60124202152957,-71.10486068107893,75.88346205287922,-81.1448044202128,-13.152660677720846,-94.8077963292158,-93.91553712134315,75.13067753491717,-78.2889284454703,37.00598985383769,30.66798488376216,-37.847660925515726,-52.32151156219804,42.24545629410048,84.94791303989271,98.2532997490087,80.3976188586312,34.77970757214405,-85.59466685393274,-19.786137868643493,14.91924994086591,20.924954440450747,-2.1454960047831975,56.1575691959585,-45.671773851165185,56.4196294175203,3.794771188877519,-12.04716099431154,-1
54.46367834712785,-95.74611782992257,26.630275118804462,-83.65493085064435,-86.79803117195169,-47.14474736827214,12.68167289677082,-59.69432439873743,59.73115607132732,3.8625385284606324,-72.86770656792444,87.23260831019931,-11.586757376384995,-2.5834911352844045,40.78733340690309,-72.26949417733925,-80.86197678839977,3.3472089880128806,90.8895389705977,97.04146518221876,-68.1433925301083,-66.63235311583307,90.63550765262784,-68.01183952661427,72.22604860895626,3.6630230405044557,-79.68557127106774,-96.14017355460305,30.83366239838645,-0.8677311929823333,61.74307937708795,52.88657247403842,-81.71669017709647,-72.5874608051641,9.230918241439284,86.87490807650028,-89.96623130026227,-36.48837207606306,51.03371845906554,82.04543985648945,83.69033438542445,-95.32448492091117,35.03248581953338,-84.7931873382731,-21.904311894778658,85.96849872674125,-10.035344856409552,-45.84094073051732,-95.87467359724712,27.47083157367858,1
54.44895385933148,2.7978978319621604,-40.738375908801984,17.32169263509482,51.350301137727,-18.97946109448671,41.3259739757419,-37.2249006555059,-35.13412452969639,0.011651838217346722,10.562975143669817,95.12038383133049,89.85623435119675,12.422176524645906,-26.990486661479693,-26.56607486099547,-12.882168397458187,-21.365913087147163,77.31791923378927,-19.568723631206495,87.26855067964556,26.00142708930464,-46.46664804611147,-44.784972786117926,-7.243880527815435,93.46383444611823,-19.253399179013968,-70.95342618473124,9.114869349089048,-63.23085462214044,86.61881462197084,74.78144775703339,-46.44966689209167,-35.07655153770453,-29.200886091066664,85.43675377586953,66.15854456781483,-70.00578810730056,-66.65335043893134,-3.6217537459120877,-16.002840308809965,42.42178657071511,-73.42765031449501,-65.15969826470342,-39.21526327734672,-52.909970874611375,34.78397481690729,-46.737536880405074,93.48528641660278,-86.71083222147438,1
29.094459181433564,-12.173018285956317,93.63868558294433,-26.44812982454208,-84.20616756183428,92.55367005064122,23.260097185144815,50.77361654198259,40.42149082275853,-25.03501513000046,-92.31982453473108,-92.19871584743638,73.36429713769783,-52.37503134920025,32.380315294385724,33.05456724738215,25.82351572685336,-82.0348494855832,-0.7561041020151151,-37.64447063899561,66.28332438606225,-55.0499923645285,-7.501145197512372,42.81086613109147,-33.25703030484142,84.63520569126598,95.02038022004007,-67.27163173441525,1.955368940702499,73.77415910787727,-12.26826311857927,-32.06963099660891,-9.537165047304484,66.60992621379819,55.225994522879716,-33.280083831544545,-70.45529432057367,83.28258362008555,82.93818494164643,42.24143214680453,67.31260706097436,-47.912953315299504,-38.97757206431815,-54.035915894991085,58.64793996811369,-99.80162710607459,-13.32975861387213,-18.47835935642182,90.32081378370964,94.33009958632107,-1
79.21825998469865,-58.13013533265794,91.13029964595069,-87.97153147984295,1.0413547153276426,78.37442896214694,-50.488045944022716,-55.89914731287058,5.094061471178634,52.9301900769747,84.92835822572732,82.22410027839152,-77.27079226065612,-18.72671894450771,-75.50371662994056,13.172614711923899,25.781028984723008,-64.00007667786264,-6.43016334159141,-85.69939513367294,-50.12484240082158,-41.85122682186522,-59.03969501216662,-45.189158514090444,-9.22934886298954,71.92878211307922,-91.32066116878963,-40.36054036981411,-25.754470448513885,-30.720136047429534,-92.86511672789352,68.51767588673349,35.910372457037,62.95373626940497,5.478702817569442,21.591436762009025,94.52554827928378,24.805687434562756,-93.45313187915627,4.9667027602753535,90.64320610123727,76.82080458964222,-53.133641606798406,-61.1996371169574,-96.96540316563305,88.11185215136896,-28.105684742131686,51.85388393267837,27.71395561349081,62.993467603969236,-1
34.427109481175705,-43.24481884025511,-68.27897894138526,10.760448142475255,-71.60560204780123,64.43597736328465,87.25612429378532,-31.917688777148072,8.05988135229994,67.28843849397396,-63.1910455899573,35.23914927130784,48.670579114002464,-49.76159907910655,3.664784607964691,43.2650686952056,42.40159223963252,7.4338643208057675,86.52914346823354,88.9894841643009,-54.17667721772019,-13.57656487682111,88.60976212752402,90.05681003409711,-97.2680233129416,47.19689775141592,-64.09434150126665,-27.70433318114489,76.11648862419332,35.61450246438335,-50.50645409973251,-20.941500409865668,-39.561794614389626,13.045276234166138,66.30906626855929,-87.71868337177567,42.77829386562263,67.83456210205944,-40.69565592177078,-10.251849830498756,-8.239536928341579,-72.27970038035964,12.504568720916026,-2.1109637537504398,44.64002854531074,-58.16746331354699,1.4727086449127142,-53.70936573607192,15.640921135319232,98.03456108368636,-1
9.8453329412241,60.570689719602285,-50.57935319797071,-58.86254756088898,81.52220051131098,85.2388136863564,9.683832598712527,-29.836178132996878,16.129045181926813,-43.16314085765425,-43.489946496272225,68.58909649123945,23.620593112339378,-3.554953932534687,-50.80005193864097,-29.115201602522774,-73.8137495746445,-83.22525228959759,-58.06781557765992,27.27454114191812,10.56835919695365,-1.1914266128533484,20.581762284937113,84.42626510588207,-13.659404268716187,-70.63036618531477,36.30700004169415,-64.89770950690077,-70.33216385605738,-32.95043285993377,56.54714207203838,-86.29480248060237,76.77145271999186,-58.71146157418621,-22.974985816155552,63.469264676557884,-52.56646374028071,90.78119988545708,-4.6823642160730685,-0.3184914573590305,21.61245706102224,85.01732649722811,-72.9859287388132,-99.46580132646734,-5.907003476479517,-68.11171767595752,24.177940919870295,-24.305647037269324,9.259613975776148,-29.27639415950094,-1
50.17421355829947,-97.39961529785279,23.428997320806005,-28.92308626285211,29.164477257296852,-14.954362912461221,-50.19825277818202,8.059306358061448,-66.02258535618854,-82.04809988796858,-21.1041218322285,90.45280290667446,-11.879377188165051,-35.988087163283495,37.20484478717822,-48.460870362164066,71.67467595221248,-84.9812708389372,-2.3330173991330696,66.1844981643701,0.5279609951070512,-74.4292364182609,-35.43710045723134,38.36371722501016,7.10517653911991,77.45820035546589,-90.8295963250597,92.62293187697597,54.67844492575446,-98.4539465319302,5.896576475878803,-91.78672525067768,-90.89915244194077,87.07645214655724,-67.78516438610626,3.3320991603880543,65.39537544418945,-77.24765565782468,-29.936494825534282,83.48138521854969,67.77031685287545,-55.59281872590793,69.59251825783997,-79.6468406897269,95.25396100659046,-98.20114143651378,-1.7454163791056345,15.641333059603667,-70.69268984218533,-76.1853148034518,1
80.23160209819778,-0.9017367587603076,-26.70769302572043,-83.87969724857507,96.19747563253702,93.40705505122924,18.568036101622027,86.0796840338651,48.454278450457366,-69.37109998320877,97.47369446244,-97.19709649478861,-1.733913617573819,-39.35836124806502,35.73201876537942,56.40036511878827,53.152664209508,39.30143669537782,24.750676873846558,11.646350055932203,69.75054011304701,-57.23222210094714,-19.453526026606767,17.85435224741734,-57.69427482731726,81.62641131212615,98.3015376557004,-24.18265539022957,-18.954843414133208,-9.454914674012002,63.01479813652199,-33.72138246069676,29.5156981613718,-98.49178145680027,-39.69119734222693,-4.129542156833338,-7.588039621073946,30.42217144374564,-44.08579892588611,79.1123460653755,-36.39871612111993,-84.29775635785121,87.35441393741712,84.12277959006963,29.96446732999354,59.2799977541292,-44.23267735786076,-28.75941389805803,87.75765284261519,65.30013339614561,-1
-71.02102558175538,17.368223604175824,39.49429233385672,-47.37748601783143,42.402804066156165,-26.03734880256468,41.092166056697266,65.51061045480938,42.42740917612099,-4.904856953453262,81.76529954337246,-58.82360236433577,-89.93541341306721,-35.87601868995465,92.47306329090569,-85.35087917852198,-79.37064782432779,-54.44433167643972,-73.04284301651238,-50.140929999077734,-43.95671860188579,68.88526662401736,-26.433555135808717,-85.2073625458088,-72.39447821242064,-42.980100123401186,-99.62545121616628,-99.7163559732169,-18.10074433088964,-25.777667244682377,90.87572004417862,54.83809834286495,13.145582268858476,-20.895572749716166,99.43256285589138,13.578109661081044,-13.487100146313708,91.30174924694902,-77.9511026638867,38.23542891548459,-53.33954248834172,-25.12344305707626,37.25735252340854,29.385339593137104,92.11845757123584,3.3521268593599274,6.401455093361278,-8.25333457265161,-66.7481143397207,-65.38761015985901,-1
