dim reducer,kernel,C,gamma,degree,num iterations,scale time,dim reduce time,fit time
pca_50,linear,0.001,,,1000,1.020193200558424,0.7342784996144474,19.66125820018351
pca_50,linear,0.01,,,1000,1.0068751997314394,0.7437583999708295,13.001169200055301
pca_50,linear,0.1,,,1000,1.0475975000299513,0.7429204001091421,10.837838500272483
pca_50,linear,1,,,1000,0.9876603996381164,0.7133901999332011,12.577810700051486
pca_50,linear,10,,,1000,0.9709167005494237,0.748034399934113,11.869868000037968
pca_50,linear,100,,,1000,1.0094523001462221,0.7480167001485825,13.471168600022793
pca_50,linear,1000,,,1000,1.1129880002699792,0.8251569997519255,17.20539789972827
pca_100,linear,0.001,,,1000,1.4602554999291897,1.0227904003113508,54.30225059995428
pca_100,linear,0.01,,,1000,1.0059695998206735,0.8669284996576607,28.734280500095338
pca_100,linear,0.1,,,1000,0.9517694003880024,0.8233357002027333,28.794501999858767
pca_100,linear,1,,,1000,0.9024927001446486,0.844593099784106,30.30912660015747
pca_100,linear,10,,,1000,0.9114247001707554,0.8105611000210047,30.72451899992302
pca_100,linear,100,,,1000,0.9339919998310506,0.8605355001054704,30.703020400367677
pca_100,linear,1000,,,1000,0.9181388998404145,0.8262169999070466,30.547749999910593
pca_200,linear,0.001,,,1000,0.9217051998712122,0.9572075000032783,72.37031779997051
pca_200,linear,0.01,,,1000,0.9226171001791954,0.9224020000547171,51.5186181999743
pca_200,linear,0.1,,,1000,0.9522158997133374,1.0044359997846186,58.48713310016319
pca_200,linear,1,,,1000,0.9408875000663102,1.0048610004596412,56.48691579978913
pca_200,linear,10,,,1000,0.9172962000593543,0.9441629997454584,51.65185909997672
pca_200,linear,100,,,1000,0.9484369000419974,0.9362969002686441,56.43851629970595
pca_200,linear,1000,,,1000,0.9380570999346673,0.9064768999814987,52.09611239982769
lda,linear,0.001,,,1000,1.0650612995959818,5.843627899885178,15.045477599836886
lda,linear,0.01,,,1000,1.041313599795103,6.72182060033083,9.093998699914664
lda,linear,0.1,,,1000,0.9911438995040953,6.483454000204802,8.686724700033665
lda,linear,1,,,1000,0.9606474000029266,6.759457700420171,6.431877300143242
lda,linear,10,,,1000,1.0133438999764621,6.818674799986184,5.072831800207496
lda,linear,100,,,1000,0.9727216004393995,6.424540099687874,4.671086799819022
lda,linear,1000,,,1000,1.012510800268501,7.041238100267947,4.418049999978393
pca_50,rbf,0.001,0.001,,1000,0.4799404558725655,0.5225965690333396,50.14796893019229
pca_50,rbf,0.001,0.01,,1000,0.491754851071164,0.5231047510169446,50.17916286201216
pca_50,rbf,0.001,0.1,,1000,0.4790464108809829,0.5474178770091385,50.414538027951494
pca_50,rbf,0.001,1,,1000,0.4740235179197043,0.54985779710114,62.106439280090854
pca_50,rbf,0.001,10,,1000,0.47198284324258566,0.5496423209551722,51.08767014998011
pca_50,rbf,0.001,100,,1000,0.4738617578987032,0.5491163241676986,50.29648421891034
pca_50,rbf,0.001,1000,,1000,0.5156681127846241,0.5487479667644948,50.27893460216001
pca_50,rbf,0.01,0.001,,1000,0.47263264399953187,0.5481010316871107,50.13866565003991
pca_50,rbf,0.01,0.01,,1000,0.5107531810645014,0.5506561328656971,50.181143356021494
pca_50,rbf,0.01,0.1,,1000,0.5003339038230479,0.5482632322236896,50.338883448857814
pca_50,rbf,0.01,1,,1000,0.507908039027825,0.5492085728328675,62.14829536387697
pca_50,rbf,0.01,10,,1000,0.4728129899594933,0.5486769361887127,51.12444111192599
pca_50,rbf,0.01,100,,1000,0.47326076589524746,0.5476517709903419,50.369740947149694
pca_50,rbf,0.01,1000,,1000,0.47224556817673147,0.5503826779313385,50.35551875596866
pca_50,rbf,0.1,0.001,,1000,0.4733882681466639,0.5503115588799119,38.27027772786096
pca_50,rbf,0.1,0.01,,1000,0.48668497800827026,0.5483403149992228,47.130805920111015
pca_50,rbf,0.1,0.1,,1000,0.475484331138432,0.548838613089174,50.3979479521513
pca_50,rbf,0.1,1,,1000,0.5047211640048772,0.5919839499983937,62.30779244587757
pca_50,rbf,0.1,10,,1000,0.47543619479984045,0.5482164351269603,51.14369818195701
pca_50,rbf,0.1,100,,1000,0.4853957290761173,0.548336953856051,50.36430863197893
pca_50,rbf,0.1,1000,,1000,0.4781793288420886,0.5506975748576224,50.37304325797595
pca_50,rbf,1,0.001,,1000,0.4755409969948232,0.5472328481264412,19.22181760589592
pca_50,rbf,1,0.01,,1000,0.4742201690096408,0.5478578899055719,38.592804486863315
pca_50,rbf,1,0.1,,1000,0.47594106406904757,0.5495578958652914,49.762001659022644
pca_50,rbf,1,1,,1000,0.4851511709857732,0.5489398268982768,62.28849950712174
pca_50,rbf,1,10,,1000,0.47596528311260045,0.5511761019006371,51.222017312888056
pca_50,rbf,1,100,,1000,0.47500943415798247,0.5481529978569597,50.324052174109966
pca_50,rbf,1,1000,,1000,0.4743146998807788,0.5226250581908971,50.30279578687623
pca_50,rbf,10,0.001,,1000,0.47428584285080433,0.5203188159503043,12.089346210006624
pca_50,rbf,10,0.01,,1000,0.4745749901048839,0.5237050151918083,37.05522248195484
pca_50,rbf,10,0.1,,1000,0.4794786439742893,0.5236216681078076,49.40864201495424
pca_50,rbf,10,1,,1000,0.47575500002130866,0.5244322149083018,61.809667628025636
pca_50,rbf,10,10,,1000,0.47485145507380366,0.5583175627980381,50.58547432906926
pca_50,rbf,10,100,,1000,0.4843957768753171,0.5489024280104786,49.839894474018365
pca_50,rbf,10,1000,,1000,0.4749183668754995,0.5494302348233759,49.81306373211555
pca_50,rbf,100,0.001,,1000,0.4763053229544312,0.5482176207005978,10.302130345953628
pca_50,rbf,100,0.01,,1000,0.47404535207897425,0.5635876469314098,38.11406854214147
pca_50,rbf,100,0.1,,1000,0.47522512497380376,0.5653203481342643,48.593887260882184
pca_50,rbf,100,1,,1000,0.4886168739758432,0.550128246191889,60.83220248087309
pca_50,rbf,100,10,,1000,0.4746411230880767,0.550172908930108,49.72132145683281
pca_50,rbf,100,100,,1000,0.47463583992794156,0.5485013900324702,48.913229392142966
pca_50,rbf,100,1000,,1000,0.474721159087494,0.5493933130055666,49.6863903850317
pca_50,rbf,1000,0.001,,1000,0.47602341906167567,0.5503052661661059,9.974080840824172
pca_50,rbf,1000,0.01,,1000,0.47603830974549055,0.5667793380562216,35.434888936113566
pca_50,rbf,1000,0.1,,1000,0.4746644829865545,0.5644613648764789,54.14806171017699
pca_50,rbf,1000,1,,1000,0.5094956422690302,0.5510820019990206,68.0031906159129
pca_50,rbf,1000,10,,1000,0.47445824183523655,0.5493059379514307,56.64498246787116
pca_50,rbf,1000,100,,1000,0.4766818410716951,0.550018654903397,55.79618521290831
pca_50,rbf,1000,1000,,1000,0.477495881030336,0.5489848731085658,55.861906765028834
pca_100,rbf,0.001,0.001,,1000,0.509663422126323,0.7131902908440679,105.43839165009558
pca_100,rbf,0.001,0.01,,1000,0.48540678806602955,0.7124405100475997,103.16513930214569
pca_100,rbf,0.001,0.1,,1000,0.5161214212421328,0.7134443330578506,106.31481033284217
pca_100,rbf,0.001,1,,1000,0.5133512290194631,0.713845627149567,119.44618393993005
pca_100,rbf,0.001,10,,1000,0.47547121392562985,0.7125082919374108,104.7822473871056
pca_100,rbf,0.001,100,,1000,0.47620339202694595,0.7095747999846935,107.03522674692795
pca_100,rbf,0.001,1000,,1000,0.47572527593001723,0.7156934409867972,104.6538877680432
pca_100,rbf,0.01,0.001,,1000,0.47492590290494263,0.7116004249546677,103.87007154989988
pca_100,rbf,0.01,0.01,,1000,0.5112916871439666,0.7154392481315881,104.58270632685162
pca_100,rbf,0.01,0.1,,1000,0.5156932582613081,0.7195091319736093,103.71436988306232
pca_100,rbf,0.01,1,,1000,0.514933061785996,0.7158506317064166,120.5385130380746
pca_100,rbf,0.01,10,,1000,0.4756178550887853,0.7123966291546822,104.93255446106195
pca_100,rbf,0.01,100,,1000,0.4756427800748497,0.7138176986481994,108.0722316710744
pca_100,rbf,0.01,1000,,1000,0.4757706639356911,0.7137894711922854,104.52744847210124
pca_100,rbf,0.1,0.001,,1000,0.4764026098418981,0.7104065949097276,82.16108590899967
pca_100,rbf,0.1,0.01,,1000,0.5144436461851001,0.7155192869249731,97.83251227997243
pca_100,rbf,0.1,0.1,,1000,0.5064271229784936,0.7138415961526334,103.81817025505006
pca_100,rbf,0.1,1,,1000,0.5141435638070107,0.7120634722523391,116.06193273095414
pca_100,rbf,0.1,10,,1000,0.47534236614592373,0.7178046018816531,105.08759558200836
pca_100,rbf,0.1,100,,1000,0.4751250557601452,0.71064079599455,105.59250184008852
pca_100,rbf,0.1,1000,,1000,0.4768866191152483,0.7126104272902012,104.24960652203299
pca_100,rbf,1,0.001,,1000,0.47515858989208937,0.7165635440032929,42.20941692800261
pca_100,rbf,1,0.01,,1000,0.4769395289476961,0.7117914301343262,88.54277686891146
pca_100,rbf,1,0.1,,1000,0.4781615477986634,0.7140947550069541,110.7630611481145
pca_100,rbf,1,1,,1000,0.4764440271537751,0.7175949609372765,116.03623733413406
pca_100,rbf,1,10,,1000,0.47692080307751894,0.7150847860611975,105.04090332100168
pca_100,rbf,1,100,,1000,0.47637166804634035,0.713178067933768,105.11295621911995
pca_100,rbf,1,1000,,1000,0.4765811008401215,0.7116373612079769,109.51045069494285
pca_100,rbf,10,0.001,,1000,0.4746214000042528,0.7151984840165824,27.343822486931458
pca_100,rbf,10,0.01,,1000,0.4743123999796808,0.7132390839979053,89.42679549497552
pca_100,rbf,10,0.1,,1000,0.48750914190895855,0.7152752799447626,102.76592831197195
pca_100,rbf,10,1,,1000,0.4834836171939969,0.7094281001482159,118.98028903501108
pca_100,rbf,10,10,,1000,0.47509069298394024,0.7148571538273245,107.19365621800534
pca_100,rbf,10,100,,1000,0.47545989393256605,0.7130862968042493,110.47053580195643
pca_100,rbf,10,1000,,1000,0.47667527198791504,0.7119588318746537,103.90213494980708
pca_100,rbf,100,0.001,,1000,0.4747643619775772,0.7101856200024486,24.17857073689811
pca_100,rbf,100,0.01,,1000,0.4750493220053613,0.726021088892594,88.60186434397474
pca_100,rbf,100,0.1,,1000,0.4983872249722481,0.7148408300708979,102.8298553249333
pca_100,rbf,100,1,,1000,0.485395205905661,0.7111260141246021,115.68216543202288
pca_100,rbf,100,10,,1000,0.47657092683948576,0.728088054805994,104.42099967296235
pca_100,rbf,100,100,,1000,0.47597716795280576,0.7189859861973673,103.83192288200371
pca_100,rbf,100,1000,,1000,0.47585011599585414,0.7137071748729795,104.05331625207327
pca_100,rbf,1000,0.001,,1000,0.474722727201879,0.7089051562361419,23.26742771686986
pca_100,rbf,1000,0.01,,1000,0.473363725701347,0.7129824778530747,87.37788424803875
pca_100,rbf,1000,0.1,,1000,0.48826657701283693,0.6941381089854985,109.40815385594033
pca_100,rbf,1000,1,,1000,0.5096217221580446,0.7175089800730348,115.11576429312117
pca_100,rbf,1000,10,,1000,0.4752217580098659,0.7163961322512478,104.57473391317762
pca_100,rbf,1000,100,,1000,0.4756309858057648,0.7146623118314892,104.12815528083593
pca_100,rbf,1000,1000,,1000,0.47491758689284325,0.7148992461152375,104.67013577185571
pca_200,rbf,0.001,0.001,,1000,0.5253422439564019,0.8442547728773206,144.7462860820815
pca_200,rbf,0.001,0.01,,1000,0.4977789910044521,0.846000038087368,144.69486330612563
pca_200,rbf,0.001,0.1,,1000,0.5126188972499222,0.8497445057146251,145.99160033487715
pca_200,rbf,0.001,1,,1000,0.4762743718456477,0.8472426601219922,161.326331730932
pca_200,rbf,0.001,10,,1000,0.5129351569339633,0.8472126987762749,147.4043820030056
pca_200,rbf,0.001,100,,1000,0.5110441190190613,0.8453210140578449,146.8977834430989
pca_200,rbf,0.001,1000,,1000,0.5040865920018405,0.8494827561080456,146.93435435299762
pca_200,rbf,0.01,0.001,,1000,0.5161715638823807,0.853305253200233,144.6523431967944
pca_200,rbf,0.01,0.01,,1000,0.48322040191851556,0.845659013139084,144.76739393686876
pca_200,rbf,0.01,0.1,,1000,0.5020483911503106,0.8469075942412019,145.98778362199664
pca_200,rbf,0.01,1,,1000,0.5107505128253251,0.8496177738998085,161.27488448494114
pca_200,rbf,0.01,10,,1000,0.5160389840602875,0.8341262070462108,147.25330730900168
pca_200,rbf,0.01,100,,1000,0.5140459188260138,0.8460070767905563,146.8063139009755
pca_200,rbf,0.01,1000,,1000,0.4921490200795233,0.8372517500538379,146.84552425984293
pca_200,rbf,0.1,0.001,,1000,0.5057824288960546,0.8482076348736882,118.0451738811098
pca_200,rbf,0.1,0.01,,1000,0.5021361038088799,0.8515846249647439,139.11705210385844
pca_200,rbf,0.1,0.1,,1000,0.5006790040060878,0.8486372127663344,145.81781057990156
pca_200,rbf,0.1,1,,1000,0.5084834818262607,0.8563865718897432,161.3524198869709
pca_200,rbf,0.1,10,,1000,0.5036074558738619,0.8397290362045169,147.3156493618153
pca_200,rbf,0.1,100,,1000,0.5031118949409574,0.8436383008956909,147.01443252898753
pca_200,rbf,0.1,1000,,1000,0.47901710704900324,0.8392158809583634,146.9191390920896
pca_200,rbf,1,0.001,,1000,0.5138327311724424,0.8347972298506647,63.83131007896736
pca_200,rbf,1,0.01,,1000,0.5093662459403276,0.8432711698114872,131.74211249290965
pca_200,rbf,1,0.1,,1000,0.48022381984628737,0.8366402271203697,145.49120113113895
pca_200,rbf,1,1,,1000,0.48496667109429836,0.836903701769188,161.20753299701028
pca_200,rbf,1,10,,1000,0.514485586900264,0.8387691888492554,147.36128036607988
pca_200,rbf,1,100,,1000,0.5030843249987811,0.8525227608624846,146.94190733600408
pca_200,rbf,1,1000,,1000,0.5139950660523027,0.8481709198094904,146.88336651888676
pca_200,rbf,10,0.001,,1000,0.4791406630538404,0.8446764547843486,44.92150282696821
pca_200,rbf,10,0.01,,1000,0.5083189997822046,0.842231618007645,131.16563874692656
pca_200,rbf,10,0.1,,1000,0.5112771210260689,0.8459200910292566,145.09319108794443
pca_200,rbf,10,1,,1000,0.509825604967773,0.841841904912144,161.5105910860002
pca_200,rbf,10,10,,1000,0.5011331660207361,0.8442873540334404,146.89770143502392
pca_200,rbf,10,100,,1000,0.5133262809831649,0.845177432987839,146.5219501319807
pca_200,rbf,10,1000,,1000,0.5018674817401916,0.8567267640028149,146.54627141496167
pca_200,rbf,100,0.001,,1000,0.5138634420000017,0.8445957337971777,41.2173906120006
pca_200,rbf,100,0.01,,1000,0.4982459901366383,0.8424454189371318,131.1796213290654
pca_200,rbf,100,0.1,,1000,0.5122462988365442,0.8410746171139181,145.17170017119497
pca_200,rbf,100,1,,1000,0.5126105048693717,0.8178158858790994,160.89870405988768
pca_200,rbf,100,10,,1000,0.5133368552196771,0.8106811791658401,146.93522641807795
pca_200,rbf,100,100,,1000,0.5011062242556363,0.820416561793536,146.48652392905205
pca_200,rbf,100,1000,,1000,0.47569454018957913,0.8141193359624594,146.53359569399618
pca_200,rbf,1000,0.001,,1000,0.513873873045668,0.819831765955314,40.91996625903994
pca_200,rbf,1000,0.01,,1000,0.5008646780624986,0.8135139509104192,131.30019425204955
pca_200,rbf,1000,0.1,,1000,0.4996336498297751,0.845178296091035,145.26311217597686
pca_200,rbf,1000,1,,1000,0.4813469392247498,0.8450829719658941,160.7608783650212
pca_200,rbf,1000,10,,1000,0.5141236819326878,0.8404261081013829,146.80023040017113
pca_200,rbf,1000,100,,1000,0.5137896810192615,0.8450630949810147,146.36769782798365
pca_200,rbf,1000,1000,,1000,0.47373424703255296,0.8426540200598538,146.3471990050748
lda,rbf,0.001,0.001,,1000,0.5131606298964471,4.439113649073988,30.492465034825727
lda,rbf,0.001,0.01,,1000,0.4887401331216097,5.857868219958618,31.45286504784599
lda,rbf,0.001,0.1,,1000,0.47147095086984336,4.360395770054311,30.428326376946643
lda,rbf,0.001,1,,1000,0.47223214991390705,4.406853627180681,30.457788821076974
lda,rbf,0.001,10,,1000,0.47083410411141813,4.397452897159383,37.9039054941386
lda,rbf,0.001,100,,1000,0.47162939398549497,4.400570732774213,35.406175228068605
lda,rbf,0.001,1000,,1000,0.4713036429602653,4.3984350031241775,30.805008572991937
lda,rbf,0.01,0.001,,1000,0.47035650187171996,4.355123177869245,30.325056590139866
lda,rbf,0.01,0.01,,1000,0.47126340703107417,4.378074710257351,29.707843272015452
lda,rbf,0.01,0.1,,1000,0.4721097848378122,4.387511752778664,29.503732424927875
lda,rbf,0.01,1,,1000,0.47293483605608344,4.381472841836512,30.458706294884905
lda,rbf,0.01,10,,1000,0.47189996019005775,4.381553922081366,37.84332305099815
lda,rbf,0.01,100,,1000,0.47076866310089827,4.391758321784437,35.47913500596769
lda,rbf,0.01,1000,,1000,0.47133899689652026,4.356711266096681,30.88757739518769
lda,rbf,0.1,0.001,,1000,0.47300712391734123,4.387646823888645,29.039484377019107
lda,rbf,0.1,0.01,,1000,0.4712448129430413,4.4323994517326355,17.668635454960167
lda,rbf,0.1,0.1,,1000,0.4715241140220314,4.369092391105369,17.852780208922923
lda,rbf,0.1,1,,1000,0.47151145176030695,4.368246893864125,30.49889699416235
lda,rbf,0.1,10,,1000,0.47082163393497467,4.416097369976342,37.8754862959031
lda,rbf,0.1,100,,1000,0.47212276118807495,4.412257867865264,35.46811566199176
lda,rbf,0.1,1000,,1000,0.5041473887395114,4.40720650088042,30.847839086083695
lda,rbf,1,0.001,,1000,0.4715252898167819,4.422097512055188,17.297350326087326
lda,rbf,1,0.01,,1000,0.4708308388944715,4.37158756214194,12.027044962858781
lda,rbf,1,0.1,,1000,0.4690475999377668,4.452490003081039,12.041674794862047
lda,rbf,1,1,,1000,0.4694658771622926,4.461843593744561,28.764991442207247
lda,rbf,1,10,,1000,0.4721390388440341,4.415539369918406,37.77697860496119
lda,rbf,1,100,,1000,0.47472815006040037,4.395337776048109,35.50834588496946
lda,rbf,1,1000,,1000,0.4992092470638454,4.412804972846061,30.85447194194421
lda,rbf,10,0.001,,1000,0.47219742415472865,4.414854945149273,12.67036351794377
lda,rbf,10,0.01,,1000,0.46932302694767714,4.409422723110765,10.124994562007487
lda,rbf,10,0.1,,1000,0.46953498804941773,4.486961278831586,9.6548012169078
lda,rbf,10,1,,1000,0.4681626239325851,4.452054903842509,28.549629534129053
lda,rbf,10,10,,1000,0.47194231627509,4.4060012369882315,37.27269326010719
lda,rbf,10,100,,1000,0.4721872790250927,4.431208443827927,35.19069774611853
lda,rbf,10,1000,,1000,0.47290102392435074,4.380578208947554,30.594611139968038
lda,rbf,100,0.001,,1000,0.47524098795838654,4.395666344789788,11.497002403018996
lda,rbf,100,0.01,,1000,0.47148595890030265,4.394632894778624,9.24483466311358
lda,rbf,100,0.1,,1000,0.46903956518508494,4.426267259055749,8.676164384931326
lda,rbf,100,1,,1000,0.46908777114003897,4.383623106172308,28.506473070010543
lda,rbf,100,10,,1000,0.4721867118496448,4.476969789015129,37.32193640409969
lda,rbf,100,100,,1000,0.47244328586384654,4.419616882223636,35.20502357184887
lda,rbf,100,1000,,1000,0.4724529280792922,4.4339413528796285,30.695002923021093
lda,rbf,1000,0.001,,1000,0.472091302042827,4.38366653281264,9.8209063638933
lda,rbf,1000,0.01,,1000,0.47119609196670353,4.385414561955258,9.583757294807583
lda,rbf,1000,0.1,,1000,0.4703613999299705,4.395207425812259,8.433643300784752
lda,rbf,1000,1,,1000,0.47084712400101125,4.404250503983349,28.522112738108262
lda,rbf,1000,10,,1000,0.4717635801061988,4.392871101852506,37.30286285188049
lda,rbf,1000,100,,1000,0.47230694303289056,4.4203084299806505,35.22570285596885
lda,rbf,1000,1000,,1000,0.4711007629521191,4.414748860755935,30.61541707185097
pca_50,poly,0.001,0.001,1,1000,0.5139032730367035,0.557529864134267,39.151886258041486
pca_50,poly,0.001,0.001,2,1000,0.47070885286666453,0.5461138801183552,39.083116472000256
pca_50,poly,0.001,0.001,3,1000,0.470813503023237,0.5462449279148132,39.13669916498475
pca_50,poly,0.001,0.001,4,1000,0.47214117203839123,0.5447721239179373,39.58589747687802
pca_50,poly,0.001,0.001,5,1000,0.471239399863407,0.5446915030479431,39.43931860709563
pca_50,poly,0.001,0.01,1,1000,0.47110165981575847,0.5452027900610119,38.979438435984775
pca_50,poly,0.001,0.01,2,1000,0.46906258002854884,0.5453789380844682,39.03446236113086
pca_50,poly,0.001,0.01,3,1000,0.47206600988283753,0.5454821127932519,39.05917634209618
pca_50,poly,0.001,0.01,4,1000,0.4716370429378003,0.5450275149196386,39.1576617739629
pca_50,poly,0.001,0.01,5,1000,0.4710674360394478,0.5468228408135474,38.47452535107732
pca_50,poly,0.001,0.1,1,1000,0.47177882492542267,0.5465395429637283,32.19294744101353
pca_50,poly,0.001,0.1,2,1000,0.47202521725557745,0.5459320489317179,14.764441002858803
pca_50,poly,0.001,0.1,3,1000,0.4710301752202213,0.5711642827372998,11.231675692135468
pca_50,poly,0.001,0.1,4,1000,0.47160098305903375,0.5464015549514443,13.216886678012088
pca_50,poly,0.001,0.1,5,1000,0.4713754700496793,0.56910161790438,15.401509387185797
pca_50,poly,0.001,1,1,1000,0.4734080070629716,0.5458920479286462,16.650358432903886
pca_50,poly,0.001,1,2,1000,0.4724371670745313,0.5393851657863706,8.915690110065043
pca_50,poly,0.001,1,3,1000,0.47233399492688477,0.5545311651658267,10.862227441975847
pca_50,poly,0.001,1,4,1000,0.4718415141105652,0.5421049760188907,13.358710316941142
pca_50,poly,0.001,1,5,1000,0.4841675269417465,0.5516586750745773,15.145141323795542
pca_50,poly,0.001,10,1,1000,0.4714474321808666,0.522378247929737,11.694595642155036
pca_50,poly,0.001,10,2,1000,0.47168388217687607,0.5414814800024033,8.884467183845118
pca_50,poly,0.001,10,3,1000,0.4729048570152372,0.5536977692972869,12.069701422005892
pca_50,poly,0.001,10,4,1000,0.4748123432509601,0.5244896239601076,15.685910705011338
pca_50,poly,0.001,10,5,1000,0.4721586408559233,0.5697063799016178,16.7091734490823
pca_50,poly,0.001,100,1,1000,0.4726452617906034,0.5475607998669147,10.608884344110265
pca_50,poly,0.001,100,2,1000,0.4747390828561038,0.5604129501152784,8.865235108882189
pca_50,poly,0.001,100,3,1000,0.47153268312104046,0.5737219979055226,11.227979232789949
pca_50,poly,0.001,100,4,1000,0.47056416096165776,0.546182343037799,13.205813413020223
pca_50,poly,0.001,100,5,1000,0.47074413392692804,0.5712463080417365,17.813688051886857
pca_50,poly,0.001,1000,1,1000,0.4720764090307057,0.5455711809918284,11.432375652948394
pca_50,poly,0.001,1000,2,1000,0.47868893085978925,0.5619673328474164,8.876723858062178
pca_50,poly,0.001,1000,3,1000,0.4709809459745884,0.5758254379034042,11.119470305973664
pca_50,poly,0.001,1000,4,1000,0.4717806640546769,0.5463695339858532,13.194293597014621
pca_50,poly,0.001,1000,5,1000,0.4711509309709072,0.5707942470908165,15.231875831028447
pca_50,poly,0.01,0.001,1,1000,0.4707100107334554,0.5832219158764929,51.072864492191
pca_50,poly,0.01,0.001,2,1000,0.47029287996701896,0.547220801236108,51.280431704130024
pca_50,poly,0.01,0.001,3,1000,0.47130321874283254,0.5459861750714481,51.32549179601483
pca_50,poly,0.01,0.001,4,1000,0.47239299211651087,0.5457748109474778,51.50568071519956
pca_50,poly,0.01,0.001,5,1000,0.47172141913324594,0.5461812419816852,51.35163274593651
pca_50,poly,0.01,0.01,1,1000,0.4711195749696344,0.5458645133767277,42.06304337386973
pca_50,poly,0.01,0.01,2,1000,0.4711033508647233,0.5465554620604962,40.717161084059626
pca_50,poly,0.01,0.01,3,1000,0.47210403392091393,0.5456959558650851,35.20244222204201
pca_50,poly,0.01,0.01,4,1000,0.4720159189309925,0.5459881520364434,36.062577018048614
pca_50,poly,0.01,0.01,5,1000,0.4717228221707046,0.5454111478757113,34.361946117831394
pca_50,poly,0.01,0.1,1,1000,0.4709470209199935,0.5463630417361856,22.736712626880035
pca_50,poly,0.01,0.1,2,1000,0.47215221100486815,0.5714694990310818,9.73506554798223
pca_50,poly,0.01,0.1,3,1000,0.47183754201978445,0.5573887119535357,10.693014570977539
pca_50,poly,0.01,0.1,4,1000,0.4731390648521483,0.5466062847990543,15.904105139896274
pca_50,poly,0.01,0.1,5,1000,0.47047520289197564,0.5694156468380243,16.910630878061056
pca_50,poly,0.01,1,1,1000,0.47482620598748326,0.5462192280683666,12.822156982962042
pca_50,poly,0.01,1,2,1000,0.4711147020570934,0.5613397981505841,8.388799906009808
pca_50,poly,0.01,1,3,1000,0.4729409250430763,0.5761693581007421,10.89710570895113
pca_50,poly,0.01,1,4,1000,0.47272155596874654,0.546724044950679,15.690294683910906
pca_50,poly,0.01,1,5,1000,0.47161995992064476,0.5677408331539482,16.198179616127163
pca_50,poly,0.01,10,1,1000,0.49067529011517763,0.5441269958391786,10.541603715857491
pca_50,poly,0.01,10,2,1000,0.4712418429553509,0.5674298699013889,9.29566804994829
pca_50,poly,0.01,10,3,1000,0.4733804480638355,0.5767167520243675,11.00063123414293
pca_50,poly,0.01,10,4,1000,0.4723911010660231,0.5442981829401106,13.367433204082772
pca_50,poly,0.01,10,5,1000,0.47247854503802955,0.5692691630683839,16.362744369078428
pca_50,poly,0.01,100,1,1000,0.4715908230282366,0.5458969729952514,11.423983918037266
pca_50,poly,0.01,100,2,1000,0.47226187493652105,0.5612075650133193,8.656643451889977
pca_50,poly,0.01,100,3,1000,0.4731181291863322,0.5732661848887801,12.136604462983087
pca_50,poly,0.01,100,4,1000,0.4727701051160693,0.5449101340491325,13.370592806953937
pca_50,poly,0.01,100,5,1000,0.4740392123349011,0.5713174319826066,16.020469467854127
pca_50,poly,0.01,1000,1,1000,0.4725733990781009,0.5476109241135418,12.270887655904517
pca_50,poly,0.01,1000,2,1000,0.47292681504040956,0.5618732869625092,8.87343197222799
pca_50,poly,0.01,1000,3,1000,0.47240702505223453,0.5742322790902108,12.486617175163701
pca_50,poly,0.01,1000,4,1000,0.47494215285405517,0.5694931198377162,13.32427875814028
pca_50,poly,0.01,1000,5,1000,0.47179273096844554,0.5694804938975722,16.501158002996817
pca_50,poly,0.1,0.001,1,1000,0.4722194520290941,0.546754471026361,30.95404148614034
pca_50,poly,0.1,0.001,2,1000,0.47192348376847804,0.5452779219485819,37.51816050498746
pca_50,poly,0.1,0.001,3,1000,0.4746430041268468,0.5452940450049937,37.566774716135114
pca_50,poly,0.1,0.001,4,1000,0.47200401476584375,0.546026153024286,37.955669864080846
pca_50,poly,0.1,0.001,5,1000,0.47248957213014364,0.5445960301440209,37.915504053933546
pca_50,poly,0.1,0.01,1,1000,0.47232518321834505,0.54364072997123,16.838967714924365
pca_50,poly,0.1,0.01,2,1000,0.4721853332594037,0.560711971949786,15.187958513852209
pca_50,poly,0.1,0.01,3,1000,0.47310130717232823,0.5614519577939063,15.480062769027427
pca_50,poly,0.1,0.01,4,1000,0.4713796388823539,0.5607215501368046,16.57329412107356
pca_50,poly,0.1,0.01,5,1000,0.47313886997289956,0.5939904300030321,18.40689851809293
pca_50,poly,0.1,0.1,1,1000,0.4717434581834823,0.5596487410366535,13.095138150965795
pca_50,poly,0.1,0.1,2,1000,0.47165232594124973,0.5600424110889435,9.055154575034976
pca_50,poly,0.1,0.1,3,1000,0.4817547129932791,0.5729079460725188,11.093911459902301
pca_50,poly,0.1,0.1,4,1000,0.4728234929498285,0.5460869050584733,13.314777158899233
pca_50,poly,0.1,0.1,5,1000,0.47376706008799374,0.5711314498912543,21.196462829131633
pca_50,poly,0.1,1,1,1000,0.47182518104091287,0.5453934730030596,10.4596963301301
pca_50,poly,0.1,1,2,1000,0.473214513855055,0.5617050142027438,9.81110513000749
pca_50,poly,0.1,1,3,1000,0.4726563938893378,0.5740517848171294,10.673982864012942
pca_50,poly,0.1,1,4,1000,0.472972203977406,0.5462259410414845,13.28935930901207
pca_50,poly,0.1,1,5,1000,0.47431268403306603,0.5701924040913582,14.696710590040311
pca_50,poly,0.1,10,1,1000,0.48397323419339955,0.5459506947081536,13.598366149934009
pca_50,poly,0.1,10,2,1000,0.4728279490955174,0.5616270639002323,8.821858586044982
pca_50,poly,0.1,10,3,1000,0.4729353610891849,0.5752499829977751,11.13498567789793
pca_50,poly,0.1,10,4,1000,0.473291747039184,0.547530370298773,13.160501989070326
pca_50,poly,0.1,10,5,1000,0.47235682513564825,0.5712529930751771,15.07010363903828
pca_50,poly,0.1,100,1,1000,0.4741886220872402,0.5464452111627907,11.45958600891754
pca_50,poly,0.1,100,2,1000,0.4729938942473382,0.5619176682084799,9.286733473883942
pca_50,poly,0.1,100,3,1000,0.4722225258592516,0.5766217149794102,10.901309743057936
pca_50,poly,0.1,100,4,1000,0.47274847072549164,0.5463439167942852,17.66115635400638
pca_50,poly,0.1,100,5,1000,0.47233955888077617,0.5706794140860438,17.15571283781901
pca_50,poly,0.1,1000,1,1000,0.4725310078356415,0.5467231189832091,11.992292739916593
pca_50,poly,0.1,1000,2,1000,0.47531287115998566,0.5622573469299823,9.654065001988783
pca_50,poly,0.1,1000,3,1000,0.4724975300487131,0.5738637777976692,10.922256779158488
pca_50,poly,0.1,1000,4,1000,0.473607829073444,0.5456587669905275,13.9032599539496
pca_50,poly,0.1,1000,5,1000,0.4708245932124555,0.5691985790617764,16.06188307981938
pca_50,poly,1,0.001,1,1000,0.47339078807272017,0.5457609668374062,16.493024894967675
pca_50,poly,1,0.001,2,1000,0.47263400186784565,0.5953317808452994,32.33743307599798
pca_50,poly,1,0.001,3,1000,0.4732718837913126,0.5467640531715006,41.11744764097966
pca_50,poly,1,0.001,4,1000,0.476128893205896,0.5226769810542464,41.49008271796629
pca_50,poly,1,0.001,5,1000,0.4726287741214037,0.5461756540462375,41.45312926080078
pca_50,poly,1,0.01,1,1000,0.47429580776952207,0.5470678862184286,12.985571640077978
pca_50,poly,1,0.01,2,1000,0.47271272796206176,0.572957846801728,10.465295552974567
pca_50,poly,1,0.01,3,1000,0.47263112594373524,0.5547185968607664,10.914447273127735
pca_50,poly,1,0.01,4,1000,0.4729107250459492,0.5464539958629757,13.416729564080015
pca_50,poly,1,0.01,5,1000,0.4728491648565978,0.570454723900184,21.082511676009744
pca_50,poly,1,0.1,1,1000,0.4760459477547556,0.548003152012825,13.650736873038113
pca_50,poly,1,0.1,2,1000,0.47303337207995355,0.5617930178996176,8.783785413950682
pca_50,poly,1,0.1,3,1000,0.4732327067758888,0.5767977288924158,11.950815286953002
pca_50,poly,1,0.1,4,1000,0.4719630249310285,0.5515675819478929,14.392766720848158
pca_50,poly,1,0.1,5,1000,0.4729522599373013,0.5726909989025444,15.214785344200209
pca_50,poly,1,1,1,1000,0.47492785821668804,0.5514877589885145,12.213095151120797
pca_50,poly,1,1,2,1000,0.47269620699808,0.5665904909837991,8.958473128965124
pca_50,poly,1,1,3,1000,0.4720086590386927,0.5768487059976906,12.525509829865769
pca_50,poly,1,1,4,1000,0.47282398608513176,0.5524148556869477,13.205220614094287
pca_50,poly,1,1,5,1000,0.4717883439734578,0.5755086080171168,18.1248739620205
pca_50,poly,1,10,1,1000,0.47481993306428194,0.5507523871492594,11.391844059107825
pca_50,poly,1,10,2,1000,0.4734547140542418,0.5681298219133168,9.250784027157351
pca_50,poly,1,10,3,1000,0.47358607104979455,0.5799100669100881,10.970374739030376
pca_50,poly,1,10,4,1000,0.47311671916395426,0.5686820370610803,14.373473472893238
pca_50,poly,1,10,5,1000,0.47098996490240097,0.5672637370880693,15.937450386118144
pca_50,poly,1,100,1,1000,0.471063633216545,0.5739736577961594,12.100847853114828
pca_50,poly,1,100,2,1000,0.4716443980578333,0.5530677321366966,8.085631618043408
pca_50,poly,1,100,3,1000,0.4736145769711584,0.5801998237147927,10.951375070028007
pca_50,poly,1,100,4,1000,0.4737672999035567,0.5528567018918693,13.811795672867447
pca_50,poly,1,100,5,1000,0.47175819310359657,0.5648888717405498,17.909977898932993
pca_50,poly,1,1000,1,1000,0.4729224359616637,0.5753010308835655,12.509796601021662
pca_50,poly,1,1000,2,1000,0.4722283810842782,0.5522929709404707,8.086426564026624
pca_50,poly,1,1000,3,1000,0.47097261995077133,0.5765305659733713,11.286140516167507
pca_50,poly,1,1000,4,1000,0.47290683607570827,0.5530046329367906,13.227589242858812
pca_50,poly,1,1000,5,1000,0.4735603197477758,0.5649972069077194,15.736240269849077
pca_50,poly,10,0.001,1,1000,0.47103227977640927,0.5677613229490817,13.058030951069668
pca_50,poly,10,0.001,2,1000,0.47210154798813164,0.5668789350893348,15.524452165002003
pca_50,poly,10,0.001,3,1000,0.47144779609516263,0.5662037169095129,26.666172722820193
pca_50,poly,10,0.001,4,1000,0.4697397770360112,0.5519066490232944,41.220856375060976
pca_50,poly,10,0.001,5,1000,0.4731652981135994,0.5518422690220177,41.358230540994555
pca_50,poly,10,0.01,1,1000,0.4722223589196801,0.5499870509374887,11.544170092092827
pca_50,poly,10,0.01,2,1000,0.47306110826320946,0.5749923118855804,9.506874731974676
pca_50,poly,10,0.01,3,1000,0.47362787486054003,0.5743066021241248,10.825448743999004
pca_50,poly,10,0.01,4,1000,0.47343893605284393,0.551525266142562,17.082319831941277
pca_50,poly,10,0.01,5,1000,0.4724971489049494,0.5661284641828388,15.591279815882444
pca_50,poly,10,0.1,1,1000,0.4736746218986809,0.5711102201603353,12.322090779896826
pca_50,poly,10,0.1,2,1000,0.4737542930524796,0.5518442960456014,8.537716956809163
pca_50,poly,10,0.1,3,1000,0.4754651947878301,0.5709207451436669,10.867704862030223
pca_50,poly,10,0.1,4,1000,0.47226651501841843,0.5650626728311181,14.512356650084257
pca_50,poly,10,0.1,5,1000,0.47226479882374406,0.5652480821590871,14.667155110975727
pca_50,poly,10,1,1,1000,0.47399178403429687,0.5712279370054603,12.112913384800777
pca_50,poly,10,1,2,1000,0.4742022417485714,0.5499686750117689,9.468357950914651
pca_50,poly,10,1,3,1000,0.4700198629871011,0.5692070669028908,12.17844412010163
pca_50,poly,10,1,4,1000,0.47280726907774806,0.5656988879200071,14.176923041930422
pca_50,poly,10,1,5,1000,0.4723324740771204,0.5649666651152074,15.778439657995477
pca_50,poly,10,10,1,1000,0.4728725692257285,0.5745021689217538,12.585799114080146
pca_50,poly,10,10,2,1000,0.4725289230700582,0.5521255878265947,8.11509621096775
pca_50,poly,10,10,3,1000,0.47141795232892036,0.591644091065973,11.449211614904925
pca_50,poly,10,10,4,1000,0.4754341410007328,0.5651132368948311,14.66108451783657
pca_50,poly,10,10,5,1000,0.4742403607815504,0.5646882250439376,17.99080310505815
pca_50,poly,10,100,1,1000,0.4722048961557448,0.5712971470784396,12.275149120017886
pca_50,poly,10,100,2,1000,0.47367223002947867,0.5515139331109822,8.622961478075013
pca_50,poly,10,100,3,1000,0.4700442641042173,0.5678811520338058,10.423701056977734
pca_50,poly,10,100,4,1000,0.47223225398920476,0.563812289154157,13.96456122584641
pca_50,poly,10,100,5,1000,0.47367698000743985,0.5656228391453624,15.623797023901716
pca_50,poly,10,1000,1,1000,0.47264349297620356,0.5744991451501846,13.493626815034077
pca_50,poly,10,1000,2,1000,0.4748892979696393,0.5357662248425186,8.088181601837277
pca_50,poly,10,1000,3,1000,0.47258533304557204,0.5451638228259981,11.156169006135315
pca_50,poly,10,1000,4,1000,0.4723026470746845,0.5406164042651653,14.056197833037004
pca_50,poly,10,1000,5,1000,0.49986211978830397,0.5382158381398767,15.452635593013838
pca_50,poly,100,0.001,1,1000,0.4720695128198713,0.5373966770712286,12.514795685885474
pca_50,poly,100,0.001,2,1000,0.47082740417681634,0.5387319130823016,9.907841447973624
pca_50,poly,100,0.001,3,1000,0.4710504966787994,0.5386260820087045,14.370071114972234
pca_50,poly,100,0.001,4,1000,0.47243635822087526,0.5383511839900166,33.37551576807164
pca_50,poly,100,0.001,5,1000,0.471994292922318,0.5232813081238419,47.61060488410294
pca_50,poly,100,0.01,1,1000,0.4722034689038992,0.5233986771199852,14.6083262860775
pca_50,poly,100,0.01,2,1000,0.47164336522109807,0.539427753072232,8.640355826122686
pca_50,poly,100,0.01,3,1000,0.4715132899582386,0.542920517269522,10.86697903717868
pca_50,poly,100,0.01,4,1000,0.4745770681183785,0.5388617150019854,14.15462036198005
pca_50,poly,100,0.01,5,1000,0.47127517289482057,0.5386800980195403,15.919689869042486
pca_50,poly,100,0.1,1,1000,0.4736165408976376,0.5394306490197778,12.383013765094802
pca_50,poly,100,0.1,2,1000,0.47921964107081294,0.5679932569619268,10.21664365194738
pca_50,poly,100,0.1,3,1000,0.47781437705270946,0.5701706488616765,11.977840207982808
pca_50,poly,100,0.1,4,1000,0.47903432068414986,0.5670301739592105,15.252826106967404
pca_50,poly,100,0.1,5,1000,0.4798174761235714,0.5684349348302931,16.47293334803544
pca_50,poly,100,1,1,1000,0.4787229287903756,0.5668572299182415,13.628105133073404
pca_50,poly,100,1,2,1000,0.48892049374990165,0.5672998849768192,8.939401437994093
pca_50,poly,100,1,3,1000,0.4777566250413656,0.5734919549431652,11.980369029100984
pca_50,poly,100,1,4,1000,0.480230602202937,0.5673795740585774,15.179867577040568
pca_50,poly,100,1,5,1000,0.4791502070147544,0.5660159781109542,16.607619335176423
pca_50,poly,100,10,1,1000,0.48112837597727776,0.5697448630817235,13.164480783976614
pca_50,poly,100,10,2,1000,0.47991708503104746,0.5672520089428872,9.122665104921907
pca_50,poly,100,10,3,1000,0.47852572705596685,0.5709331519901752,11.787658873014152
pca_50,poly,100,10,4,1000,0.4795997100882232,0.5669624991714954,15.635917615145445
pca_50,poly,100,10,5,1000,0.47988958307541907,0.5662393257953227,17.81684978911653
pca_50,poly,100,100,1,1000,0.478960681008175,0.56845787120983,13.622680750209838
pca_50,poly,100,100,2,1000,0.4801207317505032,0.5681597338989377,9.514312760904431
pca_50,poly,100,100,3,1000,0.4865927130449563,0.5872658090665936,11.691015447024256
pca_50,poly,100,100,4,1000,0.48065455816686153,0.570282578933984,15.7228075300809
pca_50,poly,100,100,5,1000,0.479347154032439,0.5677637620829046,16.669593314873055
pca_50,poly,100,1000,1,1000,0.4809498251415789,0.5768276939634234,13.260976321063936
pca_50,poly,100,1000,2,1000,0.48026337404735386,0.5466285739094019,8.678734119981527
pca_50,poly,100,1000,3,1000,0.47773004812188447,0.5678303462918848,11.394879101077095
pca_50,poly,100,1000,4,1000,0.503510297043249,0.5657231858931482,15.072292405879125
pca_50,poly,100,1000,5,1000,0.48020743299275637,0.5656387228518724,17.36544000520371
pca_50,poly,1000,0.001,1,1000,0.4814708491321653,0.5652677507605404,12.52572747389786
pca_50,poly,1000,0.001,2,1000,0.4800786997657269,0.5713563859462738,8.449445815058425
pca_50,poly,1000,0.001,3,1000,0.4752035569399595,0.5673539699055254,11.532766527030617
pca_50,poly,1000,0.001,4,1000,0.47515042987652123,0.5646521938033402,17.22876603808254
pca_50,poly,1000,0.001,5,1000,0.47582201682962477,0.5651296430733055,26.68146872194484
pca_50,poly,1000,0.01,1,1000,0.47547236317768693,0.5559112958144397,11.520088942954317
pca_50,poly,1000,0.01,2,1000,0.4756512369494885,0.5480581419542432,8.613064691890031
pca_50,poly,1000,0.01,3,1000,0.47296325536444783,0.5660537909716368,11.093244938878343
pca_50,poly,1000,0.01,4,1000,0.4870608889032155,0.5745399878360331,14.01683210209012
pca_50,poly,1000,0.01,5,1000,0.47651065792888403,0.5637596808373928,15.665592688834295
pca_50,poly,1000,0.1,1,1000,0.4753903020173311,0.5718281669542193,13.531721563078463
pca_50,poly,1000,0.1,2,1000,0.47554803011007607,0.5491544990800321,8.277224073885009
pca_50,poly,1000,0.1,3,1000,0.4745185920037329,0.5677742781117558,11.193742698058486
pca_50,poly,1000,0.1,4,1000,0.47544637392275035,0.5634863569866866,14.740151687990874
pca_50,poly,1000,0.1,5,1000,0.47522723907604814,0.5628048109356314,16.735669228015468
pca_50,poly,1000,1,1,1000,0.4768099691718817,0.5735317280050367,12.68748724507168
pca_50,poly,1000,1,2,1000,0.47531920089386404,0.5487038637511432,9.632213928969577
pca_50,poly,1000,1,3,1000,0.4742093188688159,0.5673143598251045,12.693970921915025
pca_50,poly,1000,1,4,1000,0.4752788341138512,0.5635709909256548,14.722328497096896
pca_50,poly,1000,1,5,1000,0.47492373920977116,0.5653211758472025,15.577602453064173
pca_50,poly,1000,10,1,1000,0.47539657400920987,0.5718692850787193,12.217322011943907
pca_50,poly,1000,10,2,1000,0.47546302690170705,0.5483272660057992,8.268682755995542
pca_50,poly,1000,10,3,1000,0.47430499410256743,0.5675639898981899,10.851672374876216
pca_50,poly,1000,10,4,1000,0.47447694302536547,0.5644616589415818,14.832440733909607
pca_50,poly,1000,10,5,1000,0.4756076568737626,0.5640725661069155,15.297855575103313
pca_50,poly,1000,100,1,1000,0.47400648100301623,0.5638852980919182,12.737928760005161
pca_50,poly,1000,100,2,1000,0.4748472210485488,0.5621848970185965,9.017855706857517
pca_50,poly,1000,100,3,1000,0.47682095295749605,0.5693534009624273,11.15398296713829
pca_50,poly,1000,100,4,1000,0.4765516370534897,0.5627940266858786,13.887225836981088
pca_50,poly,1000,100,5,1000,0.47546391701325774,0.5645776391029358,15.662169772898778
pca_50,poly,1000,1000,1,1000,0.4856972598936409,0.5631407897453755,12.628328057006001
pca_50,poly,1000,1000,2,1000,0.47585597494617105,0.5651723418850452,8.664502155967057
pca_50,poly,1000,1000,3,1000,0.4744644411839545,0.5668553428258747,10.656922622118145
pca_50,poly,1000,1000,4,1000,0.47495028213597834,0.565028821118176,14.07251086179167
pca_50,poly,1000,1000,5,1000,0.4749790739733726,0.5860501180868596,16.47309587406926
pca_100,poly,0.001,0.001,1,1000,0.5300501098390669,0.7267357297241688,94.13231658888981
pca_100,poly,0.001,0.001,2,1000,0.47426526085473597,0.7185164450202137,94.47141668293625
pca_100,poly,0.001,0.001,3,1000,0.47405816009268165,0.7166388172190636,96.14889703085646
pca_100,poly,0.001,0.001,4,1000,0.474544171243906,0.7204720610752702,95.20772083592601
pca_100,poly,0.001,0.001,5,1000,0.47364429011940956,0.7182439719326794,95.80675286892802
pca_100,poly,0.001,0.01,1,1000,0.47288447013124824,0.7185689760372043,93.62015534308739
pca_100,poly,0.001,0.01,2,1000,0.5112914789933711,0.7173881202470511,94.95455796504393
pca_100,poly,0.001,0.01,3,1000,0.47518486296758056,0.7196911780629307,94.27380806393921
pca_100,poly,0.001,0.01,4,1000,0.47421931684948504,0.7175969940144569,96.89926358894445
pca_100,poly,0.001,0.01,5,1000,0.47391172498464584,0.7180161487776786,90.58639277797192
pca_100,poly,0.001,0.1,1,1000,0.47398149501532316,0.7179316999390721,78.91583779687062
pca_100,poly,0.001,0.1,2,1000,0.4982271119952202,0.6859060858841985,33.00446121999994
pca_100,poly,0.001,0.1,3,1000,0.4728692548815161,0.7276520277373493,29.230170249938965
pca_100,poly,0.001,0.1,4,1000,0.472095781005919,0.7175931138917804,39.82439435413107
pca_100,poly,0.001,0.1,5,1000,0.4752694428898394,0.7022433709353209,43.648645222885534
pca_100,poly,0.001,1,1,1000,0.511949541978538,0.7337175579741597,39.956761153182015
pca_100,poly,0.001,1,2,1000,0.48404591414146125,0.7307692039757967,20.991335343103856
pca_100,poly,0.001,1,3,1000,0.4743281779810786,0.7170529898721725,28.714099797885865
pca_100,poly,0.001,1,4,1000,0.47135549900121987,0.7213070448487997,39.96725449897349
pca_100,poly,0.001,1,5,1000,0.4727563720662147,0.7017383258789778,44.72387848608196
pca_100,poly,0.001,10,1,1000,0.47379569592885673,0.7310745876748115,26.722112010000274
pca_100,poly,0.001,10,2,1000,0.472939922939986,0.7229455069173127,21.30598502489738
pca_100,poly,0.001,10,3,1000,0.4721193159930408,0.7179988669231534,29.105040862923488
pca_100,poly,0.001,10,4,1000,0.5215506041422486,0.7213926878757775,39.78108205203898
pca_100,poly,0.001,10,5,1000,0.47395846899598837,0.6982356891967356,44.30910287401639
pca_100,poly,0.001,100,1,1000,0.4751864979043603,0.7371963770128787,26.037318757968023
pca_100,poly,0.001,100,2,1000,0.4733197158202529,0.6642670021392405,21.83701592218131
pca_100,poly,0.001,100,3,1000,0.47462976397946477,0.759158746805042,28.74634976289235
pca_100,poly,0.001,100,4,1000,0.4727778930682689,0.7308595231734216,39.701118224998936
pca_100,poly,0.001,100,5,1000,0.48080085311084986,0.703066126210615,43.63708522496745
pca_100,poly,0.001,1000,1,1000,0.47512091393582523,0.7357597060035914,29.222798235015944
pca_100,poly,0.001,1000,2,1000,0.4726464219857007,0.6547687479760498,21.69021849310957
pca_100,poly,0.001,1000,3,1000,0.4761462681926787,0.7293389427941293,29.799484609859064
pca_100,poly,0.001,1000,4,1000,0.47161838482134044,0.7160513361450285,39.68746240390465
pca_100,poly,0.001,1000,5,1000,0.4858904031571001,0.6976630422286689,44.04097643215209
pca_100,poly,0.01,0.001,1,1000,0.4745682058855891,0.7339036359917372,93.58168978709728
pca_100,poly,0.01,0.001,2,1000,0.5129592341836542,0.7232650008518249,98.98216932197101
pca_100,poly,0.01,0.001,3,1000,0.514296478126198,0.7244010327849537,94.52909848000854
pca_100,poly,0.01,0.001,4,1000,0.4797865301370621,0.7251146659255028,97.78196289786138
pca_100,poly,0.01,0.001,5,1000,0.474322676891461,0.718040426960215,97.79833431611769
pca_100,poly,0.01,0.01,1,1000,0.4736708870623261,0.7206848959904164,75.98550315992907
pca_100,poly,0.01,0.01,2,1000,0.5027837851084769,0.720468285959214,74.84728732309304
pca_100,poly,0.01,0.01,3,1000,0.4738851059228182,0.7260985639877617,61.94693890004419
pca_100,poly,0.01,0.01,4,1000,0.47361120115965605,0.7148658048827201,64.201432823902
pca_100,poly,0.01,0.01,5,1000,0.4760947530157864,0.7203243670519441,61.298533364897594
pca_100,poly,0.01,0.1,1,1000,0.4736814647912979,0.716217233799398,41.61026998399757
pca_100,poly,0.01,0.1,2,1000,0.4735400998033583,0.7332287898752838,22.29904747987166
pca_100,poly,0.01,0.1,3,1000,0.47187863616272807,0.7173750021029264,28.88804430793971
pca_100,poly,0.01,0.1,4,1000,0.47444492182694376,0.7182958170305938,39.65179309784435
pca_100,poly,0.01,0.1,5,1000,0.4725111648440361,0.7022491260431707,43.682991253910586
pca_100,poly,0.01,1,1,1000,0.4755248830188066,0.7311082361266017,26.62689125095494
pca_100,poly,0.01,1,2,1000,0.4739806819707155,0.7142298961989582,20.833693586988375
pca_100,poly,0.01,1,3,1000,0.4722727828193456,0.7186698811128736,28.69178473786451
pca_100,poly,0.01,1,4,1000,0.47283140080980957,0.7169213651213795,39.669304521987215
pca_100,poly,0.01,1,5,1000,0.47379411989822984,0.7016644426621497,43.74066429701634
pca_100,poly,0.01,10,1,1000,0.47667155717499554,0.7318009349983186,26.198605597019196
pca_100,poly,0.01,10,2,1000,0.4734215419739485,0.6567795528098941,21.810407087905332
pca_100,poly,0.01,10,3,1000,0.4742960990406573,0.7276606019586325,29.017413879046217
pca_100,poly,0.01,10,4,1000,0.47208373015746474,0.7199568180367351,39.71339180902578
pca_100,poly,0.01,10,5,1000,0.4750798298045993,0.6978253470733762,43.689358790870756
pca_100,poly,0.01,100,1,1000,0.47322897403500974,0.7309442078694701,29.709771445021033
pca_100,poly,0.01,100,2,1000,0.47456390713341534,0.6545390821993351,21.6716572039295
pca_100,poly,0.01,100,3,1000,0.4744980880059302,0.7297785410191864,29.88149087689817
pca_100,poly,0.01,100,4,1000,0.4732941270340234,0.7186149398330599,39.790722680976614
pca_100,poly,0.01,100,5,1000,0.47549142595380545,0.7012743488885462,46.02649628394283
pca_100,poly,0.01,1000,1,1000,0.4756084941327572,0.7307340099941939,29.39134044898674
pca_100,poly,0.01,1000,2,1000,0.4728706399910152,0.6545341690070927,21.646273569902405
pca_100,poly,0.01,1000,3,1000,0.4736220990307629,0.7318169469945133,28.812920617870986
pca_100,poly,0.01,1000,4,1000,0.47222793684341013,0.747416420141235,39.8356540040113
pca_100,poly,0.01,1000,5,1000,0.47413902287371457,0.6970408980268985,43.01306048594415
pca_100,poly,0.1,0.001,1,1000,0.4735603767912835,0.7345132629852742,75.87502532405779
pca_100,poly,0.1,0.001,2,1000,0.5129448249936104,0.728675426915288,96.58317535184324
pca_100,poly,0.1,0.001,3,1000,0.5107390990015119,0.7178336100187153,94.74807788501494
pca_100,poly,0.1,0.001,4,1000,0.47199137532152236,0.7204958649817854,97.26465613697655
pca_100,poly,0.1,0.001,5,1000,0.4734883578494191,0.7209136779420078,94.9424776211381
pca_100,poly,0.1,0.01,1,1000,0.47461255080997944,0.7312041718978435,42.64466033689678
pca_100,poly,0.1,0.01,2,1000,0.4745811433531344,0.7084728430490941,33.73661034181714
pca_100,poly,0.1,0.01,3,1000,0.48427601088769734,0.6986866330262274,35.77427027001977
pca_100,poly,0.1,0.01,4,1000,0.4752750489860773,0.7034890584181994,42.762281592004
pca_100,poly,0.1,0.01,5,1000,0.47577843675389886,0.707126772031188,45.425869510974735
pca_100,poly,0.1,0.1,1,1000,0.47389074484817684,0.7305212500505149,27.261003942927346
pca_100,poly,0.1,0.1,2,1000,0.4718451891094446,0.7208454140927643,20.9700036321301
pca_100,poly,0.1,0.1,3,1000,0.4716614519711584,0.7202408378943801,28.73710838612169
pca_100,poly,0.1,0.1,4,1000,0.47224632604047656,0.7216605488210917,39.68214181391522
pca_100,poly,0.1,0.1,5,1000,0.4764845152385533,0.7040420370176435,43.63108510593884
pca_100,poly,0.1,1,1,1000,0.4733998151496053,0.7479723580181599,26.229568201117218
pca_100,poly,0.1,1,2,1000,0.4726652328390628,0.6332095267716795,21.85079605295323
pca_100,poly,0.1,1,3,1000,0.4733377560041845,0.7136503849178553,28.776228521950543
pca_100,poly,0.1,1,4,1000,0.47270416794344783,0.681395704858005,40.25579928513616
pca_100,poly,0.1,1,5,1000,0.4740750340279192,0.7050950131379068,43.64377151615918
pca_100,poly,0.1,10,1,1000,0.47452955320477486,0.7365851809736341,29.036433428991586
pca_100,poly,0.1,10,2,1000,0.4727950179949403,0.6584159899502993,21.59476384310983
pca_100,poly,0.1,10,3,1000,0.4736307547427714,0.7285004649311304,28.81465835706331
pca_100,poly,0.1,10,4,1000,0.472298895008862,0.7176079789642245,41.84323538583703
pca_100,poly,0.1,10,5,1000,0.47552246204577386,0.6998438481241465,43.61843227013014
pca_100,poly,0.1,100,1,1000,0.4737115139141679,0.7397525389678776,29.509077830938622
pca_100,poly,0.1,100,2,1000,0.47275239299051464,0.6571327210403979,21.659185837954283
pca_100,poly,0.1,100,3,1000,0.4738765030633658,0.7323890659026802,29.808754849014804
pca_100,poly,0.1,100,4,1000,0.47389974910765886,0.7239661470521241,39.661717982031405
pca_100,poly,0.1,100,5,1000,0.4737364840693772,0.7003639619797468,45.921284812968224
pca_100,poly,0.1,1000,1,1000,0.474691207986325,0.7385793018620461,29.125620323000476
pca_100,poly,0.1,1000,2,1000,0.4721616019960493,0.6605185829102993,21.66373879299499
pca_100,poly,0.1,1000,3,1000,0.47402412397786975,0.7305052322335541,28.80311285890639
pca_100,poly,0.1,1000,4,1000,0.4741806199308485,0.7190706790424883,40.66137048788369
pca_100,poly,0.1,1000,5,1000,0.4749692010227591,0.6992776640690863,43.38243181305006
pca_100,poly,1,0.001,1,1000,0.47314048488624394,0.7351219491101801,40.0075128308963
pca_100,poly,1,0.001,2,1000,0.47264654375612736,0.7349723377265036,72.20912217022851
pca_100,poly,1,0.001,3,1000,0.47446985309943557,0.7204077560454607,95.58904854021966
pca_100,poly,1,0.001,4,1000,0.47540978202596307,0.7198212100192904,94.93925546295941
pca_100,poly,1,0.001,5,1000,0.4751852019689977,0.7152527659200132,94.75962018314749
pca_100,poly,1,0.01,1,1000,0.47468292713165283,0.7187496658880264,26.652532676933333
pca_100,poly,1,0.01,2,1000,0.4729663650505245,0.7186131800990552,22.21693872800097
pca_100,poly,1,0.01,3,1000,0.47185848420485854,0.7196652728598565,29.19249413907528
pca_100,poly,1,0.01,4,1000,0.4748256369493902,0.7189915361814201,39.76150692021474
pca_100,poly,1,0.01,5,1000,0.47482748120091856,0.7050216419156641,43.83266877103597
pca_100,poly,1,0.1,1,1000,0.47392905899323523,0.741975179174915,26.015019233105704
pca_100,poly,1,0.1,2,1000,0.47361967200413346,0.658615801949054,21.76898370194249
pca_100,poly,1,0.1,3,1000,0.4718363741412759,0.7277896241284907,28.741623993963003
pca_100,poly,1,0.1,4,1000,0.5009304201230407,0.7164648498874158,40.2919387568254
pca_100,poly,1,0.1,5,1000,0.4732083650305867,0.7003489441704005,43.65176056092605
pca_100,poly,1,1,1,1000,0.47402335586957633,0.7317296410910785,29.268781464081258
pca_100,poly,1,1,2,1000,0.4713921088259667,0.6584950559772551,21.724501746008173
pca_100,poly,1,1,3,1000,0.47418258897960186,0.7306412828620523,28.75347754312679
pca_100,poly,1,1,4,1000,0.47149560996331275,0.7236016248352826,39.94842173298821
pca_100,poly,1,1,5,1000,0.47441157093271613,0.6987857520580292,44.8099840071518
pca_100,poly,1,10,1,1000,0.47343930695205927,0.7332614420447499,29.34811992291361
pca_100,poly,1,10,2,1000,0.47307512699626386,0.6573669170029461,21.657069289125502
pca_100,poly,1,10,3,1000,0.4726407309062779,0.733700746903196,29.43128947285004
pca_100,poly,1,10,4,1000,0.47212471487000585,0.7198495259508491,39.69384547509253
pca_100,poly,1,10,5,1000,0.474131366237998,0.6977450619451702,45.875841937959194
pca_100,poly,1,100,1,1000,0.4724717808421701,0.732126645045355,29.142792364116758
pca_100,poly,1,100,2,1000,0.47452310216613114,0.6579395611770451,21.562193440971896
pca_100,poly,1,100,3,1000,0.4743666381109506,0.7304298579692841,28.888459793990478
pca_100,poly,1,100,4,1000,0.4725186740979552,0.721053997753188,39.69192747911438
pca_100,poly,1,100,5,1000,0.47387979296036065,0.7020335348788649,44.89480502018705
pca_100,poly,1,1000,1,1000,0.47354884003289044,0.7348101681564003,29.12067403504625
pca_100,poly,1,1000,2,1000,0.47281147981993854,0.6534274281002581,21.6172889189329
pca_100,poly,1,1000,3,1000,0.4740829898510128,0.7360132846515626,28.842622971860692
pca_100,poly,1,1000,4,1000,0.47449531801976264,0.7197356892284006,39.72763411514461
pca_100,poly,1,1000,5,1000,0.4758639729116112,0.6995509266853333,43.0745748730842
pca_100,poly,10,0.001,1,1000,0.47530313488096,0.7486282943282276,26.62346489704214
pca_100,poly,10,0.001,2,1000,0.472786134108901,0.6948496080003679,32.803982973098755
pca_100,poly,10,0.001,3,1000,0.4749828928615898,0.7326393849216402,62.07936938502826
pca_100,poly,10,0.001,4,1000,0.4737945531960577,0.7226070610340685,93.43242324981838
pca_100,poly,10,0.001,5,1000,0.47361122793518007,0.7191061929333955,94.50574222905561
pca_100,poly,10,0.01,1,1000,0.4745712820440531,0.7282202332280576,26.08092791796662
pca_100,poly,10,0.01,2,1000,0.4724779729731381,0.6561562998685986,21.932013356825337
pca_100,poly,10,0.01,3,1000,0.4749692869372666,0.7346872200723737,28.85799785889685
pca_100,poly,10,0.01,4,1000,0.47568785585463047,0.7245959939900786,39.74236263311468
pca_100,poly,10,0.01,5,1000,0.4735945218708366,0.7043597209267318,44.66408810415305
pca_100,poly,10,0.1,1,1000,0.4735817820765078,0.7293362899217755,29.038154794834554
pca_100,poly,10,0.1,2,1000,0.47200803202576935,0.6590689471922815,21.66651061596349
pca_100,poly,10,0.1,3,1000,0.475344680249691,0.7295043580234051,28.73326361994259
pca_100,poly,10,0.1,4,1000,0.4722897089086473,0.7208754410967231,39.76670448691584
pca_100,poly,10,0.1,5,1000,0.4729264520574361,0.7023586051072925,44.05994724598713
pca_100,poly,10,1,1,1000,0.47556908382102847,0.7341794339008629,29.274536206154153
pca_100,poly,10,1,2,1000,0.47614177595824003,0.6579253629315645,21.61868274700828
pca_100,poly,10,1,3,1000,0.47332978900521994,0.7327415449544787,28.737417713040486
pca_100,poly,10,1,4,1000,0.471525426954031,0.7165754861198366,40.89436874212697
pca_100,poly,10,1,5,1000,0.47424895386211574,0.7004167211707681,43.793385485885665
pca_100,poly,10,10,1,1000,0.47565574385225773,0.7301097391173244,29.865242688916624
pca_100,poly,10,10,2,1000,0.48948220489546657,0.6573345300275832,21.75284043303691
pca_100,poly,10,10,3,1000,0.4746804710011929,0.7340290320571512,28.74119204794988
pca_100,poly,10,10,4,1000,0.47198335197754204,0.7196464950684458,41.13340303185396
pca_100,poly,10,10,5,1000,0.47358390502631664,0.7021380590740591,43.668144123163074
pca_100,poly,10,100,1,1000,0.47471218928694725,0.7338467279914767,30.18357513914816
pca_100,poly,10,100,2,1000,0.4776207450777292,0.6875263580586761,22.019701414974406
pca_100,poly,10,100,3,1000,0.47645274503156543,0.7264736020006239,29.838985591195524
pca_100,poly,10,100,4,1000,0.4733117478899658,0.7197973739821464,41.16479152906686
pca_100,poly,10,100,5,1000,0.4775934675708413,0.7044721599668264,43.65896786679514
pca_100,poly,10,1000,1,1000,0.47601261688396335,0.7360644089058042,29.158374941907823
pca_100,poly,10,1000,2,1000,0.4730342999100685,0.6570971400942653,21.71174517995678
pca_100,poly,10,1000,3,1000,0.4740427730139345,0.734541691839695,28.943408768158406
pca_100,poly,10,1000,4,1000,0.4773481299635023,0.7113355931360275,39.7849441759754
pca_100,poly,10,1000,5,1000,0.4915025040972978,0.7030063092242926,43.156733145937324
pca_100,poly,100,0.001,1,1000,0.48504252708517015,0.7332614101469517,26.040032582823187
pca_100,poly,100,0.001,2,1000,0.4773979978635907,0.6579061930533499,23.317140016006306
pca_100,poly,100,0.001,3,1000,0.47238268819637597,0.6994985358323902,34.12508066999726
pca_100,poly,100,0.001,4,1000,0.47091610403731465,0.7170635601505637,64.21079553104937
pca_100,poly,100,0.001,5,1000,0.4738979598041624,0.7183593851514161,90.39514777506702
pca_100,poly,100,0.01,1,1000,0.47127792285755277,0.7173771588131785,29.003006838960573
pca_100,poly,100,0.01,2,1000,0.47118210908956826,0.6571814690250903,21.540252491133288
pca_100,poly,100,0.01,3,1000,0.48091863095760345,0.7375087470281869,28.770415472099558
pca_100,poly,100,0.01,4,1000,0.47115901997312903,0.7252781381830573,39.921035691164434
pca_100,poly,100,0.01,5,1000,0.48172267619520426,0.6897656279616058,43.994477367028594
pca_100,poly,100,0.1,1,1000,0.47520484402775764,0.7221733848564327,30.43727162689902
pca_100,poly,100,0.1,2,1000,0.47433390584774315,0.6346499319188297,21.77618157910183
pca_100,poly,100,0.1,3,1000,0.47526596090756357,0.7195453529711813,28.97575925802812
pca_100,poly,100,0.1,4,1000,0.4747356940060854,0.7127565699629486,39.995065150083974
pca_100,poly,100,0.1,5,1000,0.47389463102445006,0.6873333780094981,43.977961036842316
pca_100,poly,100,1,1,1000,0.47794013493694365,0.7330902512185276,29.59655970078893
pca_100,poly,100,1,2,1000,0.47285315208137035,0.6933904399629682,21.783587188925594
pca_100,poly,100,1,3,1000,0.4857098802458495,0.7323652559425682,29.19109182106331
pca_100,poly,100,1,4,1000,0.4721805362496525,0.7122243631165475,40.04924237821251
pca_100,poly,100,1,5,1000,0.47575555508956313,0.6875773023348302,44.632653980050236
pca_100,poly,100,10,1,1000,0.47354788798838854,0.7251751669682562,29.597906629089266
pca_100,poly,100,10,2,1000,0.4744588709436357,0.6326439781114459,21.775478607974946
pca_100,poly,100,10,3,1000,0.47466251882724464,0.7193845058791339,30.894161981064826
pca_100,poly,100,10,4,1000,0.47451425716280937,0.715773417847231,40.07451767800376
pca_100,poly,100,10,5,1000,0.4773386751767248,0.6885354819241911,46.18233308987692
pca_100,poly,100,100,1,1000,0.47860906925052404,0.7241335369180888,29.339981355005875
pca_100,poly,100,100,2,1000,0.47305783489719033,0.6437278392259032,21.855386742856354
pca_100,poly,100,100,3,1000,0.47390457917936146,0.7267906982451677,29.756555044092238
pca_100,poly,100,100,4,1000,0.47207713895477355,0.7137599082197994,40.04822321794927
pca_100,poly,100,100,5,1000,0.47434373293071985,0.691532347118482,44.35715786693618
pca_100,poly,100,1000,1,1000,0.47433902393095195,0.735309342853725,29.3705344859045
pca_100,poly,100,1000,2,1000,0.47140205185860395,0.6307792810257524,21.7837788448669
pca_100,poly,100,1000,3,1000,0.47543927608057857,0.7105167650151998,29.012493734015152
pca_100,poly,100,1000,4,1000,0.4729791088029742,0.7760810982435942,40.194337939843535
pca_100,poly,100,1000,5,1000,0.47609901311807334,0.6958726830780506,43.38243730715476
pca_100,poly,1000,0.001,1,1000,0.47720196889713407,0.7301017590798438,31.60903377807699
pca_100,poly,1000,0.001,2,1000,0.4726577061228454,0.6509212178643793,21.982549180975184
pca_100,poly,1000,0.001,3,1000,0.47428232710808516,0.7288236268796027,30.234854409005493
pca_100,poly,1000,0.001,4,1000,0.4732469408772886,0.681341596879065,42.96104929293506
pca_100,poly,1000,0.001,5,1000,0.47414190298877656,0.7284450989682227,61.53568599000573
pca_100,poly,1000,0.01,1,1000,0.47784289810806513,0.7174753090366721,29.354229365941137
pca_100,poly,1000,0.01,2,1000,0.47241167398169637,0.6513680031057447,21.75937268603593
pca_100,poly,1000,0.01,3,1000,0.4744505430571735,0.7289984049275517,28.986554980045184
pca_100,poly,1000,0.01,4,1000,0.9126879679970443,4.28349635982886,78.92748343199492
pca_100,poly,1000,0.01,5,1000,0.9973843800835311,2.7320007449015975,84.9669285628479
pca_100,poly,1000,0.1,1,1000,0.8269791849888861,1.0002517020329833,37.76218800502829
pca_100,poly,1000,0.1,2,1000,1.200430516153574,7.045723835704848,36.06371566094458
pca_100,poly,1000,0.1,3,1000,1.1186959790065885,5.250452641164884,48.90785151277669
pca_100,poly,1000,0.1,4,1000,1.1166672569233924,5.123701200122014,67.1931672070641
pca_100,poly,1000,0.1,5,1000,0.9270654900465161,6.2553341700695455,56.899616529932246
pca_100,poly,1000,1,1,1000,0.7950990539975464,4.932897333987057,58.968020306900144
pca_100,poly,1000,1,2,1000,1.0424531039316207,2.279012813931331,44.784794595092535
pca_100,poly,1000,1,3,1000,0.6893225689418614,4.040676866658032,54.074611329939216
pca_100,poly,1000,1,4,1000,0.7723853630013764,6.556432515149936,73.82792861596681
pca_100,poly,1000,1,5,1000,1.6809743051417172,4.626647549914196,85.0155739618931
pca_100,poly,1000,10,1,1000,1.3951943579595536,3.9351500717457384,60.05113997193985
pca_100,poly,1000,10,2,1000,1.4721037410199642,2.9340887567959726,40.6034507160075
pca_100,poly,1000,10,3,1000,1.7118992488831282,4.149838267825544,55.90902557200752
pca_100,poly,1000,10,4,1000,1.9216842059977353,4.520174125907943,72.66231521801092
pca_100,poly,1000,10,5,1000,1.2405740020330995,3.8387810275889933,87.82016971893609
pca_100,poly,1000,100,1,1000,2.4085875009186566,4.276680381968617,55.002777309855446
pca_100,poly,1000,100,2,1000,1.6977952760644257,2.542581897927448,44.4227228469681
pca_100,poly,1000,100,3,1000,1.7491077180020511,3.5281350899022073,57.67788281803951
pca_100,poly,1000,100,4,1000,1.946277434937656,3.5540910200215876,79.17749681998976
pca_100,poly,1000,100,5,1000,1.6909946410451084,4.4722774010151625,87.29337731096894
pca_100,poly,1000,1000,1,1000,1.3974660758394748,3.8395949439145625,30.98101666290313
pca_100,poly,1000,1000,2,1000,0.6279025541152805,0.6436245408840477,21.73933338210918
pca_100,poly,1000,1000,3,1000,0.5350859069731086,0.7437874709721655,28.974950490053743
pca_100,poly,1000,1000,4,1000,0.4985067849047482,0.7320979929063469,39.697354290867224
pca_100,poly,1000,1000,5,1000,0.49098242283798754,0.7129733532201499,43.01665069302544
pca_200,poly,0.001,0.001,1,1000,0.49368852796033025,0.868201564066112,134.9658502091188
pca_200,poly,0.001,0.001,2,1000,0.5126541370991617,0.8514774620998651,135.47191004804336
pca_200,poly,0.001,0.001,3,1000,0.5111751488875598,0.856623857980594,135.9510889770463
pca_200,poly,0.001,0.001,4,1000,0.5073655410669744,0.8590339368674904,136.23466613795608
pca_200,poly,0.001,0.001,5,1000,0.508890851167962,0.8539252632763237,136.54407808114775
pca_200,poly,0.001,0.01,1,1000,0.4776022389996797,0.8515048341359943,134.82776215299964
pca_200,poly,0.001,0.01,2,1000,0.507348382147029,0.8646541668567806,135.32335324282758
pca_200,poly,0.001,0.01,3,1000,0.4944514730013907,0.8310084431432188,134.91673841606826
pca_200,poly,0.001,0.01,4,1000,0.5048701390624046,0.8533446139190346,132.12106809113175
pca_200,poly,0.001,0.01,5,1000,0.5074407260399312,0.8570817168802023,124.89541382505558
pca_200,poly,0.001,0.1,1,1000,0.5090964338742197,0.8538954579271376,108.04370675398968
pca_200,poly,0.001,0.1,2,1000,0.4765591809991747,0.8541525949258357,48.01612881803885
pca_200,poly,0.001,0.1,3,1000,0.4716353982221335,0.8687468450516462,52.24878655001521
pca_200,poly,0.001,0.1,4,1000,0.4693280518986285,0.8527561121154577,69.61557817808352
pca_200,poly,0.001,0.1,5,1000,0.47220276528969407,0.865304060978815,74.75634101685137
pca_200,poly,0.001,1,1,1000,0.4722431676927954,0.868575720814988,55.70778851816431
pca_200,poly,0.001,1,2,1000,0.5121420079376549,0.8670682341326028,35.50776834203862
pca_200,poly,0.001,1,3,1000,0.469432455021888,0.8554027397185564,52.07314826105721
pca_200,poly,0.001,1,4,1000,0.4705715070012957,0.851403767010197,69.55836474406533
pca_200,poly,0.001,1,5,1000,0.4765385612845421,0.8609402789734304,74.79610943701118
pca_200,poly,0.001,10,1,1000,0.47219240409322083,0.8686003061011434,35.96809719200246
pca_200,poly,0.001,10,2,1000,0.47462146705947816,0.8640973181463778,35.51084577711299
pca_200,poly,0.001,10,3,1000,0.4702813229523599,0.8517008847557008,52.06240254105069
pca_200,poly,0.001,10,4,1000,0.46994376415386796,0.8529569797683507,69.51288887811825
pca_200,poly,0.001,10,5,1000,0.47116878000088036,0.8694331010337919,74.75122363306582
pca_200,poly,0.001,100,1,1000,0.4738627942278981,0.8574552091304213,36.58872712100856
pca_200,poly,0.001,100,2,1000,0.5113021538127214,0.8608229870442301,35.47173616103828
pca_200,poly,0.001,100,3,1000,0.4716517978813499,0.845141566125676,52.017372536007315
pca_200,poly,0.001,100,4,1000,0.46969362115487456,0.845094604883343,69.52998192398809
pca_200,poly,0.001,100,5,1000,0.47373332222923636,0.8601533528417349,74.74842096911743
pca_200,poly,0.001,1000,1,1000,0.47201879508793354,0.8618805790320039,39.39947308599949
pca_200,poly,0.001,1000,2,1000,0.5066306230146438,0.8623257139697671,35.43727915012278
pca_200,poly,0.001,1000,3,1000,0.46983517007902265,0.842904336983338,52.07195543800481
pca_200,poly,0.001,1000,4,1000,0.4697854430414736,0.8477874340023845,69.57448937697336
pca_200,poly,0.001,1000,5,1000,0.47270013205707073,0.8598511791788042,74.28195952111855
pca_200,poly,0.01,0.001,1,1000,0.4728774100076407,0.8642262988723814,134.92840297194198
pca_200,poly,0.01,0.001,2,1000,0.4851802699267864,0.8425659299828112,135.49176115496084
pca_200,poly,0.01,0.001,3,1000,0.5100865289568901,0.8469240609556437,136.06917324196547
pca_200,poly,0.01,0.001,4,1000,0.4906043349765241,0.8275433639064431,136.5718654890079
pca_200,poly,0.01,0.001,5,1000,0.6584741740953177,0.8531586660537869,136.43113596504554
pca_200,poly,0.01,0.01,1,1000,0.57581642200239,0.8530657538212836,108.0751361718867
pca_200,poly,0.01,0.01,2,1000,0.5408970389980823,0.8785660592839122,100.5389579499606
pca_200,poly,0.01,0.01,3,1000,0.5297361630946398,0.8482056560460478,87.61775438394397
pca_200,poly,0.01,0.01,4,1000,0.5029213661327958,0.8403179380111396,90.50618562079035
pca_200,poly,0.01,0.01,5,1000,0.4995237879920751,0.8511480339802802,87.47880870802328
pca_200,poly,0.01,0.1,1,1000,0.552596498047933,0.8213277878239751,55.64806989300996
pca_200,poly,0.01,0.1,2,1000,0.5267255830112845,0.8418825878761709,36.56182310101576
pca_200,poly,0.01,0.1,3,1000,0.48122057295404375,0.8221041711512953,52.07551126694307
pca_200,poly,0.01,0.1,4,1000,0.47042839601635933,0.8370165582746267,69.57408404699527
pca_200,poly,0.01,0.1,5,1000,0.48005794920027256,0.8433326368685812,74.77030614996329
pca_200,poly,0.01,1,1,1000,0.47419044421985745,0.8403561196755618,35.96184345684014
pca_200,poly,0.01,1,2,1000,0.47274359688162804,0.8413396351970732,35.50615698983893
pca_200,poly,0.01,1,3,1000,0.47030437109060585,0.8291505719535053,52.12932554492727
pca_200,poly,0.01,1,4,1000,0.4793053090106696,0.8384314512368292,69.60221913899295
pca_200,poly,0.01,1,5,1000,0.4744318360462785,0.8468132617417723,74.8295500560198
pca_200,poly,0.01,10,1,1000,0.4745100671425462,0.8890772592276335,36.58442392782308
pca_200,poly,0.01,10,2,1000,0.4804017588030547,0.8470005781855434,35.47772136586718
pca_200,poly,0.01,10,3,1000,0.4696972130332142,0.8386452188715339,52.151097217109054
pca_200,poly,0.01,10,4,1000,0.46867585903964937,0.8418556719552726,69.5255214900244
pca_200,poly,0.01,10,5,1000,0.4725465720985085,0.8488302980549634,74.77662500902079
pca_200,poly,0.01,100,1,1000,0.47822052892297506,0.8471353349741548,39.29931384581141
pca_200,poly,0.01,100,2,1000,0.5011492781341076,0.8472631308250129,35.46497108414769
pca_200,poly,0.01,100,3,1000,0.47223481885157526,0.8411556929349899,52.39788927510381
pca_200,poly,0.01,100,4,1000,0.47225451609119773,0.8360430139582604,69.97272173315287
pca_200,poly,0.01,100,5,1000,0.4746842752210796,0.8648677060846239,75.26484395400621
pca_200,poly,0.01,1000,1,1000,0.47753096418455243,0.8627693699672818,39.70219262712635
pca_200,poly,0.01,1000,2,1000,0.5168723757378757,0.8718252808321267,35.73990174685605
pca_200,poly,0.01,1000,3,1000,0.4743880578316748,0.8497873961459845,52.45163137791678
pca_200,poly,0.01,1000,4,1000,0.47483210801146924,0.8498665951192379,69.94634545198642
pca_200,poly,0.01,1000,5,1000,0.5315181170590222,0.86312424717471,74.7815567010548
pca_200,poly,0.1,0.001,1,1000,0.47661949996836483,0.8661068847868592,108.75300058582798
pca_200,poly,0.1,0.001,2,1000,0.5009725028648973,0.8539330279454589,136.27907845005393
pca_200,poly,0.1,0.001,3,1000,0.5074931231793016,0.8547845927532762,136.56718594906852
pca_200,poly,0.1,0.001,4,1000,0.5059065469540656,0.8495701188221574,136.6817294131033
pca_200,poly,0.1,0.001,5,1000,0.514366164105013,0.8534573798533529,137.12502120784484
pca_200,poly,0.1,0.01,1,1000,0.5138471350073814,0.8529148001689464,56.014544217148796
pca_200,poly,0.1,0.01,2,1000,0.5055364358704537,0.8403206861112267,48.2984133688733
pca_200,poly,0.1,0.01,3,1000,0.4737157190684229,0.8340797189157456,56.353608106961474
pca_200,poly,0.1,0.01,4,1000,0.47629288397729397,0.8261359250172973,71.64127309201285
pca_200,poly,0.1,0.01,5,1000,0.5125683492515236,0.8254654461052269,75.55590532999486
pca_200,poly,0.1,0.1,1,1000,0.4755203721579164,0.8287426310125738,36.14068206795491
pca_200,poly,0.1,0.1,2,1000,0.4734393269754946,0.8268883929122239,35.682076137978584
pca_200,poly,0.1,0.1,3,1000,0.47510041389614344,0.8276823840569705,52.42665595887229
pca_200,poly,0.1,0.1,4,1000,0.47635787003673613,0.8231796019244939,69.97239381005056
pca_200,poly,0.1,0.1,5,1000,0.5044334293343127,0.8475337878335267,75.22285899985582
pca_200,poly,0.1,1,1,1000,0.4767905939370394,0.8484409379307181,36.796796922106296
pca_200,poly,0.1,1,2,1000,0.5115584461018443,0.8553014940116554,35.69011866603978
pca_200,poly,0.1,1,3,1000,0.4753173189237714,0.8460233639925718,52.38696117582731
pca_200,poly,0.1,1,4,1000,0.47663813713006675,0.8542877570725977,69.9374387699645
pca_200,poly,0.1,1,5,1000,0.4756151521578431,0.8479979622643441,75.20526684704237
pca_200,poly,0.1,10,1,1000,0.4773333661723882,0.8467358790803701,39.57148598693311
pca_200,poly,0.1,10,2,1000,0.5027727719862014,0.8449352728202939,35.68466493207961
pca_200,poly,0.1,10,3,1000,0.47658651787787676,0.8476842201780528,52.408933425787836
pca_200,poly,0.1,10,4,1000,0.47513718088157475,0.8497306688223034,69.94443393312395
pca_200,poly,0.1,10,5,1000,0.49185144784860313,0.8558031388092786,75.21432457794435
pca_200,poly,0.1,100,1,1000,0.47924420330673456,0.8546868802513927,39.65666679991409
pca_200,poly,0.1,100,2,1000,0.5028006082866341,0.853039313107729,35.63615984097123
pca_200,poly,0.1,100,3,1000,0.4741425341926515,0.8502910591196269,52.38464043289423
pca_200,poly,0.1,100,4,1000,0.48609986109659076,0.8498469891492277,69.99940360500477
pca_200,poly,0.1,100,5,1000,0.5022273648064584,0.8550429819151759,75.2077937789727
pca_200,poly,0.1,1000,1,1000,0.48167809401638806,0.8491462748497725,39.7361320159398
pca_200,poly,0.1,1000,2,1000,0.5134750090073794,0.8527123320382088,35.66506702802144
pca_200,poly,0.1,1000,3,1000,0.4841677669901401,0.8514161189086735,52.393474326934665
pca_200,poly,0.1,1000,4,1000,0.47484981594607234,0.8485361821949482,70.07461117114872
pca_200,poly,0.1,1000,5,1000,0.486240915954113,0.8520575652364641,74.75876643601805
pca_200,poly,1,0.001,1,1000,0.4737158708740026,0.8517558588646352,56.06671106698923
pca_200,poly,1,0.001,2,1000,0.4734200919046998,0.850778138032183,101.21376949804835
pca_200,poly,1,0.001,3,1000,0.5168994090054184,0.8443761370144784,135.89590401691385
pca_200,poly,1,0.001,4,1000,0.5160788439679891,0.8419975230935961,136.69439488020726
pca_200,poly,1,0.001,5,1000,0.5250001118984073,0.8516584236640483,137.05830531893298
pca_200,poly,1,0.01,1,1000,0.5293155801482499,0.8318183808587492,36.154248559847474
pca_200,poly,1,0.01,2,1000,0.47842876985669136,0.8580136131495237,36.72916859202087
pca_200,poly,1,0.01,3,1000,0.4785086738411337,0.848296029958874,52.456759931053966
pca_200,poly,1,0.01,4,1000,0.48909614118747413,0.8524899668991566,69.98317160014994
pca_200,poly,1,0.01,5,1000,0.47741007688455284,0.8500556768849492,75.17546964110807
pca_200,poly,1,0.1,1,1000,0.47787819895893335,0.8502284749411047,36.77502709184773
pca_200,poly,1,0.1,2,1000,0.48893487313762307,0.8419154279399663,35.873383801896125
pca_200,poly,1,0.1,3,1000,0.4797478977125138,0.8447186790872365,52.415630070026964
pca_200,poly,1,0.1,4,1000,0.48998959292657673,0.8427966949529946,70.07466389518231
pca_200,poly,1,0.1,5,1000,0.5123521559871733,0.8455941698048264,75.2435088059865
pca_200,poly,1,1,1,1000,0.47759750485420227,0.8306410519871861,39.62942701205611
pca_200,poly,1,1,2,1000,0.5136793567799032,0.8314190059900284,35.69706593081355
pca_200,poly,1,1,3,1000,0.4788893349468708,0.8268126000184566,52.41078527411446
pca_200,poly,1,1,4,1000,0.4777114689350128,0.8233743780292571,70.01167404302396
pca_200,poly,1,1,5,1000,0.4894014180172235,0.8186093801632524,75.18758569587953
pca_200,poly,1,10,1,1000,0.4765570559538901,0.8202267230954021,39.67907454492524
pca_200,poly,1,10,2,1000,0.524986918317154,0.8211233511101454,35.6245221439749
pca_200,poly,1,10,3,1000,0.47941138013266027,0.8548720399849117,52.43389164702967
pca_200,poly,1,10,4,1000,0.4758253169711679,0.911471966188401,69.96950291492976
pca_200,poly,1,10,5,1000,0.4873189053032547,0.8491816020105034,75.25321256485768
pca_200,poly,1,100,1,1000,0.47647495521232486,0.8348206451628357,39.95493491389789
pca_200,poly,1,100,2,1000,0.480004500830546,0.83101128321141,35.96465914696455
pca_200,poly,1,100,3,1000,0.4903881831560284,0.8339602709747851,52.762046112213284
pca_200,poly,1,100,4,1000,0.48979828995652497,0.8487661860417575,70.53241887199692
pca_200,poly,1,100,5,1000,0.4841188951395452,0.8559037942904979,75.70453884801827
pca_200,poly,1,1000,1,1000,0.4759101150557399,0.8463499827776104,40.04890055092983
pca_200,poly,1,1000,2,1000,0.5193057979922742,0.8512729471549392,35.90183692006394
pca_200,poly,1,1000,3,1000,0.4789321650750935,0.8436582030262798,52.90041593578644
pca_200,poly,1,1000,4,1000,0.48786682495847344,0.8495900020934641,70.4444873619359
pca_200,poly,1,1000,5,1000,0.5040144100785255,0.8467116162646562,75.28664843714796
pca_200,poly,10,0.001,1,1000,0.47598801809363067,0.850931138265878,36.3668852718547
pca_200,poly,10,0.001,2,1000,0.47851427900604904,0.8518280140124261,48.56093867192976
pca_200,poly,10,0.001,3,1000,0.4890857881400734,0.852462715934962,88.80208928696811
pca_200,poly,10,0.001,4,1000,0.5260701240040362,0.8475035391747952,133.93600376485847
pca_200,poly,10,0.001,5,1000,0.49624897609464824,0.8483234411105514,136.1449734258931
pca_200,poly,10,0.01,1,1000,0.4924299290869385,0.8518480430357158,36.9620049179066
pca_200,poly,10,0.01,2,1000,0.4889855058863759,0.8454320621676743,35.9277507357765
pca_200,poly,10,0.01,3,1000,0.4895100959111005,0.851084286114201,52.82402575598098
pca_200,poly,10,0.01,4,1000,0.489064936991781,0.8579635869245976,70.45099981292151
pca_200,poly,10,0.01,5,1000,0.475815846119076,0.8577593669760972,75.97137307701632
pca_200,poly,10,0.1,1,1000,0.4756333651021123,0.847416187170893,39.811544383876026
pca_200,poly,10,0.1,2,1000,0.47440160624682903,0.84068444208242,35.96463655191474
pca_200,poly,10,0.1,3,1000,0.47520476789213717,0.8465646270196885,52.74890785594471
pca_200,poly,10,0.1,4,1000,0.4745163940824568,0.8439114401116967,70.4698535259813
pca_200,poly,10,0.1,5,1000,0.4789638889487833,0.8511858859565109,75.79410655191168
pca_200,poly,10,1,1,1000,0.4754534079693258,0.8499794600065798,40.04416664596647
pca_200,poly,10,1,2,1000,0.5154537816997617,0.8499788888730109,35.92346799210645
pca_200,poly,10,1,3,1000,0.47512182011269033,0.8536492800340056,52.83896741690114
pca_200,poly,10,1,4,1000,0.481756750959903,0.8554962419439107,70.42522976105101
pca_200,poly,10,1,5,1000,0.4746026222128421,0.8501825218554586,75.74918894795701
pca_200,poly,10,10,1,1000,0.4764706122223288,0.8467400569934398,39.96518296794966
pca_200,poly,10,10,2,1000,0.48052080092020333,0.8491929129231721,35.89118794398382
pca_200,poly,10,10,3,1000,0.48479288490489125,0.8456419019494206,52.76400679000653
pca_200,poly,10,10,4,1000,0.477493898011744,0.8431948448996991,70.57190267089754
pca_200,poly,10,10,5,1000,0.47839506226591766,0.889019588008523,75.67585770506412
pca_200,poly,10,100,1,1000,0.47430059197358787,0.8402323711197823,39.93297431990504
pca_200,poly,10,100,2,1000,0.5028735199011862,0.8461714419536293,35.924762344919145
pca_200,poly,10,100,3,1000,0.4757532989606261,0.8436697339639068,52.92555355303921
pca_200,poly,10,100,4,1000,0.4873112221248448,0.8487378598656505,70.48209399310872
pca_200,poly,10,100,5,1000,0.5140195360872895,0.9004977240692824,75.73240075702779
pca_200,poly,10,1000,1,1000,0.47440382884815335,0.8490895801223814,40.020041449926794
pca_200,poly,10,1000,2,1000,0.5039331032894552,0.8510729509871453,35.891446269117296
pca_200,poly,10,1000,3,1000,0.4932728810235858,0.8537008550483733,52.78496130811982
pca_200,poly,10,1000,4,1000,0.48574836878106,0.8521256858948618,70.43032701406628
pca_200,poly,10,1000,5,1000,0.4793864609673619,0.8480354819912463,75.57912192190997
pca_200,poly,100,0.001,1,1000,0.47514072619378567,0.8289017537608743,37.01911049592309
pca_200,poly,100,0.001,2,1000,0.5119165901560336,0.8489746730774641,36.95975209912285
pca_200,poly,100,0.001,3,1000,0.4750074278563261,0.8480827719904482,56.74106782209128
pca_200,poly,100,0.001,4,1000,0.48702444112859666,0.8457887710537761,91.74894749489613
pca_200,poly,100,0.001,5,1000,0.5137254840228707,0.8410344233270735,126.66093123401515
pca_200,poly,100,0.01,1,1000,0.520020849769935,0.8555859909392893,39.87762795598246
pca_200,poly,100,0.01,2,1000,0.5137035369407386,0.8567091610748321,35.930220023030415
pca_200,poly,100,0.01,3,1000,0.48874794808216393,0.849835247034207,52.80452135507949
pca_200,poly,100,0.01,4,1000,0.4778844299726188,0.8489826847799122,70.45395303401165
pca_200,poly,100,0.01,5,1000,0.4756758220028132,0.8771148398518562,75.6938052799087
pca_200,poly,100,0.1,1,1000,0.47537948191165924,0.846012402093038,39.92625949694775
pca_200,poly,100,0.1,2,1000,0.5036760210059583,0.8492472600191832,35.953494881046936
pca_200,poly,100,0.1,3,1000,0.4872428998351097,0.8481859099119902,52.76735063805245
pca_200,poly,100,0.1,4,1000,0.48458039201796055,0.8507381130475551,70.49764579581097
pca_200,poly,100,0.1,5,1000,0.5139032630249858,0.916338998125866,75.74748229095712
pca_200,poly,100,1,1,1000,0.4761381121352315,0.8519222398754209,40.04143803799525
pca_200,poly,100,1,2,1000,0.507951851002872,0.85148705705069,35.93226702907123
pca_200,poly,100,1,3,1000,0.4816669092979282,0.8476222509052604,52.728288650047034
pca_200,poly,100,1,4,1000,0.4875071528367698,0.8470715289004147,70.48760101408698
pca_200,poly,100,1,5,1000,0.5127164837904274,0.8500498689245433,75.80015574092977
pca_200,poly,100,10,1,1000,0.4764600007329136,0.8500028580892831,39.98617320507765
pca_200,poly,100,10,2,1000,0.5144299871753901,0.8562002070248127,35.91648155194707
pca_200,poly,100,10,3,1000,0.47576645808294415,0.8503384510986507,52.83022628584877
pca_200,poly,100,10,4,1000,0.4750684618484229,0.8510261729825288,70.46341603784822
pca_200,poly,100,10,5,1000,0.47679898515343666,0.8499523762147874,75.70979931415059
pca_200,poly,100,100,1,1000,0.4752281680703163,0.8477004368323833,39.94112537615001
pca_200,poly,100,100,2,1000,0.5536438908893615,0.861654207110405,35.94382313801907
pca_200,poly,100,100,3,1000,0.47792850784026086,0.8662562731187791,52.76675502001308
pca_200,poly,100,100,4,1000,0.47433542483486235,0.8429466020315886,70.5153082839679
pca_200,poly,100,100,5,1000,0.5148455870803446,0.8564854338765144,75.77073001884855
pca_200,poly,100,1000,1,1000,0.4869889388792217,0.8543396901804954,40.02193184988573
pca_200,poly,100,1000,2,1000,0.47802191413939,0.86093486007303,35.94781218399294
pca_200,poly,100,1000,3,1000,0.4755548380780965,0.8435529340058565,52.77951063401997
pca_200,poly,100,1000,4,1000,0.47380799730308354,0.8453462738543749,70.41136017302051
pca_200,poly,100,1000,5,1000,0.5140868851449341,0.8849534313194454,75.25901783304289
pca_200,poly,1000,0.001,1,1000,0.4797500451095402,0.8573259811382741,39.94651515991427
pca_200,poly,1000,0.001,2,1000,0.47731467499397695,0.8725123840849847,35.93537539499812
pca_200,poly,1000,0.001,3,1000,0.4760494821239263,0.8515145389828831,52.80109982518479
pca_200,poly,1000,0.001,4,1000,0.4854133708868176,0.847687603905797,72.03917081095278
pca_200,poly,1000,0.001,5,1000,0.5188040130306035,0.8633514491375536,88.67241175891832
pca_200,poly,1000,0.01,1,1000,0.5179667770862579,0.8457546969875693,39.98900060215965
pca_200,poly,1000,0.01,2,1000,0.5196766860317439,0.8608869982417673,35.929145846981555
pca_200,poly,1000,0.01,3,1000,0.47513030702248216,0.8446811959147453,52.777435855939984
pca_200,poly,1000,0.01,4,1000,0.474593891762197,0.8504668970126659,69.50128458696418
pca_200,poly,1000,0.01,5,1000,0.4718571128323674,0.8519281970802695,74.72748336894438
pca_200,poly,1000,0.1,1,1000,0.47285764710977674,0.8628731770440936,39.46353559801355
pca_200,poly,1000,0.1,2,1000,0.5062508850824088,0.8598772620316595,35.49127102899365
pca_200,poly,1000,0.1,3,1000,0.46621808409690857,0.855805171886459,52.084870318183675
pca_200,poly,1000,0.1,4,1000,0.46816441928967834,0.8475256857927889,69.50125750503503
pca_200,poly,1000,0.1,5,1000,0.4698503587860614,0.8563251988962293,74.78303046990186
pca_200,poly,1000,1,1,1000,0.4750785620417446,0.8574361570645124,39.5574840339832
pca_200,poly,1000,1,2,1000,0.5120075799059123,0.8594351699575782,35.49427359900437
pca_200,poly,1000,1,3,1000,0.46886939206160605,0.8448009167332202,52.10522233694792
pca_200,poly,1000,1,4,1000,0.4676728988997638,0.8504507229663432,69.53975974908099
pca_200,poly,1000,1,5,1000,0.4704791789408773,0.8607700450811535,74.78366767405532
pca_200,poly,1000,10,1,1000,0.4730269140563905,0.861980315996334,39.463106129085645
pca_200,poly,1000,10,2,1000,0.5083464682102203,0.8615049389190972,35.49222834012471
pca_200,poly,1000,10,3,1000,0.4696321180090308,0.8491837061010301,52.08490508282557
pca_200,poly,1000,10,4,1000,0.4690634480211884,0.8442130140028894,69.5058002450969
pca_200,poly,1000,10,5,1000,0.47340896003879607,0.8624894078820944,74.77267609909177
pca_200,poly,1000,100,1,1000,0.47199788386933506,0.8625556027982384,39.461714922916144
pca_200,poly,1000,100,2,1000,0.5092100680340081,0.895376357017085,35.499031831044704
pca_200,poly,1000,100,3,1000,0.4706880431622267,0.8519380111247301,52.02741009602323
pca_200,poly,1000,100,4,1000,0.4679455170407891,0.8576570439618081,69.55035126092844
pca_200,poly,1000,100,5,1000,0.47129670809954405,0.861515911994502,74.77590359491296
pca_200,poly,1000,1000,1,1000,0.47387143108062446,0.8510169698856771,39.54121037200093
pca_200,poly,1000,1000,2,1000,0.5082723868545145,0.860548562835902,35.453533133957535
pca_200,poly,1000,1000,3,1000,0.46856564097106457,0.8440454588271677,52.07338692015037
pca_200,poly,1000,1000,4,1000,0.4695524007547647,0.8359201669227332,69.5553785781376
pca_200,poly,1000,1000,5,1000,0.4838820160366595,0.8672844909597188,74.32089644181542
lda,poly,0.001,0.001,1,1000,0.5119818120729178,5.026815106859431,23.625953265931457
lda,poly,0.001,0.001,2,1000,0.4725693438667804,4.561399636790156,23.879064484965056
lda,poly,0.001,0.001,3,1000,0.47240230184979737,4.424269940005615,24.02857831097208
lda,poly,0.001,0.001,4,1000,0.4731731640640646,4.3659260449931026,24.251113378908485
lda,poly,0.001,0.001,5,1000,0.4709045097697526,4.386498567182571,24.440254854038358
lda,poly,0.001,0.01,1,1000,0.4703090488910675,4.388537178980187,23.380899363895878
lda,poly,0.001,0.01,2,1000,0.47209595795720816,4.382566979387775,23.854495744919404
lda,poly,0.001,0.01,3,1000,0.47325268387794495,4.3622622028924525,24.012712662108243
lda,poly,0.001,0.01,4,1000,0.47156700887717307,4.3903069391380996,24.237162959063426
lda,poly,0.001,0.01,5,1000,0.4702620201278478,4.366508463863283,24.43149540387094
lda,poly,0.001,0.1,1,1000,0.47221907787024975,4.4065753382164985,23.48095256695524
lda,poly,0.001,0.1,2,1000,0.4746060019824654,4.419935778714716,24.0454001580365
lda,poly,0.001,0.1,3,1000,0.4759264150634408,4.404622206930071,24.18772657890804
lda,poly,0.001,0.1,4,1000,0.47420264477841556,4.388635001843795,24.465603662887588
lda,poly,0.001,0.1,5,1000,0.47444954398088157,4.431693562073633,24.314846304012462
lda,poly,0.001,1,1,1000,0.47503455076366663,4.408160974038765,15.55505571491085
lda,poly,0.001,1,2,1000,0.4763451099861413,4.396382885053754,14.896679671946913
lda,poly,0.001,1,3,1000,0.47627508803270757,4.433871703920886,8.272422819864005
lda,poly,0.001,1,4,1000,0.4759339219890535,4.431576984934509,8.625690760090947
lda,poly,0.001,1,5,1000,0.47351329773664474,4.407220668159425,7.183715178864077
lda,poly,0.001,10,1,1000,0.4711193630937487,4.386245473986492,10.443301148014143
lda,poly,0.001,10,2,1000,0.4746333861257881,4.3593270720448345,9.895016995025799
lda,poly,0.001,10,3,1000,0.47545631835237145,4.388427248224616,6.159610433038324
lda,poly,0.001,10,4,1000,0.47429114393889904,4.3464152798987925,7.467387042939663
lda,poly,0.001,10,5,1000,0.4715814800001681,4.387626985786483,7.008489007130265
lda,poly,0.001,100,1,1000,0.47070438507944345,4.359394939849153,9.665476524969563
lda,poly,0.001,100,2,1000,0.47521215910091996,4.376872000051662,8.709398691076785
lda,poly,0.001,100,3,1000,0.4732876291964203,4.404727047076449,6.065778707154095
lda,poly,0.001,100,4,1000,0.47221868112683296,4.334834028966725,7.460735474014655
lda,poly,0.001,100,5,1000,0.47095125587657094,4.3462783948052675,7.026710198959336
lda,poly,0.001,1000,1,1000,0.4724898929707706,4.3712172319646925,7.373905950924382
lda,poly,0.001,1000,2,1000,0.47073288285173476,4.377943662926555,8.531753577990457
lda,poly,0.001,1000,3,1000,0.47315566102042794,4.376318977912888,6.062096254900098
lda,poly,0.001,1000,4,1000,0.47205615509301424,4.393785475986078,7.481471366947517
lda,poly,0.001,1000,5,1000,0.4709424860775471,4.367750450968742,7.021036099875346
lda,poly,0.01,0.001,1,1000,0.4716274819802493,4.3798892989289016,23.530775118852034
lda,poly,0.01,0.001,2,1000,0.47469711326994,4.40076116216369,24.028086874168366
lda,poly,0.01,0.001,3,1000,0.47525096707977355,4.36492431210354,24.192208267981187
lda,poly,0.01,0.001,4,1000,0.474066989030689,4.397523119114339,24.403633506037295
lda,poly,0.01,0.001,5,1000,0.4742467019241303,4.45592166017741,24.592860480071977
lda,poly,0.01,0.01,1,1000,0.47481004521250725,4.4175000169780105,23.48561999714002
lda,poly,0.01,0.01,2,1000,0.4734435670543462,4.401873274007812,24.045988616067916
lda,poly,0.01,0.01,3,1000,0.47421072609722614,4.412626319099218,24.18018009304069
lda,poly,0.01,0.01,4,1000,0.47559864702634513,4.356619225116447,24.414729985874146
lda,poly,0.01,0.01,5,1000,0.4753280431032181,4.454160521971062,24.61419051885605
lda,poly,0.01,0.1,1,1000,0.47378726000897586,4.400161576922983,15.566527417860925
lda,poly,0.01,0.1,2,1000,0.4739827620796859,4.380602710181847,20.34717348194681
lda,poly,0.01,0.1,3,1000,0.47373622679151595,4.407685080775991,18.33911103499122
lda,poly,0.01,0.1,4,1000,0.4742299788631499,4.440596524858847,20.390848665032536
lda,poly,0.01,0.1,5,1000,0.47505085705779493,4.410966631257907,19.23329890985042
lda,poly,0.01,1,1,1000,0.474547429010272,4.407511441037059,10.44600059906952
lda,poly,0.01,1,2,1000,0.4782093018293381,4.482260379940271,12.051872838987038
lda,poly,0.01,1,3,1000,0.47700866498053074,4.413648860063404,6.479711964959279
lda,poly,0.01,1,4,1000,0.4706984630320221,4.338977293809876,8.00976978498511
lda,poly,0.01,1,5,1000,0.4721231779549271,4.37767257890664,7.085380644071847
lda,poly,0.01,10,1,1000,0.4701256339903921,4.382693759165704,9.701862193178385
lda,poly,0.01,10,2,1000,0.47537695267237723,4.405450542224571,9.169219438917935
lda,poly,0.01,10,3,1000,0.4708090079948306,4.463894449872896,6.0993426269851625
lda,poly,0.01,10,4,1000,0.47179619688540697,4.391424074070528,7.492443070979789
lda,poly,0.01,10,5,1000,0.4709677479695529,4.424823097884655,7.030810922151431
lda,poly,0.01,100,1,1000,0.47140919091179967,4.396115808049217,7.378103491850197
lda,poly,0.01,100,2,1000,0.469947072211653,4.394247539807111,8.55438687489368
lda,poly,0.01,100,3,1000,0.4746772958897054,4.465864963829517,6.08956682193093
lda,poly,0.01,100,4,1000,0.4706258438527584,4.377359166741371,7.428603019099683
lda,poly,0.01,100,5,1000,0.4713304729666561,4.382623338140547,7.035086680902168
lda,poly,0.01,1000,1,1000,0.47007687389850616,4.366160064004362,5.3712514040526
lda,poly,0.01,1000,2,1000,0.4702235257718712,4.457679203944281,8.545252266107127
lda,poly,0.01,1000,3,1000,0.4696509831119329,4.372305019991472,6.095956258010119
lda,poly,0.01,1000,4,1000,0.46938210912048817,4.364753923146054,7.495023130904883
lda,poly,0.01,1000,5,1000,0.4703082307241857,4.426596160046756,7.041056105867028
lda,poly,0.1,0.001,1,1000,0.4745626950170845,4.372288956074044,23.479971332941204
lda,poly,0.1,0.001,2,1000,0.47288141609169543,4.446623940952122,24.05323350406252
lda,poly,0.1,0.001,3,1000,0.47306443215347826,4.379015376791358,24.19362129899673
lda,poly,0.1,0.001,4,1000,0.47476923326030374,4.387556812958792,24.440589898033068
lda,poly,0.1,0.001,5,1000,0.47404733998700976,4.455668893875554,24.617754777893424
lda,poly,0.1,0.01,1,1000,0.47314685699529946,4.3750817477703094,15.556902802083641
lda,poly,0.1,0.01,2,1000,0.4756634009536356,4.424962511053309,24.074552234029397
lda,poly,0.1,0.01,3,1000,0.473912043729797,4.39266403997317,24.21290598390624
lda,poly,0.1,0.01,4,1000,0.47606951696798205,4.43045306019485,24.481583808083087
lda,poly,0.1,0.01,5,1000,0.4746563187800348,4.425720951054245,24.626594598870724
lda,poly,0.1,0.1,1,1000,0.4749099991749972,4.379880562890321,10.455281540052965
lda,poly,0.1,0.1,2,1000,0.4770397418178618,4.460250511998311,14.914559758035466
lda,poly,0.1,0.1,3,1000,0.47452158806845546,4.455122506944463,11.889768122928217
lda,poly,0.1,0.1,4,1000,0.47533735376782715,4.407868291949853,15.141019094968215
lda,poly,0.1,0.1,5,1000,0.47495165979489684,4.407654147827998,13.387733909999952
lda,poly,0.1,1,1,1000,0.47340371063910425,4.4482031050138175,9.691904274048284
lda,poly,0.1,1,2,1000,0.4749718327075243,4.4401895040646195,9.877301754895598
lda,poly,0.1,1,3,1000,0.4736345128621906,4.422209333162755,6.106525374110788
lda,poly,0.1,1,4,1000,0.47476867819204926,4.3959536091424525,7.659631463000551
lda,poly,0.1,1,5,1000,0.4723869920708239,4.41918501094915,7.028779621003196
lda,poly,0.1,10,1,1000,0.47550512896850705,4.367443718016148,7.368384905857965
lda,poly,0.1,10,2,1000,0.47180681792087853,4.37769519421272,8.67275792080909
lda,poly,0.1,10,3,1000,0.47300587221980095,4.380508684786037,6.071882972959429
lda,poly,0.1,10,4,1000,0.4718170010019094,4.412160287844017,7.4624124160036445
lda,poly,0.1,10,5,1000,0.4719933259766549,4.367549824062735,7.01187042798847
lda,poly,0.1,100,1,1000,0.4707376698497683,4.395840634126216,5.3512433830183
lda,poly,0.1,100,2,1000,0.472541063092649,4.40426521608606,8.543075842084363
lda,poly,0.1,100,3,1000,0.47200965299271047,4.370093978010118,6.072760801995173
lda,poly,0.1,100,4,1000,0.4709657181520015,4.401754783000797,7.460575611097738
lda,poly,0.1,100,5,1000,0.47179673006758094,4.4259850739035755,7.020446991082281
lda,poly,0.1,1000,1,1000,0.472675098804757,4.359391301870346,4.972414402989671
lda,poly,0.1,1000,2,1000,0.4712883459869772,4.44810578180477,8.534113983856514
lda,poly,0.1,1000,3,1000,0.47216685907915235,4.368780743796378,6.0594337831716985
lda,poly,0.1,1000,4,1000,0.47150253993459046,4.3808834152296185,7.487165752798319
lda,poly,0.1,1000,5,1000,0.47130265086889267,4.350958582945168,7.024036166956648
lda,poly,1,0.001,1,1000,0.46957050706259906,4.378888929961249,15.550094014033675
lda,poly,1,0.001,2,1000,0.47385490010492504,4.426250085933134,24.08010131190531
lda,poly,1,0.001,3,1000,0.47486703121103346,4.412387351039797,24.203362233005464
lda,poly,1,0.001,4,1000,0.47424985375255346,4.403916138224304,24.44575852784328
lda,poly,1,0.001,5,1000,0.47409971011802554,4.408974230056629,24.61373838293366
lda,poly,1,0.01,1,1000,0.47356360289268196,4.394139441894367,10.455299813998863
lda,poly,1,0.01,2,1000,0.47596395784057677,4.393734197830781,20.366288823075593
lda,poly,1,0.01,3,1000,0.47293519764207304,4.41296913404949,24.19139615702443
lda,poly,1,0.01,4,1000,0.47364861494861543,4.402794044930488,24.419466978870332
lda,poly,1,0.01,5,1000,0.4761469441000372,4.376095999963582,24.579658986069262
lda,poly,1,0.1,1,1000,0.4754365999251604,4.440708826063201,9.69095292990096
lda,poly,1,0.1,2,1000,0.4756173079367727,4.420331934001297,12.072062582010403
lda,poly,1,0.1,3,1000,0.4754174288827926,4.391361428890377,8.336320150876418
lda,poly,1,0.1,4,1000,0.47512159193865955,4.399681159760803,10.842096951091662
lda,poly,1,0.1,5,1000,0.475133836036548,4.423147128894925,9.218577748863026
lda,poly,1,1,1,1000,0.476450010901317,4.421841917093843,7.424479485955089
lda,poly,1,1,2,1000,0.4734992969315499,4.357979152817279,9.152576217893511
lda,poly,1,1,3,1000,0.4722661201376468,4.431768155889586,6.091755489818752
lda,poly,1,1,4,1000,0.4712937898002565,4.386744220973924,7.487578024156392
lda,poly,1,1,5,1000,0.47262861696071923,4.41878327797167,7.025882921880111
lda,poly,1,10,1,1000,0.4713272948283702,4.4106596312485635,5.345231389161199
lda,poly,1,10,2,1000,0.4753295180853456,4.425745292101055,8.539289388805628
lda,poly,1,10,3,1000,0.4732733068522066,4.378195245983079,6.082556733163074
lda,poly,1,10,4,1000,0.47429359098896384,4.424859433667734,7.465770761016756
lda,poly,1,10,5,1000,0.4735195527318865,4.4250738739501685,7.016679493943229
lda,poly,1,100,1,1000,0.4793485200498253,4.4627297362312675,4.974936647107825
lda,poly,1,100,2,1000,0.47295837802812457,4.394455027068034,8.55788160301745
lda,poly,1,100,3,1000,0.47250843001529574,4.413202141178772,6.078982887789607
lda,poly,1,100,4,1000,0.47249270509928465,4.397925817174837,7.4745151528622955
lda,poly,1,100,5,1000,0.4712145789526403,4.422403702046722,7.027486279141158
lda,poly,1,1000,1,1000,0.4706464388873428,4.40675817290321,4.950756049016491
lda,poly,1,1000,2,1000,0.47287916601635516,4.422838426893577,8.53708481695503
lda,poly,1,1000,3,1000,0.4727727610152215,4.3842904809862375,6.065521055134013
lda,poly,1,1000,4,1000,0.47266620001755655,4.44285528617911,7.480197330005467
lda,poly,1,1000,5,1000,0.4735470910090953,4.470192380947992,7.026990927057341
lda,poly,10,0.001,1,1000,0.47075930004939437,4.3990419988986105,10.44614707492292
lda,poly,10,0.001,2,1000,0.47495743981562555,4.409246531082317,24.143857916118577
lda,poly,10,0.001,3,1000,0.4743449450470507,4.432576123857871,24.24658612906933
lda,poly,10,0.001,4,1000,0.47352202027104795,4.441257803002372,24.456867075990885
lda,poly,10,0.001,5,1000,0.4732355820015073,4.4007496510166675,24.634082957170904
lda,poly,10,0.01,1,1000,0.4749991470016539,4.3921227739192545,9.700784588931128
lda,poly,10,0.01,2,1000,0.474985855165869,4.439498776104301,14.916124466108158
lda,poly,10,0.01,3,1000,0.4736338632646948,4.375527172116563,18.342696256004274
lda,poly,10,0.01,4,1000,0.4739786956924945,4.401848400942981,24.502442535944283
lda,poly,10,0.01,5,1000,0.4762914839666337,4.39320178097114,24.628305769059807
lda,poly,10,0.1,1,1000,0.47461178502999246,4.371038442011923,7.4071065951138735
lda,poly,10,0.1,2,1000,0.47387757105752826,4.368584262905642,9.894930108916014
lda,poly,10,0.1,3,1000,0.47565019386820495,4.427649612072855,6.487095362041146
lda,poly,10,0.1,4,1000,0.472492785891518,4.409854260040447,8.572744101053104
lda,poly,10,0.1,5,1000,0.4722003717906773,4.413988017942756,7.469923038035631
lda,poly,10,1,1,1000,0.4704234590753913,4.4038244700059295,5.340665912954137
lda,poly,10,1,2,1000,0.4693281219806522,4.380021927878261,8.622995384037495
lda,poly,10,1,3,1000,0.4689399639610201,4.3640877802390605,6.043235729914159
lda,poly,10,1,4,1000,0.4697282570414245,4.37445655814372,7.421729683177546
lda,poly,10,1,5,1000,0.4685165269766003,4.345569010125473,6.973977784160525
lda,poly,10,10,1,1000,0.4683882191311568,4.4025243748910725,4.939637196948752
lda,poly,10,10,2,1000,0.471303089056164,4.373108536936343,8.467103014932945
lda,poly,10,10,3,1000,0.4718838839326054,4.4058120609261096,6.051028472837061
lda,poly,10,10,4,1000,0.4700558839831501,4.386369623942301,7.414962122915313
lda,poly,10,10,5,1000,0.4687582291662693,4.396515201078728,6.988213047152385
lda,poly,10,100,1,1000,0.4689589920453727,4.391373653896153,4.916229689959437
lda,poly,10,100,2,1000,0.4693285699468106,4.38558752508834,8.480217489879578
lda,poly,10,100,3,1000,0.4699917249381542,4.373315148986876,6.035394588951021
lda,poly,10,100,4,1000,0.4697239559609443,4.3699903197120875,7.419329529860988
lda,poly,10,100,5,1000,0.47253129887394607,4.384180027060211,6.987897629849613
lda,poly,10,1000,1,1000,0.4678309147711843,4.386170689947903,4.9207358008716255
lda,poly,10,1000,2,1000,0.470885818824172,4.451969755813479,8.469533381052315
lda,poly,10,1000,3,1000,0.4707031389698386,4.436907859053463,6.031193192116916
lda,poly,10,1000,4,1000,0.4710524408146739,4.376874828245491,7.4411885619629174
lda,poly,10,1000,5,1000,0.4709777410607785,4.485239588888362,6.991374169010669
lda,poly,100,0.001,1,1000,0.4722786331549287,4.374077634885907,9.6306086180266
lda,poly,100,0.001,2,1000,0.4725572210736573,4.418921246193349,20.200411038007587
lda,poly,100,0.001,3,1000,0.4711470289621502,4.400043939007446,24.058994743041694
lda,poly,100,0.001,4,1000,0.4722246660385281,4.450919202063233,24.24014551495202
lda,poly,100,0.001,5,1000,0.47197287203744054,4.405733051709831,24.423116656951606
lda,poly,100,0.01,1,1000,0.47303655417636037,4.372612999752164,7.3488712860271335
lda,poly,100,0.01,2,1000,0.470824739895761,4.386922272853553,11.935903059085831
lda,poly,100,0.01,3,1000,0.47362995869480073,4.381516225868836,11.895532299997285
lda,poly,100,0.01,4,1000,0.4731601462699473,4.40270513901487,20.256832868093625
lda,poly,100,0.01,5,1000,0.4723800492938608,4.415923399850726,24.166577188996598
lda,poly,100,0.1,1,1000,0.4717168831266463,4.408308807993308,5.390590541064739
lda,poly,100,0.1,2,1000,0.47350558592006564,4.378221177030355,9.128599941032007
lda,poly,100,0.1,3,1000,0.46808339725248516,4.40794230112806,6.052301828050986
lda,poly,100,0.1,4,1000,0.4694947360549122,4.382293119095266,7.954170471988618
lda,poly,100,0.1,5,1000,0.4694513420108706,4.367164591094479,7.076498599955812
lda,poly,100,1,1,1000,0.46975604607723653,4.3695883948821574,4.93491926882416
lda,poly,100,1,2,1000,0.47315944894216955,4.38885403983295,8.464926486136392
lda,poly,100,1,3,1000,0.4689474469050765,4.397568599320948,6.037423097062856
lda,poly,100,1,4,1000,0.46920817717909813,4.359287772793323,7.430901147890836
lda,poly,100,1,5,1000,0.46754147997125983,4.385418419959024,6.979615397052839
lda,poly,100,10,1,1000,0.4697968568652868,4.355373286176473,4.910849926061928
lda,poly,100,10,2,1000,0.4713780260644853,4.397530994843692,8.471090783830732
lda,poly,100,10,3,1000,0.46841874113306403,4.379060185048729,6.039579230127856
lda,poly,100,10,4,1000,0.4704491642769426,4.39649371500127,7.420191563200206
lda,poly,100,10,5,1000,0.46988464426249266,4.3856264252681285,6.979386139893904
lda,poly,100,100,1,1000,0.47131782677024603,4.3494071969762444,4.91321928310208
lda,poly,100,100,2,1000,0.47275909478776157,4.408758997917175,8.517410937929526
lda,poly,100,100,3,1000,0.4718479970470071,4.373149099294096,6.0407161940820515
lda,poly,100,100,4,1000,0.47045498597435653,4.380935366265476,7.418100573122501
lda,poly,100,100,5,1000,0.47219304903410375,4.380657829111442,6.982265203027055
lda,poly,100,1000,1,1000,0.4736505460459739,4.340108798118308,4.919968551956117
lda,poly,100,1000,2,1000,0.4728765310719609,4.382951395818964,8.478356386069208
lda,poly,100,1000,3,1000,0.47303183982148767,4.480935068801045,6.029936101986095
lda,poly,100,1000,4,1000,0.4729162340518087,4.367261923151091,7.437262116000056
lda,poly,100,1000,5,1000,0.47111800382845104,4.3601449890993536,6.992488948861137
lda,poly,1000,0.001,1,1000,0.47348707518540323,4.367365820333362,7.337259360821918
lda,poly,1000,0.001,2,1000,0.46999387186951935,4.363996101310477,14.779106507077813
lda,poly,1000,0.001,3,1000,0.4735428609419614,4.373736413195729,24.012221148004755
lda,poly,1000,0.001,4,1000,0.4706336136441678,4.418036652030423,24.24661425082013
lda,poly,1000,0.001,5,1000,0.4713201818522066,4.3780971728265285,24.447951598092914
lda,poly,1000,0.01,1,1000,0.4738286738283932,4.4001824338920414,5.322420903015882
lda,poly,1000,0.01,2,1000,0.47290890221484005,4.35824795323424,9.957174831070006
lda,poly,1000,0.01,3,1000,0.47524939686991274,4.410735931247473,8.283699726918712
lda,poly,1000,0.01,4,1000,0.4756345811765641,4.379857105668634,15.000685088103637
lda,poly,1000,0.01,5,1000,0.474527952959761,4.444315233966336,19.094792699906975
lda,poly,1000,0.1,1,1000,0.47247441788204014,4.397931596962735,4.993641402805224
lda,poly,1000,0.1,2,1000,0.47431817511096597,4.354494230821729,8.675862930016592
lda,poly,1000,0.1,3,1000,0.4720624890178442,4.404303258750588,6.046449729939923
lda,poly,1000,0.1,4,1000,0.47249364596791565,4.329769531963393,7.586676288861781
lda,poly,1000,0.1,5,1000,0.47250030376017094,4.353597479173914,7.010904813185334
lda,poly,1000,1,1,1000,0.47715980000793934,4.34508252190426,4.907363637117669
lda,poly,1000,1,2,1000,0.4725100100040436,4.384276709984988,8.475377860013396
lda,poly,1000,1,3,1000,0.47169809276238084,4.342022392898798,6.0450386179145426
lda,poly,1000,1,4,1000,0.4729563118889928,4.374819149961695,7.4251811020076275
lda,poly,1000,1,5,1000,0.4726926691364497,4.389725962188095,6.9777943678200245
lda,poly,1000,10,1,1000,0.4711550110951066,4.348465685034171,4.906283457996324
lda,poly,1000,10,2,1000,0.47209113207645714,4.396829642821103,8.466477716108784
lda,poly,1000,10,3,1000,0.46872241888195276,4.373502955073491,6.0397368657868356
lda,poly,1000,10,4,1000,0.4706489690579474,4.332666547968984,7.415516338078305
lda,poly,1000,10,5,1000,0.46770021226257086,4.415617011021823,6.968448869884014
lda,poly,1000,100,1,1000,0.46797909308224916,4.347155892988667,4.912171063944697
lda,poly,1000,100,2,1000,0.4669619258493185,4.315764740807936,8.479659354081377
lda,poly,1000,100,3,1000,0.46721602231264114,4.355218871729448,6.029885387048125
lda,poly,1000,100,4,1000,0.4674522967543453,4.353654035134241,7.420411400031298
lda,poly,1000,100,5,1000,0.4680897060316056,4.353488330030814,6.9869203311391175
lda,poly,1000,1000,1,1000,0.4688801639713347,4.354289822746068,4.912959825946018
lda,poly,1000,1000,2,1000,0.46829594299197197,4.3563742090482265,8.478850091109052
lda,poly,1000,1000,3,1000,0.4702880438417196,4.365122046787292,6.034527692943811
lda,poly,1000,1000,4,1000,0.4682532059960067,4.401548117864877,7.430276877013966
lda,poly,1000,1000,5,1000,0.46718754479661584,4.375813402934,6.986379401059821
pca_50,linear,0.001,,,5000,1.2104066770989448,0.6880831632297486,22.36525950417854
pca_50,linear,0.01,,,5000,0.7204787686932832,0.5510208168998361,14.0634868030902
pca_50,linear,0.1,,,5000,0.6252615880221128,0.5519447231199592,18.609234834788367
pca_50,linear,1,,,5000,0.5364855611696839,0.5540162860415876,27.529616975924
pca_50,linear,10,,,5000,0.47768738004378974,0.5556867402046919,30.142924688989297
pca_50,linear,100,,,5000,0.4741231908556074,0.5590524051804096,30.244422184070572
pca_50,linear,1000,,,5000,0.47724366607144475,0.5586449969559908,30.842881865100935
pca_100,linear,0.001,,,5000,0.5485259729903191,0.6507228603586555,38.958893459057435
pca_100,linear,0.01,,,5000,0.47791630518622696,0.6488241909537464,27.635953648015857
pca_100,linear,0.1,,,5000,0.48250656691379845,0.6472178511321545,35.98603541799821
pca_100,linear,1,,,5000,0.47485549305565655,0.6473017102107406,57.028250853996724
pca_100,linear,10,,,5000,0.4789094419684261,0.6463843851815909,62.53598068305291
pca_100,linear,100,,,5000,0.48241735994815826,0.6487947369460016,62.48896563099697
pca_100,linear,1000,,,5000,0.474866310833022,0.6492503532208502,62.46072318893857
pca_200,linear,0.001,,,5000,0.5530176227912307,0.8670312268659472,55.744448096025735
pca_200,linear,0.01,,,5000,0.48915544897317886,0.8557601543143392,38.70752400904894
pca_200,linear,0.1,,,5000,0.4777000911999494,0.862129527144134,50.502450244966894
pca_200,linear,1,,,5000,0.4768763280007988,0.8619891440030187,76.40654464089312
pca_200,linear,10,,,5000,0.4785248450934887,0.8609164338558912,80.07725246693008
pca_200,linear,100,,,5000,0.47616657381877303,0.8585586710833013,80.12095352099277
pca_200,linear,1000,,,5000,0.4832122940570116,0.8595009499695152,80.14379811100662
lda,linear,0.001,,,5000,0.5157561239320785,5.2367322847712785,15.074720956850797
lda,linear,0.01,,,5000,0.47519512521103024,4.5487973869312555,9.733916396973655
lda,linear,0.1,,,5000,0.4747129729948938,4.425947037758306,9.56210166704841
lda,linear,1,,,5000,0.47248341399244964,4.424072297057137,13.140714053995907
lda,linear,10,,,5000,0.4769669850356877,4.410335185006261,14.518057832028717
lda,linear,100,,,5000,0.4763567338231951,4.398488642880693,13.582702243933454
lda,linear,1000,,,5000,0.4803368039429188,4.386388304876164,13.259079047944397
pca_50,rbf,0.001,0.001,,5000,1.016141494968906,0.6755316709168255,257.2364897909574
pca_50,rbf,0.001,0.01,,5000,0.6208864459767938,0.5520221933256835,261.39825277309865
pca_50,rbf,0.001,0.1,,5000,0.5103530730120838,0.5513849218841642,247.2620689398609
pca_50,rbf,0.001,1,,5000,0.47428557579405606,0.5503915518056601,300.10736320517026
pca_50,rbf,0.001,10,,5000,0.4713365009520203,0.5503641357645392,243.78232788597234
pca_50,rbf,0.001,100,,5000,0.47348836506716907,0.5530964559875429,239.64155786600895
pca_50,rbf,0.001,1000,,5000,0.4725495637394488,0.5518958850298077,239.35718378890306
pca_50,rbf,0.01,0.001,,5000,0.47119528893381357,0.549654739908874,117.5349702090025
pca_50,rbf,0.01,0.01,,5000,0.47197302896529436,0.5809149048291147,174.8319661221467
pca_50,rbf,0.01,0.1,,5000,0.4758314029313624,0.5529042158741504,235.39732472109608
pca_50,rbf,0.01,1,,5000,0.473991829669103,0.5539478918071836,288.42366618895903
pca_50,rbf,0.01,10,,5000,0.474724488100037,0.5515216940548271,231.57024048501626
pca_50,rbf,0.01,100,,5000,0.5355769102461636,0.5532627240754664,227.1323158510495
pca_50,rbf,0.01,1000,,5000,0.5297797778621316,0.5518613250460476,226.8624805600848
pca_50,rbf,0.1,0.001,,5000,0.4907000281382352,0.5556102239061147,39.079319251002744
pca_50,rbf,0.1,0.01,,5000,0.4979212509933859,0.5521424091421068,81.62187961605377
pca_50,rbf,0.1,0.1,,5000,0.471929230960086,0.5519455499015749,222.58144467603415
pca_50,rbf,0.1,1,,5000,0.4716640110127628,0.5513129299506545,288.3896401140373
pca_50,rbf,0.1,10,,5000,0.4860447512473911,0.5542517362628132,231.4478442328982
pca_50,rbf,0.1,100,,5000,0.47362734703347087,0.5535125050228089,227.06607669196092
pca_50,rbf,0.1,1000,,5000,0.47674933914095163,0.5517237279564142,226.90230436204
pca_50,rbf,1,0.001,,5000,0.4872149908915162,0.5516808172687888,18.045934020075947
pca_50,rbf,1,0.01,,5000,0.4884002418257296,0.553739340044558,56.513597682118416
pca_50,rbf,1,0.1,,5000,0.47275431803427637,0.551287354901433,221.43906367802992
pca_50,rbf,1,1,,5000,0.5191454889718443,0.553311341907829,297.07124624215066
pca_50,rbf,1,10,,5000,0.47747415327467024,0.5235248901881278,241.542559127789
pca_50,rbf,1,100,,5000,0.48625164688564837,0.5522329299710691,234.84041226794943
pca_50,rbf,1,1000,,5000,0.48252713307738304,0.5527803602162749,235.25229393900372
pca_50,rbf,10,0.001,,5000,0.47032672888599336,0.5529468900058419,12.362869346048683
pca_50,rbf,10,0.01,,5000,0.47190845594741404,0.558904322097078,56.433222675928846
pca_50,rbf,10,0.1,,5000,0.4721639461349696,0.55280188517645,213.82356997183524
pca_50,rbf,10,1,,5000,0.4714993031229824,0.5512639472726732,292.66152326902375
pca_50,rbf,10,10,,5000,0.4844609620049596,0.5520148251671344,236.76048708497547
pca_50,rbf,10,100,,5000,0.47070810617879033,0.5521173239685595,232.69301284011453
pca_50,rbf,10,1000,,5000,0.48378377011977136,0.5529301080387086,232.64197101793252
pca_50,rbf,100,0.001,,5000,0.481481502763927,0.5527395920362324,11.065898753004149
pca_50,rbf,100,0.01,,5000,0.47101279511116445,0.5536887929774821,56.34627179522067
pca_50,rbf,100,0.1,,5000,0.47054102388210595,0.5525424398947507,213.9555241279304
pca_50,rbf,100,1,,5000,0.4745900121051818,0.5538767878897488,292.3023160370067
pca_50,rbf,100,10,,5000,0.47191469883546233,0.5271586899179965,236.70521271904
pca_50,rbf,100,100,,5000,0.47087110090069473,0.5525092289317399,232.62329412414692
pca_50,rbf,100,1000,,5000,0.48268369073048234,0.5532120768912137,232.49350453494117
pca_50,rbf,1000,0.001,,5000,0.47075676871463656,0.5523300098720938,11.152140707010403
pca_50,rbf,1000,0.01,,5000,0.4720374499447644,0.5517268390394747,56.25258104200475
pca_50,rbf,1000,0.1,,5000,0.47239939612336457,0.5560071032959968,214.0414505121298
pca_50,rbf,1000,1,,5000,0.48339702282100916,0.552655090810731,292.56208498217165
pca_50,rbf,1000,10,,5000,0.471192826051265,0.5518075458239764,236.80089797801338
pca_50,rbf,1000,100,,5000,0.48355278093367815,0.5534511918667704,232.79722798103467
pca_50,rbf,1000,1000,,5000,0.4710403650533408,0.5521859838627279,232.40133147896267
pca_100,rbf,0.001,0.001,,5000,0.5494743096642196,0.658979405881837,537.1162011430133
pca_100,rbf,0.001,0.01,,5000,0.4718526271171868,0.6531146699562669,540.2592351739295
pca_100,rbf,0.001,0.1,,5000,0.4706645121332258,0.6533709880895913,514.2289389211219
pca_100,rbf,0.001,1,,5000,0.4706437229178846,0.6543252840638161,566.7619663449004
pca_100,rbf,0.001,10,,5000,0.47116196202114224,0.6522189148236066,511.46698654606007
pca_100,rbf,0.001,100,,5000,0.4848218490369618,0.6552068670280278,508.797515315935
pca_100,rbf,0.001,1000,,5000,0.47060074121691287,0.6525314217433333,508.538526883116
pca_100,rbf,0.01,0.001,,5000,0.47484641103073955,0.6579155020881444,251.19983766996302
pca_100,rbf,0.01,0.01,,5000,0.47029773984104395,0.6609866989310831,436.23480018693954
pca_100,rbf,0.01,0.1,,5000,0.4734318482223898,0.6571527919732034,514.304327365011
pca_100,rbf,0.01,1,,5000,0.4714711841661483,0.6552968388423324,566.7511837838683
pca_100,rbf,0.01,10,,5000,0.4835029568057507,0.6543447610456496,511.40227151080035
pca_100,rbf,0.01,100,,5000,0.47105746786110103,0.6534643429331481,508.778569746064
pca_100,rbf,0.01,1000,,5000,0.4715143032371998,0.6557510420680046,508.48347377590835
pca_100,rbf,0.1,0.001,,5000,0.47081734403036535,0.6543373337481171,89.39373042900115
pca_100,rbf,0.1,0.01,,5000,0.47037509898655117,0.65409856592305,227.72978015290573
pca_100,rbf,0.1,0.1,,5000,0.46971994801424444,0.651346990140155,495.2402041440364
pca_100,rbf,0.1,1,,5000,0.47315725311636925,0.6553567738737911,567.0271892538294
pca_100,rbf,0.1,10,,5000,0.5410248641856015,0.7037267489358783,512.115578767145
pca_100,rbf,0.1,100,,5000,0.544301695888862,0.6600996081251651,505.0659164150711
pca_100,rbf,0.1,1000,,5000,0.47216584999114275,0.6349306919146329,505.0404266328551
pca_100,rbf,1,0.001,,5000,0.46723142196424305,0.6312294229865074,41.817832719068974
pca_100,rbf,1,0.01,,5000,0.46657487913034856,0.6357148319948465,148.4037688151002
pca_100,rbf,1,0.1,,5000,0.467933168169111,0.6351348832249641,469.6060697401408
pca_100,rbf,1,1,,5000,0.5966630571056157,0.7938723010011017,720.7236950059887
pca_100,rbf,1,10,,5000,1.726707044057548,2.582628363277763,956.4113869171124
pca_100,rbf,1,100,,5000,2.02067395998165,2.806468576192856,720.6963143299799
pca_100,rbf,1,1000,,5000,0.7974932752549648,0.6253131011035293,508.47302072518505
pca_100,rbf,10,0.001,,5000,0.5889744139276445,0.6302933178376406,28.47895188606344
pca_100,rbf,10,0.01,,5000,0.47531807981431484,0.6289805781561881,148.56535303406417
pca_100,rbf,10,0.1,,5000,0.472964201355353,0.6256456619594246,476.5047899859492
pca_100,rbf,10,1,,5000,0.47390689700841904,0.6308843800798059,563.9793264709879
pca_100,rbf,10,10,,5000,0.5148893201258034,0.6266749016940594,509.51501294993795
pca_100,rbf,10,100,,5000,0.5323330138344318,0.6293766838498414,506.76139905001037
pca_100,rbf,10,1000,,5000,0.5016444169450551,0.6289582857862115,506.6398980959784
pca_100,rbf,100,0.001,,5000,0.5038151189219207,0.6321039719041437,25.35856895498
pca_100,rbf,100,0.01,,5000,0.5112345048692077,0.6280421079136431,148.39954527211376
pca_100,rbf,100,0.1,,5000,0.4846360150258988,0.6295168129727244,476.06605541100726
pca_100,rbf,100,1,,5000,0.6713017101865262,0.6414633709937334,564.5027652159333
pca_100,rbf,100,10,,5000,0.8220464910846204,0.6370351170189679,509.4427613669541
pca_100,rbf,100,100,,5000,0.7276787208393216,0.6235283159185201,506.69601761503145
pca_100,rbf,100,1000,,5000,0.574450011132285,0.6265709730796516,506.7734328149818
pca_100,rbf,1000,0.001,,5000,0.4794810120947659,0.6313439500518143,25.165285788010806
pca_100,rbf,1000,0.01,,5000,0.47401950298808515,0.6279723020270467,148.47141129500233
pca_100,rbf,1000,0.1,,5000,0.4754731811117381,0.6290563431102782,476.22139440011233
pca_100,rbf,1000,1,,5000,0.47282057581469417,0.6251454160083085,563.9729798999615
pca_100,rbf,1000,10,,5000,0.4728610848542303,0.6308627489488572,509.6863442410249
pca_100,rbf,1000,100,,5000,0.4728750290814787,0.6300761988386512,506.7712775210384
pca_100,rbf,1000,1000,,5000,0.4732558859977871,0.628518340876326,506.84908997197635
pca_200,rbf,0.001,0.001,,5000,0.5067088508512825,0.8364345480222255,754.1256913680118
pca_200,rbf,0.001,0.01,,5000,0.4755235449410975,0.834905149647966,758.3381820500363
pca_200,rbf,0.001,0.1,,5000,0.47458210517652333,0.8329106678720564,726.2493928328622
pca_200,rbf,0.001,1,,5000,0.47614161507226527,0.8386134968604892,796.7703570930753
pca_200,rbf,0.001,10,,5000,0.4749572719447315,0.8304288899526,727.2857370099518
pca_200,rbf,0.001,100,,5000,0.4743721929844469,0.8177942067850381,724.6616968039889
pca_200,rbf,0.001,1000,,5000,0.47449189610779285,0.82805489981547,724.7181296551134
pca_200,rbf,0.01,0.001,,5000,0.4788352360483259,0.8281085391063243,369.98569469805807
pca_200,rbf,0.01,0.01,,5000,0.47301698313094676,0.8264796137809753,664.221880704863
pca_200,rbf,0.01,0.1,,5000,0.47507037688046694,0.8287215810269117,726.0214733860921
pca_200,rbf,0.01,1,,5000,0.4740819039288908,0.8277816271875054,796.5684173291083
pca_200,rbf,0.01,10,,5000,0.47418616991490126,0.8238016362302005,727.0600548931397
pca_200,rbf,0.01,100,,5000,0.4744730079546571,0.8260212452150881,725.0737342401408
pca_200,rbf,0.01,1000,,5000,0.4780652718618512,0.8286834838800132,724.8174553548452
pca_200,rbf,0.1,0.001,,5000,0.47551991208456457,0.8241766688879579,133.81110344198532
pca_200,rbf,0.1,0.01,,5000,0.47572847502306104,0.8224548478610814,410.24350626789965
pca_200,rbf,0.1,0.1,,5000,0.4746727216988802,0.8292746017687023,722.8322832051199
pca_200,rbf,0.1,1,,5000,0.47878011991269886,0.8330296261701733,797.1083853929304
pca_200,rbf,0.1,10,,5000,0.47497338405810297,0.8318270707968622,727.3052763191517
pca_200,rbf,0.1,100,,5000,0.47435670904815197,0.8299621541518718,725.1858290580567
pca_200,rbf,0.1,1000,,5000,0.4762578592635691,0.82890181010589,725.4238378519658
pca_200,rbf,1,0.001,,5000,0.47448079008609056,0.8291483789216727,65.61408956698142
pca_200,rbf,1,0.01,,5000,0.47365817590616643,0.836334089981392,292.89523013611324
pca_200,rbf,1,0.1,,5000,0.4902826009783894,0.860972971888259,703.0606350130402
pca_200,rbf,1,1,,5000,0.4754945880267769,0.8659444509539753,796.7146653789096
pca_200,rbf,1,10,,5000,0.4742634738795459,0.898285613162443,726.9498219969682
pca_200,rbf,1,100,,5000,0.47629067627713084,0.8627800499089062,725.3374382390175
pca_200,rbf,1,1000,,5000,0.4771044198423624,0.8628122862428427,725.7554792719893
pca_200,rbf,10,0.001,,5000,0.47430150792934,0.8590896381065249,48.46300395508297
pca_200,rbf,10,0.01,,5000,0.474491961998865,0.8681175839155912,296.7111325468868
pca_200,rbf,10,0.1,,5000,0.483239971101284,0.8621780339162797,709.5185321520548
pca_200,rbf,10,1,,5000,0.47619896614924073,0.8631876488216221,795.5996465769131
pca_200,rbf,10,10,,5000,0.47718795016407967,0.8644801189657301,726.0939191628713
pca_200,rbf,10,100,,5000,0.4742867259774357,0.8625749920029193,723.7105262440164
pca_200,rbf,10,1000,,5000,0.473735943203792,0.8546422049403191,723.5563546961639
pca_200,rbf,100,0.001,,5000,0.475126460660249,0.8626331759151071,44.735871186014265
pca_200,rbf,100,0.01,,5000,0.47420224198140204,0.866238921880722,296.61625313782133
pca_200,rbf,100,0.1,,5000,0.47453727875836194,0.8657342451624572,709.1757983879652
pca_200,rbf,100,1,,5000,0.475603180937469,0.8607395507860929,795.4218771290034
pca_200,rbf,100,10,,5000,0.47431213106028736,0.8430545141454786,725.9122359061148
pca_200,rbf,100,100,,5000,0.47618940682150424,0.861271564848721,723.9773714661133
pca_200,rbf,100,1000,,5000,0.4751640248578042,0.8425819848198444,724.0310182459652
pca_200,rbf,1000,0.001,,5000,0.4743728011380881,0.8058818310964853,44.719322461867705
pca_200,rbf,1000,0.01,,5000,0.4741138049867004,0.8300598300993443,296.67395898187533
pca_200,rbf,1000,0.1,,5000,0.4756514602340758,0.8315572470892221,709.4991056218278
pca_200,rbf,1000,1,,5000,0.4746257709339261,0.8296452290378511,795.7807667949237
pca_200,rbf,1000,10,,5000,0.47482823487371206,0.829893778078258,726.6031531980261
pca_200,rbf,1000,100,,5000,0.4749485538341105,0.8538777048233896,724.5234969188459
pca_200,rbf,1000,1000,,5000,0.4758330041076988,0.8566045202314854,723.855457104044
lda,rbf,0.001,0.001,,5000,0.5390368639491498,5.536528862081468,160.98681614804082
lda,rbf,0.001,0.01,,5000,0.4742534249089658,4.625043515814468,133.30570286000147
lda,rbf,0.001,0.1,,5000,0.4744911480229348,4.413778058951721,130.57284497097135
lda,rbf,0.001,1,,5000,0.4730253820307553,4.43398060509935,161.60763843893073
lda,rbf,0.001,10,,5000,0.4751229409594089,4.42181729990989,184.88003248302266
lda,rbf,0.001,100,,5000,0.4738688990473747,4.455935619072989,170.20702912914567
lda,rbf,0.001,1000,,5000,0.47341023618355393,4.457512639230117,146.89789388119243
lda,rbf,0.01,0.001,,5000,0.47477319999597967,4.4530395260080695,116.55994475912303
lda,rbf,0.01,0.01,,5000,0.47382761421613395,4.425545589765534,42.538627641042694
lda,rbf,0.01,0.1,,5000,0.4746274121571332,4.396993984933943,44.000156661029905
lda,rbf,0.01,1,,5000,0.4740934669971466,4.429153161821887,154.0450027899351
lda,rbf,0.01,10,,5000,0.4760851908940822,4.470692627830431,184.72093041497283
lda,rbf,0.01,100,,5000,0.4755193698219955,4.440664715133607,169.71800299407914
lda,rbf,0.01,1000,,5000,0.47689673816785216,4.42272885190323,146.87218841118738
lda,rbf,0.1,0.001,,5000,0.4753269380889833,4.44081801106222,39.673453881870955
lda,rbf,0.1,0.01,,5000,0.4742595157586038,4.45011909888126,18.755216798046604
lda,rbf,0.1,0.1,,5000,0.47882007784210145,4.432392870076001,18.54788612294942
lda,rbf,0.1,1,,5000,0.4734789910726249,4.449492644984275,127.49275583494455
lda,rbf,0.1,10,,5000,0.47544763376936316,4.424789885757491,184.86578296590596
lda,rbf,0.1,100,,5000,0.4764759629033506,4.706282085739076,169.74103176407516
lda,rbf,0.1,1000,,5000,0.47557729529216886,4.555344509892166,146.95857117697597
lda,rbf,1,0.001,,5000,0.4757427629083395,4.416419657878578,18.399428870994598
lda,rbf,1,0.01,,5000,0.4745571978855878,4.414712880039588,12.119669656967744
lda,rbf,1,0.1,,5000,0.4749605010729283,4.440029649995267,12.500885834917426
lda,rbf,1,1,,5000,0.47375449910759926,4.40446805790998,101.95389046217315
lda,rbf,1,10,,5000,0.4743624508846551,4.4295534018892795,180.72908345703036
lda,rbf,1,100,,5000,0.4741472592577338,4.441882275976241,169.54960538097657
lda,rbf,1,1000,,5000,0.47402526903897524,4.463833195855841,146.78098354814574
lda,rbf,10,0.001,,5000,0.47452054009772837,4.4438540989067405,13.028061215067282
lda,rbf,10,0.01,,5000,0.4745524108875543,4.4091319451108575,10.551722436910495
lda,rbf,10,0.1,,5000,0.4748424699064344,4.42623697896488,11.774123099865392
lda,rbf,10,1,,5000,0.477161429123953,4.430453849956393,101.99532528687268
lda,rbf,10,10,,5000,0.4736183718778193,4.448132769903168,178.922282516025
lda,rbf,10,100,,5000,0.47379427193664014,4.451661292929202,168.44095564098097
lda,rbf,10,1000,,5000,0.693029873771593,4.533067588927224,283.93630547402427
lda,rbf,100,0.001,,5000,1.006180211668834,47.42392309405841,25.85670391097665
lda,rbf,100,0.01,,5000,0.7609317540191114,52.33482872112654,29.074756004847586
lda,rbf,100,0.1,,5000,0.6694725870620459,17.31477923784405,14.015444532036781
lda,rbf,100,1,,5000,0.9265929420944303,30.824119376018643,270.86491481307894
lda,rbf,100,10,,5000,0.9933187740389258,43.04385365010239,511.9988309009932
lda,rbf,100,100,,5000,2.492453845916316,32.8510223608464,517.0038734348491
lda,rbf,100,1000,,5000,1.0618443561252207,5.223237896105275,146.19216038100421
lda,rbf,1000,0.001,,5000,0.4747874727472663,4.58987132110633,16.58371785702184
lda,rbf,1000,0.01,,5000,0.47848446597345173,4.435788085917011,20.22579688904807
lda,rbf,1000,0.1,,5000,0.47455449192784727,4.434333947952837,12.856936067109928
lda,rbf,1000,1,,5000,0.4755836941767484,4.449636131990701,101.73404478398152
lda,rbf,1000,10,,5000,0.4743218091316521,4.488157986896113,178.91052028397098
lda,rbf,1000,100,,5000,0.47674781223759055,4.463928563054651,168.25626498810016
lda,rbf,1000,1000,,5000,0.47458733594976366,4.405346835963428,146.13138984004036
pca_50,poly,0.001,0.001,1,5000,1.2389354800106958,0.5836734590120614,200.93139757600147
pca_50,poly,0.001,0.001,2,5000,0.6472645299509168,0.550100386957638,247.97908505809028
pca_50,poly,0.001,0.001,3,5000,0.5342891418840736,0.5516332710394636,205.15089033101685
pca_50,poly,0.001,0.001,4,5000,0.507039277930744,0.552454168908298,207.00771522999275
pca_50,poly,0.001,0.001,5,5000,0.4734139018692076,0.5485210210317746,206.04406846303027
pca_50,poly,0.001,0.01,1,5000,0.4709989920957014,0.5493216660106555,103.00723520002794
pca_50,poly,0.001,0.01,2,5000,0.47152160899713635,0.5505108559736982,101.84978024102747
pca_50,poly,0.001,0.01,3,5000,0.47187551704701036,0.5517107988707721,78.9222519119503
pca_50,poly,0.001,0.01,4,5000,0.4933974730083719,0.552182829938829,73.40136539994273
pca_50,poly,0.001,0.01,5,5000,0.4725619829259813,0.5501731020631269,64.88234879495576
pca_50,poly,0.001,0.1,1,5000,0.48408564808778465,0.5494967709528282,36.22931115096435
pca_50,poly,0.001,0.1,2,5000,0.4716933568706736,0.54896645701956,15.00203906209208
pca_50,poly,0.001,0.1,3,5000,0.4720213289838284,0.5496985269710422,11.647162912064232
pca_50,poly,0.001,0.1,4,5000,0.47208173002582043,0.5506299450062215,15.753794129937887
pca_50,poly,0.001,0.1,5,5000,0.4732224598992616,0.5527692099567503,17.771457549999468
pca_50,poly,0.001,1,1,5000,0.4736651140265167,0.5509745070012286,17.62477321201004
pca_50,poly,0.001,1,2,5000,0.4714301819913089,0.5468571870587766,9.356607905006967
pca_50,poly,0.001,1,3,5000,0.4725560479564592,0.5244768870761618,11.230809943983331
pca_50,poly,0.001,1,4,5000,0.4736212749266997,0.5526190300006419,15.72998581896536
pca_50,poly,0.001,1,5,5000,0.4715251380112022,0.5510534410132095,17.758128800895065
pca_50,poly,0.001,10,1,5000,0.4723149900091812,0.5520147320348769,13.626857095980085
pca_50,poly,0.001,10,2,5000,0.4718592659337446,0.5528515870682895,9.361976890009828
pca_50,poly,0.001,10,3,5000,0.47237230301834643,0.5515460430178791,11.269191453931853
pca_50,poly,0.001,10,4,5000,0.47303881507832557,0.5512946450617164,15.780612653004937
pca_50,poly,0.001,10,5,5000,0.4718149940017611,0.5517760111251846,17.663234240026213
pca_50,poly,0.001,100,1,5000,0.472753481939435,0.551135933957994,18.739301170920953
pca_50,poly,0.001,100,2,5000,0.4718145071528852,0.5574015959864482,9.350497001083568
pca_50,poly,0.001,100,3,5000,0.47244461195077747,0.5501069909660146,11.212255343911238
pca_50,poly,0.001,100,4,5000,0.47067328495904803,0.5498654849361628,15.73180535400752
pca_50,poly,0.001,100,5,5000,0.47113313409499824,0.5511950559448451,17.843901213025674
pca_50,poly,0.001,1000,1,5000,0.47293073998298496,0.5515208030119538,27.248404082958587
pca_50,poly,0.001,1000,2,5000,0.47205689700786024,0.5508764249971136,9.341442096978426
pca_50,poly,0.001,1000,3,5000,0.47214262501802295,0.5514222719939426,11.271135197021067
pca_50,poly,0.001,1000,4,5000,0.4707462110091001,0.5512793789384887,15.752212270046584
pca_50,poly,0.001,1000,5,5000,0.47209570300765336,0.5520450249314308,17.751882086042315
pca_50,poly,0.01,0.001,1,5000,0.47170003806240857,0.5508311010198668,99.09686948196031
pca_50,poly,0.01,0.001,2,5000,0.47171080904081464,0.5504837039625272,193.28448867006227
pca_50,poly,0.01,0.001,3,5000,0.4720097188837826,0.5522322859615088,199.142123430036
pca_50,poly,0.01,0.001,4,5000,0.4722073939628899,0.5500258640386164,201.03353140794206
pca_50,poly,0.01,0.001,5,5000,0.47174396098125726,0.550832569017075,200.38264799898025
pca_50,poly,0.01,0.01,1,5000,0.4722656678641215,0.5526141589507461,36.46725958096795
pca_50,poly,0.01,0.01,2,5000,0.4726484550628811,0.5520339469658211,34.47773948707618
pca_50,poly,0.01,0.01,3,5000,0.47246755997184664,0.5678842690540478,28.79357344005257
pca_50,poly,0.01,0.01,4,5000,0.4720768569968641,0.5517313469899818,31.244131161016412
pca_50,poly,0.01,0.01,5,5000,0.4754028640454635,0.5526827699504793,30.53792707400862
pca_50,poly,0.01,0.1,1,5000,0.4724895410472527,0.5504332189448178,17.605707644019276
pca_50,poly,0.01,0.1,2,5000,0.4731571830343455,0.54953907802701,10.11859775998164
pca_50,poly,0.01,0.1,3,5000,0.4722167811123654,0.5508976351702586,11.276007793028839
pca_50,poly,0.01,0.1,4,5000,0.4745053738588467,0.5497922799549997,15.750915504992008
pca_50,poly,0.01,0.1,5,5000,0.4719656649976969,0.5512255249777809,17.77687804598827
pca_50,poly,0.01,1,1,5000,0.474471498047933,0.550583575037308,13.621247536037117
pca_50,poly,0.01,1,2,5000,0.4732177259866148,0.5505198328755796,9.334714427008294
pca_50,poly,0.01,1,3,5000,0.472205420024693,0.5506541031645611,11.225670143961906
pca_50,poly,0.01,1,4,5000,0.47369623510167,0.5597156120929867,15.735431508976035
pca_50,poly,0.01,1,5,5000,0.4748111750232056,0.5506430569803342,17.753775191958994
pca_50,poly,0.01,10,1,5000,0.4734695970546454,0.5508016201201826,18.683586603030562
pca_50,poly,0.01,10,2,5000,0.47508403309620917,0.5518443089677021,9.340115248924121
pca_50,poly,0.01,10,3,5000,0.4717750110430643,0.5527150880079716,11.253837715950795
pca_50,poly,0.01,10,4,5000,0.47177134396042675,0.5567677719518542,15.752595786936581
pca_50,poly,0.01,10,5,5000,0.4728444810025394,0.550570864113979,17.632957302965224
pca_50,poly,0.01,100,1,5000,0.4722352990647778,0.5519354130374268,27.231190641992725
pca_50,poly,0.01,100,2,5000,0.4736767119029537,0.5483799069188535,9.327805832028389
pca_50,poly,0.01,100,3,5000,0.4719952449668199,0.5503852739930153,11.208986987941898
pca_50,poly,0.01,100,4,5000,0.4722704711603001,0.549172066967003,15.726862689014524
pca_50,poly,0.01,100,5,5000,0.4828011479694396,0.5500926120439544,17.80929516197648
pca_50,poly,0.01,1000,1,5000,0.47133226902224123,0.5817157251294702,29.926111333072186
pca_50,poly,0.01,1000,2,5000,0.4722771979868412,0.5511677770409733,9.331652401015162
pca_50,poly,0.01,1000,3,5000,0.4791577779687941,0.5503892730921507,11.245622766087763
pca_50,poly,0.01,1000,4,5000,0.47060736594721675,0.5493904970353469,15.73745215695817
pca_50,poly,0.01,1000,5,5000,0.47282677714247257,0.5499795760260895,17.800099666928872
pca_50,poly,0.1,0.001,1,5000,0.4732181158615276,0.5508909419877455,36.16330931801349
pca_50,poly,0.1,0.001,2,5000,0.47242339001968503,0.5511948541970924,97.88552778202575
pca_50,poly,0.1,0.001,3,5000,0.4716805280186236,0.5508538850117475,167.39387840696145
pca_50,poly,0.1,0.001,4,5000,0.4714753890875727,0.552940884954296,194.09014083910733
pca_50,poly,0.1,0.001,5,5000,0.47201403707731515,0.5497183720581234,197.9358432199806
pca_50,poly,0.1,0.01,1,5000,0.4728957989718765,0.5520120970904827,17.614310530014336
pca_50,poly,0.1,0.01,2,5000,0.47042252111714333,0.5274786229711026,14.72268288093619
pca_50,poly,0.1,0.01,3,5000,0.469489911920391,0.5469505519140512,14.181886721984483
pca_50,poly,0.1,0.01,4,5000,0.4703466350911185,0.546351631055586,18.027948856004514
pca_50,poly,0.1,0.01,5,5000,0.4705145509215072,0.5473070470616221,19.257695634034462
pca_50,poly,0.1,0.1,1,5000,0.4688309539342299,0.5471767109120265,13.403591381036676
pca_50,poly,0.1,0.1,2,5000,0.4689783260691911,0.545023248065263,9.251382331945933
pca_50,poly,0.1,0.1,3,5000,0.46901191701181233,0.5460412149550393,11.086759248981252
pca_50,poly,0.1,0.1,4,5000,0.46824620303232223,0.5454883949132636,15.467296104994603
pca_50,poly,0.1,0.1,5,5000,0.4693427379243076,0.5464482681127265,17.44762606592849
pca_50,poly,0.1,1,1,5000,0.4715769689064473,0.5451601970707998,18.310985465999693
pca_50,poly,0.1,1,2,5000,0.4695526970317587,0.5707521438598633,9.199863587971777
pca_50,poly,0.1,1,3,5000,0.4686917989747599,0.5477842530235648,11.0351819350617
pca_50,poly,0.1,1,4,5000,0.4787812608992681,0.5459207950625569,15.408615769003518
pca_50,poly,0.1,1,5,5000,0.4687026620376855,0.5458682909375057,17.40295270702336
pca_50,poly,0.1,10,1,5000,0.4687717159977183,0.5462444809963927,26.847331586992368
pca_50,poly,0.1,10,2,5000,0.46809635893441737,0.5454997289925814,9.17878009704873
pca_50,poly,0.1,10,3,5000,0.4702734990278259,0.5452532998751849,11.054355052066967
pca_50,poly,0.1,10,4,5000,0.47365336399525404,0.5489765059901401,15.4330537969945
pca_50,poly,0.1,10,5,5000,0.4712774659274146,0.5526755410246551,17.34904613706749
pca_50,poly,0.1,100,1,5000,0.4703876869753003,0.546849534031935,29.35665870097
pca_50,poly,0.1,100,2,5000,0.4689708190271631,0.5471471470082179,9.176231621997431
pca_50,poly,0.1,100,3,5000,0.470582696958445,0.5467034840257838,11.016660397057422
pca_50,poly,0.1,100,4,5000,0.4684828669996932,0.547323432052508,15.423000017064624
pca_50,poly,0.1,100,5,5000,0.47042526595760137,0.5469294079812244,17.466383097926155
pca_50,poly,0.1,1000,1,5000,0.4690633269492537,0.5480443821288645,29.71768451295793
pca_50,poly,0.1,1000,2,5000,0.4687298119533807,0.546019105007872,9.198375581996515
pca_50,poly,0.1,1000,3,5000,0.46793076291214675,0.5459455420495942,11.08925364294555
pca_50,poly,0.1,1000,4,5000,0.46912769798655063,0.549376102979295,15.441230651922524
pca_50,poly,0.1,1000,5,5000,0.4691078799078241,0.5469625649275258,17.411292852950282
pca_50,poly,1,0.001,1,5000,0.46881635510362685,0.5463738909456879,17.213389787008055
pca_50,poly,1,0.001,2,5000,0.46942651411518455,0.5456821869593114,33.664989269920625
pca_50,poly,1,0.001,3,5000,0.4698190940544009,0.5457989979768172,75.1656235359842
pca_50,poly,1,0.001,4,5000,0.47000258800107986,0.5452937969239429,144.686557285022
pca_50,poly,1,0.001,5,5000,0.4687514480901882,0.5459508789936081,175.1847306820564
pca_50,poly,1,0.01,1,5000,0.47054911288432777,0.5446816589683294,13.365544337080792
pca_50,poly,1,0.01,2,5000,0.47043057600967586,0.5472392931114882,9.942337917978875
pca_50,poly,1,0.01,3,5000,0.4708536131074652,0.5474281329661608,11.444104537018575
pca_50,poly,1,0.01,4,5000,0.47101660212501884,0.5464484620606527,15.57100747001823
pca_50,poly,1,0.01,5,5000,0.46972996299155056,0.5454223989509046,17.573952689068392
pca_50,poly,1,0.1,1,5000,0.46918561996426433,0.5460594609612599,18.462646492989734
pca_50,poly,1,0.1,2,5000,0.46989285107702017,0.5482624219730496,9.205149643006735
pca_50,poly,1,0.1,3,5000,0.4704814258730039,0.5490345930447802,11.092676246073097
pca_50,poly,1,0.1,4,5000,0.4703971090493724,0.5466694170609117,15.45350756100379
pca_50,poly,1,0.1,5,5000,0.4703429799992591,0.5737309670075774,17.455511345993727
pca_50,poly,1,1,1,5000,0.4720787040423602,0.5466079380130395,26.875391236972064
pca_50,poly,1,1,2,5000,0.4687625040533021,0.545791145064868,9.21884827199392
pca_50,poly,1,1,3,5000,0.46935226093046367,0.5467590608168393,11.100182825000957
pca_50,poly,1,1,4,5000,0.4685944369994104,0.5458523679990321,15.460837421007454
pca_50,poly,1,1,5,5000,0.47029870899859816,0.5453376930672675,17.431380487047136
pca_50,poly,1,10,1,5000,0.47095330408774316,0.546524072997272,29.50258725893218
pca_50,poly,1,10,2,5000,0.4701854439917952,0.5459813820198178,9.185556945041753
pca_50,poly,1,10,3,5000,0.4710047810804099,0.5469495629658923,11.093404666054994
pca_50,poly,1,10,4,5000,0.4698435809696093,0.5462106310296804,15.47880389005877
pca_50,poly,1,10,5,5000,0.4699751759180799,0.5472804070450366,17.347650037962012
pca_50,poly,1,100,1,5000,0.47114767297171056,0.5454117390327156,29.45155038603116
pca_50,poly,1,100,2,5000,0.47155163099523634,0.5482387689407915,9.204703644034453
pca_50,poly,1,100,3,5000,0.4737117449985817,0.5292569629382342,11.028563514002599
pca_50,poly,1,100,4,5000,0.4703381870640442,0.5260142009938136,15.449433912988752
pca_50,poly,1,100,5,5000,0.4724884838797152,0.5276142969960347,17.49605958792381
pca_50,poly,1,1000,1,5000,0.47122615692205727,0.5279003380564973,29.66877787304111
pca_50,poly,1,1000,2,5000,0.47019217594061047,0.5264137389604002,9.203918333980255
pca_50,poly,1,1000,3,5000,0.46976378199178725,0.5252760879229754,11.095735560986213
pca_50,poly,1,1000,4,5000,0.4695805530063808,0.52698172791861,15.460748080047779
pca_50,poly,1,1000,5,5000,0.4714838550426066,0.5262270941166207,17.436164267011918
pca_50,poly,10,0.001,1,5000,0.46953094098716974,0.5219508470036089,13.350026192027144
pca_50,poly,10,0.001,2,5000,0.4730113409459591,0.5407987970393151,14.724151351023465
pca_50,poly,10,0.001,3,5000,0.47193508001510054,0.541096966015175,28.309894895064645
pca_50,poly,10,0.001,4,5000,0.47254370292648673,0.5400387309491634,71.09165487100836
pca_50,poly,10,0.001,5,5000,0.4737585230031982,0.5390790121164173,124.50410382007249
pca_50,poly,10,0.01,1,5000,0.477091143024154,0.5413789791055024,18.407520364038646
pca_50,poly,10,0.01,2,5000,0.4733716449700296,0.5411535279126838,9.235640577040613
pca_50,poly,10,0.01,3,5000,0.4679601431125775,0.5405114209279418,11.081719979993068
pca_50,poly,10,0.01,4,5000,0.46945203794166446,0.597963452921249,15.440475343959406
pca_50,poly,10,0.01,5,5000,0.4730533789843321,0.5412712180987,17.384816001052968
pca_50,poly,10,0.1,1,5000,0.4701304901391268,0.5404667031252757,26.962020253995433
pca_50,poly,10,0.1,2,5000,0.47058210091199726,0.5399614110356197,9.21572544996161
pca_50,poly,10,0.1,3,5000,0.46857417095452547,0.5407787369331345,11.094727007905021
pca_50,poly,10,0.1,4,5000,0.46822394896298647,0.5395338259404525,15.460448279976845
pca_50,poly,10,0.1,5,5000,0.4687493781093508,0.5404729850124568,17.45441074995324
pca_50,poly,10,1,1,5000,0.46814345906022936,0.5385266109369695,29.46962014096789
pca_50,poly,10,1,2,5000,0.46906393801327795,0.539142954046838,9.231055291020311
pca_50,poly,10,1,3,5000,0.47044060507323593,0.5394779589259997,11.037263327045366
pca_50,poly,10,1,4,5000,0.4702371279709041,0.5395469589857385,15.455818418064155
pca_50,poly,10,1,5,5000,0.4697751540224999,0.5389750578906387,17.441450873971917
pca_50,poly,10,10,1,5000,0.4679496929747984,0.537459334009327,29.517269999021664
pca_50,poly,10,10,2,5000,0.4685040221083909,0.539937756024301,9.201202798052691
pca_50,poly,10,10,3,5000,0.47316464106552303,0.5407713520107791,11.06702276703436
pca_50,poly,10,10,4,5000,0.46737309894524515,0.540104613872245,15.469846105086617
pca_50,poly,10,10,5,5000,0.4682652768678963,0.5704553800169379,17.344902192009613
pca_50,poly,10,100,1,5000,0.46781912399455905,0.538765778997913,29.547651847009547
pca_50,poly,10,100,2,5000,0.46889915387146175,0.5410383520647883,9.188041959074326
pca_50,poly,10,100,3,5000,0.46884779387619346,0.5395840470446274,11.017508024000563
pca_50,poly,10,100,4,5000,0.46707468503154814,0.5419396820943803,15.419028075993992
pca_50,poly,10,100,5,5000,0.4733732260065153,0.5404419309925288,17.496106109931134
pca_50,poly,10,1000,1,5000,0.469489612034522,0.5403812660370022,29.63405049906578
pca_50,poly,10,1000,2,5000,0.4692010669969022,0.5380173490848392,9.190296147018671
pca_50,poly,10,1000,3,5000,0.4708306009415537,0.5390819559106603,11.093243970070034
pca_50,poly,10,1000,4,5000,0.4679076049942523,0.5406781471101567,15.469933509011753
pca_50,poly,10,1000,5,5000,0.4704482010565698,0.5420996719039977,17.427155199926347
pca_50,poly,100,0.001,1,5000,0.4670757509302348,0.5385301968781278,18.44264142389875
pca_50,poly,100,0.001,2,5000,0.46717114793136716,0.53839279897511,9.93093140097335
pca_50,poly,100,0.001,3,5000,0.4670272149378434,0.5385371999582276,14.254144518985413
pca_50,poly,100,0.001,4,5000,0.4681877390248701,0.5398899210849777,30.682360995095223
pca_50,poly,100,0.001,5,5000,0.46798527787905186,0.5386571770068258,63.08512571093161
pca_50,poly,100,0.01,1,5000,0.4679138599894941,0.5391150930663571,26.835894092102535
pca_50,poly,100,0.01,2,5000,0.4737069021211937,0.541220020968467,9.221944737015292
pca_50,poly,100,0.01,3,5000,0.46784034895244986,0.5402621988905594,11.084579835063778
pca_50,poly,100,0.01,4,5000,0.47038424981292337,0.5400356480386108,15.436618556035683
pca_50,poly,100,0.01,5,5000,0.46954252989962697,0.5399892539717257,17.380199589999393
pca_50,poly,100,0.1,1,5000,0.4687380250543356,0.539944957010448,29.51278948993422
pca_50,poly,100,0.1,2,5000,0.4699961191508919,0.5399072370491922,9.208993481937796
pca_50,poly,100,0.1,3,5000,0.4681947719072923,0.5386671539163217,11.100780089967884
pca_50,poly,100,0.1,4,5000,0.46777516487054527,0.5380385429598391,15.44431265303865
pca_50,poly,100,0.1,5,5000,0.4692514199996367,0.5400242990581319,17.457810338004492
pca_50,poly,100,1,1,5000,0.46865766192786396,0.5392829308984801,29.538841037079692
pca_50,poly,100,1,2,5000,0.46775398997124285,0.539720279048197,9.215132819954306
pca_50,poly,100,1,3,5000,0.4676962969824672,0.5385773980524391,11.049348401953466
pca_50,poly,100,1,4,5000,0.4675189139088616,0.540159828029573,15.443198624067008
pca_50,poly,100,1,5,5000,0.47020949597936124,0.5398013360099867,17.42669510305859
pca_50,poly,100,10,1,5000,0.46885254909284413,0.5400386840337887,29.50557368004229
pca_50,poly,100,10,2,5000,0.4680666499771178,0.5401254919124767,9.187947254045866
pca_50,poly,100,10,3,5000,0.4677627009805292,0.537976315128617,11.053010163013823
pca_50,poly,100,10,4,5000,0.4678840930573642,0.5402939460473135,15.453045176924206
pca_50,poly,100,10,5,5000,0.4694963260553777,0.5396684319712222,17.343434492941014
pca_50,poly,100,100,1,5000,0.46681322099175304,0.5408267490565777,29.472595429979265
pca_50,poly,100,100,2,5000,0.465969790937379,0.5379301100037992,9.208305070991628
pca_50,poly,100,100,3,5000,0.46712835505604744,0.5387284558964893,11.019180663046427
pca_50,poly,100,100,4,5000,0.46641958912368864,0.5474039950640872,15.418559991987422
pca_50,poly,100,100,5,5000,0.46710956597235054,0.5597535810666159,17.482578114024363
pca_50,poly,100,1000,1,5000,0.46669163403566927,0.5392536849249154,29.664126948919147
pca_50,poly,100,1000,2,5000,0.46658127394039184,0.5390882651554421,9.206118970992975
pca_50,poly,100,1000,3,5000,0.4673528770217672,0.5398103790357709,11.10017292399425
pca_50,poly,100,1000,4,5000,0.46692300809081644,0.5400656330166385,15.443706605001353
pca_50,poly,100,1000,5,5000,0.46738823084160686,0.5414401771267876,17.424175677006133
pca_50,poly,1000,0.001,1,5000,0.4679345600306988,0.5396558330394328,26.90548261499498
pca_50,poly,1000,0.001,2,5000,0.46926586306653917,0.5422692159190774,9.209684033994563
pca_50,poly,1000,0.001,3,5000,0.4674746380187571,0.5413238739129156,11.461309803999029
pca_50,poly,1000,0.001,4,5000,0.4667669500922784,0.5394663050537929,18.0002720199991
pca_50,poly,1000,0.001,5,5000,0.4672507119830698,0.5400236189598218,29.860869784955867
pca_50,poly,1000,0.01,1,5000,0.46714032907038927,0.5395319210365415,29.438890230027027
pca_50,poly,1000,0.01,2,5000,0.46772103395778686,0.5388795899925753,9.228621210088022
pca_50,poly,1000,0.01,3,5000,0.46603441797196865,0.5397363301599398,11.091030684998259
pca_50,poly,1000,0.01,4,5000,0.46763054793700576,0.5382748959818855,15.448227884015068
pca_50,poly,1000,0.01,5,5000,0.46773533010855317,0.5385386181296781,17.379090189002454
pca_50,poly,1000,0.1,1,5000,0.4669848019257188,0.5386966249207035,29.59821581398137
pca_50,poly,1000,0.1,2,5000,0.4670632849447429,0.5403719570022076,9.207186850951985
pca_50,poly,1000,0.1,3,5000,0.4674304809886962,0.5389866109471768,11.080526311998256
pca_50,poly,1000,0.1,4,5000,0.465915503911674,0.5387536608614028,15.460159759037197
pca_50,poly,1000,0.1,5,5000,0.4677187110064551,0.5398155499715358,17.454795919940807
pca_50,poly,1000,1,1,5000,0.4681390728801489,0.5397762780776247,29.548508411971852
pca_50,poly,1000,1,2,5000,0.4678306939313188,0.5403189699864015,9.210064120939933
pca_50,poly,1000,1,3,5000,0.4679138899082318,0.5398403349099681,11.042455798014998
pca_50,poly,1000,1,4,5000,0.4697980780620128,0.5409365369705483,15.435501180007122
pca_50,poly,1000,1,5,5000,0.4677510070614517,0.5398438229458407,17.44508067809511
pca_50,poly,1000,10,1,5000,0.46767000504769385,0.5395976459840313,29.524784983019345
pca_50,poly,1000,10,2,5000,0.4677972550271079,0.5401978681329638,9.181591724045575
pca_50,poly,1000,10,3,5000,0.4691839189035818,0.5410827139858156,11.05185781000182
pca_50,poly,1000,10,4,5000,0.4678785869618878,0.5402297568507493,15.44390780501999
pca_50,poly,1000,10,5,5000,0.4679696069797501,0.5562598929973319,17.357070705038495
pca_50,poly,1000,100,1,5000,0.4691436829743907,0.5395596560556442,29.45736560295336
pca_50,poly,1000,100,2,5000,0.46857568400446326,0.5401075659319758,9.186713778064586
pca_50,poly,1000,100,3,5000,0.47124374099075794,0.5399081109790131,11.01206244097557
pca_50,poly,1000,100,4,5000,0.4699418100062758,0.5413098750868812,15.423449103953317
pca_50,poly,1000,100,5,5000,0.4674982789438218,0.5520355660701171,17.506629872019403
pca_50,poly,1000,1000,1,5000,0.4696656489977613,0.5284500678535551,29.663486598059535
pca_50,poly,1000,1000,2,5000,0.46779669204261154,0.5296758719487116,9.191663720062934
pca_50,poly,1000,1000,3,5000,0.4690614740829915,0.5299113739747554,11.084845230914652
pca_50,poly,1000,1000,4,5000,0.4690569080412388,0.5290053919889033,15.45339162403252
pca_50,poly,1000,1000,5,5000,0.4681362969567999,0.5279212188906968,17.42724085098598
pca_100,poly,0.001,0.001,1,5000,0.48764264106284827,0.6311111060203984,491.2513108809944
pca_100,poly,0.001,0.001,2,5000,0.4668866420397535,0.6541732611367479,492.198522048071
pca_100,poly,0.001,0.001,3,5000,0.4706254730699584,0.6487424530787393,495.1939354010392
pca_100,poly,0.001,0.001,4,5000,0.4674204089678824,0.6508362420136109,493.8911202639574
pca_100,poly,0.001,0.001,5,5000,0.4667864178773016,0.6506601750152186,494.13706740690395
pca_100,poly,0.001,0.01,1,5000,0.4669567190576345,0.6601988670881838,241.59030608797912
pca_100,poly,0.001,0.01,2,5000,0.46862292499281466,0.6343751290114596,231.3715763509972
pca_100,poly,0.001,0.01,3,5000,0.46780661202501506,0.6520076780579984,178.58154607599135
pca_100,poly,0.001,0.01,4,5000,0.4670232500648126,0.6506054380442947,162.01979434408713
pca_100,poly,0.001,0.01,5,5000,0.46726355410646647,0.6515657099662349,140.58241863292642
pca_100,poly,0.001,0.1,1,5000,0.46744831500109285,0.6508168638683856,87.34330830909312
pca_100,poly,0.001,0.1,2,5000,0.4666835080133751,0.6518247378990054,34.01187841000501
pca_100,poly,0.001,0.1,3,5000,0.46647141687572,0.6509866780834273,31.498269903939217
pca_100,poly,0.001,0.1,4,5000,0.4671429560985416,0.6508666019653901,45.10453020001296
pca_100,poly,0.001,0.1,5,5000,0.46728866011835635,0.6509102281415835,52.32711769500747
pca_100,poly,0.001,1,1,5000,0.46670388197526336,0.6538974309805781,40.772283750004135
pca_100,poly,0.001,1,2,5000,0.4660251659806818,0.654288635822013,22.2616053679958
pca_100,poly,0.001,1,3,5000,0.46668971807230264,0.6544078630395234,30.94073655200191
pca_100,poly,0.001,1,4,5000,0.4692431320436299,0.6541705878917128,45.02139247697778
pca_100,poly,0.001,1,5,5000,0.465738684986718,0.654082432971336,52.22988805396017
pca_100,poly,0.001,10,1,5000,0.46663376700598747,0.6534125590696931,29.068634027964436
pca_100,poly,0.001,10,2,5000,0.4657398830167949,0.6528933449881151,22.185583250015043
pca_100,poly,0.001,10,3,5000,0.46566575404722244,0.6530176880769432,30.941216081031598
pca_100,poly,0.001,10,4,5000,0.46633947489317507,0.6533577920636162,45.14856007799972
pca_100,poly,0.001,10,5,5000,0.4679769570939243,0.6547594050643966,52.23166589392349
pca_100,poly,0.001,100,1,5000,0.46693300001788884,0.6620001429691911,37.8521222010022
pca_100,poly,0.001,100,2,5000,0.4676728108897805,0.6541013958631083,22.16665032505989
pca_100,poly,0.001,100,3,5000,0.46944555488880724,0.6539062019437551,31.0221751970239
pca_100,poly,0.001,100,4,5000,0.46683717088308185,0.6532727309968323,45.097850624937564
pca_100,poly,0.001,100,5,5000,0.4661234300583601,0.653033814043738,52.03081032400951
pca_100,poly,0.001,1000,1,5000,0.4685659841634333,0.6530913988826796,59.66691013996024
pca_100,poly,0.001,1000,2,5000,0.466657507000491,0.654187434935011,22.180421512923203
pca_100,poly,0.001,1000,3,5000,0.4660748728783801,0.6538668329594657,31.007702158996835
pca_100,poly,0.001,1000,4,5000,0.46612892008852214,0.6541917270515114,44.964272018987685
pca_100,poly,0.001,1000,5,5000,0.466385277104564,0.6539824838982895,51.47258664900437
pca_100,poly,0.01,0.001,1,5000,0.4672040999867022,0.6526891890680417,241.5740087480517
pca_100,poly,0.01,0.001,2,5000,0.46797158394474536,0.6529359590495005,476.5150902849855
pca_100,poly,0.01,0.001,3,5000,0.46665107493754476,0.6564825428649783,491.24144386092667
pca_100,poly,0.01,0.001,4,5000,0.46664228511508554,0.653719614027068,493.59896880795714
pca_100,poly,0.01,0.001,5,5000,0.4660206469707191,0.652299273875542,496.61740107799415
pca_100,poly,0.01,0.01,1,5000,0.4710749831283465,0.6530092110624537,87.3237182960147
pca_100,poly,0.01,0.01,2,5000,0.47402226412668824,0.6541422159643844,79.28469528700225
pca_100,poly,0.01,0.01,3,5000,0.46872906608041376,0.656897037057206,66.47636355191935
pca_100,poly,0.01,0.01,4,5000,0.4725123589159921,0.6524518909864128,70.75256951607298
pca_100,poly,0.01,0.01,5,5000,0.4669317901134491,0.6529875349951908,70.62901386199519
pca_100,poly,0.01,0.1,1,5000,0.46719760494306684,0.6536957829957828,40.766062394017354
pca_100,poly,0.01,0.1,2,5000,0.46586424799170345,0.6512003550305963,23.48417715204414
pca_100,poly,0.01,0.1,3,5000,0.4670391340041533,0.653806859976612,30.961338458000682
pca_100,poly,0.01,0.1,4,5000,0.46563764894381166,0.6518147379392758,45.09219715290237
pca_100,poly,0.01,0.1,5,5000,0.46711464296095073,0.6538248589495197,52.30766211892478
pca_100,poly,0.01,1,1,5000,0.46701885398942977,0.653380298987031,29.005467565031722
pca_100,poly,0.01,1,2,5000,0.4661525799892843,0.6513731790473685,22.194865043042228
pca_100,poly,0.01,1,3,5000,0.4661581420805305,0.6511846130015329,30.954724512062967
pca_100,poly,0.01,1,4,5000,0.467997538857162,0.6526704750722274,45.040400149999186
pca_100,poly,0.01,1,5,5000,0.4694275660440326,0.6517191930906847,52.205106723937206
pca_100,poly,0.01,10,1,5000,0.4680323770735413,0.6544608338735998,37.857278759009205
pca_100,poly,0.01,10,2,5000,0.4668064849684015,0.6531454910291359,22.19512295804452
pca_100,poly,0.01,10,3,5000,0.46980332501698285,0.6535171350697055,30.944987002993003
pca_100,poly,0.01,10,4,5000,0.46584323002025485,0.6535996000748128,45.11919877794571
pca_100,poly,0.01,10,5,5000,0.47102328506298363,0.6534526391187683,52.20667332096491
pca_100,poly,0.01,100,1,5000,0.46765767713077366,0.6549906849395484,59.467353972024284
pca_100,poly,0.01,100,2,5000,0.4666679109213874,0.6529507959494367,22.173362207016908
pca_100,poly,0.01,100,3,5000,0.46621373295783997,0.6197173870168626,31.032136641908437
pca_100,poly,0.01,100,4,5000,0.4659755959874019,0.6192539680050686,45.09774700005073
pca_100,poly,0.01,100,5,5000,0.46573988802265376,0.6203637688886374,52.01540647703223
pca_100,poly,0.01,1000,1,5000,0.46800949797034264,0.6502135039772838,65.32289910200052
pca_100,poly,0.01,1000,2,5000,0.4666676929919049,0.6505439969478175,22.144951867987402
pca_100,poly,0.01,1000,3,5000,0.4658377330051735,0.6504098661243916,31.007120222086087
pca_100,poly,0.01,1000,4,5000,0.4676722439471632,0.6501819069962949,44.88306303694844
pca_100,poly,0.01,1000,5,5000,0.47079406795091927,0.6512720088940114,51.46122385910712
pca_100,poly,0.1,0.001,1,5000,0.47597300505731255,0.6524688949575648,87.31277889502235
pca_100,poly,0.1,0.001,2,5000,0.4692837920738384,0.6496115109184757,231.29040052602068
pca_100,poly,0.1,0.001,3,5000,0.46740274189505726,0.6498989450046793,405.9688431760296
pca_100,poly,0.1,0.001,4,5000,0.4660843478050083,0.6503773990552872,475.66214309597854
pca_100,poly,0.1,0.001,5,5000,0.47791934898123145,0.6520342620788142,485.14626899396535
pca_100,poly,0.1,0.01,1,5000,0.4664324519690126,0.6502768099308014,40.788896269048564
pca_100,poly,0.1,0.01,2,5000,0.4675039660651237,0.6513561019673944,34.02645671600476
pca_100,poly,0.1,0.01,3,5000,0.4660384460585192,0.6508939459454268,36.215233142953366
pca_100,poly,0.1,0.01,4,5000,0.4664905461249873,0.6484176651574671,47.81534350500442
pca_100,poly,0.1,0.01,5,5000,0.46589604194741696,0.6717848450643942,53.41882685001474
pca_100,poly,0.1,0.1,1,5000,0.46687706490047276,0.6529857140267268,28.999182177940384
pca_100,poly,0.1,0.1,2,5000,0.46562651300337166,0.6539911361178383,22.218911783071235
pca_100,poly,0.1,0.1,3,5000,0.467107156990096,0.6509565310552716,30.96803596499376
pca_100,poly,0.1,0.1,4,5000,0.4664577959338203,0.6532951919361949,45.1022694100393
pca_100,poly,0.1,0.1,5,5000,0.4679814769187942,0.6511615249328315,52.31083327403758
pca_100,poly,0.1,1,1,5000,0.466527879005298,0.6500214028637856,37.70709247596096
pca_100,poly,0.1,1,2,5000,0.4678006609901786,0.650763981975615,22.17559539701324
pca_100,poly,0.1,1,3,5000,0.46558800991624594,0.6496252639917657,30.943439372000284
pca_100,poly,0.1,1,4,5000,0.4680288101080805,0.6240987320197746,45.01101050397847
pca_100,poly,0.1,1,5,5000,0.46756224299315363,0.6335269791306928,52.221515360986814
pca_100,poly,0.1,10,1,5000,0.4697633299510926,0.6318257721140981,59.706095548928715
pca_100,poly,0.1,10,2,5000,0.4667866949457675,0.6299844749737531,22.19524160097353
pca_100,poly,0.1,10,3,5000,0.5331718849483877,0.645865552010946,32.19859105104115
pca_100,poly,0.1,10,4,5000,0.6009755949489772,0.6292493538931012,45.116836118046194
pca_100,poly,0.1,10,5,5000,0.5165300329681486,0.6309963308740407,52.21145549893845
pca_100,poly,0.1,100,1,5000,0.4648824611213058,0.6301472770282999,65.41162992699537
pca_100,poly,0.1,100,2,5000,0.467059806920588,0.6291492079617456,22.159314905991778
pca_100,poly,0.1,100,3,5000,0.4646771488478407,0.6268867260077968,31.01585988199804
pca_100,poly,0.1,100,4,5000,0.4662048500031233,0.6304512361530215,45.12859400198795
pca_100,poly,0.1,100,5,5000,0.4662396910134703,0.6257763139437884,52.02562772098463
pca_100,poly,0.1,1000,1,5000,0.46617163391783834,0.6293165660463274,65.33872963895556
pca_100,poly,0.1,1000,2,5000,0.46598341001663357,0.63619190803729,22.23530909908004
pca_100,poly,0.1,1000,3,5000,0.46926517493557185,0.6287745509762317,31.006854329956695
pca_100,poly,0.1,1000,4,5000,0.4663320319959894,0.6278446378419176,44.899092337931506
pca_100,poly,0.1,1000,5,5000,0.46518891805317253,0.6286492090439424,51.471355447894894
pca_100,poly,1,0.001,1,5000,0.4653564840555191,0.6255793580785394,40.77140460989904
pca_100,poly,1,0.001,2,5000,0.46638915012590587,0.6293271139729768,79.36174868501257
pca_100,poly,1,0.001,3,5000,0.46551681496202946,0.6278482279740274,178.5627405390842
pca_100,poly,1,0.001,4,5000,0.4663435388356447,0.628158064908348,345.7229266280774
pca_100,poly,1,0.001,5,5000,0.465254751034081,0.6253186359535903,425.620924695977
pca_100,poly,1,0.01,1,5000,0.4674968969775364,0.6296740910038352,29.03347595501691
pca_100,poly,1,0.01,2,5000,0.46508858201559633,0.6294733870308846,23.551687187049538
pca_100,poly,1,0.01,3,5000,0.46529326401650906,0.6276021589292213,31.485008716001175
pca_100,poly,1,0.01,4,5000,0.4680555840022862,0.6270756179001182,45.28060255001765
pca_100,poly,1,0.01,5,5000,0.46699104900471866,0.6278987199766561,52.098472162964754
pca_100,poly,1,0.1,1,5000,0.46613948105368763,0.6274539000587538,37.76702601497527
pca_100,poly,1,0.1,2,5000,0.4662023129640147,0.6861228578491136,22.120549337007105
pca_100,poly,1,0.1,3,5000,0.46651918289717287,0.6291442100191489,30.967232338967733
pca_100,poly,1,0.1,4,5000,0.4652970969909802,0.6273645439650863,45.080303153023124
pca_100,poly,1,0.1,5,5000,0.46529302501585335,0.6274825839791447,52.28826614492573
pca_100,poly,1,1,1,5000,0.6178691459354013,0.7315152740338817,69.20459803997073
pca_100,poly,1,1,2,5000,2.0807878200430423,3.9958846350200474,37.103455884964205
pca_100,poly,1,1,3,5000,0.7606063440907747,4.700473360018805,59.48820077104028
pca_100,poly,1,1,4,5000,0.9123606199864298,6.524451191886328,77.99771044193767
pca_100,poly,1,1,5,5000,1.0527462948812172,3.4350861030397937,92.23235946707428
pca_100,poly,1,10,1,5000,1.302210040972568,7.108553412021138,116.15784223505761
pca_100,poly,1,10,2,5000,1.786542459973134,3.5437345299869776,39.745024653035216
pca_100,poly,1,10,3,5000,0.7285885119345039,3.111313546076417,55.17620580398943
pca_100,poly,1,10,4,5000,0.9084646950941533,3.4275470540160313,86.30005888396408
pca_100,poly,1,10,5,5000,2.288807495031506,4.363433762919158,107.71285873197485
pca_100,poly,1,100,1,5000,2.654780726064928,2.526138501940295,131.54777480801567
pca_100,poly,1,100,2,5000,1.8440701920771971,6.940358220948838,39.935194952064194
pca_100,poly,1,100,3,5000,2.545696525136009,3.6217116488842294,64.528990610037
pca_100,poly,1,100,4,5000,1.695081415004097,5.64222327794414,82.84687857702374
pca_100,poly,1,100,5,5000,1.967368594952859,2.8694707870017737,105.22133903403301
pca_100,poly,1,1000,1,5000,2.3772949429694563,2.664594079949893,136.16008434293326
pca_100,poly,1,1000,2,5000,2.222905076108873,3.5643237729091197,45.60092980903573
pca_100,poly,1,1000,3,5000,2.565433402894996,4.647356505040079,62.961628352990374
pca_100,poly,1,1000,4,5000,1.5371565779205412,5.214132239110768,45.10283284098841
pca_100,poly,1,1000,5,5000,0.6269145039841533,0.652476115967147,51.53776428499259
pca_100,poly,10,0.001,1,5000,0.5047540910309181,0.6491982589941472,29.042455728980713
pca_100,poly,10,0.001,2,5000,0.4930368160130456,0.6508690190967172,34.02508089900948
pca_100,poly,10,0.001,3,5000,0.46760200802236795,0.6515683440957218,66.50125247903634
pca_100,poly,10,0.001,4,5000,0.46787049097474664,0.6502692669164389,162.1493421930354
pca_100,poly,10,0.001,5,5000,0.47875003097578883,0.6537530049681664,290.09523730399087
pca_100,poly,10,0.01,1,5000,0.4805675130337477,0.69444863894023,37.8320263690548
pca_100,poly,10,0.01,2,5000,0.46858068311121315,0.653729262878187,22.220527436002158
pca_100,poly,10,0.01,3,5000,0.46992963599041104,0.648803299991414,30.99963957304135
pca_100,poly,10,0.01,4,5000,0.4821052080951631,0.6515207870397717,45.164542493992485
pca_100,poly,10,0.01,5,5000,0.4704583560815081,0.6622999398969114,52.27130600810051
pca_100,poly,10,0.1,1,5000,0.4740009509259835,0.6500275259604678,59.47682858200278
pca_100,poly,10,0.1,2,5000,0.46810742595698684,0.6236230549402535,22.12987324304413
pca_100,poly,10,0.1,3,5000,0.48068859695922583,0.6528594580013305,30.98225750308484
pca_100,poly,10,0.1,4,5000,0.47257809818256646,0.6503919479437172,45.11308964493219
pca_100,poly,10,0.1,5,5000,0.4807558200554922,0.6525836199289188,52.379182417993434
pca_100,poly,10,1,1,5000,0.47065984294749796,0.6508639510720968,65.51251682301518
pca_100,poly,10,1,2,5000,0.4735668631037697,0.6497497059172019,22.19423667504452
pca_100,poly,10,1,3,5000,0.47670188813935965,0.6487535929773003,30.978731318027712
pca_100,poly,10,1,4,5000,0.4834825450088829,0.694371838006191,45.059034471050836
pca_100,poly,10,1,5,5000,0.4810956580331549,0.6513614730210975,52.30447830399498
pca_100,poly,10,10,1,5000,0.4692538649542257,0.6699677320430055,65.43786893191282
pca_100,poly,10,10,2,5000,0.46895851707085967,0.6573308069491759,22.195149835082702
pca_100,poly,10,10,3,5000,0.4690254220040515,0.6512587460456416,30.990389332990162
pca_100,poly,10,10,4,5000,0.4698690880322829,0.6734130380209535,45.213087790994905
pca_100,poly,10,10,5,5000,0.47086699097417295,0.6515287200454623,52.341977151925676
pca_100,poly,10,100,1,5000,0.4847147660329938,0.649978292058222,65.38647639600094
pca_100,poly,10,100,2,5000,0.4799772568512708,0.649377133930102,22.163602164946496
pca_100,poly,10,100,3,5000,0.47015563608147204,0.6507839469704777,31.03738216299098
pca_100,poly,10,100,4,5000,0.46853879699483514,0.6596519739832729,45.168434204068035
pca_100,poly,10,100,5,5000,0.4693774599581957,0.6509155678795651,52.09094710694626
pca_100,poly,10,1000,1,5000,0.4703445080667734,0.6518323000054806,65.36766811797861
pca_100,poly,10,1000,2,5000,0.48000834905542433,0.6504791579209268,22.17605436302256
pca_100,poly,10,1000,3,5000,0.47074414091184735,0.6609681179979816,31.04336998797953
pca_100,poly,10,1000,4,5000,0.46996909694280475,0.7074805179145187,44.93960722198244
pca_100,poly,10,1000,5,5000,0.4811943689128384,0.6569118270417675,51.570097738993354
pca_100,poly,100,0.001,1,5000,0.48235559090971947,0.6525320410728455,37.88708447094541
pca_100,poly,100,0.001,2,5000,0.4685959469061345,0.6514171999879181,23.46500439499505
pca_100,poly,100,0.001,3,5000,0.4696044389856979,0.6505510970018804,36.17465361894574
pca_100,poly,100,0.001,4,5000,0.4717992680380121,0.6505239100661129,70.91269475093577
pca_100,poly,100,0.001,5,5000,0.48091719194781035,0.6520588949788362,140.76494836003985
pca_100,poly,100,0.01,1,5000,0.48315836989786476,0.6533444810193032,59.59072966699023
pca_100,poly,100,0.01,2,5000,0.47098757803905755,0.6455136130098253,22.16796863800846
pca_100,poly,100,0.01,3,5000,0.4802446069661528,0.6494320429628715,31.03861465898808
pca_100,poly,100,0.01,4,5000,0.4811659059487283,0.6511994518805295,45.17921373597346
pca_100,poly,100,0.01,5,5000,0.46954052487853914,0.6961639520013705,52.24931710900273
pca_100,poly,100,0.1,1,5000,0.4711925658630207,0.6508913340512663,65.50246562401298
pca_100,poly,100,0.1,2,5000,0.47927231003995985,0.6500401821685955,22.137289128033444
pca_100,poly,100,0.1,3,5000,0.4684036789694801,0.6510895261308178,31.062698319903575
pca_100,poly,100,0.1,4,5000,0.4681779609527439,0.6584216899937019,45.137295783963054
pca_100,poly,100,0.1,5,5000,0.47015311010181904,0.6492412359220907,52.39715202793013
pca_100,poly,100,1,1,5000,0.4787634009262547,0.6506243819603696,65.4631692559924
pca_100,poly,100,1,2,5000,0.47166304907295853,0.6606278988765553,22.182244044961408
pca_100,poly,100,1,3,5000,0.47976987599395216,0.6504791080951691,30.970935872988775
pca_100,poly,100,1,4,5000,0.46954819094389677,0.6492605410749093,45.10739592893515
pca_100,poly,100,1,5,5000,0.46830208506435156,0.649784491979517,52.302304423064925
pca_100,poly,100,10,1,5000,0.4683483619010076,0.6497667819494382,65.4379599589156
pca_100,poly,100,10,2,5000,0.46842918486800045,0.6493190000765026,22.1953242958989
pca_100,poly,100,10,3,5000,0.48163872899021953,0.6594865400111303,30.986752982018515
pca_100,poly,100,10,4,5000,0.4812056169612333,0.6312893680296838,45.20558712806087
pca_100,poly,100,10,5,5000,0.4683274250710383,0.6406112130498514,52.29388423298951
pca_100,poly,100,100,1,5000,0.47967797494493425,0.648488178034313,65.41589991096407
pca_100,poly,100,100,2,5000,0.4816319049568847,0.6628648960031569,22.169614930986427
pca_100,poly,100,100,3,5000,0.4699240489862859,0.6504153889836743,31.037347469944507
pca_100,poly,100,100,4,5000,0.4730960839660838,0.6491923780413345,45.14180919097271
pca_100,poly,100,100,5,5000,0.4808254400268197,0.650925315101631,52.11452692293096
pca_100,poly,100,1000,1,5000,0.4687492990633473,0.6597138199722394,65.34240819106344
pca_100,poly,100,1000,2,5000,0.47969861107412726,0.6663970618974417,22.198098539025523
pca_100,poly,100,1000,3,5000,0.4690925539471209,0.6487430800916627,31.03886929503642
pca_100,poly,100,1000,4,5000,0.48085778998211026,0.6512416158802807,44.9664801369654
pca_100,poly,100,1000,5,5000,0.4833614908857271,0.6518287369981408,51.53847910591867
pca_100,poly,1000,0.001,1,5000,0.46983512002043426,0.6507188759278506,59.61633051605895
pca_100,poly,1000,0.001,2,5000,0.4794718830380589,0.6513343680417165,22.24915307201445
pca_100,poly,1000,0.001,3,5000,0.48126610089093447,0.6522562450263649,31.47644732298795
pca_100,poly,1000,0.001,4,5000,0.47063732403330505,0.6489388210466132,48.119330934016034
pca_100,poly,1000,0.001,5,5000,0.46795916999690235,0.6524619578849524,70.4078117540339
pca_100,poly,1000,0.01,1,5000,0.4677782900398597,0.6502750050276518,65.44754028902389
pca_100,poly,1000,0.01,2,5000,0.4804096180014312,0.6497139571001753,22.16219938499853
pca_100,poly,1000,0.01,3,5000,0.4800797699717805,0.6513807979645208,31.002278098021634
pca_100,poly,1000,0.01,4,5000,0.4693558120634407,0.6516233319416642,45.167046754970215
pca_100,poly,1000,0.01,5,5000,0.47028880496509373,0.6499864830402657,52.25998660805635
pca_100,poly,1000,0.1,1,5000,0.46834291191771626,0.6488549170317128,65.50303308805451
pca_100,poly,1000,0.1,2,5000,0.48016838810872287,0.6510049670469016,22.142032345058396
pca_100,poly,1000,0.1,3,5000,0.47231337998528033,0.6507536380086094,30.9974365120288
pca_100,poly,1000,0.1,4,5000,0.4683153440710157,0.6511577620403841,45.12849549402017
pca_100,poly,1000,0.1,5,5000,0.46934456389863044,0.6485325280809775,52.383656752994284
pca_100,poly,1000,1,1,5000,0.46826236799824983,0.6494429699378088,65.49076103291009
pca_100,poly,1000,1,2,5000,0.4822946529602632,0.6500592310912907,22.274227754911408
pca_100,poly,1000,1,3,5000,0.48206141602713615,0.6507608229294419,30.967935984022915
pca_100,poly,1000,1,4,5000,0.4748249490512535,0.6493654029909521,45.13653117092326
pca_100,poly,1000,1,5,5000,0.47241977509111166,0.6518870129948482,52.3383906960953
pca_100,poly,1000,10,1,5000,0.4811248439364135,0.66508685098961,65.408355543972
pca_100,poly,1000,10,2,5000,0.47130175889469683,0.6502323349704966,22.19713215494994
pca_100,poly,1000,10,3,5000,0.46888012799900025,0.6558725220384076,31.00086873897817
pca_100,poly,1000,10,4,5000,0.47138049895875156,0.6483816601103172,45.14679676794913
pca_100,poly,1000,10,5,5000,0.47133044002112,0.6510703508974984,52.29901024908759
pca_100,poly,1000,100,1,5000,0.4701295290142298,0.654760804027319,65.41679619508795
pca_100,poly,1000,100,2,5000,0.47978048503864557,0.6538398500997573,22.164981610956602
pca_100,poly,1000,100,3,5000,0.47075475903693587,0.660663448041305,31.043950629071333
pca_100,poly,1000,100,4,5000,0.47228891495615244,0.6593637489713728,45.17655183095485
pca_100,poly,1000,100,5,5000,0.4687410941114649,0.6513387729646638,52.108676434960216
pca_100,poly,1000,1000,1,5000,0.481278324034065,0.6507828600006178,65.37225390295498
pca_100,poly,1000,1000,2,5000,0.46912749495822936,0.6551928500412032,22.18072112102527
pca_100,poly,1000,1000,3,5000,0.4695230119396001,0.6499070060672238,31.039776382036507
pca_100,poly,1000,1000,4,5000,0.4685517339967191,0.6503262228798121,44.9520866330713
pca_100,poly,1000,1000,5,5000,0.47255724703427404,0.6605477611301467,51.564402827993035
pca_200,poly,0.001,0.001,1,5000,0.5407690039137378,0.8531886439304799,707.6989259460242
pca_200,poly,0.001,0.001,2,5000,0.4708329309942201,0.8458248380338773,710.0256326390663
pca_200,poly,0.001,0.001,3,5000,0.4820495930034667,0.8462765670847148,707.5257265400141
pca_200,poly,0.001,0.001,4,5000,0.491129718022421,0.844747688039206,717.3313710880466
pca_200,poly,0.001,0.001,5,5000,0.49127205996774137,0.8468016649130732,720.3192879230483
pca_200,poly,0.001,0.01,1,5000,0.4790239529684186,0.8485391039866954,351.36451677710284
pca_200,poly,0.001,0.01,2,5000,0.4754453779896721,0.8390368040418252,328.3846766729839
pca_200,poly,0.001,0.01,3,5000,0.4921657539671287,0.847685290966183,251.21634368004743
pca_200,poly,0.001,0.01,4,5000,0.4871940449811518,0.8504362960811704,226.3672953909263
pca_200,poly,0.001,0.01,5,5000,0.4798360059503466,0.8483965490013361,197.7673181600403
pca_200,poly,0.001,0.1,1,5000,0.4879421601071954,0.846215914003551,125.70490542193875
pca_200,poly,0.001,0.1,2,5000,0.48587472504004836,0.8467034839559346,51.16274842794519
pca_200,poly,0.001,0.1,3,5000,0.47448886709753424,0.8523721350356936,59.02195441303775
pca_200,poly,0.001,0.1,4,5000,0.4878977360203862,0.8449369190493599,87.39147496200167
pca_200,poly,0.001,0.1,5,5000,0.48491357697639614,0.8496748610632494,103.37001497601159
pca_200,poly,0.001,1,1,5000,0.4758364980807528,0.8436317140003666,57.53505447600037
pca_200,poly,0.001,1,2,5000,0.48663880908861756,0.8495796510251239,38.27294685796369
pca_200,poly,0.001,1,3,5000,0.4757133930688724,0.8424878400983289,58.93095412210096
pca_200,poly,0.001,1,4,5000,0.47638722811825573,0.8504830189049244,87.81602130795363
pca_200,poly,0.001,1,5,5000,0.4856467900099233,0.8443960979348049,102.87138464290183
pca_200,poly,0.001,10,1,5000,0.48610215401276946,0.8511316931108013,39.8574850379955
pca_200,poly,0.001,10,2,5000,0.4778347060782835,0.8548182010417804,38.27327944897115
pca_200,poly,0.001,10,3,5000,0.4858068589819595,0.8472071180585772,58.87451623391826
pca_200,poly,0.001,10,4,5000,0.47494803299196064,0.8424041121033952,87.00714950310066
pca_200,poly,0.001,10,5,5000,0.48950122797396034,0.8496634159237146,103.0768779439386
pca_200,poly,0.001,100,1,5000,0.47499571891967207,0.8475287129404023,51.90779616392683
pca_200,poly,0.001,100,2,5000,0.4791736149927601,0.8433914459310472,38.31998944398947
pca_200,poly,0.001,100,3,5000,0.48668837104924023,0.8465174679877236,58.84829880599864
pca_200,poly,0.001,100,4,5000,0.4863423859933391,0.8496231749886647,87.77885923604481
pca_200,poly,0.001,100,5,5000,0.4853836320107803,0.849328706972301,103.40702966996469
pca_200,poly,0.001,1000,1,5000,0.4772920839022845,0.8459812619257718,78.55634683498647
pca_200,poly,0.001,1000,2,5000,0.5000373059883714,0.8510457879165187,38.213422717992216
pca_200,poly,0.001,1000,3,5000,0.4748121000593528,0.8465962159680203,58.85990155104082
pca_200,poly,0.001,1000,4,5000,0.4748471640050411,0.8531436080811545,87.86936466698535
pca_200,poly,0.001,1000,5,5000,0.4854799769818783,0.8496929240645841,102.56302702892572
pca_200,poly,0.01,0.001,1,5000,0.4888517688959837,0.8507073408691213,351.07896752492525
pca_200,poly,0.01,0.001,2,5000,0.47699032409582287,0.8484128640266135,691.9009857029887
pca_200,poly,0.01,0.001,3,5000,0.47542262298520654,0.8564754109829664,717.0578042040579
pca_200,poly,0.01,0.001,4,5000,0.475898906821385,0.8385847239987925,719.5287532089278
pca_200,poly,0.01,0.001,5,5000,0.47835674101952463,0.847978005069308,719.775938426028
pca_200,poly,0.01,0.01,1,5000,0.4793423260562122,0.845691234106198,125.81265427696053
pca_200,poly,0.01,0.01,2,5000,0.4746266769943759,0.8478604180272669,112.48525398410857
pca_200,poly,0.01,0.01,3,5000,0.4882075829664245,0.852552219061181,98.27208484790754
pca_200,poly,0.01,0.01,4,5000,0.4762074400205165,0.8457163688726723,111.34525660204235
pca_200,poly,0.01,0.01,5,5000,0.48676238395273685,0.8500839930493385,114.55169408593792
pca_200,poly,0.01,0.1,1,5000,0.48702368093654513,0.8502075519645587,57.572928818990476
pca_200,poly,0.01,0.1,2,5000,0.47788888111244887,0.8478901409544051,39.41504476103
pca_200,poly,0.01,0.1,3,5000,0.47440359904430807,0.8493576429318637,58.98839854297694
pca_200,poly,0.01,0.1,4,5000,0.4751566239865497,0.8442642029840499,87.57225031696726
pca_200,poly,0.01,0.1,5,5000,0.48693882999941707,0.8496225340059027,103.39842543401755
pca_200,poly,0.01,1,1,5000,0.4772902320837602,0.8495983639732003,39.857989220065065
pca_200,poly,0.01,1,2,5000,0.4862809048499912,0.847828557016328,38.26205244392622
pca_200,poly,0.01,1,3,5000,0.4877229529665783,0.8487828110810369,58.8395752760116
pca_200,poly,0.01,1,4,5000,0.47494581004139036,0.8473500399850309,87.85468337906059
pca_200,poly,0.01,1,5,5000,0.4877423469442874,0.8527154810726643,102.91941784706432
pca_200,poly,0.01,10,1,5000,0.47420543304178864,0.8441198611399159,51.879621556960046
pca_200,poly,0.01,10,2,5000,0.48606147698592395,0.8453740769764408,38.303587952046655
pca_200,poly,0.01,10,3,5000,0.4865174839505926,0.849975303048268,58.9604776869528
pca_200,poly,0.01,10,4,5000,0.4877037738915533,0.8546716440469027,87.11235348298214
pca_200,poly,0.01,10,5,5000,0.4889042670838535,0.8521847220836207,103.13625071395654
pca_200,poly,0.01,100,1,5000,0.47533272893633693,0.8512309420621023,78.60113983193878
pca_200,poly,0.01,100,2,5000,0.4865310669410974,0.8508216120535508,38.34037307393737
pca_200,poly,0.01,100,3,5000,0.47644687502179295,0.8534101161640137,58.8704434010433
pca_200,poly,0.01,100,4,5000,0.4864541229326278,0.8462727199075744,87.38621741696261
pca_200,poly,0.01,100,5,5000,0.47907896398101,0.858877663849853,103.42238825408276
pca_200,poly,0.01,1000,1,5000,0.48628362093586475,0.852554596029222,82.5235078179976
pca_200,poly,0.01,1000,2,5000,0.4863305449252948,0.8514420710271224,38.24735462490935
pca_200,poly,0.01,1000,3,5000,0.4748420249670744,0.8473507850430906,59.04050690692384
pca_200,poly,0.01,1000,4,5000,0.47753410891164094,0.8528635539114475,87.79833496303763
pca_200,poly,0.01,1000,5,5000,0.4757539889542386,0.8505084840580821,103.14648055506404
pca_200,poly,0.1,0.001,1,5000,0.48667640797793865,0.8537100468529388,125.77656106802169
pca_200,poly,0.1,0.001,2,5000,0.4863364679040387,0.8469016409944743,328.8481958810007
pca_200,poly,0.1,0.001,3,5000,0.4896403149468824,0.8608055548975244,577.8297755550593
pca_200,poly,0.1,0.001,4,5000,0.4915197850205004,0.8406155299162492,675.1481881010113
pca_200,poly,0.1,0.001,5,5000,0.4751560160657391,0.8507259619655088,700.903536421014
pca_200,poly,0.1,0.01,1,5000,0.4832387260394171,0.8491604281589389,57.578803016920574
pca_200,poly,0.1,0.01,2,5000,0.4858354680472985,0.8506656610406935,51.44300984800793
pca_200,poly,0.1,0.01,3,5000,0.47624023898970336,0.8490417578723282,63.02412088797428
pca_200,poly,0.1,0.01,4,5000,0.4865664910757914,0.8500065540429205,88.3643757069949
pca_200,poly,0.1,0.01,5,5000,0.476796637987718,0.8494456629268825,102.46333502104972
pca_200,poly,0.1,0.1,1,5000,0.473800664069131,0.8546754701528698,39.898386114044115
pca_200,poly,0.1,0.1,2,5000,0.4876261109020561,0.8483952169772238,38.351026025018655
pca_200,poly,0.1,0.1,3,5000,0.47465241292957217,0.8525020059896633,59.05127794900909
pca_200,poly,0.1,0.1,4,5000,0.4749162041116506,0.8583087930455804,87.43388094205875
pca_200,poly,0.1,0.1,5,5000,0.48663754703011364,0.8512977149803191,103.33171719301026
pca_200,poly,0.1,1,1,5000,0.48552903602831066,0.8484908459940925,51.89226770098321
pca_200,poly,0.1,1,2,5000,0.4851937589701265,0.8230256809620187,38.3037018480245
pca_200,poly,0.1,1,3,5000,0.47576486004982144,0.8477977650472894,58.851248002029024
pca_200,poly,0.1,1,4,5000,0.47441777598578483,0.849268204998225,87.82650424796157
pca_200,poly,0.1,1,5,5000,0.4854549180017784,0.8502812049118802,102.8646587630501
pca_200,poly,0.1,10,1,5000,0.4851419359911233,0.8486467299517244,78.69716326100752
pca_200,poly,0.1,10,2,5000,0.4852969240164384,0.8478783739265054,38.293037630966865
pca_200,poly,0.1,10,3,5000,0.47491335205268115,0.8493449179222807,58.84710685699247
pca_200,poly,0.1,10,4,5000,0.47578549198806286,0.8457252269145101,87.03180440689903
pca_200,poly,0.1,10,5,5000,0.4737817499553785,0.844787318026647,104.63406674191356
pca_200,poly,0.1,100,1,5000,0.49132215906865895,0.8490690800826997,82.47748274402693
pca_200,poly,0.1,100,2,5000,0.47409340902231634,0.8505464299814776,38.33954165701289
pca_200,poly,0.1,100,3,5000,0.4855835580965504,0.8511407210025936,58.858109688037075
pca_200,poly,0.1,100,4,5000,0.48392219899687916,0.84550901199691,87.40908408199903
pca_200,poly,0.1,100,5,5000,0.48546140000689775,0.8479200248839334,103.37890605302528
pca_200,poly,0.1,1000,1,5000,0.47565227397717535,0.8526610539993271,82.55313872604165
pca_200,poly,0.1,1000,2,5000,0.4846588789951056,0.8554471179377288,38.25664075289387
pca_200,poly,0.1,1000,3,5000,0.4867368780542165,0.8492005600128323,58.89393933105748
pca_200,poly,0.1,1000,4,5000,0.48570072709117085,0.8471882810117677,87.58146024902817
pca_200,poly,0.1,1000,5,5000,0.4753737540449947,0.8496929719112813,102.66182887309697
pca_200,poly,1,0.001,1,5000,0.47784226096700877,0.8478816179558635,57.59330696100369
pca_200,poly,1,0.001,2,5000,0.4846020760014653,0.8482409560820088,112.46272942598443
pca_200,poly,1,0.001,3,5000,0.4777958139311522,0.843899858999066,251.14479370496701
pca_200,poly,1,0.001,4,5000,0.48433843604288995,0.8371459799818695,484.4063271320192
pca_200,poly,1,0.001,5,5000,0.4745080820284784,0.8465833769878373,605.4986209400231
pca_200,poly,1,0.01,1,5000,0.5254118529846892,0.8527884068898857,39.891606286983006
pca_200,poly,1,0.01,2,5000,0.4932234709849581,0.8484530299901962,39.34809344098903
pca_200,poly,1,0.01,3,5000,0.5133549718884751,0.8517556189326569,58.881845253985375
pca_200,poly,1,0.01,4,5000,0.4821782479993999,0.8483545670751482,87.45073550601956
pca_200,poly,1,0.01,5,5000,0.47590751794632524,0.8514517890289426,102.77499631396495
pca_200,poly,1,0.1,1,5000,0.4714032281190157,0.8457839930197224,51.95406911103055
pca_200,poly,1,0.1,2,5000,0.4747951520839706,0.8506867489777505,38.34891406900715
pca_200,poly,1,0.1,3,5000,0.4729676340939477,0.8494823910295963,58.99257506604772
pca_200,poly,1,0.1,4,5000,0.4723769079428166,0.8451589939650148,87.44486376491841
pca_200,poly,1,0.1,5,5000,0.4733575879363343,0.8494497570209205,103.39659432903863
pca_200,poly,1,1,1,5000,0.4726165969623253,0.8405036079930142,78.73452587402426
pca_200,poly,1,1,2,5000,0.4745897750835866,0.8475986568955705,38.25861404591706
pca_200,poly,1,1,3,5000,0.47305371100082994,0.8406418371014297,58.85291393799707
pca_200,poly,1,1,4,5000,0.4757788189454004,0.8556426779832691,87.80439132405445
pca_200,poly,1,1,5,5000,0.472375761019066,0.8434593529673293,102.87002294696867
pca_200,poly,1,10,1,5000,0.4820395460119471,0.8489976460114121,82.51654525496997
pca_200,poly,1,10,2,5000,0.47338434390258044,0.8451622899156064,38.28349906404037
pca_200,poly,1,10,3,5000,0.4740871050162241,0.8467805760446936,58.86860945401713
pca_200,poly,1,10,4,5000,0.4733264830429107,0.8404153789160773,87.03343279100955
pca_200,poly,1,10,5,5000,0.4751152419485152,0.8452776189660653,103.13255721505266
pca_200,poly,1,100,1,5000,0.4724537830334157,0.8424027060391381,82.47593949199654
pca_200,poly,1,100,2,5000,0.47226623888127506,0.8335584889864549,38.31885629694443
pca_200,poly,1,100,3,5000,0.47683579195290804,0.8433117090025917,58.838798037031665
pca_200,poly,1,100,4,5000,0.4737300620181486,0.8458906420273706,87.35240900109056
pca_200,poly,1,100,5,5000,0.4751161790918559,0.8440146509092301,103.29290571203455
pca_200,poly,1,1000,1,5000,0.4730663920054212,0.840118007035926,82.4822649389971
pca_200,poly,1,1000,2,5000,0.4721500650048256,0.8496099279727787,38.30566984298639
pca_200,poly,1,1000,3,5000,0.47249536705203354,0.8451083790278062,58.82924759096932
pca_200,poly,1,1000,4,5000,0.4728263660799712,0.8508433750830591,87.57821296597831
pca_200,poly,1,1000,5,5000,0.4735964550636709,0.8415431010071188,102.57292667997535
pca_200,poly,10,0.001,1,5000,0.4777003339258954,0.8438214131165296,39.91335775796324
pca_200,poly,10,0.001,2,5000,0.4751233810093254,0.8423258990515023,51.25725384999532
pca_200,poly,10,0.001,3,5000,0.473050779895857,0.8466299630235881,97.97257016401272
pca_200,poly,10,0.001,4,5000,0.4752661009551957,0.8480328010628,226.20688206795603
pca_200,poly,10,0.001,5,5000,0.47319327003788203,0.8433558539254591,400.48562926007435
pca_200,poly,10,0.01,1,5000,0.4729975329246372,0.8482838519848883,51.89577392407227
pca_200,poly,10,0.01,2,5000,0.472698837867938,0.8540481789968908,38.26540430902969
pca_200,poly,10,0.01,3,5000,0.4727791689801961,0.850682734977454,58.864706555963494
pca_200,poly,10,0.01,4,5000,0.4736388149904087,0.8490863520419225,87.36076420906466
pca_200,poly,10,0.01,5,5000,0.47493088303599507,0.8579587448621169,102.71015748393256
pca_200,poly,10,0.1,1,5000,0.47315720096230507,0.8468479621224105,78.6091156869661
pca_200,poly,10,0.1,2,5000,0.4731350429356098,0.8516431879252195,38.348461512010545
pca_200,poly,10,0.1,3,5000,0.47514490596950054,0.8518481659702957,58.958379314048216
pca_200,poly,10,0.1,4,5000,0.47277274704538286,0.8502790220081806,87.45057431806345
pca_200,poly,10,0.1,5,5000,0.4745886438759044,0.8457673121010885,103.3444689909229
pca_200,poly,10,1,1,5000,0.4738333289278671,0.84832528908737,82.50353301002178
pca_200,poly,10,1,2,5000,0.4723262540064752,0.8476894900668412,38.26338423404377
pca_200,poly,10,1,3,5000,0.4739228109829128,0.8471066530328244,58.84563253005035
pca_200,poly,10,1,4,5000,0.47189751802943647,0.8562882620608434,87.82841334596742
pca_200,poly,10,1,5,5000,0.47339608194306493,0.8474487119819969,102.88175440195482
pca_200,poly,10,10,1,5000,0.47239621891640127,0.8513688689563423,82.51386738603469
pca_200,poly,10,10,2,5000,0.4731437428854406,0.850024334853515,38.28172696591355
pca_200,poly,10,10,3,5000,0.47368877101689577,0.8521308469353244,58.87992777896579
pca_200,poly,10,10,4,5000,0.47264872200321406,0.8491277028806508,87.06041962606832
pca_200,poly,10,10,5,5000,0.47166927193757147,0.8509662420256063,103.17402293498162
pca_200,poly,10,100,1,5000,0.472492317087017,0.8425988699309528,82.5545016080141
pca_200,poly,10,100,2,5000,0.47253963886760175,0.8509101319359615,38.306135141057894
pca_200,poly,10,100,3,5000,0.47266593493986875,0.8197600661078468,58.877904974040575
pca_200,poly,10,100,4,5000,0.47178540902677923,0.847980388905853,87.33123520098161
pca_200,poly,10,100,5,5000,0.47191354306414723,0.8421422599349171,103.35298274992965
pca_200,poly,10,1000,1,5000,0.47370412899181247,0.850747549906373,82.48684866807889
pca_200,poly,10,1000,2,5000,0.4715663241222501,0.8483483709860593,38.22528411995154
pca_200,poly,10,1000,3,5000,0.4728771209483966,0.8493813370587304,58.85553156095557
pca_200,poly,10,1000,4,5000,0.4748020099941641,0.8425059249857441,87.62343619694002
pca_200,poly,10,1000,5,5000,0.4722116900375113,0.8504573720274493,102.60310542001389
pca_200,poly,100,0.001,1,5000,0.4723015420604497,0.8401210379088297,52.04495016508736
pca_200,poly,100,0.001,2,5000,0.4740867321379483,0.8532076239353046,39.23412077501416
pca_200,poly,100,0.001,3,5000,0.47278234211262316,0.8463343491312116,62.87866355001461
pca_200,poly,100,0.001,4,5000,0.47284617798868567,0.8487604049732909,111.26113971404266
pca_200,poly,100,0.001,5,5000,0.4732104670256376,0.8456581920618191,196.95987101597711
pca_200,poly,100,0.01,1,5000,0.47494043491315097,0.8785691378870979,78.66601388098206
pca_200,poly,100,0.01,2,5000,0.47419813997112215,0.8485459330258891,38.251264604972675
pca_200,poly,100,0.01,3,5000,0.47288670006673783,0.8432803387986496,58.859861960983835
pca_200,poly,100,0.01,4,5000,0.47242968203499913,0.8507305919192731,87.39278893102892
pca_200,poly,100,0.01,5,5000,0.4755174689926207,0.847156957956031,102.78665936400648
pca_200,poly,100,0.1,1,5000,0.4729892190080136,0.8512454059673473,82.52714635699522
pca_200,poly,100,0.1,2,5000,0.4723137100227177,0.8441887568915263,38.358508761040866
pca_200,poly,100,0.1,3,5000,0.4729533849749714,0.8480389059986919,59.02895119099412
pca_200,poly,100,0.1,4,5000,0.47282810299657285,0.8449126300401986,87.53220823092852
pca_200,poly,100,0.1,5,5000,0.47275065490975976,0.8495010079350322,103.65817219903693
pca_200,poly,100,1,1,5000,0.47577500506304204,0.8400094531243667,81.50381910509896
pca_200,poly,100,1,2,5000,0.46724631101824343,0.8498326169792563,37.78379587701056
pca_200,poly,100,1,3,5000,0.4669301320100203,0.8500167779857293,58.087392145069316
pca_200,poly,100,1,4,5000,0.46974535600747913,0.8481045119697228,86.64138924097642
pca_200,poly,100,1,5,5000,0.4657200089422986,0.8513617250137031,101.52598162495997
pca_200,poly,100,10,1,5000,0.465937388013117,0.8525164228631184,81.58233349199872
pca_200,poly,100,10,2,5000,0.4665912470081821,0.8498954999959096,37.79211752000265
pca_200,poly,100,10,3,5000,0.46579101704992354,0.8583184800809249,58.10759183601476
pca_200,poly,100,10,4,5000,0.46640960802324116,0.8570464920485392,85.84145298006479
pca_200,poly,100,10,5,5000,0.4775655490811914,0.835144140990451,101.72925540502183
pca_200,poly,100,100,1,5000,0.46691936103161424,0.8496319410623983,81.44017459999304
pca_200,poly,100,100,2,5000,0.4663819478591904,0.8484510509297252,37.82140542194247
pca_200,poly,100,100,3,5000,0.46559360704850405,0.8522862730314955,58.11312114598695
pca_200,poly,100,100,4,5000,0.46573887404520065,0.8496456741122529,86.11676498700399
pca_200,poly,100,100,5,5000,0.46569232596084476,0.84647390502505,102.01026465499308
pca_200,poly,100,1000,1,5000,0.4654043070040643,0.8519254439743236,81.52591596089769
pca_200,poly,100,1000,2,5000,0.4665222379844636,0.8497265330515802,37.75950834096875
pca_200,poly,100,1000,3,5000,0.4667451449204236,0.8501487849280238,58.12357084697578
pca_200,poly,100,1000,4,5000,0.4743056430015713,0.8523481859592721,86.39223656407557
pca_200,poly,100,1000,5,5000,0.4662648820085451,0.8517251729499549,101.26168667105958
pca_200,poly,1000,0.001,1,5000,0.4675054639810696,0.853817577008158,77.70180334104225
pca_200,poly,1000,0.001,2,5000,0.466307355905883,0.8524967989651486,37.864818476955406
pca_200,poly,1000,0.001,3,5000,0.46542859089095145,0.850338279036805,58.20890172990039
pca_200,poly,1000,0.001,4,5000,0.4673084440873936,0.8506732300156727,87.35436349897645
pca_200,poly,1000,0.001,5,5000,0.4675412849755958,0.8514408450573683,113.10644836095162
pca_200,poly,1000,0.01,1,5000,0.46896657906472683,0.8526582840131596,81.43138977291528
pca_200,poly,1000,0.01,2,5000,0.471953246043995,0.8505641100928187,37.76712596800644
pca_200,poly,1000,0.01,3,5000,0.4651960030896589,0.8476614580722526,58.09929099294823
pca_200,poly,1000,0.01,4,5000,0.4683187020709738,0.8505195849575102,86.23785751697142
pca_200,poly,1000,0.01,5,5000,0.46754694485571235,0.8501368100987747,101.38269851496443
pca_200,poly,1000,0.1,1,5000,0.46685343608260155,0.8488519890233874,81.58301974192727
pca_200,poly,1000,0.1,2,5000,0.4677868790458888,0.8489145949715748,37.86873301304877
pca_200,poly,1000,0.1,3,5000,0.4658681210130453,0.8522068619495258,58.23832841892727
pca_200,poly,1000,0.1,4,5000,0.4683540001278743,0.8501451419433579,86.2966288930038
pca_200,poly,1000,0.1,5,5000,0.4656152429524809,0.8506834618747234,101.94225623307284
pca_200,poly,1000,1,1,5000,0.4654760881094262,0.8528171150246635,81.56454883201513
pca_200,poly,1000,1,2,5000,0.4661768110236153,0.8458827800350264,37.781147217028774
pca_200,poly,1000,1,3,5000,0.4662218480370939,0.8471544139320031,58.0761119639501
pca_200,poly,1000,1,4,5000,0.4651611109729856,0.8515391240362078,86.61760415602475
pca_200,poly,1000,1,5,5000,0.4668906208826229,0.8495333960745484,101.57886831799988
pca_200,poly,1000,10,1,5000,0.46699443308170885,0.8465930370148271,81.53914154903032
pca_200,poly,1000,10,2,5000,0.46630427695345134,0.8457724530017003,37.80158108205069
pca_200,poly,1000,10,3,5000,0.4659821850946173,0.851887228898704,58.102072659065016
pca_200,poly,1000,10,4,5000,0.46530488005373627,0.8506548351142555,85.8800401709741
pca_200,poly,1000,10,5,5000,0.4671702650375664,0.8481484350049868,101.92905492393766
pca_200,poly,1000,100,1,5000,0.46693864604458213,0.8540421259822324,81.49139096797444
pca_200,poly,1000,100,2,5000,0.46621120907366276,0.8451482040109113,37.879081370076165
pca_200,poly,1000,100,3,5000,0.4653178609441966,0.8504113049712032,58.14767586707603
pca_200,poly,1000,100,4,5000,0.4666520260507241,0.8456169329583645,86.31192322901916
pca_200,poly,1000,100,5,5000,0.4665379748912528,0.8510311159770936,101.99412182800006
pca_200,poly,1000,1000,1,5000,0.46794469095766544,0.8474019098794088,81.50208425498568
pca_200,poly,1000,1000,2,5000,0.4668893610360101,0.8487499529728666,37.752673875074834
pca_200,poly,1000,1000,3,5000,0.46612817607820034,0.8489001019624993,58.09355812496506
pca_200,poly,1000,1000,4,5000,0.46608986204955727,0.8493369130883366,86.40490951493848
pca_200,poly,1000,1000,5,5000,0.4661301259184256,0.849145507090725,101.30041317699943
lda,poly,0.001,0.001,1,5000,0.4989392519928515,5.489216892980039,122.84376716904808
lda,poly,0.001,0.001,2,5000,0.4655116639332846,4.5818189840065315,124.35951686196495
lda,poly,0.001,0.001,3,5000,0.4707188340835273,4.47807136492338,125.19217432499863
lda,poly,0.001,0.001,4,5000,0.46641059301327914,4.434665141045116,125.95888843608554
lda,poly,0.001,0.001,5,5000,0.46634803514461964,4.367134889005683,127.1072839780245
lda,poly,0.001,0.01,1,5000,0.466409856104292,4.377660447033122,115.18971083697397
lda,poly,0.001,0.01,2,5000,0.46586739097256213,4.365221967920661,124.41291537706275
lda,poly,0.001,0.01,3,5000,0.4665879720123485,4.360283845919184,125.23671950597782
lda,poly,0.001,0.01,4,5000,0.4665269259130582,4.354642076068558,125.97336085897405
lda,poly,0.001,0.01,5,5000,0.4666892619570717,4.370413328986615,127.00997015996836
lda,poly,0.001,0.1,1,5000,0.4654825490433723,4.332035544910468,40.018004441051744
lda,poly,0.001,0.1,2,5000,0.46563310106284916,4.362238034023903,47.905965963960625
lda,poly,0.001,0.1,3,5000,0.4677653879625723,4.341486286837608,40.98658778995741
lda,poly,0.001,0.1,4,5000,0.46633091010153294,4.404053212958388,43.599712103023194
lda,poly,0.001,0.1,5,5000,0.4644272269215435,4.391896286047995,39.83336769999005
lda,poly,0.001,1,1,5000,0.4654599679633975,4.34403359296266,16.541645883000456
lda,poly,0.001,1,2,5000,0.46559262508526444,4.356427368009463,15.492461289046332
lda,poly,0.001,1,3,5000,0.46603978192433715,4.338829378015362,11.575207977090031
lda,poly,0.001,1,4,5000,0.4672712970059365,4.307360248058103,15.93344612699002
lda,poly,0.001,1,5,5000,0.46558423107489944,4.314545701025054,12.838983371970244
lda,poly,0.001,10,1,5000,0.4657688649604097,4.341849908931181,10.766282099997625
lda,poly,0.001,10,2,5000,0.46504316001664847,4.324763386975974,21.365018857992254
lda,poly,0.001,10,3,5000,0.4664727420313284,4.4139237380586565,13.86830665904563
lda,poly,0.001,10,4,5000,0.4664075169712305,4.34922848502174,15.115179878892377
lda,poly,0.001,10,5,5000,0.4669508319348097,4.382487370981835,12.752875239006244
lda,poly,0.001,100,1,5000,0.465790412039496,4.340516214957461,10.436034481041133
lda,poly,0.001,100,2,5000,0.466486411052756,4.36684774805326,24.107506980071776
lda,poly,0.001,100,3,5000,0.4662668158998713,4.401916780043393,13.69114295009058
lda,poly,0.001,100,4,5000,0.4658767649671063,4.40036930993665,14.925987901049666
lda,poly,0.001,100,5,5000,0.4673664190340787,4.3323383630486205,12.776306416955777
lda,poly,0.001,1000,1,5000,0.4666632799198851,4.387341018998995,14.12343190901447
lda,poly,0.001,1000,2,5000,0.4674257809529081,4.40776449511759,23.39114589698147
lda,poly,0.001,1000,3,5000,0.4666092300321907,4.3165376329561695,13.725181395071559
lda,poly,0.001,1000,4,5000,0.4658444819506258,4.39298876398243,14.865866437903605
lda,poly,0.001,1000,5,5000,0.4666233020834625,4.447143014054745,12.704457481973805
lda,poly,0.01,0.001,1,5000,0.4669495918788016,4.401179846958257,115.17262366204523
lda,poly,0.01,0.001,2,5000,0.4682549759745598,4.3893637348664925,124.31425673596095
lda,poly,0.01,0.001,3,5000,0.4667715150862932,4.400779849034734,125.2075675650267
lda,poly,0.01,0.001,4,5000,0.4672634389717132,4.3423744809115306,125.97650606906973
lda,poly,0.01,0.001,5,5000,0.46689303894527256,4.384566593915224,127.00497272703797
lda,poly,0.01,0.01,1,5000,0.4652295949636027,4.392288765055127,40.00949957896955
lda,poly,0.01,0.01,2,5000,0.4659461270784959,4.399803735082969,102.58021473896224
lda,poly,0.01,0.01,3,5000,0.46830100391525775,4.328126157866791,124.0617369239917
lda,poly,0.01,0.01,4,5000,0.4668030900647864,4.357657145126723,126.01320118096191
lda,poly,0.01,0.01,5,5000,0.4679851559922099,4.394084376981482,127.07298280193936
lda,poly,0.01,0.1,1,5000,0.46709963004104793,4.344082150957547,16.55453928501811
lda,poly,0.01,0.1,2,5000,0.4680139609845355,4.341347256093286,24.034292021999136
lda,poly,0.01,0.1,3,5000,0.4662280189804733,4.396257646963932,20.08476734603755
lda,poly,0.01,0.1,4,5000,0.4682903840439394,4.357909464975819,25.12454259605147
lda,poly,0.01,0.1,5,5000,0.46670997492037714,4.354935950948857,23.752799089998007
lda,poly,0.01,1,1,5000,0.46811631706077605,4.335290555958636,10.666626142919995
lda,poly,0.01,1,2,5000,0.46714406297542155,4.364252044004388,14.355008183978498
lda,poly,0.01,1,3,5000,0.4667381909675896,4.340713073965162,13.344979205983691
lda,poly,0.01,1,4,5000,0.4658205050509423,4.382336479960941,16.124038965906948
lda,poly,0.01,1,5,5000,0.46595275902654976,4.3848263850668445,12.492667482001707
lda,poly,0.01,10,1,5000,0.4671618971042335,4.344974535983056,10.376030041952617
lda,poly,0.01,10,2,5000,0.4668703960487619,4.404398355050944,24.71538240101654
lda,poly,0.01,10,3,5000,0.5140215170104057,4.4508285919437185,13.737700002966449
lda,poly,0.01,10,4,5000,0.46604160603601485,4.399037955910899,15.118859493988566
lda,poly,0.01,10,5,5000,0.4668070140760392,4.4080193740082905,12.763283740030602
lda,poly,0.01,100,1,5000,0.46736142691224813,4.384650373016484,14.043221036088653
lda,poly,0.01,100,2,5000,0.4662289540283382,4.316935703041963,23.468096641008742
lda,poly,0.01,100,3,5000,0.46674704004544765,4.378135900013149,13.656476564938203
lda,poly,0.01,100,4,5000,0.46612508699763566,4.323739030980505,14.930137620074674
lda,poly,0.01,100,5,5000,0.5116825440200046,4.360390339978039,12.787296296912245
lda,poly,0.01,1000,1,5000,0.46666748996358365,4.411660652956925,15.266601716983132
lda,poly,0.01,1000,2,5000,0.46760204795282334,4.388024121988565,23.365839803009294
lda,poly,0.01,1000,3,5000,0.46488231502007693,4.327476294129156,13.732050628983416
lda,poly,0.01,1000,4,5000,0.46726822305936366,4.364870895049535,14.86820300098043
lda,poly,0.01,1000,5,5000,0.4654467230429873,4.374365897849202,12.705769689986482
lda,poly,0.1,0.001,1,5000,0.46817833301611245,4.421161241945811,40.0273250490427
lda,poly,0.1,0.001,2,5000,0.4672227780101821,4.352305892971344,124.4635453489609
lda,poly,0.1,0.001,3,5000,0.4675917320419103,4.3662366239586845,125.30455440899823
lda,poly,0.1,0.001,4,5000,0.4655973769258708,4.372261420008726,125.98463476495817
lda,poly,0.1,0.001,5,5000,0.4678046579938382,4.373636814998463,127.04159784002695
lda,poly,0.1,0.01,1,5000,0.4667946529807523,4.370596744935028,16.53532833396457
lda,poly,0.1,0.01,2,5000,0.46560088405385613,4.3747459119185805,47.90901057899464
lda,poly,0.1,0.01,3,5000,0.46705060405656695,4.357304887962528,82.26845870900434
lda,poly,0.1,0.01,4,5000,0.4664243661100045,4.4000008759321645,113.98504693293944
lda,poly,0.1,0.01,5,5000,0.4658340129535645,4.345773542067036,125.00092826900072
lda,poly,0.1,0.1,1,5000,0.46574351901654154,4.407509200042114,10.677494599018246
lda,poly,0.1,0.1,2,5000,0.4663282260298729,4.353099743020721,15.42928118398413
lda,poly,0.1,0.1,3,5000,0.46507660497445613,4.403879386023618,12.472869003075175
lda,poly,0.1,0.1,4,5000,0.46636128111276776,4.321926645934582,17.15614017797634
lda,poly,0.1,0.1,5,5000,0.46562342601828277,4.3648382920073345,16.400296363979578
lda,poly,0.1,1,1,5000,0.4656539389397949,4.29990995908156,10.430020425934345
lda,poly,0.1,1,2,5000,0.4654553380096331,4.327794979093596,21.31808409502264
lda,poly,0.1,1,3,5000,0.466089494060725,4.373759399983101,14.03337242291309
lda,poly,0.1,1,4,5000,0.465639942092821,4.316268564085476,15.541709572076797
lda,poly,0.1,1,5,5000,0.46512666810303926,4.414128038100898,12.456115033011883
lda,poly,0.1,10,1,5000,0.46557576896157116,4.351149733993225,14.104601725004613
lda,poly,0.1,10,2,5000,0.4650610680691898,4.300383341964334,24.036396141978912
lda,poly,0.1,10,3,5000,0.4663490109378472,4.332321144058369,13.73719625605736
lda,poly,0.1,10,4,5000,0.4653043830767274,4.393769272021018,15.123001124011353
lda,poly,0.1,10,5,5000,0.4670878889737651,4.345638902042992,12.751496309996583
lda,poly,0.1,100,1,5000,0.46626717201434076,4.391153113101609,15.19452854001429
lda,poly,0.1,100,2,5000,0.4651326790917665,4.359639939968474,23.343992728972808
lda,poly,0.1,100,3,5000,0.46532494097482413,4.363063503988087,13.705148208071478
lda,poly,0.1,100,4,5000,0.4749941200716421,4.368490115040913,14.95187117101159
lda,poly,0.1,100,5,5000,0.46464928810019046,4.3728424068540335,12.788852007011883
lda,poly,0.1,1000,1,5000,0.4660983410431072,4.358254265040159,14.156079220003448
lda,poly,0.1,1000,2,5000,0.46479968598578125,4.341664160019718,23.346384896081872
lda,poly,0.1,1000,3,5000,0.46729191893246025,4.422276875004172,13.738050251966342
lda,poly,0.1,1000,4,5000,0.46574190398678184,4.361310794018209,14.860397389042191
lda,poly,0.1,1000,5,5000,0.4663140199845657,4.399210777133703,12.691612283000723
lda,poly,1,0.001,1,5000,0.4683237890712917,4.388796181068756,16.53957449493464
lda,poly,1,0.001,2,5000,0.4650263929506764,4.3587760999798775,102.53814659302589
lda,poly,1,0.001,3,5000,0.4665059490362182,4.362598622101359,125.21892815909814
lda,poly,1,0.001,4,5000,0.4656623979099095,4.368298088083975,125.99300342507195
lda,poly,1,0.001,5,5000,0.4659680250333622,4.305318700964563,126.9990082939621
lda,poly,1,0.01,1,5000,0.4669909290969372,4.401049708132632,10.666015853988938
lda,poly,1,0.01,2,5000,0.4652258940041065,4.3375732901040465,23.96752214001026
lda,poly,1,0.01,3,5000,0.4671080509433523,4.37462907389272,40.9693576580612
lda,poly,1,0.01,4,5000,0.4660182719817385,4.395570543943904,74.79268675902858
lda,poly,1,0.01,5,5000,0.46622277004644275,4.36482805700507,101.78869591304101
lda,poly,1,0.1,1,5000,0.4666792480275035,4.338217065902427,10.400515123968944
lda,poly,1,0.1,2,5000,0.4648685330757871,4.3788094009505585,14.341128403902985
lda,poly,1,0.1,3,5000,0.4651526950765401,4.373765041003935,11.533724813023582
lda,poly,1,0.1,4,5000,0.46495203010272235,4.343205951037817,15.106359669007361
lda,poly,1,0.1,5,5000,0.4671844720141962,4.347566590993665,13.978493232047185
lda,poly,1,1,1,5000,0.465720584965311,4.3796375778038055,14.058132242993452
lda,poly,1,1,2,5000,0.4689342799829319,4.345855534076691,24.67823077889625
lda,poly,1,1,3,5000,0.4657627021661028,4.360033335979097,13.879587402916513
lda,poly,1,1,4,5000,0.46502075798343867,4.361726525938138,15.239995314041153
lda,poly,1,1,5,5000,0.4655396359739825,4.339831115910783,12.53806641092524
lda,poly,1,10,1,5000,0.4666657159104943,4.350354043999687,15.241406276007183
lda,poly,1,10,2,5000,0.4660102929919958,4.3526991980616,23.43957466003485
lda,poly,1,10,3,5000,0.467547956854105,4.351590584847145,13.739684749976732
lda,poly,1,10,4,5000,0.4646192839136347,4.364602950052358,15.194185090018436
lda,poly,1,10,5,5000,0.466324194916524,4.394122791010886,12.749790302012116
lda,poly,1,100,1,5000,0.4674264789791778,4.311715048970655,14.128799793077633
lda,poly,1,100,2,5000,0.4658787640510127,4.345224186894484,23.356113627902232
lda,poly,1,100,3,5000,0.46588896797038615,4.405397651018575,13.706008100998588
lda,poly,1,100,4,5000,0.46747364301700145,4.346233287011273,14.942153136013076
lda,poly,1,100,5,5000,0.4655091139720753,4.309627417125739,12.76923708897084
lda,poly,1,1000,1,5000,0.46850510290823877,4.3260155350435525,13.81427932297811
lda,poly,1,1000,2,5000,0.46610634902026504,4.335435047047213,23.367877054028213
lda,poly,1,1000,3,5000,0.4665864879498258,4.694094676990062,13.732614685897715
lda,poly,1,1000,4,5000,0.46751776698511094,4.42602752498351,14.8618655980099
lda,poly,1,1000,5,5000,0.46641520294360816,4.342866028891876,12.694770721020177
lda,poly,10,0.001,1,5000,0.4664440699853003,4.326404967927374,10.674108201055788
lda,poly,10,0.001,2,5000,0.46603453799616545,4.3604134829947725,47.88799783203285
lda,poly,10,0.001,3,5000,0.4661913749296218,4.340551001136191,124.045415300061
lda,poly,10,0.001,4,5000,0.4664973639883101,4.347825662000105,125.9451040480053
lda,poly,10,0.001,5,5000,0.46663446503225714,4.335257668048143,126.99637430696748
lda,poly,10,0.01,1,5000,0.46741027187090367,4.344950616941787,10.416060284012929
lda,poly,10,0.01,2,5000,0.4667814599815756,4.363667337107472,15.417049814015627
lda,poly,10,0.01,3,5000,0.46613267506472766,4.334996809018776,20.06842195498757
lda,poly,10,0.01,4,5000,0.4668795160250738,4.400047061848454,43.521484421915375
lda,poly,10,0.01,5,5000,0.46800435706973076,4.413783248979598,66.19728246796876
lda,poly,10,0.1,1,5000,0.46644776803441346,4.336122751934454,14.006612024037167
lda,poly,10,0.1,2,5000,0.46663135499693453,4.361292556975968,21.26646625099238
lda,poly,10,0.1,3,5000,0.46608682291116565,4.349064585054293,13.249286095029674
lda,poly,10,0.1,4,5000,0.4648987810360268,4.334300913964398,15.855777821969241
lda,poly,10,0.1,5,5000,0.46655023109633476,4.338841599877924,12.93945010297466
lda,poly,10,1,1,5000,0.46698949998244643,4.342873463057913,15.238574667018838
lda,poly,10,1,2,5000,0.46594876202289015,4.321473271003924,24.025955270975828
lda,poly,10,1,3,5000,0.4671009600860998,4.35759290412534,13.698422488989308
lda,poly,10,1,4,5000,0.466081410064362,4.3331553970929235,14.975387913058512
lda,poly,10,1,5,5000,0.47129318094812334,4.302101553999819,12.540803811978549
lda,poly,10,10,1,5000,0.4674760301131755,4.3867470329860225,14.090886363992468
lda,poly,10,10,2,5000,0.4663684129482135,4.329715755069628,23.26924815797247
lda,poly,10,10,3,5000,0.46693147299811244,4.305443118908443,13.748789425939322
lda,poly,10,10,4,5000,0.4657886690692976,4.367933895904571,15.086440182989463
lda,poly,10,10,5,5000,0.46666650602128357,4.374369997996837,12.705255153006874
lda,poly,10,100,1,5000,0.46601676393765956,4.33192088000942,13.856000719941221
lda,poly,10,100,2,5000,0.4659357200143859,4.328632771037519,23.340328918071464
lda,poly,10,100,3,5000,0.46733901801053435,4.312894874019548,13.685381390037946
lda,poly,10,100,4,5000,0.46688185702078044,4.3351288210833445,14.904469867935404
lda,poly,10,100,5,5000,0.4667792550753802,4.333717374014668,12.741954165045172
lda,poly,10,1000,1,5000,0.4670603539561853,4.3854900249280035,13.788589837960899
lda,poly,10,1000,2,5000,0.4647709890268743,4.341171323088929,23.35187455790583
lda,poly,10,1000,3,5000,0.4661674309754744,4.343435313901864,13.707284282892942
lda,poly,10,1000,4,5000,0.46661997213959694,4.414402729016729,14.827070984058082
lda,poly,10,1000,5,5000,0.4655969839077443,4.349636446102522,12.662372529972345
lda,poly,100,0.001,1,5000,0.46607593493536115,4.410743915941566,10.38298360700719
lda,poly,100,0.001,2,5000,0.4653068259358406,4.361085461918265,23.950059700990096
lda,poly,100,0.001,3,5000,0.46793309692293406,4.352308641071431,82.1391520369798
lda,poly,100,0.001,4,5000,0.4667743629543111,4.395303647965193,125.79740253498312
lda,poly,100,0.001,5,5000,0.4657995809102431,4.362507874961011,126.84619437600486
lda,poly,100,0.01,1,5000,0.46449376398231834,4.375855059013702,14.027328634052537
lda,poly,100,0.01,2,5000,0.4663408229826018,4.333856498007663,14.30087642208673
lda,poly,100,0.01,3,5000,0.4648929899558425,4.3206156470114365,12.49120959895663
lda,poly,100,0.01,4,5000,0.4663026499329135,4.342184976907447,25.08454026002437
lda,poly,100,0.01,5,5000,0.4639946590177715,4.344829915091395,39.76041048299521
lda,poly,100,0.1,1,5000,0.46631362300831825,4.3424519529799,15.200592754990794
lda,poly,100,0.1,2,5000,0.46654162206687033,4.381421601981856,24.65623315202538
lda,poly,100,0.1,3,5000,0.4656915969680995,4.418934290064499,14.087840392952785
lda,poly,100,0.1,4,5000,0.4649823139188811,4.323777144076303,16.035450727911666
lda,poly,100,0.1,5,5000,0.5368783259764314,4.351752897026017,17.36076193396002
lda,poly,100,1,1,5000,0.8297305419109762,38.34611419297289,44.66799157904461
lda,poly,100,1,2,5000,0.8218620390398428,38.98867647303268,62.51641680998728
lda,poly,100,1,3,5000,0.8335008959984407,39.56341334304307,31.079437965061516
lda,poly,100,1,4,5000,0.6646909030387178,46.135274588014,34.97433502902277
lda,poly,100,1,5,5000,0.7015721310162917,55.41167553595733,28.94695066602435
lda,poly,100,10,1,5000,0.7089512929087505,40.785394078004174,34.36231616605073
lda,poly,100,10,2,5000,0.6654504289617762,40.75719591008965,62.544701050035655
lda,poly,100,10,3,5000,0.6876011369749904,40.31369496800471,16.511581332073547
lda,poly,100,10,4,5000,0.762619835906662,29.628948468947783,42.37512845895253
lda,poly,100,10,5,5000,0.8598852220457047,41.12524256599136,30.695276789017953
lda,poly,100,100,1,5000,0.7347313129575923,45.24676124600228,36.34296054299921
lda,poly,100,100,2,5000,0.8475025688530877,40.40593763103243,70.38456659193616
lda,poly,100,100,3,5000,0.6981817999621853,33.08637022401672,41.80559835897293
lda,poly,100,100,4,5000,1.006356165977195,37.80644854111597,43.22992128308397
lda,poly,100,100,5,5000,0.8116290799807757,36.590910158935,38.89842774195131
lda,poly,100,1000,1,5000,0.8305484129814431,37.988431408884935,42.518634807900526
lda,poly,100,1000,2,5000,0.8269664010731503,26.42344188003335,73.16427912202198
lda,poly,100,1000,3,5000,0.7854953450150788,47.52159970195498,34.6933991239639
lda,poly,100,1000,4,5000,0.888868349022232,27.73122924589552,44.9747007379774
lda,poly,100,1000,5,5000,0.8562318651238456,29.13963608094491,36.682825357071124
lda,poly,1000,0.001,1,5000,0.8822429470019415,50.556776446988806,37.75979432603344
lda,poly,1000,0.001,2,5000,0.9008592000463977,34.029885079944506,54.09558952401858
lda,poly,1000,0.001,3,5000,0.7564795990474522,20.994459041045047,144.625517108012
lda,poly,1000,0.001,4,5000,1.2994578430661932,31.189774953993037,379.92163946595974
lda,poly,1000,0.001,5,5000,0.759795707068406,5.044536828063428,128.02866424398962
lda,poly,1000,0.01,1,5000,0.46882552304305136,4.592883558012545,15.282916029100306
lda,poly,1000,0.01,2,5000,0.4687703480012715,4.442350551951677,21.539956968044862
lda,poly,1000,0.01,3,5000,0.5160110590513796,4.411298822960816,11.673990361974575
lda,poly,1000,0.01,4,5000,0.4966310008894652,4.381567056057975,17.281932009966113
lda,poly,1000,0.01,5,5000,0.46842632396146655,4.418246365967207,23.882166685070843
lda,poly,1000,0.1,1,5000,0.507645174046047,4.38611902797129,14.195237739011645
lda,poly,1000,0.1,2,5000,0.4697612599702552,4.409946897998452,24.22013524803333
lda,poly,1000,0.1,3,5000,0.5262062411056831,4.424439808935858,13.85404677502811
lda,poly,1000,0.1,4,5000,0.4683505450375378,4.377750772982836,15.466440259013325
lda,poly,1000,0.1,5,5000,0.46905527589842677,4.360985105973668,12.737799537018873
lda,poly,1000,1,1,5000,0.4687100809533149,4.399852375034243,13.874344323994592
lda,poly,1000,1,2,5000,0.4872755620162934,4.4154350409517065,23.421156086027622
lda,poly,1000,1,3,5000,0.4697964939987287,4.376455697929487,13.754356383928098
lda,poly,1000,1,4,5000,0.4683661508606747,4.439858988043852,15.063478592899628
lda,poly,1000,1,5,5000,0.4698090530000627,4.407282489119098,12.608264887006953
lda,poly,1000,10,1,5000,0.46872801007702947,4.370424991939217,13.879787842044607
lda,poly,1000,10,2,5000,0.4674081950215623,4.396737763890997,23.425625601084903
lda,poly,1000,10,3,5000,0.4695680590812117,4.385822214069776,13.789081875002012
lda,poly,1000,10,4,5000,0.48064950795378536,4.416507652029395,15.170272220973857
lda,poly,1000,10,5,5000,0.4714877409860492,4.421227927901782,12.787080925074406
lda,poly,1000,100,1,5000,0.47558598895557225,4.357697556959465,13.924078751937486
lda,poly,1000,100,2,5000,0.46891184197738767,4.358751118998043,23.51087193598505
lda,poly,1000,100,3,5000,0.46935301390476525,4.3624894610838965,13.744553471915424
lda,poly,1000,100,4,5000,0.5160374151309952,4.452772113028914,14.967184845008887
lda,poly,1000,100,5,5000,0.47072746010962874,4.343430169043131,12.808700678055175
lda,poly,1000,1000,1,5000,0.46784783306065947,4.358046264969744,13.866020323941484
lda,poly,1000,1000,2,5000,0.4691942899953574,4.375263874884695,23.48292599292472
lda,poly,1000,1000,3,5000,0.46800710598472506,4.368730124086142,13.782033493975177
lda,poly,1000,1000,4,5000,0.4688189490698278,4.356393501046114,14.901113203028217
lda,poly,1000,1000,5,5000,0.471433573984541,4.414392358157784,12.732083308976144
pca_50,linear,0.001,,,10000,1.042779415845871,1.13176382612437,17.486664886120707
pca_50,linear,0.005,,,10000,0.6032799140084535,0.5471933970693499,13.057762988144532
pca_50,linear,0.01,,,10000,0.49869229504838586,0.559512578882277,14.163346795132384
pca_50,linear,0.015,,,10000,0.4705562749877572,0.5476457271724939,15.326149420812726
pca_50,linear,1,,,10000,0.4826130960136652,0.596023672958836,40.249560106080025
pca_100,linear,0.001,,,10000,0.5585015329997987,0.6576828749384731,38.32284433906898
pca_100,linear,0.005,,,10000,0.4900285911280662,0.657572012860328,28.669055682839826
pca_100,linear,0.01,,,10000,0.49136323179118335,0.6567313130944967,27.525258688023314
pca_100,linear,0.015,,,10000,0.4931992010679096,0.657829726813361,27.448129394790158
pca_100,linear,1,,,10000,0.4806500521954149,0.6587483589537442,70.98352968110703
pca_200,linear,0.001,,,10000,0.49977717618457973,0.8552536109928042,55.011598508106545
pca_200,linear,0.005,,,10000,0.47129223495721817,0.8560764598660171,40.739174477988854
pca_200,linear,0.01,,,10000,0.48092128382995725,0.8520389159675688,38.59317789901979
pca_200,linear,0.015,,,10000,0.4788343822583556,0.8566669058054686,38.64417631691322
pca_200,linear,1,,,10000,0.469780839048326,0.8511653968598694,92.93129284703173
lda,linear,0.001,,,10000,0.5300706750713289,5.02920496580191,14.955290933838114
lda,linear,0.005,,,10000,0.46928426902741194,4.620436361990869,10.4769587458577
lda,linear,0.01,,,10000,0.4691298280376941,4.446430393960327,9.603577365167439
lda,linear,0.015,,,10000,0.46971871401183307,4.368247682228684,9.304730294039473
lda,linear,1,,,10000,0.4672591348644346,4.379187514772639,14.090238439152017
pca_50,rbf,1,0.001,,10000,0.9551411231514066,0.6079168699216098,19.980437524151057
pca_50,rbf,10,0.001,,10000,0.6190405038651079,0.5628453399986029,12.186480883974582
pca_50,rbf,100,0.001,,10000,0.5055128610692918,0.5701515846885741,11.62418152904138
pca_50,rbf,1000,0.001,,10000,0.4966573570854962,0.5678966401610523,13.162352711893618
pca_50,rbf,1,0.01,,10000,0.4922309089452028,0.563690884038806,61.39586888300255
pca_50,rbf,10,0.01,,10000,0.4787202160805464,0.5608756721485406,60.1204908110667
pca_50,rbf,100,0.01,,10000,0.5749231209047139,0.5571587297599763,74.13221845892258
pca_50,rbf,1000,0.01,,10000,0.5236827279441059,0.5566080149728805,74.18589428602718
pca_50,rbf,0.01,10,,10000,0.554391702869907,0.5572212180122733,442.1802416660357
pca_50,rbf,0.1,10,,10000,0.4750838070176542,0.5573424180038273,464.4512487370521
pca_50,rbf,1,10,,10000,0.4743143511004746,0.5562037129420787,489.15633613104
pca_100,rbf,1,0.001,,10000,0.5354161388240755,0.7287247627973557,42.10651894216426
pca_100,rbf,10,0.001,,10000,0.4769561549182981,0.7259584339335561,28.836999071994796
pca_100,rbf,100,0.001,,10000,0.48382238019257784,0.7306891628541052,26.05379167990759
pca_100,rbf,1000,0.001,,10000,0.47770126699469984,0.7292586890980601,26.291407014941797
pca_100,rbf,1,0.01,,10000,0.4812778339255601,0.7301404657773674,173.5403725451324
pca_100,rbf,10,0.01,,10000,0.477754692081362,0.7259518387727439,187.7768897449132
pca_100,rbf,100,0.01,,10000,0.47733096103183925,0.7462683108169585,200.07651855098084
pca_100,rbf,1000,0.01,,10000,0.48778101708739996,0.7329416188877076,187.61255635204725
pca_100,rbf,0.01,10,,10000,0.48148854030296206,0.7405409978237003,733.9655859230552
pca_100,rbf,0.1,10,,10000,0.48205275484360754,0.7301773861981928,770.9506116840057
pca_100,rbf,1,10,,10000,0.47808390599675477,0.7288977578282356,865.7986659149174
pca_200,rbf,1,0.001,,10000,0.5403331071138382,0.857111131073907,65.53390168095939
pca_200,rbf,10,0.001,,10000,0.48836620105430484,0.8603542039636523,49.38298938283697
pca_200,rbf,100,0.001,,10000,0.47531464509665966,0.8576392447575927,46.70228833402507
pca_200,rbf,1000,0.001,,10000,0.4862019319552928,0.8552508079446852,46.18563461699523
pca_200,rbf,1,0.01,,10000,0.47768984315916896,0.8632698599249125,452.3209223749582
pca_200,rbf,10,0.01,,10000,0.47600994585081935,0.8533537369221449,500.6517469829414
pca_200,rbf,100,0.01,,10000,0.4745140140876174,0.8421005569398403,499.42988523701206
pca_200,rbf,1000,0.01,,10000,0.476993520045653,0.8575290059670806,496.61558216880076
pca_200,rbf,0.01,10,,10000,0.4760371029842645,0.8681562452111393,1058.68309812597
pca_200,rbf,0.1,10,,10000,0.4793853401206434,0.8424477400258183,1112.0619493220001
pca_200,rbf,1,10,,10000,0.49354112427681684,0.8664261989761144,1197.4197549670935
lda,rbf,1,0.001,,10000,0.54797507612966,5.071353670908138,18.46235797298141
lda,rbf,10,0.001,,10000,0.4805941549129784,4.6534129730425775,13.105499953962862
lda,rbf,100,0.001,,10000,0.4802114360500127,4.484611067222431,12.623000768013299
lda,rbf,1000,0.001,,10000,0.47982840496115386,4.446109862765297,17.54210870503448
lda,rbf,1,0.01,,10000,0.4780888049863279,4.439017550088465,12.195968595100567
lda,rbf,10,0.01,,10000,0.47839138796553016,4.454312787856907,10.635505184996873
lda,rbf,100,0.01,,10000,0.4788781257811934,4.463316484121606,13.615445957984775
lda,rbf,1000,0.01,,10000,0.47991568106226623,4.53860060707666,25.60864972905256
lda,rbf,0.01,10,,10000,0.4793235200922936,4.447015497134998,239.99514526803978
lda,rbf,0.1,10,,10000,0.4797220572363585,4.466971829067916,252.47157638403587
lda,rbf,1,10,,10000,0.4789179640356451,4.404854379827157,289.88020481192507
pca_50,poly,0.1,0.1,3,10000,1.0246850459370762,0.5906323390081525,11.767626559827477
pca_50,poly,0.1,0.1,5,10000,0.6547804619185627,0.5761586180888116,20.344134643906727
pca_50,poly,0.1,1,3,10000,0.4930043879430741,0.5101223189849406,12.574460547883064
pca_50,poly,0.1,1,5,10000,0.4997820951975882,0.5370021041017026,18.17295858100988
pca_50,poly,0.1,10,3,10000,0.47198906214907765,0.536879617953673,11.407878512050956
pca_50,poly,0.1,10,5,10000,0.5158875009510666,0.5376925999298692,17.98002088908106
pca_50,poly,1,0.1,3,10000,0.5001129300799221,0.536455683177337,11.431351631181315
pca_50,poly,1,0.1,5,10000,0.48854031111113727,0.5757216189522296,18.132387258810923
pca_50,poly,1,1,3,10000,0.5448337870184332,0.5366425421088934,11.419768241932616
pca_50,poly,1,1,5,10000,0.5055391809437424,0.537825042847544,18.100615802919492
pca_50,poly,1,10,3,10000,0.49926846101880074,0.5364798502996564,11.422078659990802
pca_50,poly,1,10,5,10000,0.49020565510727465,0.5373468589968979,17.923656055005267
pca_50,poly,10,0.1,3,10000,0.47283192398026586,0.5370124410837889,11.442077866988257
pca_50,poly,10,0.1,5,10000,0.475062269018963,0.5392703879624605,18.13737588794902
pca_50,poly,10,1,3,10000,0.47273558797314763,0.5388967981562018,11.411963547114283
pca_50,poly,10,1,5,10000,0.4933490490075201,0.5388609073124826,18.109330845065415
pca_50,poly,10,10,3,10000,0.473294829018414,0.5393527208361775,11.395931564969942
pca_50,poly,10,10,5,10000,0.47264924296177924,0.5393928550183773,17.9184527839534
pca_100,poly,0.1,0.1,3,10000,0.5166560770012438,0.7116106322500855,32.32167342910543
pca_100,poly,0.1,0.1,5,10000,0.48421352496370673,0.7075366750359535,54.72075269999914
pca_100,poly,0.1,1,3,10000,0.48875170992687345,0.7167366889771074,31.145556963048875
pca_100,poly,0.1,1,5,10000,0.4936667128931731,0.7108766420278698,53.65444514807314
pca_100,poly,0.1,10,3,10000,0.48538519791327417,0.7158710542134941,31.46000595507212
pca_100,poly,0.1,10,5,10000,0.4855035739019513,0.7159607999492437,55.47736134077422
pca_100,poly,1,0.1,3,10000,0.48642907082103193,0.7139867332298309,31.34465208207257
pca_100,poly,1,0.1,5,10000,0.48618154996074736,0.715484962798655,54.30208906298503
pca_100,poly,1,1,3,10000,0.4851752750109881,0.7107558608986437,31.213066935073584
pca_100,poly,1,1,5,10000,0.49397679790854454,0.7097869939170778,53.62925405916758
pca_100,poly,1,10,3,10000,0.47523627313785255,0.7113951230421662,31.27487643295899
pca_100,poly,1,10,5,10000,0.47447597910650074,0.7131248589139432,53.86967603699304
pca_100,poly,10,0.1,3,10000,0.47391304187476635,0.7111406440380961,31.151840790873393
pca_100,poly,10,0.1,5,10000,0.4730961751192808,0.7149813431315124,55.24879531399347
pca_100,poly,10,1,3,10000,0.4785837240051478,0.7138600279577076,31.449772770050913
pca_100,poly,10,1,5,10000,0.4797124972101301,0.7104466329328716,53.5067565201316
pca_100,poly,10,10,3,10000,0.4767625362146646,0.7171225729398429,31.25923334993422
pca_100,poly,10,10,5,10000,0.47824045177549124,0.7187298890203238,53.876767084002495
pca_200,poly,0.1,0.1,3,10000,0.5329103418625891,0.834904856979847,59.340778147103265
pca_200,poly,0.1,0.1,5,10000,0.4976848871447146,0.8348008457105607,111.56181956012733
pca_200,poly,0.1,1,3,10000,0.4854449131526053,0.8459117298480123,59.31014324002899
pca_200,poly,0.1,1,5,10000,0.48808192601427436,0.8364564669318497,111.66247574286535
pca_200,poly,0.1,10,3,10000,0.4956757421605289,0.8366561611182988,59.437789384042844
pca_200,poly,0.1,10,5,10000,0.5043196689803153,0.8362075940240175,113.06928726914339
pca_200,poly,1,0.1,3,10000,0.4961781301535666,0.8443291650619358,59.33950808015652
pca_200,poly,1,0.1,5,10000,0.5009257160127163,0.8396486318670213,112.31951741897501
pca_200,poly,1,1,3,10000,0.5004997898358852,0.8390620611608028,59.28467541700229
pca_200,poly,1,1,5,10000,0.494519836967811,0.8364842031151056,111.82697689207271
pca_200,poly,1,10,3,10000,0.5048473901115358,0.8356689838692546,59.35015168902464
pca_200,poly,1,10,5,10000,0.5040994291193783,0.835469390032813,112.08332393621095
pca_200,poly,10,0.1,3,10000,0.4854246370960027,0.8378199699800462,59.33017340605147
pca_200,poly,10,0.1,5,10000,0.5125639620237052,0.8328989618457854,111.44395034620538
pca_200,poly,10,1,3,10000,0.5063301890622824,0.8362864057999104,59.351928452029824
pca_200,poly,10,1,5,10000,0.5030295213218778,0.8361526329535991,111.55714416201226
pca_200,poly,10,10,3,10000,0.49647079687565565,0.8366035937797278,59.35918955900706
pca_200,poly,10,10,5,10000,0.4879415240138769,0.8791241289582103,111.83887779596262
lda,poly,0.1,0.1,3,10000,0.5089951672125608,5.209229453932494,12.45009010611102
lda,poly,0.1,0.1,5,10000,0.4729572460055351,4.60994002292864,16.584156539058313
lda,poly,0.1,1,3,10000,0.4729521891567856,4.3722187778912485,20.653854636009783
lda,poly,0.1,1,5,10000,0.47520393203012645,4.427457157056779,15.529653151985258
lda,poly,0.1,10,3,10000,0.473562756087631,4.362269943812862,20.9816492930986
lda,poly,0.1,10,5,10000,0.47237046295776963,4.430073186056688,15.787659132154658
lda,poly,1,0.1,3,10000,0.4738218020647764,4.369532154174522,11.818307834910229
lda,poly,1,0.1,5,10000,0.4742077412083745,4.419222460128367,14.84117643092759
lda,poly,1,1,3,10000,0.4734714990481734,4.358996076276526,21.218836009968072
lda,poly,1,1,5,10000,0.47345939301885664,4.357566460035741,15.5428126801271
lda,poly,1,10,3,10000,0.4717634089756757,4.371324017876759,20.985156489070505
lda,poly,1,10,5,10000,0.47307374491356313,4.3375670039094985,15.792447390966117
lda,poly,10,0.1,3,10000,0.4731527410913259,4.350440317997709,17.47369823185727
lda,poly,10,0.1,5,10000,0.47395162913016975,4.433358535170555,15.443474370986223
lda,poly,10,1,3,10000,0.4730749742593616,4.368473759153858,20.948094349121675
lda,poly,10,1,5,10000,0.4728758151177317,4.36154521512799,15.592366994125769
lda,poly,10,10,3,10000,0.4728648487944156,4.392163660144433,20.98358607594855
lda,poly,10,10,5,10000,0.4720502579584718,4.376423557056114,15.773029071977362
pca_50,rbf,1,1,,10000,1.1448923340067267,0.896700075129047,468.64463999005966
pca_50,rbf,0.1,1,,10000,0.8456658071372658,0.5250638439320028,418.5748854470439
pca_50,rbf,0.01,1,,10000,0.6738916200120002,0.5237415989395231,394.3614982860163
pca_100,rbf,1,1,,10000,0.6062651770189404,0.7156902642454952,886.3607061528601
pca_100,rbf,0.1,1,,10000,0.5136072470340878,0.7106861190404743,848.5155603738967
pca_100,rbf,0.01,1,,10000,0.48126866412349045,0.7120930538512766,794.2864536708221
pca_200,rbf,1,1,,10000,0.5557184291537851,0.8392139601055533,1249.1672343439423
pca_200,rbf,0.1,1,,10000,0.48162389593198895,0.8468883049208671,1194.9993357360363
pca_200,rbf,0.01,1,,10000,0.4806964690797031,0.8366386690177023,1135.3130004280247
lda,rbf,1,1,,10000,0.5305743000935763,5.040215490851551,181.08610121905804
lda,rbf,0.1,1,,10000,0.4820192428305745,4.501430985983461,135.59383227699436
lda,rbf,0.01,1,,10000,0.4812331518623978,4.475234423996881,176.0110823761206
pca_50,poly,10,0.1,3,10000,1.226927004987374,0.8532679677009583,12.40538745210506
pca_50,poly,10,0.1,5,10000,0.7072839960455894,0.6026436220854521,18.25726205809042
pca_50,poly,10,0.01,3,10000,0.5751114636659622,0.5488433730788529,11.076252936152741
pca_50,poly,10,0.01,5,10000,0.5958141719456762,0.5464425338432193,17.397405430907384
pca_50,poly,10,0.001,3,10000,0.5011892567854375,0.5470777309965342,27.94862583000213
pca_50,poly,10,0.001,5,10000,0.48832914885133505,0.5495164028834552,131.70137383695692
pca_50,poly,100,0.1,3,10000,0.49392090970650315,0.5245946340728551,11.262722707819194
pca_50,poly,100,0.1,5,10000,0.4736678469926119,0.5251575822476298,17.804180378094316
pca_50,poly,100,0.01,3,10000,0.4710686921607703,0.5237523168325424,11.307017886079848
pca_50,poly,100,0.01,5,10000,0.4727296819910407,0.5233486937358975,18.584969016024843
pca_50,poly,100,0.001,3,10000,0.4714024069253355,0.5233630929142237,15.098326923092827
pca_50,poly,100,0.001,5,10000,0.4710604001302272,0.5228700321167707,68.07627205806784
pca_100,poly,10,0.1,3,10000,0.5608596792444587,0.6451726120430976,30.3098522068467
pca_100,poly,10,0.1,5,10000,0.47963261092081666,0.6869768539909273,51.78855127305724
pca_100,poly,10,0.01,3,10000,0.4691412188112736,0.6427625198848546,30.348450767807662
pca_100,poly,10,0.01,5,10000,0.4702677810564637,0.6379383909516037,51.83925841096789
pca_100,poly,10,0.001,3,10000,0.4717496130615473,0.6375211079139262,64.40144417784177
pca_100,poly,10,0.001,5,10000,0.47166720125824213,0.6467357240617275,284.02323263091967
pca_100,poly,100,0.1,3,10000,0.5417581461369991,0.636536703677848,30.31369157601148
pca_100,poly,100,0.1,5,10000,0.48303282097913325,0.6393828161526471,51.84010125906207
pca_100,poly,100,0.01,3,10000,0.48242217930965126,0.6469418969936669,30.353043007897213
pca_100,poly,100,0.01,5,10000,0.4814431720878929,0.6379647562280297,51.883093941025436
pca_100,poly,100,0.001,3,10000,0.4825934050604701,0.6351327118463814,35.19242794904858
pca_100,poly,100,0.001,5,10000,0.4793303329497576,0.6368375057354569,136.20615658699535
pca_200,poly,10,0.1,3,10000,0.5349549090024084,0.8317861638497561,59.36442828015424
pca_200,poly,10,0.1,5,10000,0.47826110711321235,0.820714055094868,111.25177139299922
pca_200,poly,10,0.01,3,10000,0.4969336031936109,0.832694620359689,59.20843842299655
pca_200,poly,10,0.01,5,10000,0.46855441317893565,0.8296218428295106,111.24890772206709
pca_200,poly,10,0.001,3,10000,0.46862217178568244,0.8320803930982947,96.86624596710317
pca_200,poly,10,0.001,5,10000,0.4712712930049747,0.8321617899928242,399.7083320741076
pca_200,poly,100,0.1,3,10000,0.47216928796842694,0.8318890810478479,59.33694032090716
pca_200,poly,100,0.1,5,10000,0.4735620878636837,0.82917496166192,111.35405331011862
pca_200,poly,100,0.01,3,10000,0.46942137205041945,0.8321736750658602,59.17113553406671
pca_200,poly,100,0.01,5,10000,0.46873452700674534,0.8291674230713397,111.29601193312556
pca_200,poly,100,0.001,3,10000,0.4696093429811299,0.8304507748689502,62.87315324903466
pca_200,poly,100,0.001,5,10000,0.4697491859551519,0.8311920908745378,200.14449952798896
lda,poly,10,0.1,3,10000,0.47500281780958176,5.070406934944913,17.540504994103685
lda,poly,10,0.1,5,10000,0.4751405408605933,4.587048436049372,15.42861887300387
lda,poly,10,0.01,3,10000,0.469722239067778,4.476895248983055,20.004531286889687
lda,poly,10,0.01,5,10000,0.47269839816726744,4.399618596071377,66.08670239709318
lda,poly,10,0.001,3,10000,0.4707609829492867,4.398916536942124,133.60555791389197
lda,poly,10,0.001,5,10000,0.46950500295497477,4.388675646157935,147.73493175813928
lda,poly,100,0.1,3,10000,0.4691485520452261,4.359682918060571,20.734931469894946
lda,poly,100,0.1,5,10000,0.4679291278589517,4.453894218895584,15.71168702491559
lda,poly,100,0.01,3,10000,0.4683148341719061,4.375711861765012,12.475149100879207
lda,poly,100,0.01,5,10000,0.4720262021292001,4.413276587845758,39.700765412067994
lda,poly,100,0.001,3,10000,0.4687978751026094,4.356603587279096,82.03524388489313
lda,poly,100,0.001,5,10000,0.46898197988048196,4.455765719991177,147.88909109006636
pca_50,rbf,10,0.01,,100000,0.9774540581274778,0.6127944560721517,61.99163887719624
pca_50,rbf,10,0.001,,100000,0.8298356207087636,0.526180153246969,13.243021676084027
pca_100,rbf,10,0.01,,100000,0.6793821048922837,0.7247452028095722,198.27615860500373
pca_100,rbf,10,0.001,,100000,0.4914009589701891,0.7271467929240316,28.972009063931182
pca_200,rbf,10,0.01,,100000,0.549389623105526,0.8606298638042063,547.8114748890512
pca_200,rbf,10,0.001,,100000,0.4726260411553085,0.8538324891123921,49.41511210403405
lda,rbf,10,0.01,,100000,0.5382567329797894,5.045136409113184,10.692943796981126
lda,rbf,10,0.001,,100000,0.47388334083370864,4.597778568044305,13.181348440004513

