dim reducer,kernel,C,gamma,degree,num iterations,scale time,dim reduce time,fit time,converged
pca_50,linear,0.001,,,1000,0.8055919003672898,0.5957466997206211,19.66125820018351,DID NOT CONVERGE
pca_50,linear,0.01,,,1000,0.7944689998403192,0.6041366998106241,13.001169200055301,DID NOT CONVERGE
pca_50,linear,0.1,,,1000,0.8424662002362311,0.6080760001204908,10.837838500272483,DID NOT CONVERGE
pca_50,linear,1,,,1000,0.7720730998553336,0.5952920001000166,12.577810700051486,DID NOT CONVERGE
pca_50,linear,10,,,1000,0.7672002003528178,0.6064512999728322,11.869868000037968,DID NOT CONVERGE
pca_50,linear,100,,,1000,0.8059326000511646,0.6023258999921381,13.471168600022793,DID NOT CONVERGE
pca_50,linear,1000,,,1000,0.9124505999498069,0.6938743996433914,17.20539789972827,DID NOT CONVERGE
pca_100,linear,0.001,,,1000,1.2691202000714839,0.840389400254935,54.30225059995428,DID NOT CONVERGE
pca_100,linear,0.01,,,1000,0.7902119997888803,0.6790024000220001,28.734280500095338,DID NOT CONVERGE
pca_100,linear,0.1,,,1000,0.7405010000802577,0.6327606001868844,28.794501999858767,DID NOT CONVERGE
pca_100,linear,1,,,1000,0.7113822000101209,0.6654654000885785,30.30912660015747,DID NOT CONVERGE
pca_100,linear,10,,,1000,0.7203891999088228,0.6275863000191748,30.72451899992302,DID NOT CONVERGE
pca_100,linear,100,,,1000,0.7244223998859525,0.6687525999732316,30.703020400367677,DID NOT CONVERGE
pca_100,linear,1000,,,1000,0.707776099909097,0.6373268999159336,30.547749999910593,DID NOT CONVERGE
pca_200,linear,0.001,,,1000,0.7311472999863327,0.7070230999961495,72.37031779997051,DID NOT CONVERGE
pca_200,linear,0.01,,,1000,0.7123339003883302,0.6864261999726295,51.5186181999743,DID NOT CONVERGE
pca_200,linear,0.1,,,1000,0.752091399859637,0.7747055999934673,58.48713310016319,DID NOT CONVERGE
pca_200,linear,1,,,1000,0.7428434998728335,0.7749995002523065,56.48691579978913,DID NOT CONVERGE
pca_200,linear,10,,,1000,0.7157216998748481,0.6951823998242617,51.65185909997672,DID NOT CONVERGE
pca_200,linear,100,,,1000,0.7363888998515904,0.6881175003945827,56.43851629970595,DID NOT CONVERGE
pca_200,linear,1000,,,1000,0.7295045000500977,0.6681027002632618,52.09611239982769,DID NOT CONVERGE
lda,linear,0.001,,,1000,0.7465392998419702,5.61810510000214,15.045477599836886,DID NOT CONVERGE
lda,linear,0.01,,,1000,0.8304121000692248,6.5283109000884,9.093998699914664,DID NOT CONVERGE
lda,linear,0.1,,,1000,0.8019605996087193,6.294844999909401,8.686724700033665,DID NOT CONVERGE
lda,linear,1,,,1000,0.7581845000386238,6.5667671002447605,6.431877300143242,DID NOT CONVERGE
lda,linear,10,,,1000,0.8100384999997914,6.610078500118107,5.072831800207496,DID NOT CONVERGE
lda,linear,100,,,1000,0.7649020003154874,6.230558400042355,4.671086799819022,DID NOT CONVERGE
lda,linear,1000,,,1000,0.7783576003275812,6.809289500117302,4.418049999978393,DID NOT CONVERGE
pca_50,rbf,0.001,0.001,,1000,0.36553808907046914,0.39605837198905647,50.14796893019229,DID NOT CONVERGE
pca_50,rbf,0.001,0.01,,1000,0.37761304108425975,0.39606028888374567,50.17916286201216,DID NOT CONVERGE
pca_50,rbf,0.001,0.1,,1000,0.3627870879136026,0.42202017502859235,50.414538027951494,DID NOT CONVERGE
pca_50,rbf,0.001,1,,1000,0.3598703760653734,0.42152096307836473,62.106439280090854,DID NOT CONVERGE
pca_50,rbf,0.001,10,,1000,0.3577922841068357,0.4217972659971565,51.08767014998011,DID NOT CONVERGE
pca_50,rbf,0.001,100,,1000,0.3603033749386668,0.4218147611245513,50.29648421891034,DID NOT CONVERGE
pca_50,rbf,0.001,1000,,1000,0.36017397698014975,0.4214433659799397,50.27893460216001,DID NOT CONVERGE
pca_50,rbf,0.01,0.001,,1000,0.35837786504998803,0.42139547085389495,50.13866565003991,DID NOT CONVERGE
pca_50,rbf,0.01,0.01,,1000,0.3952728849835694,0.4219360079150647,50.181143356021494,DID NOT CONVERGE
pca_50,rbf,0.01,0.1,,1000,0.38653016090393066,0.42113658506423235,50.338883448857814,DID NOT CONVERGE
pca_50,rbf,0.01,1,,1000,0.3941254860255867,0.4217824798543006,62.14829536387697,DID NOT CONVERGE
pca_50,rbf,0.01,10,,1000,0.3589896820485592,0.4212967960629612,51.12444111192599,DID NOT CONVERGE
pca_50,rbf,0.01,100,,1000,0.35913259885273874,0.42053211596794426,50.369740947149694,DID NOT CONVERGE
pca_50,rbf,0.01,1000,,1000,0.3584242051001638,0.42173921992070973,50.35551875596866,DID NOT CONVERGE
pca_50,rbf,0.1,0.001,,1000,0.3593158391304314,0.42280360287986696,38.27027772786096,DID NOT CONVERGE
pca_50,rbf,0.1,0.01,,1000,0.3726311270147562,0.42128622299060225,47.130805920111015,DID NOT CONVERGE
pca_50,rbf,0.1,0.1,,1000,0.36011908506043255,0.42160625709220767,50.3979479521513,DID NOT CONVERGE
pca_50,rbf,0.1,1,,1000,0.390638894867152,0.46508388104848564,62.30779244587757,DID NOT CONVERGE
pca_50,rbf,0.1,10,,1000,0.3604895200114697,0.42115459707565606,51.14369818195701,DID NOT CONVERGE
pca_50,rbf,0.1,100,,1000,0.36050622002221644,0.4210385759361088,50.36430863197893,DID NOT CONVERGE
pca_50,rbf,0.1,1000,,1000,0.3617811358999461,0.4212748468853533,50.37304325797595,DID NOT CONVERGE
pca_50,rbf,1,0.001,,1000,0.3605794960167259,0.4200479141436517,19.22181760589592,DID NOT CONVERGE
pca_50,rbf,1,0.01,,1000,0.3597742849960923,0.42033250792883337,38.592804486863315,DID NOT CONVERGE
pca_50,rbf,1,0.1,,1000,0.3611107310280204,0.42134232399985194,49.762001659022644,DID NOT CONVERGE
pca_50,rbf,1,1,,1000,0.37108700699172914,0.42166453087702394,62.28849950712174,DID NOT CONVERGE
pca_50,rbf,1,10,,1000,0.3617902749683708,0.4238622470293194,51.222017312888056,DID NOT CONVERGE
pca_50,rbf,1,100,,1000,0.3601092020981014,0.4217315688729286,50.324052174109966,DID NOT CONVERGE
pca_50,rbf,1,1000,,1000,0.3602449770551175,0.3956639692187309,50.30279578687623,DID NOT CONVERGE
pca_50,rbf,10,0.001,,1000,0.3599251629784703,0.39583349507302046,12.089346210006624,DID NOT CONVERGE
pca_50,rbf,10,0.01,,1000,0.3603122681379318,0.3968840450979769,37.05522248195484,DID NOT CONVERGE
pca_50,rbf,10,0.1,,1000,0.365325067890808,0.3974597160704434,49.40864201495424,DID NOT CONVERGE
pca_50,rbf,10,1,,1000,0.3613032759167254,0.39771531894803047,61.809667628025636,DID NOT CONVERGE
pca_50,rbf,10,10,,1000,0.3601540490053594,0.43093802593648434,50.58547432906926,DID NOT CONVERGE
pca_50,rbf,10,100,,1000,0.3603041940368712,0.4209909699857235,49.839894474018365,DID NOT CONVERGE
pca_50,rbf,10,1000,,1000,0.3604156910441816,0.4217250880319625,49.81306373211555,DID NOT CONVERGE
pca_50,rbf,100,0.001,,1000,0.3616096309851855,0.42110623489134014,10.302130345953628,DID NOT CONVERGE
pca_50,rbf,100,0.01,,1000,0.36000385601073503,0.43599144788458943,38.11406854214147,DID NOT CONVERGE
pca_50,rbf,100,0.1,,1000,0.36015305994078517,0.4374836541246623,48.593887260882184,DID NOT CONVERGE
pca_50,rbf,100,1,,1000,0.37362298695370555,0.4224530931096524,60.83220248087309,DID NOT CONVERGE
pca_50,rbf,100,10,,1000,0.36059298110194504,0.42202054406516254,49.72132145683281,DID NOT CONVERGE
pca_50,rbf,100,100,,1000,0.3602789908181876,0.4206605330109596,48.913229392142966,DID NOT CONVERGE
pca_50,rbf,100,1000,,1000,0.3599733719602227,0.4218200279865414,49.6863903850317,DID NOT CONVERGE
pca_50,rbf,1000,0.001,,1000,0.3606910870876163,0.42233608406968415,9.974080840824172,DID NOT CONVERGE
pca_50,rbf,1000,0.01,,1000,0.3602690207771957,0.43762412713840604,35.434888936113566,DID NOT CONVERGE
pca_50,rbf,1000,0.1,,1000,0.3600724060088396,0.4371468189638108,54.14806171017699,DID NOT CONVERGE
pca_50,rbf,1000,1,,1000,0.3946103991474956,0.4229128079023212,68.0031906159129,DID NOT CONVERGE
pca_50,rbf,1000,10,,1000,0.35979466885328293,0.42140985606238246,56.64498246787116,DID NOT CONVERGE
pca_50,rbf,1000,100,,1000,0.3617478290107101,0.4224126578774303,55.79618521290831,DID NOT CONVERGE
pca_50,rbf,1000,1000,,1000,0.36237131897360086,0.4211383250076324,55.861906765028834,DID NOT CONVERGE
pca_100,rbf,0.001,0.001,,1000,0.3937893209513277,0.5032622970174998,105.43839165009558,DID NOT CONVERGE
pca_100,rbf,0.001,0.01,,1000,0.37038967409171164,0.5027745270635933,103.16513930214569,DID NOT CONVERGE
pca_100,rbf,0.001,0.1,,1000,0.3990592951886356,0.5041391451377422,106.31481033284217,DID NOT CONVERGE
pca_100,rbf,0.001,1,,1000,0.39881581207737327,0.5019880561158061,119.44618393993005,DID NOT CONVERGE
pca_100,rbf,0.001,10,,1000,0.35962599283084273,0.5035837839823216,104.7822473871056,DID NOT CONVERGE
pca_100,rbf,0.001,100,,1000,0.3604324741754681,0.5015645669773221,107.03522674692795,DID NOT CONVERGE
pca_100,rbf,0.001,1000,,1000,0.36048383289016783,0.5069371180143207,104.6538877680432,DID NOT CONVERGE
pca_100,rbf,0.01,0.001,,1000,0.3600396339315921,0.5043143390212208,103.87007154989988,DID NOT CONVERGE
pca_100,rbf,0.01,0.01,,1000,0.3955356441438198,0.505397035041824,104.58270632685162,DID NOT CONVERGE
pca_100,rbf,0.01,0.1,,1000,0.3985920432023704,0.507708887802437,103.71436988306232,DID NOT CONVERGE
pca_100,rbf,0.01,1,,1000,0.3996958858333528,0.5048724508378655,120.5385130380746,DID NOT CONVERGE
pca_100,rbf,0.01,10,,1000,0.3600855611730367,0.5034023390617222,104.93255446106195,DID NOT CONVERGE
pca_100,rbf,0.01,100,,1000,0.3598964780103415,0.5043926618527621,108.0722316710744,DID NOT CONVERGE
pca_100,rbf,0.01,1000,,1000,0.3601769239176065,0.5041138711385429,104.52744847210124,DID NOT CONVERGE
pca_100,rbf,0.1,0.001,,1000,0.3595610798802227,0.5023069998715073,82.16108590899967,DID NOT CONVERGE
pca_100,rbf,0.1,0.01,,1000,0.3980083840433508,0.5042176339775324,97.83251227997243,DID NOT CONVERGE
pca_100,rbf,0.1,0.1,,1000,0.38922253903001547,0.5064815860241652,103.81817025505006,DID NOT CONVERGE
pca_100,rbf,0.1,1,,1000,0.399046576814726,0.5032075110357255,116.06193273095414,DID NOT CONVERGE
pca_100,rbf,0.1,10,,1000,0.35978375119157135,0.5020804728846997,105.08759558200836,DID NOT CONVERGE
pca_100,rbf,0.1,100,,1000,0.3592558258678764,0.5032263800967485,105.59250184008852,DID NOT CONVERGE
pca_100,rbf,0.1,1000,,1000,0.3615774321369827,0.5041147931478918,104.24960652203299,DID NOT CONVERGE
pca_100,rbf,1,0.001,,1000,0.35998236387968063,0.5059084889944643,42.20941692800261,DID NOT CONVERGE
pca_100,rbf,1,0.01,,1000,0.36125487997196615,0.503098496934399,88.54277686891146,DID NOT CONVERGE
pca_100,rbf,1,0.1,,1000,0.36082692281343043,0.5030966820195317,110.7630611481145,DID NOT CONVERGE
pca_100,rbf,1,1,,1000,0.36204597703181207,0.5086128730326891,116.03623733413406,DID NOT CONVERGE
pca_100,rbf,1,10,,1000,0.36075699399225414,0.5053805480711162,105.04090332100168,DID NOT CONVERGE
pca_100,rbf,1,100,,1000,0.36048373696394265,0.5036031699273735,105.11295621911995,DID NOT CONVERGE
pca_100,rbf,1,1000,,1000,0.36037658085115254,0.5020536831580102,109.51045069494285,DID NOT CONVERGE
pca_100,rbf,10,0.001,,1000,0.3601209151092917,0.5066398859489709,27.343822486931458,DID NOT CONVERGE
pca_100,rbf,10,0.01,,1000,0.3598240080755204,0.5044764711055905,89.42679549497552,DID NOT CONVERGE
pca_100,rbf,10,0.1,,1000,0.36975680594332516,0.5061003880109638,102.76592831197195,DID NOT CONVERGE
pca_100,rbf,10,1,,1000,0.36855719704180956,0.5015346719883382,118.98028903501108,DID NOT CONVERGE
pca_100,rbf,10,10,,1000,0.3600500850006938,0.5060965549200773,107.19365621800534,DID NOT CONVERGE
pca_100,rbf,10,100,,1000,0.3598639590200037,0.504077629884705,110.47053580195643,DID NOT CONVERGE
pca_100,rbf,10,1000,,1000,0.3605375289916992,0.5056150639429688,103.90213494980708,DID NOT CONVERGE
pca_100,rbf,100,0.001,,1000,0.36026823217980564,0.5042403130792081,24.17857073689811,DID NOT CONVERGE
pca_100,rbf,100,0.01,,1000,0.36013823305256665,0.5185727779753506,88.60186434397474,DID NOT CONVERGE
pca_100,rbf,100,0.1,,1000,0.38183274399489164,0.5060533529613167,102.8298553249333,DID NOT CONVERGE
pca_100,rbf,100,1,,1000,0.3703596289269626,0.5027988590300083,115.68216543202288,DID NOT CONVERGE
pca_100,rbf,100,10,,1000,0.361302827950567,0.5189315539319068,104.42099967296235,DID NOT CONVERGE
pca_100,rbf,100,100,,1000,0.36017807107418776,0.5041122119873762,103.83192288200371,DID NOT CONVERGE
pca_100,rbf,100,1000,,1000,0.36036515701562166,0.5048074489459395,104.05331625207327,DID NOT CONVERGE
pca_100,rbf,1000,0.001,,1000,0.36004981910809875,0.5023020091466606,23.26742771686986,DID NOT CONVERGE
pca_100,rbf,1000,0.01,,1000,0.35872446885332465,0.503989984979853,87.37788424803875,DID NOT CONVERGE
pca_100,rbf,1000,0.1,,1000,0.3718894680496305,0.48127719084732234,109.40815385594033,DID NOT CONVERGE
pca_100,rbf,1000,1,,1000,0.39373780810274184,0.5036525798495859,115.11576429312117,DID NOT CONVERGE
pca_100,rbf,1000,10,,1000,0.36012647999450564,0.50657350406982,104.57473391317762,DID NOT CONVERGE
pca_100,rbf,1000,100,,1000,0.36064464994706213,0.5043214419856668,104.12815528083593,DID NOT CONVERGE
pca_100,rbf,1000,1000,,1000,0.35997226904146373,0.5044803321361542,104.67013577185571,DID NOT CONVERGE
pca_200,rbf,0.001,0.001,,1000,0.407572824973613,0.5720031808596104,144.7462860820815,DID NOT CONVERGE
pca_200,rbf,0.001,0.01,,1000,0.3809761598240584,0.5727934041060507,144.69486330612563,DID NOT CONVERGE
pca_200,rbf,0.001,0.1,,1000,0.39815083309076726,0.573133461875841,145.99160033487715,DID NOT CONVERGE
pca_200,rbf,0.001,1,,1000,0.3597633019089699,0.571988623123616,161.326331730932,DID NOT CONVERGE
pca_200,rbf,0.001,10,,1000,0.39881427283398807,0.5710293578449637,147.4043820030056,DID NOT CONVERGE
pca_200,rbf,0.001,100,,1000,0.3962164979893714,0.5723137210588902,146.8977834430989,DID NOT CONVERGE
pca_200,rbf,0.001,1000,,1000,0.38828520802780986,0.5725583070889115,146.93435435299762,DID NOT CONVERGE
pca_200,rbf,0.01,0.001,,1000,0.3995232949964702,0.5753049871418625,144.6523431967944,DID NOT CONVERGE
pca_200,rbf,0.01,0.01,,1000,0.36916143097914755,0.571242047008127,144.76739393686876,DID NOT CONVERGE
pca_200,rbf,0.01,0.1,,1000,0.3877863259986043,0.5701845011208206,145.98778362199664,DID NOT CONVERGE
pca_200,rbf,0.01,1,,1000,0.396336211822927,0.5757835148833692,161.27488448494114,DID NOT CONVERGE
pca_200,rbf,0.01,10,,1000,0.40147380996495485,0.5746632879599929,147.25330730900168,DID NOT CONVERGE
pca_200,rbf,0.01,100,,1000,0.3999465899541974,0.5700887609273195,146.8063139009755,DID NOT CONVERGE
pca_200,rbf,0.01,1000,,1000,0.3773257019929588,0.5666975630447268,146.84552425984293,DID NOT CONVERGE
pca_200,rbf,0.1,0.001,,1000,0.3916566229891032,0.5758126939181238,118.0451738811098,DID NOT CONVERGE
pca_200,rbf,0.1,0.01,,1000,0.38711425894871354,0.5757318979594857,139.11705210385844,DID NOT CONVERGE
pca_200,rbf,0.1,0.1,,1000,0.3860014621168375,0.5765730428975075,145.81781057990156,DID NOT CONVERGE
pca_200,rbf,0.1,1,,1000,0.39395246282219887,0.5820172938983887,161.3524198869709,DID NOT CONVERGE
pca_200,rbf,0.1,10,,1000,0.38873295090161264,0.5668153711594641,147.3156493618153,DID NOT CONVERGE
pca_200,rbf,0.1,100,,1000,0.38726933510042727,0.5694660649169236,147.01443252898753,DID NOT CONVERGE
pca_200,rbf,0.1,1000,,1000,0.36500324914231896,0.5668330600019544,146.9191390920896,DID NOT CONVERGE
pca_200,rbf,1,0.001,,1000,0.3988763689994812,0.565958600025624,63.83131007896736,DID NOT CONVERGE
pca_200,rbf,1,0.01,,1000,0.39426615089178085,0.5699575068429112,131.74211249290965,DID NOT CONVERGE
pca_200,rbf,1,0.1,,1000,0.3658825389575213,0.5664335340261459,145.49120113113895,DID NOT CONVERGE
pca_200,rbf,1,1,,1000,0.36758213909342885,0.5670384739059955,161.20753299701028,DID NOT CONVERGE
pca_200,rbf,1,10,,1000,0.3992209490388632,0.5683059368748218,147.36128036607988,DID NOT CONVERGE
pca_200,rbf,1,100,,1000,0.38849772908724844,0.5742735220119357,146.94190733600408,DID NOT CONVERGE
pca_200,rbf,1,1000,,1000,0.3990593599155545,0.5716413899790496,146.88336651888676,DID NOT CONVERGE
pca_200,rbf,10,0.001,,1000,0.3647854430601001,0.5673863817937672,44.92150282696821,DID NOT CONVERGE
pca_200,rbf,10,0.01,,1000,0.39385471888817847,0.5673924318980426,131.16563874692656,DID NOT CONVERGE
pca_200,rbf,10,0.1,,1000,0.39654407696798444,0.5666136150248349,145.09319108794443,DID NOT CONVERGE
pca_200,rbf,10,1,,1000,0.39480009698309004,0.565946748945862,161.5105910860002,DID NOT CONVERGE
pca_200,rbf,10,10,,1000,0.38649419602006674,0.5700957761146128,146.89770143502392,DID NOT CONVERGE
pca_200,rbf,10,100,,1000,0.3985079589765519,0.5686260459478945,146.5219501319807,DID NOT CONVERGE
pca_200,rbf,10,1000,,1000,0.3871724237687886,0.5678500239737332,146.54627141496167,DID NOT CONVERGE
pca_200,rbf,100,0.001,,1000,0.3995066350325942,0.569823816884309,41.2173906120006,DID NOT CONVERGE
pca_200,rbf,100,0.01,,1000,0.3835230350960046,0.5707412899937481,131.1796213290654,DID NOT CONVERGE
pca_200,rbf,100,0.1,,1000,0.3968343830201775,0.5676198420114815,145.17170017119497,DID NOT CONVERGE
pca_200,rbf,100,1,,1000,0.3981066970154643,0.5465007110033184,160.89870405988768,DID NOT CONVERGE
pca_200,rbf,100,10,,1000,0.39922760310582817,0.5411952810827643,146.93522641807795,DID NOT CONVERGE
pca_200,rbf,100,100,,1000,0.3866928310599178,0.5454453628044575,146.48652392905205,DID NOT CONVERGE
pca_200,rbf,100,1000,,1000,0.36044516414403915,0.5418930409941822,146.53359569399618,DID NOT CONVERGE
pca_200,rbf,1000,0.001,,1000,0.3989739951211959,0.5464447040576488,40.91996625903994,DID NOT CONVERGE
pca_200,rbf,1000,0.01,,1000,0.38452488696202636,0.5425532560329884,131.30019425204955,DID NOT CONVERGE
pca_200,rbf,1000,0.1,,1000,0.38459619600325823,0.57155168405734,145.26311217597686,DID NOT CONVERGE
pca_200,rbf,1000,1,,1000,0.36709720618091524,0.569211705122143,160.7608783650212,DID NOT CONVERGE
pca_200,rbf,1000,10,,1000,0.3993713839445263,0.5701392940245569,146.80023040017113,DID NOT CONVERGE
pca_200,rbf,1000,100,,1000,0.3981046120170504,0.5700685498304665,146.36769782798365,DID NOT CONVERGE
pca_200,rbf,1000,1000,,1000,0.35978284711018205,0.5717937170993537,146.3471990050748,DID NOT CONVERGE
lda,rbf,0.001,0.001,,1000,0.3979483339935541,4.3208963989745826,30.492465034825727,DID NOT CONVERGE
lda,rbf,0.001,0.01,,1000,0.3732115630991757,5.739061716012657,31.45286504784599,DID NOT CONVERGE
lda,rbf,0.001,0.1,,1000,0.357089624973014,4.242792970966548,30.428326376946643,DID NOT CONVERGE
lda,rbf,0.001,1,,1000,0.3579231749754399,4.287662998074666,30.457788821076974,DID NOT CONVERGE
lda,rbf,0.001,10,,1000,0.35660302615724504,4.279745978070423,37.9039054941386,DID NOT CONVERGE
lda,rbf,0.001,100,,1000,0.35759873199276626,4.281920252833515,35.406175228068605,DID NOT CONVERGE
lda,rbf,0.001,1000,,1000,0.3572443500161171,4.279936796054244,30.805008572991937,DID NOT CONVERGE
lda,rbf,0.01,0.001,,1000,0.35648475494235754,4.237764647928998,30.325056590139866,DID NOT CONVERGE
lda,rbf,0.01,0.01,,1000,0.35693232901394367,4.260415041120723,29.707843272015452,DID NOT CONVERGE
lda,rbf,0.01,0.1,,1000,0.35779768391512334,4.26981298183091,29.503732424927875,DID NOT CONVERGE
lda,rbf,0.01,1,,1000,0.35884188604541123,4.263489946955815,30.458706294884905,DID NOT CONVERGE
lda,rbf,0.01,10,,1000,0.35777163901366293,4.264111927011982,37.84332305099815,DID NOT CONVERGE
lda,rbf,0.01,100,,1000,0.35679566813632846,4.27398721780628,35.47913500596769,DID NOT CONVERGE
lda,rbf,0.01,1000,,1000,0.35663276398554444,4.238214165205136,30.88757739518769,DID NOT CONVERGE
lda,rbf,0.1,0.001,,1000,0.35817160992883146,4.269574608886614,29.039484377019107,DID NOT CONVERGE
lda,rbf,0.1,0.01,,1000,0.3569220199715346,4.314090987900272,17.668635454960167,DID NOT CONVERGE
lda,rbf,0.1,0.1,,1000,0.3566866300534457,4.250404017046094,17.852780208922923,DID NOT CONVERGE
lda,rbf,0.1,1,,1000,0.3570350909139961,4.249653538921848,30.49889699416235,DID NOT CONVERGE
lda,rbf,0.1,10,,1000,0.35623669205233455,4.297288035042584,37.8754862959031,DID NOT CONVERGE
lda,rbf,0.1,100,,1000,0.3571771450806409,4.293828944908455,35.46811566199176,DID NOT CONVERGE
lda,rbf,0.1,1000,,1000,0.3575041717849672,4.2804142609238625,30.847839086083695,DID NOT CONVERGE
lda,rbf,1,0.001,,1000,0.3577951609622687,4.3037428660318255,17.297350326087326,DID NOT CONVERGE
lda,rbf,1,0.01,,1000,0.35690843197517097,4.252635783981532,12.027044962858781,DID NOT CONVERGE
lda,rbf,1,0.1,,1000,0.3545519891194999,4.333787353942171,12.041674794862047,DID NOT CONVERGE
lda,rbf,1,1,,1000,0.3549482631497085,4.343098102835938,28.764991442207247,DID NOT CONVERGE
lda,rbf,1,10,,1000,0.35787154198624194,4.297017836011946,37.77697860496119,DID NOT CONVERGE
lda,rbf,1,100,,1000,0.36092211795039475,4.276795744895935,35.50834588496946,DID NOT CONVERGE
lda,rbf,1,1000,,1000,0.3576799409929663,4.284161374904215,30.85447194194421,DID NOT CONVERGE
lda,rbf,10,0.001,,1000,0.3567835621070117,4.295907709049061,12.67036351794377,DID NOT CONVERGE
lda,rbf,10,0.01,,1000,0.3551764669828117,4.2915517401415855,10.124994562007487,DID NOT CONVERGE
lda,rbf,10,0.1,,1000,0.35545140504837036,4.368921686895192,9.6548012169078,DID NOT CONVERGE
lda,rbf,10,1,,1000,0.3543681919109076,4.333293973933905,28.549629534129053,DID NOT CONVERGE
lda,rbf,10,10,,1000,0.35761583410203457,4.287808479974046,37.27269326010719,DID NOT CONVERGE
lda,rbf,10,100,,1000,0.3577353910077363,4.312990550883114,35.19069774611853,DID NOT CONVERGE
lda,rbf,10,1000,,1000,0.35854714806191623,4.262668144889176,30.594611139968038,DID NOT CONVERGE
lda,rbf,100,0.001,,1000,0.359827077947557,4.276376754976809,11.497002403018996,DID NOT CONVERGE
lda,rbf,100,0.01,,1000,0.3562566079199314,4.267319779843092,9.24483466311358,DID NOT CONVERGE
lda,rbf,100,0.1,,1000,0.35476654418744147,4.307647379115224,8.676164384931326,DID NOT CONVERGE
lda,rbf,100,1,,1000,0.35460172314196825,4.264778507174924,28.506473070010543,DID NOT CONVERGE
lda,rbf,100,10,,1000,0.35799992899410427,4.358695968985558,37.32193640409969,DID NOT CONVERGE
lda,rbf,100,100,,1000,0.3577505520079285,4.30091805011034,35.20502357184887,DID NOT CONVERGE
lda,rbf,100,1000,,1000,0.35823848098516464,4.316072582034394,30.695002923021093,DID NOT CONVERGE
lda,rbf,1000,0.001,,1000,0.35768706700764596,4.26620787079446,9.8209063638933,DID NOT CONVERGE
lda,rbf,1000,0.01,,1000,0.356534959981218,4.266697329003364,9.583757294807583,DID NOT CONVERGE
lda,rbf,1000,0.1,,1000,0.35581924207508564,4.277162225916982,8.433643300784752,DID NOT CONVERGE
lda,rbf,1000,1,,1000,0.3543140690308064,4.286243463866413,28.522112738108262,DID NOT CONVERGE
lda,rbf,1000,10,,1000,0.3579496000893414,4.274827450979501,37.30286285188049,DID NOT CONVERGE
lda,rbf,1000,100,,1000,0.3582083301153034,4.3025727130007,35.22570285596885,DID NOT CONVERGE
lda,rbf,1000,1000,,1000,0.35680418997071683,4.296136089833453,30.61541707185097,DID NOT CONVERGE
pca_50,poly,0.001,0.001,1,1000,0.40003775199875236,0.4320818870328367,39.151886258041486,DID NOT CONVERGE
pca_50,poly,0.001,0.001,2,1000,0.3558851908892393,0.42067252891138196,39.083116472000256,DID NOT CONVERGE
pca_50,poly,0.001,0.001,3,1000,0.35700166691094637,0.4204391189850867,39.13669916498475,DID NOT CONVERGE
pca_50,poly,0.001,0.001,4,1000,0.3581741980742663,0.4183373050764203,39.58589747687802,DID NOT CONVERGE
pca_50,poly,0.001,0.001,5,1000,0.35658250097185373,0.41942344000563025,39.43931860709563,DID NOT CONVERGE
pca_50,poly,0.001,0.01,1,1000,0.3571218028664589,0.4193415220361203,38.979438435984775,DID NOT CONVERGE
pca_50,poly,0.001,0.01,2,1000,0.35532845999114215,0.41992918122559786,39.03446236113086,DID NOT CONVERGE
pca_50,poly,0.001,0.01,3,1000,0.3585098620969802,0.41976694483309984,39.05917634209618,DID NOT CONVERGE
pca_50,poly,0.001,0.01,4,1000,0.35714673600159585,0.4196102099958807,39.1576617739629,DID NOT CONVERGE
pca_50,poly,0.001,0.01,5,1000,0.35752700199373066,0.4218650469556451,38.47452535107732,DID NOT CONVERGE
pca_50,poly,0.001,0.1,1,1000,0.3585022569168359,0.4209769289009273,32.19294744101353,DID NOT CONVERGE
pca_50,poly,0.001,0.1,2,1000,0.35802770708687603,0.4205450341105461,14.764441002858803,DID NOT CONVERGE
pca_50,poly,0.001,0.1,3,1000,0.3575875540263951,0.43728996883146465,11.231675692135468,DID NOT CONVERGE
pca_50,poly,0.001,0.1,4,1000,0.35790810198523104,0.42099979403428733,13.216886678012088,DID NOT CONVERGE
pca_50,poly,0.001,0.1,5,1000,0.3574975528754294,0.43613248504698277,15.401509387185797,DID NOT CONVERGE
pca_50,poly,0.001,1,1,1000,0.35914496215991676,0.4204791069496423,16.650358432903886,DID NOT CONVERGE
pca_50,poly,0.001,1,2,1000,0.358341763028875,0.41305823787115514,8.915690110065043,DID NOT CONVERGE
pca_50,poly,0.001,1,3,1000,0.35847925301641226,0.4182142810896039,10.862227441975847,DID NOT CONVERGE
pca_50,poly,0.001,1,4,1000,0.3576475940644741,0.39854528405703604,13.358710316941142,DID NOT CONVERGE
pca_50,poly,0.001,1,5,1000,0.3593178780283779,0.4173440570011735,15.145141323795542,DID NOT CONVERGE
pca_50,poly,0.001,10,1,1000,0.3582711690105498,0.39818922500126064,11.694595642155036,DID NOT CONVERGE
pca_50,poly,0.001,10,2,1000,0.3571586590260267,0.41565554519183934,8.884467183845118,DID NOT CONVERGE
pca_50,poly,0.001,10,3,1000,0.3596326110418886,0.41780831618234515,12.069701422005892,DID NOT CONVERGE
pca_50,poly,0.001,10,4,1000,0.36103045009076595,0.39851251104846597,15.685910705011338,DID NOT CONVERGE
pca_50,poly,0.001,10,5,1000,0.35854421788826585,0.4358047968707979,16.7091734490823,DID NOT CONVERGE
pca_50,poly,0.001,100,1,1000,0.35747269191779196,0.42073290096595883,10.608884344110265,DID NOT CONVERGE
pca_50,poly,0.001,100,2,1000,0.3573775279801339,0.4345401809550822,8.865235108882189,DID NOT CONVERGE
pca_50,poly,0.001,100,3,1000,0.35833572316914797,0.4391022599302232,11.227979232789949,DID NOT CONVERGE
pca_50,poly,0.001,100,4,1000,0.3571992840152234,0.4207745180465281,13.205813413020223,DID NOT CONVERGE
pca_50,poly,0.001,100,5,1000,0.3572518518194556,0.43683529109694064,17.813688051886857,DID NOT CONVERGE
pca_50,poly,0.001,1000,1,1000,0.3586662739980966,0.42058957600966096,11.432375652948394,DID NOT CONVERGE
pca_50,poly,0.001,1000,2,1000,0.36502445000223815,0.4362899549305439,8.876723858062178,DID NOT CONVERGE
pca_50,poly,0.001,1000,3,1000,0.3575128479860723,0.4402917099650949,11.119470305973664,DID NOT CONVERGE
pca_50,poly,0.001,1000,4,1000,0.3577344329096377,0.42082305904477835,13.194293597014621,DID NOT CONVERGE
pca_50,poly,0.001,1000,5,1000,0.3572458929847926,0.4362318131607026,15.231875831028447,DID NOT CONVERGE
pca_50,poly,0.01,0.001,1,1000,0.3570022229105234,0.4577063568867743,51.072864492191,DID NOT CONVERGE
pca_50,poly,0.01,0.001,2,1000,0.35649133706465364,0.42154451506212354,51.280431704130024,DID NOT CONVERGE
pca_50,poly,0.01,0.001,3,1000,0.3577008838765323,0.4206725109834224,51.32549179601483,DID NOT CONVERGE
pca_50,poly,0.01,0.001,4,1000,0.35745800705626607,0.4202820039354265,51.50568071519956,DID NOT CONVERGE
pca_50,poly,0.01,0.001,5,1000,0.3571302511263639,0.4205794301815331,51.35163274593651,DID NOT CONVERGE
pca_50,poly,0.01,0.01,1,1000,0.35649682907387614,0.4207551311701536,42.06304337386973,DID NOT CONVERGE
pca_50,poly,0.01,0.01,2,1000,0.35725061292760074,0.42130185291171074,40.717161084059626,DID NOT CONVERGE
pca_50,poly,0.01,0.01,3,1000,0.3580852330196649,0.4199599160347134,35.20244222204201,DID NOT CONVERGE
pca_50,poly,0.01,0.01,4,1000,0.3581150369718671,0.42057006899267435,36.062577018048614,DID NOT CONVERGE
pca_50,poly,0.01,0.01,5,1000,0.3578051740769297,0.4201547889970243,34.361946117831394,DID NOT CONVERGE
pca_50,poly,0.01,0.1,1,1000,0.35724246595054865,0.42090912885032594,22.736712626880035,DID NOT CONVERGE
pca_50,poly,0.01,0.1,2,1000,0.35750829707831144,0.4361219459678978,9.73506554798223,DID NOT CONVERGE
pca_50,poly,0.01,0.1,3,1000,0.3576381290331483,0.421755847055465,10.693014570977539,DID NOT CONVERGE
pca_50,poly,0.01,0.1,4,1000,0.35852613393217325,0.42143810098059475,15.904105139896274,DID NOT CONVERGE
pca_50,poly,0.01,0.1,5,1000,0.3573577848728746,0.43578344094567,16.910630878061056,DID NOT CONVERGE
pca_50,poly,0.01,1,1,1000,0.3590425730217248,0.4208611440844834,12.822156982962042,DID NOT CONVERGE
pca_50,poly,0.01,1,2,1000,0.3570093309972435,0.4362710011191666,8.388799906009808,DID NOT CONVERGE
pca_50,poly,0.01,1,3,1000,0.35870289499871433,0.44061120809055865,10.89710570895113,DID NOT CONVERGE
pca_50,poly,0.01,1,4,1000,0.3576257689855993,0.42143637500703335,15.690294683910906,DID NOT CONVERGE
pca_50,poly,0.01,1,5,1000,0.35736622801050544,0.43524116300977767,16.198179616127163,DID NOT CONVERGE
pca_50,poly,0.01,10,1,1000,0.37650588108226657,0.41885735583491623,10.541603715857491,DID NOT CONVERGE
pca_50,poly,0.01,10,2,1000,0.3569436939433217,0.44199015595950186,9.29566804994829,DID NOT CONVERGE
pca_50,poly,0.01,10,3,1000,0.358845089096576,0.44162394595332444,11.00063123414293,DID NOT CONVERGE
pca_50,poly,0.01,10,4,1000,0.3580365739762783,0.4201549969147891,13.367433204082772,DID NOT CONVERGE
pca_50,poly,0.01,10,5,1000,0.3585582780651748,0.43527515698224306,16.362744369078428,DID NOT CONVERGE
pca_50,poly,0.01,100,1,1000,0.3577549019828439,0.4204354730900377,11.423983918037266,DID NOT CONVERGE
pca_50,poly,0.01,100,2,1000,0.35821486986242235,0.4359201891347766,8.656643451889977,DID NOT CONVERGE
pca_50,poly,0.01,100,3,1000,0.3594161521177739,0.439441880909726,12.136604462983087,DID NOT CONVERGE
pca_50,poly,0.01,100,4,1000,0.357476162025705,0.4201210050377995,13.370592806953937,DID NOT CONVERGE
pca_50,poly,0.01,100,5,1000,0.359441775130108,0.4367419150657952,16.020469467854127,DID NOT CONVERGE
pca_50,poly,0.01,1000,1,1000,0.3581445279996842,0.4223307711072266,12.270887655904517,DID NOT CONVERGE
pca_50,poly,0.01,1000,2,1000,0.358355465112254,0.43601271882653236,8.87343197222799,DID NOT CONVERGE
pca_50,poly,0.01,1000,3,1000,0.35809695115312934,0.4386041921097785,12.486617175163701,DID NOT CONVERGE
pca_50,poly,0.01,1000,4,1000,0.3577368219848722,0.4209855259396136,13.32427875814028,DID NOT CONVERGE
pca_50,poly,0.01,1000,5,1000,0.3577413121238351,0.4353676640894264,16.501158002996817,DID NOT CONVERGE
pca_50,poly,0.1,0.001,1,1000,0.357598016038537,0.42152255098335445,30.95404148614034,DID NOT CONVERGE
pca_50,poly,0.1,0.001,2,1000,0.35766322491690516,0.4198033600114286,37.51816050498746,DID NOT CONVERGE
pca_50,poly,0.1,0.001,3,1000,0.360189950093627,0.42018976295366883,37.566774716135114,DID NOT CONVERGE
pca_50,poly,0.1,0.001,4,1000,0.3575412828940898,0.42009220109321177,37.955669864080846,DID NOT CONVERGE
pca_50,poly,0.1,0.001,5,1000,0.3577715940773487,0.4192483590450138,37.915504053933546,DID NOT CONVERGE
pca_50,poly,0.1,0.01,1,1000,0.35754881519824266,0.41830217000097036,16.838967714924365,DID NOT CONVERGE
pca_50,poly,0.1,0.01,2,1000,0.35731245414353907,0.43534631794318557,15.187958513852209,DID NOT CONVERGE
pca_50,poly,0.1,0.01,3,1000,0.3578797911759466,0.4361386769451201,15.480062769027427,DID NOT CONVERGE
pca_50,poly,0.1,0.01,4,1000,0.35700997593812644,0.4354135470930487,16.57329412107356,DID NOT CONVERGE
pca_50,poly,0.1,0.01,5,1000,0.35870976001024246,0.4684793599881232,18.40689851809293,DID NOT CONVERGE
pca_50,poly,0.1,0.1,1,1000,0.35721434210427105,0.43435691692866385,13.095138150965795,DID NOT CONVERGE
pca_50,poly,0.1,0.1,2,1000,0.35707623790949583,0.43414803012274206,9.055154575034976,DID NOT CONVERGE
pca_50,poly,0.1,0.1,3,1000,0.35710375499911606,0.43860262096859515,11.093911459902301,DID NOT CONVERGE
pca_50,poly,0.1,0.1,4,1000,0.3581375489011407,0.42089340509846807,13.314777158899233,DID NOT CONVERGE
pca_50,poly,0.1,0.1,5,1000,0.35971019114367664,0.43775419308803976,21.196462829131633,DID NOT CONVERGE
pca_50,poly,0.1,1,1,1000,0.3572906970512122,0.42106457496993244,10.4596963301301,DID NOT CONVERGE
pca_50,poly,0.1,1,2,1000,0.3585650639142841,0.4360812660306692,9.81110513000749,DID NOT CONVERGE
pca_50,poly,0.1,1,3,1000,0.35828445781953633,0.43896151590161026,10.673982864012942,DID NOT CONVERGE
pca_50,poly,0.1,1,4,1000,0.35775192081928253,0.4208250080700964,13.28935930901207,DID NOT CONVERGE
pca_50,poly,0.1,1,5,1000,0.35906121507287025,0.4360700480174273,14.696710590040311,DID NOT CONVERGE
pca_50,poly,0.1,10,1,1000,0.3588558260817081,0.4201731828507036,13.598366149934009,DID NOT CONVERGE
pca_50,poly,0.1,10,2,1000,0.3580997979734093,0.4358023901004344,8.821858586044982,DID NOT CONVERGE
pca_50,poly,0.1,10,3,1000,0.35805270820856094,0.44052425399422646,11.13498567789793,DID NOT CONVERGE
pca_50,poly,0.1,10,4,1000,0.35848683305084705,0.4213050331454724,13.160501989070326,DID NOT CONVERGE
pca_50,poly,0.1,10,5,1000,0.358108744956553,0.4371183509938419,15.07010363903828,DID NOT CONVERGE
pca_50,poly,0.1,100,1,1000,0.359091408085078,0.4212091031949967,11.45958600891754,DID NOT CONVERGE
pca_50,poly,0.1,100,2,1000,0.35826049209572375,0.4361402150243521,9.286733473883942,DID NOT CONVERGE
pca_50,poly,0.1,100,3,1000,0.35717500490136445,0.4410166370216757,10.901309743057936,DID NOT CONVERGE
pca_50,poly,0.1,100,4,1000,0.35702589782886207,0.4210223888512701,17.66115635400638,DID NOT CONVERGE
pca_50,poly,0.1,100,5,1000,0.3577979230321944,0.43707451806403697,17.15571283781901,DID NOT CONVERGE
pca_50,poly,0.1,1000,1,1000,0.3573662298731506,0.421233352040872,11.992292739916593,DID NOT CONVERGE
pca_50,poly,0.1,1000,2,1000,0.35892597609199584,0.4368113069795072,9.654065001988783,DID NOT CONVERGE
pca_50,poly,0.1,1000,3,1000,0.35755766718648374,0.4396789448801428,10.922256779158488,DID NOT CONVERGE
pca_50,poly,0.1,1000,4,1000,0.3581336650531739,0.41965831513516605,13.9032599539496,DID NOT CONVERGE
pca_50,poly,0.1,1000,5,1000,0.35669985110871494,0.43574303411878645,16.06188307981938,DID NOT CONVERGE
pca_50,poly,1,0.001,1,1000,0.3579400491435081,0.42024140479043126,16.493024894967675,DID NOT CONVERGE
pca_50,poly,1,0.001,2,1000,0.3576415029820055,0.4696096838451922,32.33743307599798,DID NOT CONVERGE
pca_50,poly,1,0.001,3,1000,0.3581184989307076,0.4211318730376661,41.11744764097966,DID NOT CONVERGE
pca_50,poly,1,0.001,4,1000,0.361354588996619,0.3966437529306859,41.49008271796629,DID NOT CONVERGE
pca_50,poly,1,0.001,5,1000,0.3580242490861565,0.42053800798021257,41.45312926080078,DID NOT CONVERGE
pca_50,poly,1,0.01,1,1000,0.3587779828812927,0.4209600421600044,12.985571640077978,DID NOT CONVERGE
pca_50,poly,1,0.01,2,1000,0.3574670129455626,0.43627690779976547,10.465295552974567,DID NOT CONVERGE
pca_50,poly,1,0.01,3,1000,0.3586281689349562,0.4203515078406781,10.914447273127735,DID NOT CONVERGE
pca_50,poly,1,0.01,4,1000,0.3578961989842355,0.4204682919662446,13.416729564080015,DID NOT CONVERGE
pca_50,poly,1,0.01,5,1000,0.3593277488835156,0.43617698387242854,21.082511676009744,DID NOT CONVERGE
pca_50,poly,1,0.1,1,1000,0.3610223678406328,0.4216989779379219,13.650736873038113,DID NOT CONVERGE
pca_50,poly,1,0.1,2,1000,0.3583511260803789,0.4357791398651898,8.783785413950682,DID NOT CONVERGE
pca_50,poly,1,0.1,3,1000,0.35787849384360015,0.4395992709323764,11.950815286953002,DID NOT CONVERGE
pca_50,poly,1,0.1,4,1000,0.3575101769529283,0.4229588760063052,14.392766720848158,DID NOT CONVERGE
pca_50,poly,1,0.1,5,1000,0.3592480958905071,0.43814492993988097,15.214785344200209,DID NOT CONVERGE
pca_50,poly,1,1,1,1000,0.3590367950964719,0.423586888005957,12.213095151120797,DID NOT CONVERGE
pca_50,poly,1,1,2,1000,0.35837702988646924,0.4376102208625525,8.958473128965124,DID NOT CONVERGE
pca_50,poly,1,1,3,1000,0.3575595039874315,0.441017844947055,12.525509829865769,DID NOT CONVERGE
pca_50,poly,1,1,4,1000,0.3583749639801681,0.4236519858241081,13.205220614094287,DID NOT CONVERGE
pca_50,poly,1,1,5,1000,0.35778969898819923,0.4394196169450879,18.1248739620205,DID NOT CONVERGE
pca_50,poly,1,10,1,1000,0.3593513499945402,0.42292571207508445,11.391844059107825,DID NOT CONVERGE
pca_50,poly,1,10,2,1000,0.3586948090232909,0.43859287281520665,9.250784027157351,DID NOT CONVERGE
pca_50,poly,1,10,3,1000,0.3590525130275637,0.44294218299910426,10.970374739030376,DID NOT CONVERGE
pca_50,poly,1,10,4,1000,0.35741013404913247,0.4405389679595828,14.373473472893238,DID NOT CONVERGE
pca_50,poly,1,10,5,1000,0.35696671693585813,0.4392583789303899,15.937450386118144,DID NOT CONVERGE
pca_50,poly,1,100,1,1000,0.35611390112899244,0.43881678697653115,12.100847853114828,DID NOT CONVERGE
pca_50,poly,1,100,2,1000,0.35715587087906897,0.423758456017822,8.085631618043408,DID NOT CONVERGE
pca_50,poly,1,100,3,1000,0.3567778409924358,0.4457108248025179,10.951375070028007,DID NOT CONVERGE
pca_50,poly,1,100,4,1000,0.35896012792363763,0.424530295887962,13.811795672867447,DID NOT CONVERGE
pca_50,poly,1,100,5,1000,0.3571483320556581,0.43775524385273457,17.909977898932993,DID NOT CONVERGE
pca_50,poly,1,1000,1,1000,0.35834324709139764,0.4386714829597622,12.509796601021662,DID NOT CONVERGE
pca_50,poly,1,1000,2,1000,0.3573926470708102,0.4235033218283206,8.086426564026624,DID NOT CONVERGE
pca_50,poly,1,1000,3,1000,0.35700774495489895,0.4403998558409512,11.286140516167507,DID NOT CONVERGE
pca_50,poly,1,1000,4,1000,0.3572360910475254,0.42460346408188343,13.227589242858812,DID NOT CONVERGE
pca_50,poly,1,1000,5,1000,0.35720516089349985,0.43691024696454406,15.736240269849077,DID NOT CONVERGE
pca_50,poly,10,0.001,1,1000,0.3562777698971331,0.4373147781006992,13.058030951069668,DID NOT CONVERGE
pca_50,poly,10,0.001,2,1000,0.3575318919029087,0.4389024169649929,15.524452165002003,DID NOT CONVERGE
pca_50,poly,10,0.001,3,1000,0.35656345705501735,0.43784617399796844,26.666172722820193,DID NOT CONVERGE
pca_50,poly,10,0.001,4,1000,0.35629910696297884,0.42332006711512804,41.220856375060976,DID NOT CONVERGE
pca_50,poly,10,0.001,5,1000,0.35811158595606685,0.42374793509952724,41.358230540994555,DID NOT CONVERGE
pca_50,poly,10,0.01,1,1000,0.3573568919673562,0.4228852828964591,11.544170092092827,DID NOT CONVERGE
pca_50,poly,10,0.01,2,1000,0.3582118221092969,0.4468393879942596,9.506874731974676,DID NOT CONVERGE
pca_50,poly,10,0.01,3,1000,0.3575730980373919,0.44055396714247763,10.825448743999004,DID NOT CONVERGE
pca_50,poly,10,0.01,4,1000,0.3569299110677093,0.4239041591063142,17.082319831941277,DID NOT CONVERGE
pca_50,poly,10,0.01,5,1000,0.3560337389353663,0.43790351902134717,15.591279815882444,DID NOT CONVERGE
pca_50,poly,10,0.1,1,1000,0.35677159996703267,0.43627352407202125,12.322090779896826,DID NOT CONVERGE
pca_50,poly,10,0.1,2,1000,0.35664430004544556,0.42355141299776733,8.537716956809163,DID NOT CONVERGE
pca_50,poly,10,0.1,3,1000,0.3614750779233873,0.4422293580137193,10.867704862030223,DID NOT CONVERGE
pca_50,poly,10,0.1,4,1000,0.35624019405804574,0.43706739181652665,14.512356650084257,DID NOT CONVERGE
pca_50,poly,10,0.1,5,1000,0.3560543640051037,0.4370897870976478,14.667155110975727,DID NOT CONVERGE
pca_50,poly,10,1,1,1000,0.35756433196365833,0.43675035797059536,12.112913384800777,DID NOT CONVERGE
pca_50,poly,10,1,2,1000,0.35739623196423054,0.42224737210199237,9.468357950914651,DID NOT CONVERGE
pca_50,poly,10,1,3,1000,0.3565346859395504,0.44168518600054085,12.17844412010163,DID NOT CONVERGE
pca_50,poly,10,1,4,1000,0.3563296829815954,0.4377591509837657,14.176923041930422,DID NOT CONVERGE
pca_50,poly,10,1,5,1000,0.35621457104571164,0.4365010850597173,15.778439657995477,DID NOT CONVERGE
pca_50,poly,10,10,1,1000,0.3568373250309378,0.4393398480024189,12.585799114080146,DID NOT CONVERGE
pca_50,poly,10,10,2,1000,0.35675502801313996,0.4238026328384876,8.11509621096775,DID NOT CONVERGE
pca_50,poly,10,10,3,1000,0.35570504213683307,0.4396167891100049,11.449211614904925,DID NOT CONVERGE
pca_50,poly,10,10,4,1000,0.35871696285903454,0.4363678880035877,14.66108451783657,DID NOT CONVERGE
pca_50,poly,10,10,5,1000,0.35736483079381287,0.43688566400669515,17.99080310505815,DID NOT CONVERGE
pca_50,poly,10,100,1,1000,0.3559606980998069,0.4367110070306808,12.275149120017886,DID NOT CONVERGE
pca_50,poly,10,100,2,1000,0.3573188600130379,0.4231631769798696,8.622961478075013,DID NOT CONVERGE
pca_50,poly,10,100,3,1000,0.356270601041615,0.4397713840007782,10.423701056977734,DID NOT CONVERGE
pca_50,poly,10,100,4,1000,0.35608893004246056,0.4353933990933001,13.96456122584641,DID NOT CONVERGE
pca_50,poly,10,100,5,1000,0.3573676999658346,0.43731897906400263,15.623797023901716,DID NOT CONVERGE
pca_50,poly,10,1000,1,1000,0.3564354879781604,0.4387946061324328,13.493626815034077,DID NOT CONVERGE
pca_50,poly,10,1000,2,1000,0.3586175430100411,0.4075570940040052,8.088181601837277,DID NOT CONVERGE
pca_50,poly,10,1000,3,1000,0.3568545849993825,0.4157075919210911,11.156169006135315,DID NOT CONVERGE
pca_50,poly,10,1000,4,1000,0.35707433708012104,0.4130196631886065,14.056197833037004,DID NOT CONVERGE
pca_50,poly,10,1000,5,1000,0.3569413109216839,0.4110507690347731,15.452635593013838,DID NOT CONVERGE
pca_50,poly,100,0.001,1,1000,0.3570715438108891,0.40995743009261787,12.514795685885474,DID NOT CONVERGE
pca_50,poly,100,0.001,2,1000,0.3571990211494267,0.41102507896721363,9.907841447973624,DID NOT CONVERGE
pca_50,poly,100,0.001,3,1000,0.35587979783304036,0.41115494817495346,14.370071114972234,DID NOT CONVERGE
pca_50,poly,100,0.001,4,1000,0.35693239606916904,0.41103195399045944,33.37551576807164,DID NOT CONVERGE
pca_50,poly,100,0.001,5,1000,0.3563360448461026,0.3962096890900284,47.61060488410294,DID NOT CONVERGE
pca_50,poly,100,0.01,1,1000,0.35628214781172574,0.3958368001040071,14.6083262860775,DID NOT CONVERGE
pca_50,poly,100,0.01,2,1000,0.3565410610754043,0.41187827102839947,8.640355826122686,DID NOT CONVERGE
pca_50,poly,100,0.01,3,1000,0.3576075481250882,0.4152642101980746,10.86697903717868,DID NOT CONVERGE
pca_50,poly,100,0.01,4,1000,0.3594068509992212,0.4114321230445057,14.15462036198005,DID NOT CONVERGE
pca_50,poly,100,0.01,5,1000,0.35588477086275816,0.41124332090839744,15.919689869042486,DID NOT CONVERGE
pca_50,poly,100,0.1,1,1000,0.35642129997722805,0.41147097107023,12.383013765094802,DID NOT CONVERGE
pca_50,poly,100,0.1,2,1000,0.3618090250529349,0.4389595170505345,10.21664365194738,DID NOT CONVERGE
pca_50,poly,100,0.1,3,1000,0.3618407021276653,0.4416008440311998,11.977840207982808,DID NOT CONVERGE
pca_50,poly,100,0.1,4,1000,0.36204372183419764,0.43833965389057994,15.252826106967404,DID NOT CONVERGE
pca_50,poly,100,0.1,5,1000,0.36235886812210083,0.4397911769337952,16.47293334803544,DID NOT CONVERGE
pca_50,poly,100,1,1,1000,0.36132670077495277,0.4380482498090714,13.628105133073404,DID NOT CONVERGE
pca_50,poly,100,1,2,1000,0.36244806880131364,0.4388004168868065,8.939401437994093,DID NOT CONVERGE
pca_50,poly,100,1,3,1000,0.3623250569216907,0.44453236903063953,11.980369029100984,DID NOT CONVERGE
pca_50,poly,100,1,4,1000,0.36292021512053907,0.43938451213762164,15.179867577040568,DID NOT CONVERGE
pca_50,poly,100,1,5,1000,0.362047805916518,0.43756841705180705,16.607619335176423,DID NOT CONVERGE
pca_50,poly,100,10,1,1000,0.3638721299357712,0.4407162549905479,13.164480783976614,DID NOT CONVERGE
pca_50,poly,100,10,2,1000,0.3623452850151807,0.4386788629926741,9.122665104921907,DID NOT CONVERGE
pca_50,poly,100,10,3,1000,0.3631846411153674,0.44185861200094223,11.787658873014152,DID NOT CONVERGE
pca_50,poly,100,10,4,1000,0.3621968999505043,0.4385597570799291,15.635917615145445,DID NOT CONVERGE
pca_50,poly,100,10,5,1000,0.3623652961105108,0.4377128358464688,17.81684978911653,DID NOT CONVERGE
pca_50,poly,100,100,1,1000,0.36205363692715764,0.439862237079069,13.622680750209838,DID NOT CONVERGE
pca_50,poly,100,100,2,1000,0.3631854709237814,0.4393498650752008,9.514312760904431,DID NOT CONVERGE
pca_50,poly,100,100,3,1000,0.36241123802028596,0.4582162389997393,11.691015447024256,DID NOT CONVERGE
pca_50,poly,100,100,4,1000,0.36393701611086726,0.4410569570027292,15.7228075300809,DID NOT CONVERGE
pca_50,poly,100,100,5,1000,0.36269125808030367,0.43916035303846,16.669593314873055,DID NOT CONVERGE
pca_50,poly,100,1000,1,1000,0.36409282498061657,0.43812279612757266,13.260976321063936,DID NOT CONVERGE
pca_50,poly,100,1000,2,1000,0.36255432991310954,0.42042021290399134,8.678734119981527,DID NOT CONVERGE
pca_50,poly,100,1000,3,1000,0.3623342360369861,0.44138900213874876,11.394879101077095,DID NOT CONVERGE
pca_50,poly,100,1000,4,1000,0.3621952070388943,0.43958727293647826,15.072292405879125,DID NOT CONVERGE
pca_50,poly,100,1000,5,1000,0.3625010889954865,0.4401075958739966,17.36544000520371,DID NOT CONVERGE
pca_50,poly,1000,0.001,1,1000,0.364493461092934,0.43894367991015315,12.52572747389786,DID NOT CONVERGE
pca_50,poly,1000,0.001,2,1000,0.3643111549317837,0.44495531916618347,8.449445815058425,DID NOT CONVERGE
pca_50,poly,1000,0.001,3,1000,0.3590590220410377,0.4406743780709803,11.532766527030617,DID NOT CONVERGE
pca_50,poly,1000,0.001,4,1000,0.359162064967677,0.43798709684051573,17.22876603808254,DID NOT CONVERGE
pca_50,poly,1000,0.001,5,1000,0.35978357191197574,0.43859425000846386,26.68146872194484,DID NOT CONVERGE
pca_50,poly,1000,0.01,1,1000,0.3599054750520736,0.4205567219760269,11.520088942954317,DID NOT CONVERGE
pca_50,poly,1000,0.01,2,1000,0.3599066010210663,0.42119708587415516,8.613064691890031,DID NOT CONVERGE
pca_50,poly,1000,0.01,3,1000,0.35850850120186806,0.4390470408834517,11.093244938878343,DID NOT CONVERGE
pca_50,poly,1000,0.01,4,1000,0.3711465848609805,0.44772744993679225,14.01683210209012,DID NOT CONVERGE
pca_50,poly,1000,0.01,5,1000,0.3604482999071479,0.43763067782856524,15.665592688834295,DID NOT CONVERGE
pca_50,poly,1000,0.1,1,1000,0.3597634290345013,0.43652135389856994,13.531721563078463,DID NOT CONVERGE
pca_50,poly,1000,0.1,2,1000,0.35956819099374115,0.42254383210092783,8.277224073885009,DID NOT CONVERGE
pca_50,poly,1000,0.1,3,1000,0.360009249066934,0.4412172711454332,11.193742698058486,DID NOT CONVERGE
pca_50,poly,1000,0.1,4,1000,0.3593532389495522,0.43696814496070147,14.740151687990874,DID NOT CONVERGE
pca_50,poly,1000,0.1,5,1000,0.35822167806327343,0.4360717840027064,16.735669228015468,DID NOT CONVERGE
pca_50,poly,1000,1,1,1000,0.36129294615238905,0.4387950140517205,12.68748724507168,DID NOT CONVERGE
pca_50,poly,1000,1,2,1000,0.3594122158829123,0.4225347018800676,9.632213928969577,DID NOT CONVERGE
pca_50,poly,1000,1,3,1000,0.3599467799067497,0.4413840409833938,12.693970921915025,DID NOT CONVERGE
pca_50,poly,1000,1,4,1000,0.3595901371445507,0.4372357639949769,14.722328497096896,DID NOT CONVERGE
pca_50,poly,1000,1,5,1000,0.35971132200211287,0.4389766629319638,15.577602453064173,DID NOT CONVERGE
pca_50,poly,1000,10,1,1000,0.35980798001401126,0.4380236160941422,12.217322011943907,DID NOT CONVERGE
pca_50,poly,1000,10,2,1000,0.3595486399717629,0.422330911969766,8.268682755995542,DID NOT CONVERGE
pca_50,poly,1000,10,3,1000,0.35959615209139884,0.44094884605146945,10.851672374876216,DID NOT CONVERGE
pca_50,poly,1000,10,4,1000,0.35956973512656987,0.4374959538690746,14.832440733909607,DID NOT CONVERGE
pca_50,poly,1000,10,5,1000,0.3598792478442192,0.43744322494603693,15.297855575103313,DID NOT CONVERGE
pca_50,poly,1000,100,1,1000,0.3591055499855429,0.43711965600959957,12.737928760005161,DID NOT CONVERGE
pca_50,poly,1000,100,2,1000,0.35962352505885065,0.4356143579352647,9.017855706857517,DID NOT CONVERGE
pca_50,poly,1000,100,3,1000,0.36188173294067383,0.4427667160052806,11.15398296713829,DID NOT CONVERGE
pca_50,poly,1000,100,4,1000,0.3612680269870907,0.4365118418354541,13.887225836981088,DID NOT CONVERGE
pca_50,poly,1000,100,5,1000,0.36019847891293466,0.4377470731269568,15.662169772898778,DID NOT CONVERGE
pca_50,poly,1000,1000,1,1000,0.3611314978916198,0.43659070087596774,12.628328057006001,DID NOT CONVERGE
pca_50,poly,1000,1000,2,1000,0.3604956509079784,0.4391551569569856,8.664502155967057,DID NOT CONVERGE
pca_50,poly,1000,1000,3,1000,0.35998553805984557,0.4405927970074117,10.656922622118145,DID NOT CONVERGE
pca_50,poly,1000,1000,4,1000,0.35966154909692705,0.43816892011091113,14.07251086179167,DID NOT CONVERGE
pca_50,poly,1000,1000,5,1000,0.3597014609258622,0.45949520403519273,16.47309587406926,DID NOT CONVERGE
pca_100,poly,0.001,0.001,1,1000,0.41577834193594754,0.5152914938516915,94.13231658888981,DID NOT CONVERGE
pca_100,poly,0.001,0.001,2,1000,0.35961565491743386,0.5089536649174988,94.47141668293625,DID NOT CONVERGE
pca_100,poly,0.001,0.001,3,1000,0.35967887402512133,0.5061381361447275,96.14889703085646,DID NOT CONVERGE
pca_100,poly,0.001,0.001,4,1000,0.36021147505380213,0.5109136858955026,95.20772083592601,DID NOT CONVERGE
pca_100,poly,0.001,0.001,5,1000,0.35925822402350605,0.50723253400065,95.80675286892802,DID NOT CONVERGE
pca_100,poly,0.001,0.01,1,1000,0.35838765813969076,0.5069852110464126,93.62015534308739,DID NOT CONVERGE
pca_100,poly,0.001,0.01,2,1000,0.39618434896692634,0.5055713541805744,94.95455796504393,DID NOT CONVERGE
pca_100,poly,0.001,0.01,3,1000,0.3605436091311276,0.5066997981630266,94.27380806393921,DID NOT CONVERGE
pca_100,poly,0.001,0.01,4,1000,0.35953116696327925,0.5073506960179657,96.89926358894445,DID NOT CONVERGE
pca_100,poly,0.001,0.01,5,1000,0.3591621059458703,0.5067757668439299,90.58639277797192,DID NOT CONVERGE
pca_100,poly,0.001,0.1,1,1000,0.35982516105286777,0.5053427359089255,78.91583779687062,DID NOT CONVERGE
pca_100,poly,0.001,0.1,2,1000,0.38375316793099046,0.5045633539557457,33.00446121999994,DID NOT CONVERGE
pca_100,poly,0.001,0.1,3,1000,0.3587699069175869,0.5176925868727267,29.230170249938965,DID NOT CONVERGE
pca_100,poly,0.001,0.1,4,1000,0.3572708750143647,0.5084563698619604,39.82439435413107,DID NOT CONVERGE
pca_100,poly,0.001,0.1,5,1000,0.3603924820199609,0.5223562240134925,43.648645222885534,DID NOT CONVERGE
pca_100,poly,0.001,1,1,1000,0.39707327797077596,0.522901973919943,39.956761153182015,DID NOT CONVERGE
pca_100,poly,0.001,1,2,1000,0.3594319981057197,0.5190110160037875,20.991335343103856,DID NOT CONVERGE
pca_100,poly,0.001,1,3,1000,0.35952790500596166,0.5060573569498956,28.714099797885865,DID NOT CONVERGE
pca_100,poly,0.001,1,4,1000,0.3565245158970356,0.5102539518848062,39.96725449897349,DID NOT CONVERGE
pca_100,poly,0.001,1,5,1000,0.3580140951089561,0.5208735158666968,44.72387848608196,DID NOT CONVERGE
pca_100,poly,0.001,10,1,1000,0.3583118859678507,0.5197533247992396,26.722112010000274,DID NOT CONVERGE
pca_100,poly,0.001,10,2,1000,0.35796814202331007,0.5101404129527509,21.30598502489738,DID NOT CONVERGE
pca_100,poly,0.001,10,3,1000,0.35736939194612205,0.5068614138290286,29.105040862923488,DID NOT CONVERGE
pca_100,poly,0.001,10,4,1000,0.3590601091273129,0.5092522578779608,39.78108205203898,DID NOT CONVERGE
pca_100,poly,0.001,10,5,1000,0.35911921691149473,0.522504652151838,44.30910287401639,DID NOT CONVERGE
pca_100,poly,0.001,100,1,1000,0.35971146496012807,0.5227009779773653,26.037318757968023,DID NOT CONVERGE
pca_100,poly,0.001,100,2,1000,0.3576385409105569,0.4838594510219991,21.83701592218131,DID NOT CONVERGE
pca_100,poly,0.001,100,3,1000,0.35972923994995654,0.5488780299201608,28.74634976289235,DID NOT CONVERGE
pca_100,poly,0.001,100,4,1000,0.357914482941851,0.5187045510392636,39.701118224998936,DID NOT CONVERGE
pca_100,poly,0.001,100,5,1000,0.36604632204398513,0.5238232610281557,43.63708522496745,DID NOT CONVERGE
pca_100,poly,0.001,1000,1,1000,0.36038182699121535,0.5231116509530693,29.222798235015944,DID NOT CONVERGE
pca_100,poly,0.001,1000,2,1000,0.35709005407989025,0.47590894903987646,21.69021849310957,DID NOT CONVERGE
pca_100,poly,0.001,1000,3,1000,0.3610131631139666,0.5179960189852864,29.799484609859064,DID NOT CONVERGE
pca_100,poly,0.001,1000,4,1000,0.35700459592044353,0.5072049521841109,39.68746240390465,DID NOT CONVERGE
pca_100,poly,0.001,1000,5,1000,0.3596726681571454,0.5217052961234003,44.04097643215209,DID NOT CONVERGE
pca_100,poly,0.01,0.001,1,1000,0.3597820720169693,0.5212566510308534,93.58168978709728,DID NOT CONVERGE
pca_100,poly,0.01,0.001,2,1000,0.39795741508714855,0.5083700190298259,98.98216932197101,DID NOT CONVERGE
pca_100,poly,0.01,0.001,3,1000,0.39901487715542316,0.5103523258585483,94.52909848000854,DID NOT CONVERGE
pca_100,poly,0.01,0.001,4,1000,0.3652395929675549,0.5139174780342728,97.78196289786138,DID NOT CONVERGE
pca_100,poly,0.01,0.001,5,1000,0.35943581094034016,0.5070392801426351,97.79833431611769,DID NOT CONVERGE
pca_100,poly,0.01,0.01,1,1000,0.35948350303806365,0.5089490590617061,75.98550315992907,DID NOT CONVERGE
pca_100,poly,0.01,0.01,2,1000,0.3882402360904962,0.5083731620106846,74.84728732309304,DID NOT CONVERGE
pca_100,poly,0.01,0.01,3,1000,0.35950909182429314,0.5150678600184619,61.94693890004419,DID NOT CONVERGE
pca_100,poly,0.01,0.01,4,1000,0.3586242611054331,0.5043868420179933,64.201432823902,DID NOT CONVERGE
pca_100,poly,0.01,0.01,5,1000,0.3602606561034918,0.5088133800309151,61.298533364897594,DID NOT CONVERGE
pca_100,poly,0.01,0.1,1,1000,0.35861747595481575,0.5046795329544693,41.61026998399757,DID NOT CONVERGE
pca_100,poly,0.01,0.1,2,1000,0.3586103939451277,0.5190079140011221,22.29904747987166,DID NOT CONVERGE
pca_100,poly,0.01,0.1,3,1000,0.3575175360310823,0.5072024050168693,28.88804430793971,DID NOT CONVERGE
pca_100,poly,0.01,0.1,4,1000,0.3602109318599105,0.5070855040103197,39.65179309784435,DID NOT CONVERGE
pca_100,poly,0.01,0.1,5,1000,0.3577387488912791,0.521709572058171,43.682991253910586,DID NOT CONVERGE
pca_100,poly,0.01,1,1,1000,0.3599903699941933,0.5217282550875098,26.62689125095494,DID NOT CONVERGE
pca_100,poly,0.01,1,2,1000,0.35772311594337225,0.5074957681354135,20.833693586988375,DID NOT CONVERGE
pca_100,poly,0.01,1,3,1000,0.35784430685453117,0.5070935811381787,28.69178473786451,DID NOT CONVERGE
pca_100,poly,0.01,1,4,1000,0.35758310789242387,0.5071513680741191,39.669304521987215,DID NOT CONVERGE
pca_100,poly,0.01,1,5,1000,0.359711678000167,0.5218258628156036,43.74066429701634,DID NOT CONVERGE
pca_100,poly,0.01,10,1,1000,0.3607989880256355,0.5208190679550171,26.198605597019196,DID NOT CONVERGE
pca_100,poly,0.01,10,2,1000,0.35762916691601276,0.477444615913555,21.810407087905332,DID NOT CONVERGE
pca_100,poly,0.01,10,3,1000,0.3596059470437467,0.5158387010451406,29.017413879046217,DID NOT CONVERGE
pca_100,poly,0.01,10,4,1000,0.35729286819696426,0.5084418430924416,39.71339180902578,DID NOT CONVERGE
pca_100,poly,0.01,10,5,1000,0.36016434780322015,0.5213917170185596,43.689358790870756,DID NOT CONVERGE
pca_100,poly,0.01,100,1,1000,0.35874177096411586,0.5195834529586136,29.709771445021033,DID NOT CONVERGE
pca_100,poly,0.01,100,2,1000,0.3582137771882117,0.4757823050022125,21.6716572039295,DID NOT CONVERGE
pca_100,poly,0.01,100,3,1000,0.3597461150493473,0.5181267790030688,29.88149087689817,DID NOT CONVERGE
pca_100,poly,0.01,100,4,1000,0.3580971409101039,0.506994143826887,39.790722680976614,DID NOT CONVERGE
pca_100,poly,0.01,100,5,1000,0.36068078805692494,0.5215713758952916,46.02649628394283,DID NOT CONVERGE
pca_100,poly,0.01,1000,1,1000,0.36071347119286656,0.5191915140021592,29.39134044898674,DID NOT CONVERGE
pca_100,poly,0.01,1000,2,1000,0.3572684929240495,0.4759913419838995,21.646273569902405,DID NOT CONVERGE
pca_100,poly,0.01,1000,3,1000,0.35881410306319594,0.520296392031014,28.812920617870986,DID NOT CONVERGE
pca_100,poly,0.01,1000,4,1000,0.3571771930437535,0.5094045309815556,39.8356540040113,DID NOT CONVERGE
pca_100,poly,0.01,1000,5,1000,0.35979674593545496,0.52030547009781,43.01306048594415,DID NOT CONVERGE
pca_100,poly,0.1,0.001,1,1000,0.35921148187480867,0.5232490519993007,75.87502532405779,DID NOT CONVERGE
pca_100,poly,0.1,0.001,2,1000,0.3977252438198775,0.5100248120725155,96.58317535184324,DID NOT CONVERGE
pca_100,poly,0.1,0.001,3,1000,0.3955841311253607,0.5083913679700345,94.74807788501494,DID NOT CONVERGE
pca_100,poly,0.1,0.001,4,1000,0.3576568881981075,0.5095487260259688,97.26465613697655,DID NOT CONVERGE
pca_100,poly,0.1,0.001,5,1000,0.35918473498895764,0.5088854618370533,94.9424776211381,DID NOT CONVERGE
pca_100,poly,0.1,0.01,1,1000,0.3594580399803817,0.5118745428044349,42.64466033689678,DID NOT CONVERGE
pca_100,poly,0.1,0.01,2,1000,0.35907564917579293,0.5319066070951521,33.73661034181714,DID NOT CONVERGE
pca_100,poly,0.1,0.01,3,1000,0.35924767702817917,0.5181652929168195,35.77427027001977,DID NOT CONVERGE
pca_100,poly,0.1,0.01,4,1000,0.36010324698872864,0.5232494422234595,42.762281592004,DID NOT CONVERGE
pca_100,poly,0.1,0.01,5,1000,0.36027769395150244,0.5275717820040882,45.425869510974735,DID NOT CONVERGE
pca_100,poly,0.1,0.1,1,1000,0.359665916999802,0.5192529580090195,27.261003942927346,DID NOT CONVERGE
pca_100,poly,0.1,0.1,2,1000,0.3569244770333171,0.5082573920954019,20.9700036321301,DID NOT CONVERGE
pca_100,poly,0.1,0.1,3,1000,0.3573751449584961,0.5095572399441153,28.73710838612169,DID NOT CONVERGE
pca_100,poly,0.1,0.1,4,1000,0.35716534801758826,0.5082587120123208,39.68214181391522,DID NOT CONVERGE
pca_100,poly,0.1,0.1,5,1000,0.36095154914073646,0.523155271075666,43.63108510593884,DID NOT CONVERGE
pca_100,poly,0.1,1,1,1000,0.35908825416117907,0.5313109999988228,26.229568201117218,DID NOT CONVERGE
pca_100,poly,0.1,1,2,1000,0.3568853158503771,0.45032470393925905,21.85079605295323,DID NOT CONVERGE
pca_100,poly,0.1,1,3,1000,0.35838481201790273,0.49713859311304986,28.776228521950543,DID NOT CONVERGE
pca_100,poly,0.1,1,4,1000,0.3581637789029628,0.4857774069532752,40.25579928513616,DID NOT CONVERGE
pca_100,poly,0.1,1,5,1000,0.35921495012007654,0.5231724521145225,43.64377151615918,DID NOT CONVERGE
pca_100,poly,0.1,10,1,1000,0.3594203011598438,0.5235646299552172,29.036433428991586,DID NOT CONVERGE
pca_100,poly,0.1,10,2,1000,0.356185263954103,0.4772716178558767,21.59476384310983,DID NOT CONVERGE
pca_100,poly,0.1,10,3,1000,0.358695596922189,0.5172312499489635,28.81465835706331,DID NOT CONVERGE
pca_100,poly,0.1,10,4,1000,0.35683301487006247,0.50535624101758,41.84323538583703,DID NOT CONVERGE
pca_100,poly,0.1,10,5,1000,0.35984184104017913,0.5224660569801927,43.61843227013014,DID NOT CONVERGE
pca_100,poly,0.1,100,1,1000,0.3590665280353278,0.5292207268066704,29.509077830938622,DID NOT CONVERGE
pca_100,poly,0.1,100,2,1000,0.3566062771715224,0.4764745030552149,21.659185837954283,DID NOT CONVERGE
pca_100,poly,0.1,100,3,1000,0.35936209303326905,0.5197745698969811,29.808754849014804,DID NOT CONVERGE
pca_100,poly,0.1,100,4,1000,0.358393969014287,0.5098834428936243,39.661717982031405,DID NOT CONVERGE
pca_100,poly,0.1,100,5,1000,0.3585755340754986,0.5188558760564774,45.921284812968224,DID NOT CONVERGE
pca_100,poly,0.1,1000,1,1000,0.3600067999213934,0.5194566119462252,29.125620323000476,DID NOT CONVERGE
pca_100,poly,0.1,1000,2,1000,0.3566468630451709,0.48065365198999643,21.66373879299499,DID NOT CONVERGE
pca_100,poly,0.1,1000,3,1000,0.35876335692591965,0.5192241340409964,28.80311285890639,DID NOT CONVERGE
pca_100,poly,0.1,1000,4,1000,0.3579056430608034,0.5061534740962088,40.66137048788369,DID NOT CONVERGE
pca_100,poly,0.1,1000,5,1000,0.35933354403823614,0.5210409481078386,43.38243181305006,DID NOT CONVERGE
pca_100,poly,1,0.001,1,1000,0.3577925148420036,0.5210428440477699,40.0075128308963,DID NOT CONVERGE
pca_100,poly,1,0.001,2,1000,0.3574729359243065,0.5213643468450755,72.20912217022851,DID NOT CONVERGE
pca_100,poly,1,0.001,3,1000,0.3591466450598091,0.5085291608702391,95.58904854021966,DID NOT CONVERGE
pca_100,poly,1,0.001,4,1000,0.36074438504874706,0.508397402940318,94.93925546295941,DID NOT CONVERGE
pca_100,poly,1,0.001,5,1000,0.36002749809995294,0.5061119659803808,94.75962018314749,DID NOT CONVERGE
pca_100,poly,1,0.01,1,1000,0.36015824298374355,0.5072116849478334,26.652532676933333,DID NOT CONVERGE
pca_100,poly,1,0.01,2,1000,0.3573567168787122,0.5073497039265931,22.21693872800097,DID NOT CONVERGE
pca_100,poly,1,0.01,3,1000,0.35750834411010146,0.5105771869421005,29.19249413907528,DID NOT CONVERGE
pca_100,poly,1,0.01,4,1000,0.3600475040730089,0.5073722891975194,39.76150692021474,DID NOT CONVERGE
pca_100,poly,1,0.01,5,1000,0.3597402460873127,0.5231178759131581,43.83266877103597,DID NOT CONVERGE
pca_100,poly,1,0.1,1,1000,0.3593877649400383,0.5205741650424898,26.015019233105704,DID NOT CONVERGE
pca_100,poly,1,0.1,2,1000,0.35721827601082623,0.4773137450683862,21.76898370194249,DID NOT CONVERGE
pca_100,poly,1,0.1,3,1000,0.3572776960209012,0.5164529159665108,28.741623993963003,DID NOT CONVERGE
pca_100,poly,1,0.1,4,1000,0.38608615519478917,0.5053889830596745,40.2919387568254,DID NOT CONVERGE
pca_100,poly,1,0.1,5,1000,0.3586601100396365,0.5201533371582627,43.65176056092605,DID NOT CONVERGE
pca_100,poly,1,1,1,1000,0.3591704850550741,0.5204906410071999,29.268781464081258,DID NOT CONVERGE
pca_100,poly,1,1,2,1000,0.35607292084023356,0.47661761194467545,21.724501746008173,DID NOT CONVERGE
pca_100,poly,1,1,3,1000,0.35979424114339054,0.5205011449288577,28.75347754312679,DID NOT CONVERGE
pca_100,poly,1,1,4,1000,0.3574085000436753,0.5127776188310236,39.94842173298821,DID NOT CONVERGE
pca_100,poly,1,1,5,1000,0.36012413701973855,0.5173875780310482,44.8099840071518,DID NOT CONVERGE
pca_100,poly,1,10,1,1000,0.35875760787166655,0.5202798750251532,29.34811992291361,DID NOT CONVERGE
pca_100,poly,1,10,2,1000,0.3573004740756005,0.47556544397957623,21.657069289125502,DID NOT CONVERGE
pca_100,poly,1,10,3,1000,0.3576935618184507,0.5170573550276458,29.43128947285004,DID NOT CONVERGE
pca_100,poly,1,10,4,1000,0.35685287695378065,0.5076183329802006,39.69384547509253,DID NOT CONVERGE
pca_100,poly,1,10,5,1000,0.35893651004880667,0.5199094540439546,45.875841937959194,DID NOT CONVERGE
pca_100,poly,1,100,1,1000,0.3574170279316604,0.5207461640238762,29.142792364116758,DID NOT CONVERGE
pca_100,poly,1,100,2,1000,0.358010136988014,0.4784015610348433,21.562193440971896,DID NOT CONVERGE
pca_100,poly,1,100,3,1000,0.3596313479356468,0.5199960309546441,28.888459793990478,DID NOT CONVERGE
pca_100,poly,1,100,4,1000,0.3568329871632159,0.5094875749200583,39.69192747911438,DID NOT CONVERGE
pca_100,poly,1,100,5,1000,0.35892519005574286,0.519809982040897,44.89480502018705,DID NOT CONVERGE
pca_100,poly,1,1000,1,1000,0.35884619201533496,0.523730528075248,29.12067403504625,DID NOT CONVERGE
pca_100,poly,1,1000,2,1000,0.35718822898343205,0.4786626910790801,21.6172889189329,DID NOT CONVERGE
pca_100,poly,1,1000,3,1000,0.3591245978605002,0.5238468258175999,28.842622971860692,DID NOT CONVERGE
pca_100,poly,1,1000,4,1000,0.35762518201954663,0.5088706980459392,39.72763411514461,DID NOT CONVERGE
pca_100,poly,1,1000,5,1000,0.35934425983577967,0.5209452218841761,43.0745748730842,DID NOT CONVERGE
pca_100,poly,10,0.001,1,1000,0.36023670085705817,0.5203203530982137,26.62346489704214,DID NOT CONVERGE
pca_100,poly,10,0.001,2,1000,0.3571822689846158,0.5082204970531166,32.803982973098755,DID NOT CONVERGE
pca_100,poly,10,0.001,3,1000,0.3596606068313122,0.5207728610839695,62.07936938502826,DID NOT CONVERGE
pca_100,poly,10,0.001,4,1000,0.3594904891215265,0.5087110109161586,93.43242324981838,DID NOT CONVERGE
pca_100,poly,10,0.001,5,1000,0.35852283402346075,0.5077301110140979,94.50574222905561,DID NOT CONVERGE
pca_100,poly,10,0.01,1,1000,0.3594350600615144,0.5133680880535394,26.08092791796662,DID NOT CONVERGE
pca_100,poly,10,0.01,2,1000,0.35656257113441825,0.47599864890798926,21.932013356825337,DID NOT CONVERGE
pca_100,poly,10,0.01,3,1000,0.3601545279379934,0.5205549229867756,28.85799785889685,DID NOT CONVERGE
pca_100,poly,10,0.01,4,1000,0.36100709391757846,0.5092515910509974,39.74236263311468,DID NOT CONVERGE
pca_100,poly,10,0.01,5,1000,0.3588999849744141,0.5218209470622241,44.66408810415305,DID NOT CONVERGE
pca_100,poly,10,0.1,1,1000,0.3589252869132906,0.5181255820207298,29.038154794834554,DID NOT CONVERGE
pca_100,poly,10,0.1,2,1000,0.3578607151284814,0.4779460830613971,21.66651061596349,DID NOT CONVERGE
pca_100,poly,10,0.1,3,1000,0.3599239841569215,0.5193428620696068,28.73326361994259,DID NOT CONVERGE
pca_100,poly,10,0.1,4,1000,0.35836414783261716,0.5078361770138144,39.76670448691584,DID NOT CONVERGE
pca_100,poly,10,0.1,5,1000,0.3587298069614917,0.5205677091144025,44.05994724598713,DID NOT CONVERGE
pca_100,poly,10,1,1,1000,0.3602128329221159,0.5225987390149385,29.274536206154153,DID NOT CONVERGE
pca_100,poly,10,1,2,1000,0.36145588592626154,0.47708962485194206,21.61868274700828,DID NOT CONVERGE
pca_100,poly,10,1,3,1000,0.3585802619345486,0.5197987689170986,28.737417713040486,DID NOT CONVERGE
pca_100,poly,10,1,4,1000,0.3571226999629289,0.5062184110283852,40.89436874212697,DID NOT CONVERGE
pca_100,poly,10,1,5,1000,0.3599117898847908,0.5181092300917953,43.793385485885665,DID NOT CONVERGE
pca_100,poly,10,10,1,1000,0.3609490068629384,0.519570125034079,29.865242688916624,DID NOT CONVERGE
pca_100,poly,10,10,2,1000,0.35709118796512485,0.476309065008536,21.75284043303691,DID NOT CONVERGE
pca_100,poly,10,10,3,1000,0.3597605631221086,0.5190093370620161,28.74119204794988,DID NOT CONVERGE
pca_100,poly,10,10,4,1000,0.35702010500244796,0.507435497129336,41.13340303185396,DID NOT CONVERGE
pca_100,poly,10,10,5,1000,0.35932931397110224,0.5238588340580463,43.668144123163074,DID NOT CONVERGE
pca_100,poly,10,100,1,1000,0.3606184080708772,0.5222365129739046,30.18357513914816,DID NOT CONVERGE
pca_100,poly,10,100,2,1000,0.35781314596533775,0.4771659120451659,22.019701414974406,DID NOT CONVERGE
pca_100,poly,10,100,3,1000,0.361246548127383,0.5165093680843711,29.838985591195524,DID NOT CONVERGE
pca_100,poly,10,100,4,1000,0.35844983207061887,0.5098771168850362,41.16479152906686,DID NOT CONVERGE
pca_100,poly,10,100,5,1000,0.36239611078053713,0.5218128459528089,43.65896786679514,DID NOT CONVERGE
pca_100,poly,10,1000,1,1000,0.36183041287586093,0.5244201580062509,29.158374941907823,DID NOT CONVERGE
pca_100,poly,10,1000,2,1000,0.3588033861014992,0.47702298196963966,21.71174517995678,DID NOT CONVERGE
pca_100,poly,10,1000,3,1000,0.3592031570151448,0.5182960748206824,28.943408768158406,DID NOT CONVERGE
pca_100,poly,10,1000,4,1000,0.3623298150487244,0.508781875949353,39.7849441759754,DID NOT CONVERGE
pca_100,poly,10,1000,5,1000,0.37722132401540875,0.5234896840993315,43.156733145937324,DID NOT CONVERGE
pca_100,poly,100,0.001,1,1000,0.3707540980540216,0.5205979419406503,26.040032582823187,DID NOT CONVERGE
pca_100,poly,100,0.001,2,1000,0.3633695419412106,0.4765562820248306,23.317140016006306,DID NOT CONVERGE
pca_100,poly,100,0.001,3,1000,0.3587164431810379,0.5204205608461052,34.12508066999726,DID NOT CONVERGE
pca_100,poly,100,0.001,4,1000,0.3568286800291389,0.4984129420481622,64.21079553104937,DID NOT CONVERGE
pca_100,poly,100,0.001,5,1000,0.36022239294834435,0.5065735359676182,90.39514777506702,DID NOT CONVERGE
pca_100,poly,100,0.01,1,1000,0.35819696285761893,0.5064517338760197,29.003006838960573,DID NOT CONVERGE
pca_100,poly,100,0.01,2,1000,0.3565621271263808,0.47683483408764005,21.540252491133288,DID NOT CONVERGE
pca_100,poly,100,0.01,3,1000,0.36728932498954237,0.5174669129773974,28.770415472099558,DID NOT CONVERGE
pca_100,poly,100,0.01,4,1000,0.3559638869483024,0.5066381201613694,39.921035691164434,DID NOT CONVERGE
pca_100,poly,100,0.01,5,1000,0.36723067215643823,0.5068651188630611,43.994477367028594,DID NOT CONVERGE
pca_100,poly,100,0.1,1,1000,0.3612899270374328,0.5036338069476187,30.43727162689902,DID NOT CONVERGE
pca_100,poly,100,0.1,2,1000,0.3589662779122591,0.45312703400850296,21.77618157910183,DID NOT CONVERGE
pca_100,poly,100,0.1,3,1000,0.36033881502225995,0.5008688629604876,28.97575925802812,DID NOT CONVERGE
pca_100,poly,100,0.1,4,1000,0.35915252403356135,0.49190767388790846,39.995065150083974,DID NOT CONVERGE
pca_100,poly,100,0.1,5,1000,0.3598628961481154,0.5051231719553471,43.977961036842316,DID NOT CONVERGE
pca_100,poly,100,1,1,1000,0.36339719593524933,0.5137128131464124,29.59655970078893,DID NOT CONVERGE
pca_100,poly,100,1,2,1000,0.35789290396496654,0.5128354821354151,21.783587188925594,DID NOT CONVERGE
pca_100,poly,100,1,3,1000,0.3715383370872587,0.5030237601604313,29.19109182106331,DID NOT CONVERGE
pca_100,poly,100,1,4,1000,0.3576219640672207,0.4921441830229014,40.04924237821251,DID NOT CONVERGE
pca_100,poly,100,1,5,1000,0.36036136792972684,0.5051629801746458,44.632653980050236,DID NOT CONVERGE
pca_100,poly,100,10,1,1000,0.3592666299082339,0.504678153898567,29.597906629089266,DID NOT CONVERGE
pca_100,poly,100,10,2,1000,0.35922445403411984,0.4525000141002238,21.775478607974946,DID NOT CONVERGE
pca_100,poly,100,10,3,1000,0.3597833828534931,0.5000901699531823,30.894161981064826,DID NOT CONVERGE
pca_100,poly,100,10,4,1000,0.35959418094716966,0.49418916390277445,40.07451767800376,DID NOT CONVERGE
pca_100,poly,100,10,5,1000,0.3627353289630264,0.5052983569912612,46.18233308987692,DID NOT CONVERGE
pca_100,poly,100,100,1,1000,0.3644563991110772,0.50572624290362,29.339981355005875,DID NOT CONVERGE
pca_100,poly,100,100,2,1000,0.35742057394236326,0.45706523512490094,21.855386742856354,DID NOT CONVERGE
pca_100,poly,100,100,3,1000,0.3590189360547811,0.5030329511500895,29.756555044092238,DID NOT CONVERGE
pca_100,poly,100,100,4,1000,0.35716893896460533,0.4919669160153717,40.04822321794927,DID NOT CONVERGE
pca_100,poly,100,100,5,1000,0.3591571319848299,0.5086527371313423,44.35715786693618,DID NOT CONVERGE
pca_100,poly,100,1000,1,1000,0.35951659898273647,0.523403886007145,29.3705344859045,DID NOT CONVERGE
pca_100,poly,100,1000,2,1000,0.3564376048743725,0.4495861360337585,21.7837788448669,DID NOT CONVERGE
pca_100,poly,100,1000,3,1000,0.3613196110818535,0.5000015289988369,29.012493734015152,DID NOT CONVERGE
pca_100,poly,100,1000,4,1000,0.3580139388795942,0.5640270591247827,40.194337939843535,DID NOT CONVERGE
pca_100,poly,100,1000,5,1000,0.3612193630542606,0.5213085010182112,43.38243730715476,DID NOT CONVERGE
pca_100,poly,1000,0.001,1,1000,0.36222534999251366,0.5188727988861501,31.60903377807699,DID NOT CONVERGE
pca_100,poly,1000,0.001,2,1000,0.3577442781534046,0.4731962860096246,21.982549180975184,DID NOT CONVERGE
pca_100,poly,1000,0.001,3,1000,0.35991988703608513,0.5186541869770736,30.234854409005493,DID NOT CONVERGE
pca_100,poly,1000,0.001,4,1000,0.3566812148783356,0.5066641808953136,42.96104929293506,DID NOT CONVERGE
pca_100,poly,1000,0.001,5,1000,0.3597035149578005,0.5178122019860893,61.53568599000573,DID NOT CONVERGE
pca_100,poly,1000,0.01,1,1000,0.36206820304505527,0.5087347622029483,29.354229365941137,DID NOT CONVERGE
pca_100,poly,1000,0.01,2,1000,0.35737974499352276,0.4742765489500016,21.75937268603593,DID NOT CONVERGE
pca_100,poly,1000,0.01,3,1000,0.35983424400910735,0.5178621830418706,28.986554980045184,DID NOT CONVERGE
pca_100,poly,1000,0.01,4,1000,0.7488983951043338,3.9487903949338943,78.92748343199492,DID NOT CONVERGE
pca_100,poly,1000,0.01,5,1000,0.8477213131263852,2.4599220759700984,84.9669285628479,DID NOT CONVERGE
pca_100,poly,1000,0.1,1,1000,0.37246942915953696,0.6858354329597205,37.76218800502829,DID NOT CONVERGE
pca_100,poly,1000,0.1,2,1000,1.031013969099149,6.743079932872206,36.06371566094458,DID NOT CONVERGE
pca_100,poly,1000,0.1,3,1000,0.9456781661137938,4.980677095009014,48.90785151277669,DID NOT CONVERGE
pca_100,poly,1000,0.1,4,1000,0.9445394650101662,4.74007670301944,67.1931672070641,DID NOT CONVERGE
pca_100,poly,1000,0.1,5,1000,0.8084497260861099,6.0571025069803,56.899616529932246,DID NOT CONVERGE
pca_100,poly,1000,1,1,1000,0.6147975050844252,4.611600478878245,58.968020306900144,DID NOT CONVERGE
pca_100,poly,1000,1,2,1000,0.8533930159173906,2.0116960569284856,44.784794595092535,DID NOT CONVERGE
pca_100,poly,1000,1,3,1000,0.522430662997067,3.748268498806283,54.074611329939216,DID NOT CONVERGE
pca_100,poly,1000,1,4,1000,0.5781324789859354,6.249253907939419,73.82792861596681,DID NOT CONVERGE
pca_100,poly,1000,1,5,1000,1.3438279661349952,4.313285305863246,85.0155739618931,DID NOT CONVERGE
pca_100,poly,1000,10,1,1000,1.2007598408963531,3.617828874848783,60.05113997193985,DID NOT CONVERGE
pca_100,poly,1000,10,2,1000,1.2638104900252074,2.6298782229423523,40.6034507160075,DID NOT CONVERGE
pca_100,poly,1000,10,3,1000,1.2874540279153734,3.8214460799936205,55.90902557200752,DID NOT CONVERGE
pca_100,poly,1000,10,4,1000,1.5685776500031352,4.173987730871886,72.66231521801092,DID NOT CONVERGE
pca_100,poly,1000,10,5,1000,0.9932113729882985,3.4908502427861094,87.82016971893609,DID NOT CONVERGE
pca_100,poly,1000,100,1,1000,1.7873262709472328,3.926348310895264,55.002777309855446,DID NOT CONVERGE
pca_100,poly,1000,100,2,1000,1.4166441450361162,2.2449143470730633,44.4227228469681,DID NOT CONVERGE
pca_100,poly,1000,100,3,1000,1.5298252978827804,3.150262359995395,57.67788281803951,DID NOT CONVERGE
pca_100,poly,1000,100,4,1000,1.3891459568403661,3.209484715014696,79.17749681998976,DID NOT CONVERGE
pca_100,poly,1000,100,5,1000,1.34133928315714,4.155911915004253,87.29337731096894,DID NOT CONVERGE
pca_100,poly,1000,1000,1,1000,1.2811728469096124,3.6331976358778775,30.98101666290313,DID NOT CONVERGE
pca_100,poly,1000,1000,2,1000,0.5131284550298005,0.461417187936604,21.73933338210918,DID NOT CONVERGE
pca_100,poly,1000,1000,3,1000,0.4214521280955523,0.5247134459204972,28.974950490053743,DID NOT CONVERGE
pca_100,poly,1000,1000,4,1000,0.3834447849076241,0.5140121849253774,39.697354290867224,DID NOT CONVERGE
pca_100,poly,1000,1000,5,1000,0.3766330969519913,0.5308442311361432,43.01665069302544,DID NOT CONVERGE
pca_200,poly,0.001,0.001,1,1000,0.3806411251425743,0.5877770429942757,134.9658502091188,DID NOT CONVERGE
pca_200,poly,0.001,0.001,2,1000,0.39939223509281874,0.5724791469983757,135.47191004804336,DID NOT CONVERGE
pca_200,poly,0.001,0.001,3,1000,0.396501847775653,0.5761289459187537,135.9510889770463,DID NOT CONVERGE
pca_200,poly,0.001,0.001,4,1000,0.39286933396942914,0.5820828988216817,136.23466613795608,DID NOT CONVERGE
pca_200,poly,0.001,0.001,5,1000,0.3944659070111811,0.5765205090865493,136.54407808114775,DID NOT CONVERGE
pca_200,poly,0.001,0.01,1,1000,0.36425652098841965,0.5741214021109045,134.82776215299964,DID NOT CONVERGE
pca_200,poly,0.001,0.01,2,1000,0.39439786900766194,0.5870620089117438,135.32335324282758,DID NOT CONVERGE
pca_200,poly,0.001,0.01,3,1000,0.3797779339365661,0.5504503501579165,134.91673841606826,DID NOT CONVERGE
pca_200,poly,0.001,0.01,4,1000,0.3900026420596987,0.5754090449772775,132.12106809113175,DID NOT CONVERGE
pca_200,poly,0.001,0.01,5,1000,0.3927237940952182,0.5776485248934478,124.89541382505558,DID NOT CONVERGE
pca_200,poly,0.001,0.1,1,1000,0.3949859158601612,0.5757190359290689,108.04370675398968,DID NOT CONVERGE
pca_200,poly,0.001,0.1,2,1000,0.3618216610047966,0.5769206827972084,48.01612881803885,DID NOT CONVERGE
pca_200,poly,0.001,0.1,3,1000,0.3577835231553763,0.588292180094868,52.24878655001521,DID NOT CONVERGE
pca_200,poly,0.001,0.1,4,1000,0.35521898488514125,0.5733766930643469,69.61557817808352,DID NOT CONVERGE
pca_200,poly,0.001,0.1,5,1000,0.35845608613453805,0.5876552469562739,74.75634101685137,DID NOT CONVERGE
pca_200,poly,0.001,1,1,1000,0.35751030081883073,0.5904161059297621,55.70778851816431,DID NOT CONVERGE
pca_200,poly,0.001,1,2,1000,0.3962142600212246,0.5891961602028459,35.50776834203862,DID NOT CONVERGE
pca_200,poly,0.001,1,3,1000,0.3554796550888568,0.5763957628514618,52.07314826105721,DID NOT CONVERGE
pca_200,poly,0.001,1,4,1000,0.3562789799179882,0.5756426060106605,69.55836474406533,DID NOT CONVERGE
pca_200,poly,0.001,1,5,1000,0.36185730807483196,0.5849461189936846,74.79610943701118,DID NOT CONVERGE
pca_200,poly,0.001,10,1,1000,0.3582922900095582,0.5848502870649099,35.96809719200246,DID NOT CONVERGE
pca_200,poly,0.001,10,2,1000,0.3585022280458361,0.5845457969699055,35.51084577711299,DID NOT CONVERGE
pca_200,poly,0.001,10,3,1000,0.3559130060020834,0.574303668923676,52.06240254105069,DID NOT CONVERGE
pca_200,poly,0.001,10,4,1000,0.35603264113888144,0.5748417559079826,69.51288887811825,DID NOT CONVERGE
pca_200,poly,0.001,10,5,1000,0.3578756900969893,0.5912004180718213,74.75122363306582,DID NOT CONVERGE
pca_200,poly,0.001,100,1,1000,0.3572439472191036,0.5823016411159188,36.58872712100856,DID NOT CONVERGE
pca_200,poly,0.001,100,2,1000,0.3955453368835151,0.5842093660030514,35.47173616103828,DID NOT CONVERGE
pca_200,poly,0.001,100,3,1000,0.3574972909409553,0.5718990589957684,52.017372536007315,DID NOT CONVERGE
pca_200,poly,0.001,100,4,1000,0.3555092641618103,0.570514352992177,69.52998192398809,DID NOT CONVERGE
pca_200,poly,0.001,100,5,1000,0.35987765807658434,0.5847159738186747,74.74842096911743,DID NOT CONVERGE
pca_200,poly,0.001,1000,1,1000,0.35728919506073,0.5872666051145643,39.39947308599949,DID NOT CONVERGE
pca_200,poly,0.001,1000,2,1000,0.39051159494556487,0.5847552660852671,35.43727915012278,DID NOT CONVERGE
pca_200,poly,0.001,1000,3,1000,0.35617932002060115,0.5702799109276384,52.07195543800481,DID NOT CONVERGE
pca_200,poly,0.001,1000,4,1000,0.3557228660210967,0.5712538668885827,69.57448937697336,DID NOT CONVERGE
pca_200,poly,0.001,1000,5,1000,0.3592519199009985,0.5855394040700048,74.28195952111855,DID NOT CONVERGE
pca_200,poly,0.01,0.001,1,1000,0.35851986496709287,0.5861692659091204,134.92840297194198,DID NOT CONVERGE
pca_200,poly,0.01,0.001,2,1000,0.37163725798018277,0.5677015830297023,135.49176115496084,DID NOT CONVERGE
pca_200,poly,0.01,0.001,3,1000,0.39527134387753904,0.5707197429146618,136.06917324196547,DID NOT CONVERGE
pca_200,poly,0.01,0.001,4,1000,0.3561914339661598,0.5702036919537932,136.5718654890079,DID NOT CONVERGE
pca_200,poly,0.01,0.001,5,1000,0.5447067320346832,0.5800068669486791,136.43113596504554,DID NOT CONVERGE
pca_200,poly,0.01,0.01,1,1000,0.4617813699878752,0.5749036439228803,108.0751361718867,DID NOT CONVERGE
pca_200,poly,0.01,0.01,2,1000,0.4260784729849547,0.604388666106388,100.5389579499606,DID NOT CONVERGE
pca_200,poly,0.01,0.01,3,1000,0.4143158800434321,0.5732296200003475,87.61775438394397,DID NOT CONVERGE
pca_200,poly,0.01,0.01,4,1000,0.3869892780203372,0.5664836089126766,90.50618562079035,DID NOT CONVERGE
pca_200,poly,0.01,0.01,5,1000,0.3853698209859431,0.5728977750986814,87.47880870802328,DID NOT CONVERGE
pca_200,poly,0.01,0.1,1,1000,0.43766350112855434,0.5462049969937652,55.64806989300996,DID NOT CONVERGE
pca_200,poly,0.01,0.1,2,1000,0.41092453501187265,0.5667355579789728,36.56182310101576,DID NOT CONVERGE
pca_200,poly,0.01,0.1,3,1000,0.36735873599536717,0.5501057310029864,52.07551126694307,DID NOT CONVERGE
pca_200,poly,0.01,0.1,4,1000,0.35740664904005826,0.5550546122249216,69.57408404699527,DID NOT CONVERGE
pca_200,poly,0.01,0.1,5,1000,0.3657076791860163,0.567897496977821,74.77030614996329,DID NOT CONVERGE
pca_200,poly,0.01,1,1,1000,0.3608185360208154,0.5671859527938068,35.96184345684014,DID NOT CONVERGE
pca_200,poly,0.01,1,2,1000,0.3570099538192153,0.5632090850267559,35.50615698983893,DID NOT CONVERGE
pca_200,poly,0.01,1,3,1000,0.35619114292785525,0.5510452629532665,52.12932554492727,DID NOT CONVERGE
pca_200,poly,0.01,1,4,1000,0.3660144389141351,0.554425765061751,69.60221913899295,DID NOT CONVERGE
pca_200,poly,0.01,1,5,1000,0.360146600054577,0.5681668038014323,74.8295500560198,DID NOT CONVERGE
pca_200,poly,0.01,10,1,1000,0.3582976970355958,0.6060941282194108,36.58442392782308,DID NOT CONVERGE
pca_200,poly,0.01,10,2,1000,0.36535342293791473,0.5676775651518255,35.47772136586718,DID NOT CONVERGE
pca_200,poly,0.01,10,3,1000,0.3561590670142323,0.5532260958570987,52.151097217109054,DID NOT CONVERGE
pca_200,poly,0.01,10,4,1000,0.355073801940307,0.556237752083689,69.5255214900244,DID NOT CONVERGE
pca_200,poly,0.01,10,5,1000,0.35786485206335783,0.5660470160655677,74.77662500902079,DID NOT CONVERGE
pca_200,poly,0.01,100,1,1000,0.3635767409577966,0.5709055520128459,39.29931384581141,DID NOT CONVERGE
pca_200,poly,0.01,100,2,1000,0.3859242491889745,0.5692425549495965,35.46497108414769,DID NOT CONVERGE
pca_200,poly,0.01,100,3,1000,0.35764589183963835,0.5603492809459567,52.39788927510381,DID NOT CONVERGE
pca_200,poly,0.01,100,4,1000,0.3576878011226654,0.5557545451447368,69.97272173315287,DID NOT CONVERGE
pca_200,poly,0.01,100,5,1000,0.3589794330764562,0.5894082940649241,75.26484395400621,DID NOT CONVERGE
pca_200,poly,0.01,1000,1,1000,0.3617289650719613,0.5864866080228239,39.70219262712635,DID NOT CONVERGE
pca_200,poly,0.01,1000,2,1000,0.40004303585737944,0.5933257217984647,35.73990174685605,DID NOT CONVERGE
pca_200,poly,0.01,1000,3,1000,0.35979959182441235,0.5740342501085252,52.45163137791678,DID NOT CONVERGE
pca_200,poly,0.01,1000,4,1000,0.3596132919192314,0.5779304360039532,69.94634545198642,DID NOT CONVERGE
pca_200,poly,0.01,1000,5,1000,0.40706100407987833,0.5873011180665344,74.7815567010548,DID NOT CONVERGE
pca_200,poly,0.1,0.001,1,1000,0.36175183509476483,0.5888040119316429,108.75300058582798,DID NOT CONVERGE
pca_200,poly,0.1,0.001,2,1000,0.38558705197647214,0.5748798020649701,136.27907845005393,DID NOT CONVERGE
pca_200,poly,0.1,0.001,3,1000,0.39174610003829,0.5748199208173901,136.56718594906852,DID NOT CONVERGE
pca_200,poly,0.1,0.001,4,1000,0.3898383630439639,0.57428691489622,136.6817294131033,DID NOT CONVERGE
pca_200,poly,0.1,0.001,5,1000,0.3974946541711688,0.5757336679380387,137.12502120784484,DID NOT CONVERGE
pca_200,poly,0.1,0.01,1,1000,0.3975424370728433,0.574953897157684,56.014544217148796,DID NOT CONVERGE
pca_200,poly,0.1,0.01,2,1000,0.3903659249190241,0.5629228590987623,48.2984133688733,DID NOT CONVERGE
pca_200,poly,0.1,0.01,3,1000,0.35817451402544975,0.5525247459299862,56.353608106961474,DID NOT CONVERGE
pca_200,poly,0.1,0.01,4,1000,0.35863258806057274,0.5512186849955469,71.64127309201285,DID NOT CONVERGE
pca_200,poly,0.1,0.01,5,1000,0.3969271550886333,0.5485297441482544,75.55590532999486,DID NOT CONVERGE
pca_200,poly,0.1,0.1,1,1000,0.3592918561771512,0.5524079669266939,36.14068206795491,DID NOT CONVERGE
pca_200,poly,0.1,0.1,2,1000,0.3578260759823024,0.550583200994879,35.682076137978584,DID NOT CONVERGE
pca_200,poly,0.1,0.1,3,1000,0.35994014889001846,0.549854732118547,52.42665595887229,DID NOT CONVERGE
pca_200,poly,0.1,0.1,4,1000,0.35805380810052156,0.548855439061299,69.97239381005056,DID NOT CONVERGE
pca_200,poly,0.1,0.1,5,1000,0.3884786441922188,0.572291370946914,75.22285899985582,DID NOT CONVERGE
pca_200,poly,0.1,1,1,1000,0.361834486015141,0.5721220260020345,36.796796922106296,DID NOT CONVERGE
pca_200,poly,0.1,1,2,1000,0.39536686800420284,0.5773847310338169,35.69011866603978,DID NOT CONVERGE
pca_200,poly,0.1,1,3,1000,0.36029919097200036,0.5692954130936414,52.38696117582731,DID NOT CONVERGE
pca_200,poly,0.1,1,4,1000,0.35913938214071095,0.5755303590558469,69.9374387699645,DID NOT CONVERGE
pca_200,poly,0.1,1,5,1000,0.3594791190698743,0.571784915169701,75.20526684704237,DID NOT CONVERGE
pca_200,poly,0.1,10,1,1000,0.3621761661488563,0.5714170590508729,39.57148598693311,DID NOT CONVERGE
pca_200,poly,0.1,10,2,1000,0.387574760010466,0.5741584589704871,35.68466493207961,DID NOT CONVERGE
pca_200,poly,0.1,10,3,1000,0.3605023520067334,0.571996670216322,52.408933425787836,DID NOT CONVERGE
pca_200,poly,0.1,10,4,1000,0.35900448891334236,0.5737758709583431,69.94443393312395,DID NOT CONVERGE
pca_200,poly,0.1,10,5,1000,0.37608316098339856,0.5763193478342146,75.21432457794435,DID NOT CONVERGE
pca_200,poly,0.1,100,1,1000,0.36401035310700536,0.5762260931078345,39.65666679991409,DID NOT CONVERGE
pca_200,poly,0.1,100,2,1000,0.38816013815812767,0.5756429550237954,35.63615984097123,DID NOT CONVERGE
pca_200,poly,0.1,100,3,1000,0.35885605099610984,0.5734063570853323,52.38464043289423,DID NOT CONVERGE
pca_200,poly,0.1,100,4,1000,0.370226277038455,0.5751171209849417,69.99940360500477,DID NOT CONVERGE
pca_200,poly,0.1,100,5,1000,0.38751951698213816,0.5774294079747051,75.2077937789727,DID NOT CONVERGE
pca_200,poly,0.1,1000,1,1000,0.36633478198200464,0.5736842409241945,39.7361320159398,DID NOT CONVERGE
pca_200,poly,0.1,1000,2,1000,0.39785275096073747,0.5752018301282078,35.66506702802144,DID NOT CONVERGE
pca_200,poly,0.1,1000,3,1000,0.3685854079667479,0.5740459819789976,52.393474326934665,DID NOT CONVERGE
pca_200,poly,0.1,1000,4,1000,0.35926065500825644,0.5707591741811484,70.07461117114872,DID NOT CONVERGE
pca_200,poly,0.1,1000,5,1000,0.37050978699699044,0.5749585970770568,74.75876643601805,DID NOT CONVERGE
pca_200,poly,1,0.001,1,1000,0.3581921700388193,0.5754884630441666,56.06671106698923,DID NOT CONVERGE
pca_200,poly,1,0.001,2,1000,0.3587156229186803,0.5741948198992759,101.21376949804835,DID NOT CONVERGE
pca_200,poly,1,0.001,3,1000,0.4018655689433217,0.5713855531066656,135.89590401691385,DID NOT CONVERGE
pca_200,poly,1,0.001,4,1000,0.3993001999333501,0.5690579479560256,136.69439488020726,DID NOT CONVERGE
pca_200,poly,1,0.001,5,1000,0.4093785339500755,0.5764091468881816,137.05830531893298,DID NOT CONVERGE
pca_200,poly,1,0.01,1,1000,0.41343762003816664,0.5504864258691669,36.154248559847474,DID NOT CONVERGE
pca_200,poly,1,0.01,2,1000,0.36267415597103536,0.5846136030741036,36.72916859202087,DID NOT CONVERGE
pca_200,poly,1,0.01,3,1000,0.36314049479551613,0.5701553360559046,52.456759931053966,DID NOT CONVERGE
pca_200,poly,1,0.01,4,1000,0.3729618180077523,0.5760991550050676,69.98317160014994,DID NOT CONVERGE
pca_200,poly,1,0.01,5,1000,0.36214860691688955,0.5734967889729887,75.17546964110807,DID NOT CONVERGE
pca_200,poly,1,0.1,1,1000,0.3619926581159234,0.5738393270876259,36.77502709184773,DID NOT CONVERGE
pca_200,poly,1,0.1,2,1000,0.37344991508871317,0.567997122881934,35.873383801896125,DID NOT CONVERGE
pca_200,poly,1,0.1,3,1000,0.3641346408985555,0.5733077919576317,52.415630070026964,DID NOT CONVERGE
pca_200,poly,1,0.1,4,1000,0.3739435779862106,0.5687090449500829,70.07466389518231,DID NOT CONVERGE
pca_200,poly,1,0.1,5,1000,0.3870292059145868,0.572560564847663,75.2435088059865,DID NOT CONVERGE
pca_200,poly,1,1,1,1000,0.3616054269950837,0.5560163431800902,39.62942701205611,DID NOT CONVERGE
pca_200,poly,1,1,2,1000,0.39776949281804264,0.554796040058136,35.69706593081355,DID NOT CONVERGE
pca_200,poly,1,1,3,1000,0.3632444350514561,0.5479932618327439,52.41078527411446,DID NOT CONVERGE
pca_200,poly,1,1,4,1000,0.36148631386458874,0.5503563329111785,70.01167404302396,DID NOT CONVERGE
pca_200,poly,1,1,5,1000,0.3734521260485053,0.5454224301502109,75.18758569587953,DID NOT CONVERGE
pca_200,poly,1,10,1,1000,0.3612960430327803,0.5449690809473395,39.67907454492524,DID NOT CONVERGE
pca_200,poly,1,10,2,1000,0.40905144810676575,0.549388149054721,35.6245221439749,DID NOT CONVERGE
pca_200,poly,1,10,3,1000,0.36369564896449447,0.5727453238796443,52.43389164702967,DID NOT CONVERGE
pca_200,poly,1,10,4,1000,0.3596541660372168,0.6360576041042805,69.96950291492976,DID NOT CONVERGE
pca_200,poly,1,10,5,1000,0.3716191481798887,0.5730295579414815,75.25321256485768,DID NOT CONVERGE
pca_200,poly,1,100,1,1000,0.36060877004638314,0.5546094640158117,39.95493491389789,DID NOT CONVERGE
pca_200,poly,1,100,2,1000,0.36360575701110065,0.5524768680334091,35.96465914696455,DID NOT CONVERGE
pca_200,poly,1,100,3,1000,0.37388110207393765,0.5551401469856501,52.762046112213284,DID NOT CONVERGE
pca_200,poly,1,100,4,1000,0.3738719690591097,0.5734493569470942,70.53241887199692,DID NOT CONVERGE
pca_200,poly,1,100,5,1000,0.3681732870172709,0.5813163171987981,75.70453884801827,DID NOT CONVERGE
pca_200,poly,1,1000,1,1000,0.35975444596260786,0.5709124999120831,40.04890055092983,DID NOT CONVERGE
pca_200,poly,1,1000,2,1000,0.4036935979966074,0.5776915971655399,35.90183692006394,DID NOT CONVERGE
pca_200,poly,1,1000,3,1000,0.3632588260807097,0.5716179020237178,52.90041593578644,DID NOT CONVERGE
pca_200,poly,1,1000,4,1000,0.3724599750712514,0.5745396139100194,70.4444873619359,DID NOT CONVERGE
pca_200,poly,1,1000,5,1000,0.3880111710168421,0.5712465951219201,75.28664843714796,DID NOT CONVERGE
pca_200,poly,10,0.001,1,1000,0.359845353057608,0.575498745078221,36.3668852718547,DID NOT CONVERGE
pca_200,poly,10,0.001,2,1000,0.36295917397364974,0.5767050550784916,48.56093867192976,DID NOT CONVERGE
pca_200,poly,10,0.001,3,1000,0.37168045016005635,0.5749910029117018,88.80208928696811,DID NOT CONVERGE
pca_200,poly,10,0.001,4,1000,0.4104887139983475,0.5731025191489607,133.93600376485847,DID NOT CONVERGE
pca_200,poly,10,0.001,5,1000,0.3803953181486577,0.5742036690935493,136.1449734258931,DID NOT CONVERGE
pca_200,poly,10,0.01,1,1000,0.3762589159887284,0.5744385039433837,36.9620049179066,DID NOT CONVERGE
pca_200,poly,10,0.01,2,1000,0.3725847329478711,0.5710788751021028,35.9277507357765,DID NOT CONVERGE
pca_200,poly,10,0.01,3,1000,0.37302069389261305,0.5721253131050617,52.82402575598098,DID NOT CONVERGE
pca_200,poly,10,0.01,4,1000,0.37206111499108374,0.5805222890339792,70.45099981292151,DID NOT CONVERGE
pca_200,poly,10,0.01,5,1000,0.36051060003228486,0.5811244549695402,75.97137307701632,DID NOT CONVERGE
pca_200,poly,10,0.1,1,1000,0.36022640904411674,0.5736523210071027,39.811544383876026,DID NOT CONVERGE
pca_200,poly,10,0.1,2,1000,0.3593829860910773,0.5704797271173447,35.96463655191474,DID NOT CONVERGE
pca_200,poly,10,0.1,3,1000,0.35950057697482407,0.5678055589087307,52.74890785594471,DID NOT CONVERGE
pca_200,poly,10,0.1,4,1000,0.3587311450392008,0.5723368369508535,70.4698535259813,DID NOT CONVERGE
pca_200,poly,10,0.1,5,1000,0.36296050902456045,0.5762470320332795,75.79410655191168,DID NOT CONVERGE
pca_200,poly,10,1,1,1000,0.3595268789213151,0.5749202598817647,40.04416664596647,DID NOT CONVERGE
pca_200,poly,10,1,2,1000,0.3992582738865167,0.5745883099734783,35.92346799210645,DID NOT CONVERGE
pca_200,poly,10,1,3,1000,0.3590983741451055,0.5764979389496148,52.83896741690114,DID NOT CONVERGE
pca_200,poly,10,1,4,1000,0.3652068718802184,0.581318817101419,70.42522976105101,DID NOT CONVERGE
pca_200,poly,10,1,5,1000,0.35890573309734464,0.5742090300191194,75.74918894795701,DID NOT CONVERGE
pca_200,poly,10,10,1,1000,0.3595776311121881,0.5745106250979006,39.96518296794966,DID NOT CONVERGE
pca_200,poly,10,10,2,1000,0.36478653689846396,0.5760266459546983,35.89118794398382,DID NOT CONVERGE
pca_200,poly,10,10,3,1000,0.3688801769167185,0.5718075970653445,52.76400679000653,DID NOT CONVERGE
pca_200,poly,10,10,4,1000,0.36092957807704806,0.5694901519455016,70.57190267089754,DID NOT CONVERGE
pca_200,poly,10,10,5,1000,0.3625227711163461,0.6132262940518558,75.67585770506412,DID NOT CONVERGE
pca_200,poly,10,100,1,1000,0.35858147381804883,0.5681173340417445,39.93297431990504,DID NOT CONVERGE
pca_200,poly,10,100,2,1000,0.387942265952006,0.5734105280134827,35.924762344919145,DID NOT CONVERGE
pca_200,poly,10,100,3,1000,0.3602145919576287,0.5708164239767939,52.92555355303921,DID NOT CONVERGE
pca_200,poly,10,100,4,1000,0.3712966861203313,0.5735212760046124,70.48209399310872,DID NOT CONVERGE
pca_200,poly,10,100,5,1000,0.39822987909428775,0.6262335339561105,75.73240075702779,DID NOT CONVERGE
pca_200,poly,10,1000,1,1000,0.35876760398969054,0.5732812371570617,40.020041449926794,DID NOT CONVERGE
pca_200,poly,10,1000,2,1000,0.38788650021888316,0.5769873149693012,35.891446269117296,DID NOT CONVERGE
pca_200,poly,10,1000,3,1000,0.37675448204390705,0.5747438869439065,52.78496130811982,DID NOT CONVERGE
pca_200,poly,10,1000,4,1000,0.3701370859052986,0.5783838878851384,70.43032701406628,DID NOT CONVERGE
pca_200,poly,10,1000,5,1000,0.36389276408590376,0.5702104920055717,75.57912192190997,DID NOT CONVERGE
pca_200,poly,100,0.001,1,1000,0.3594827090855688,0.5534812768455595,37.01911049592309,DID NOT CONVERGE
pca_200,poly,100,0.001,2,1000,0.3967549840454012,0.5675553709734231,36.95975209912285,DID NOT CONVERGE
pca_200,poly,100,0.001,3,1000,0.35995790595188737,0.5728561810683459,56.74106782209128,DID NOT CONVERGE
pca_200,poly,100,0.001,4,1000,0.37082761409692466,0.5713226951193064,91.74894749489613,DID NOT CONVERGE
pca_200,poly,100,0.001,5,1000,0.39733207505196333,0.5670399651862681,126.66093123401515,DID NOT CONVERGE
pca_200,poly,100,0.01,1,1000,0.4034266818780452,0.5776525710243732,39.87762795598246,DID NOT CONVERGE
pca_200,poly,100,0.01,2,1000,0.3967128279618919,0.5755373958963901,35.930220023030415,DID NOT CONVERGE
pca_200,poly,100,0.01,3,1000,0.37297441996634007,0.5741552060935646,52.80452135507949,DID NOT CONVERGE
pca_200,poly,100,0.01,4,1000,0.3619149699807167,0.5739027138333768,70.45395303401165,DID NOT CONVERGE
pca_200,poly,100,0.01,5,1000,0.3601855000015348,0.5723447250202298,75.6938052799087,DID NOT CONVERGE
pca_200,poly,100,0.1,1,1000,0.35913377604447305,0.5691804511006922,39.92625949694775,DID NOT CONVERGE
pca_200,poly,100,0.1,2,1000,0.3870252720080316,0.5725746019743383,35.953494881046936,DID NOT CONVERGE
pca_200,poly,100,0.1,3,1000,0.37102689896710217,0.5743154969532043,52.76735063805245,DID NOT CONVERGE
pca_200,poly,100,0.1,4,1000,0.3686263379640877,0.5736547349952161,70.49764579581097,DID NOT CONVERGE
pca_200,poly,100,0.1,5,1000,0.3977876191493124,0.6387902840506285,75.74748229095712,DID NOT CONVERGE
pca_200,poly,100,1,1,1000,0.35959152807481587,0.5741225080564618,40.04143803799525,DID NOT CONVERGE
pca_200,poly,100,1,2,1000,0.39106449391692877,0.5738607828970999,35.93226702907123,DID NOT CONVERGE
pca_200,poly,100,1,3,1000,0.3662062701769173,0.5707425600849092,52.728288650047034,DID NOT CONVERGE
pca_200,poly,100,1,4,1000,0.37131174001842737,0.5718340380117297,70.48760101408698,DID NOT CONVERGE
pca_200,poly,100,1,5,1000,0.3974587188567966,0.5728094179648906,75.80015574092977,DID NOT CONVERGE
pca_200,poly,100,10,1,1000,0.3599457088857889,0.5703397220931947,39.98617320507765,DID NOT CONVERGE
pca_200,poly,100,10,2,1000,0.3966246731579304,0.5761881589423865,35.91648155194707,DID NOT CONVERGE
pca_200,poly,100,10,3,1000,0.36051868507638574,0.5732737951911986,52.83022628584877,DID NOT CONVERGE
pca_200,poly,100,10,4,1000,0.3597249388694763,0.5723007060587406,70.46341603784822,DID NOT CONVERGE
pca_200,poly,100,10,5,1000,0.3611796151380986,0.5711590370628983,75.70979931415059,DID NOT CONVERGE
pca_200,poly,100,100,1,1000,0.35934205702506006,0.5725723979994655,39.94112537615001,DID NOT CONVERGE
pca_200,poly,100,100,2,1000,0.43884114595130086,0.5868930409196764,35.94382313801907,DID NOT CONVERGE
pca_200,poly,100,100,3,1000,0.3630791848991066,0.5894689310807735,52.76675502001308,DID NOT CONVERGE
pca_200,poly,100,100,4,1000,0.3593427878804505,0.5698805160354823,70.5153082839679,DID NOT CONVERGE
pca_200,poly,100,100,5,1000,0.39920646511018276,0.5842427290044725,75.77073001884855,DID NOT CONVERGE
pca_200,poly,100,1000,1,1000,0.3617114338558167,0.5826354320161045,40.02193184988573,DID NOT CONVERGE
pca_200,poly,100,1000,2,1000,0.3628043159842491,0.5873385600280017,35.94781218399294,DID NOT CONVERGE
pca_200,poly,100,1000,3,1000,0.35938416910357773,0.5729413169901818,52.77951063401997,DID NOT CONVERGE
pca_200,poly,100,1000,4,1000,0.3591662182006985,0.5709388798568398,70.41136017302051,DID NOT CONVERGE
pca_200,poly,100,1000,5,1000,0.3991527159232646,0.5847901431843638,75.25901783304289,DID NOT CONVERGE
pca_200,poly,1000,0.001,1,1000,0.36321804905310273,0.5845948860514909,39.94651515991427,DID NOT CONVERGE
pca_200,poly,1000,0.001,2,1000,0.3626010399311781,0.603036527056247,35.93537539499812,DID NOT CONVERGE
pca_200,poly,1000,0.001,3,1000,0.3607683479785919,0.5760115459561348,52.80109982518479,DID NOT CONVERGE
pca_200,poly,1000,0.001,4,1000,0.36107989493757486,0.5731043019331992,72.03917081095278,DID NOT CONVERGE
pca_200,poly,1000,0.001,5,1000,0.4035837920382619,0.588148090057075,88.67241175891832,DID NOT CONVERGE
pca_200,poly,1000,0.01,1,1000,0.4018678329885006,0.5734884759876877,39.98900060215965,DID NOT CONVERGE
pca_200,poly,1000,0.01,2,1000,0.4036521948873997,0.589269305113703,35.929145846981555,DID NOT CONVERGE
pca_200,poly,1000,0.01,3,1000,0.3598763670306653,0.5744960920419544,52.777435855939984,DID NOT CONVERGE
pca_200,poly,1000,0.01,4,1000,0.36094565293751657,0.5754465090576559,69.50128458696418,DID NOT CONVERGE
pca_200,poly,1000,0.01,5,1000,0.35649180691689253,0.5814734599553049,74.72748336894438,DID NOT CONVERGE
pca_200,poly,1000,0.1,1,1000,0.3580212900415063,0.5881064590066671,39.46353559801355,DID NOT CONVERGE
pca_200,poly,1000,0.1,2,1000,0.3924583999905735,0.5856974860653281,35.49127102899365,DID NOT CONVERGE
pca_200,poly,1000,0.1,3,1000,0.35316018597222865,0.575286750914529,52.084870318183675,DID NOT CONVERGE
pca_200,poly,1000,0.1,4,1000,0.3549443641677499,0.5745494759175926,69.50125750503503,DID NOT CONVERGE
pca_200,poly,1000,0.1,5,1000,0.35652284091338515,0.5833321809768677,74.78303046990186,DID NOT CONVERGE
pca_200,poly,1000,1,1,1000,0.360606097150594,0.5857556180562824,39.5574840339832,DID NOT CONVERGE
pca_200,poly,1000,1,2,1000,0.39806834794580936,0.5881366690155119,35.49427359900437,DID NOT CONVERGE
pca_200,poly,1000,1,3,1000,0.355165810091421,0.5706386999227107,52.10522233694792,DID NOT CONVERGE
pca_200,poly,1000,1,4,1000,0.35443562897853553,0.5744961809832603,69.53975974908099,DID NOT CONVERGE
pca_200,poly,1000,1,5,1000,0.35663336189463735,0.5841997819952667,74.78366767405532,DID NOT CONVERGE
pca_200,poly,1000,10,1,1000,0.35896453307941556,0.5827768621966243,39.463106129085645,DID NOT CONVERGE
pca_200,poly,1000,10,2,1000,0.3951486439909786,0.5854246208909899,35.49222834012471,DID NOT CONVERGE
pca_200,poly,1000,10,3,1000,0.35568420588970184,0.5698306770063937,52.08490508282557,DID NOT CONVERGE
pca_200,poly,1000,10,4,1000,0.3559576109983027,0.5709091359749436,69.5058002450969,DID NOT CONVERGE
pca_200,poly,1000,10,5,1000,0.3598170601762831,0.5881008929573,74.77267609909177,DID NOT CONVERGE
pca_200,poly,1000,100,1,1000,0.3579272199422121,0.5862324899062514,39.461714922916144,DID NOT CONVERGE
pca_200,poly,1000,100,2,1000,0.394968771841377,0.6196899900678545,35.499031831044704,DID NOT CONVERGE
pca_200,poly,1000,100,3,1000,0.3570850039832294,0.5740038780495524,52.02741009602323,DID NOT CONVERGE
pca_200,poly,1000,100,4,1000,0.3536439088638872,0.5687034439761192,69.55035126092844,DID NOT CONVERGE
pca_200,poly,1000,100,5,1000,0.35736802592873573,0.583624699851498,74.77590359491296,DID NOT CONVERGE
pca_200,poly,1000,1000,1,1000,0.35738683119416237,0.5815584068186581,39.54121037200093,DID NOT CONVERGE
pca_200,poly,1000,1000,2,1000,0.39308756589889526,0.5907047619111836,35.453533133957535,DID NOT CONVERGE
pca_200,poly,1000,1000,3,1000,0.35508955200202763,0.5733620368409902,52.07338692015037,DID NOT CONVERGE
pca_200,poly,1000,1000,4,1000,0.3559641088359058,0.5658831300679594,69.5553785781376,DID NOT CONVERGE
pca_200,poly,1000,1000,5,1000,0.36113227205350995,0.595247196033597,74.32089644181542,DID NOT CONVERGE
lda,poly,0.001,0.001,1,1000,0.3979438210371882,4.90858305292204,23.625953265931457,DID NOT CONVERGE
lda,poly,0.001,0.001,2,1000,0.357914499938488,4.4428664818406105,23.879064484965056,DID NOT CONVERGE
lda,poly,0.001,0.001,3,1000,0.3561441039200872,4.305690645007417,24.02857831097208,DID NOT CONVERGE
lda,poly,0.001,0.001,4,1000,0.35701876506209373,4.2460523010231555,24.251113378908485,DID NOT CONVERGE
lda,poly,0.001,0.001,5,1000,0.35654194187372923,4.2689571850933135,24.440254854038358,DID NOT CONVERGE
lda,poly,0.001,0.01,1,1000,0.3566487559583038,4.269779548980296,23.380899363895878,DID NOT CONVERGE
lda,poly,0.001,0.01,2,1000,0.35779270296916366,4.264938463224098,23.854495744919404,DID NOT CONVERGE
lda,poly,0.001,0.01,3,1000,0.35693417699076235,4.242925453931093,24.012712662108243,DID NOT CONVERGE
lda,poly,0.001,0.01,4,1000,0.35646288306452334,4.271644674008712,24.237162959063426,DID NOT CONVERGE
lda,poly,0.001,0.01,5,1000,0.3565601850859821,4.24857113789767,24.43149540387094,DID NOT CONVERGE
lda,poly,0.001,0.1,1,1000,0.3583488368894905,4.286999270087108,23.48095256695524,DID NOT CONVERGE
lda,poly,0.001,0.1,2,1000,0.35958998603746295,4.299681764794514,24.0454001580365,DID NOT CONVERGE
lda,poly,0.001,0.1,3,1000,0.36002821009606123,4.284077177988365,24.18772657890804,DID NOT CONVERGE
lda,poly,0.001,0.1,4,1000,0.36002097581513226,4.26889210799709,24.465603662887588,DID NOT CONVERGE
lda,poly,0.001,0.1,5,1000,0.3595994401257485,4.312584952218458,24.314846304012462,DID NOT CONVERGE
lda,poly,0.001,1,1,1000,0.35972887789830565,4.286664311075583,15.55505571491085,DID NOT CONVERGE
lda,poly,0.001,1,2,1000,0.36068944982253015,4.276850705966353,14.896679671946913,DID NOT CONVERGE
lda,poly,0.001,1,3,1000,0.3615856501273811,4.314780004089698,8.272422819864005,DID NOT CONVERGE
lda,poly,0.001,1,4,1000,0.36101306695491076,4.312549907015637,8.625690760090947,DID NOT CONVERGE
lda,poly,0.001,1,5,1000,0.3589997289236635,4.287988874129951,7.183715178864077,DID NOT CONVERGE
lda,poly,0.001,10,1,1000,0.3568299589678645,4.26802522293292,10.443301148014143,DID NOT CONVERGE
lda,poly,0.001,10,2,1000,0.36019742116332054,4.240357795963064,9.895016995025799,DID NOT CONVERGE
lda,poly,0.001,10,3,1000,0.36061759921722114,4.269466833211482,6.159610433038324,DID NOT CONVERGE
lda,poly,0.001,10,4,1000,0.3599430159665644,4.2273322369437665,7.467387042939663,DID NOT CONVERGE
lda,poly,0.001,10,5,1000,0.3570337549317628,4.268325560959056,7.008489007130265,DID NOT CONVERGE
lda,poly,0.001,100,1,1000,0.3561207721941173,4.240288469940424,9.665476524969563,DID NOT CONVERGE
lda,poly,0.001,100,2,1000,0.36019376409240067,4.257656495086849,8.709398691076785,DID NOT CONVERGE
lda,poly,0.001,100,3,1000,0.358273359015584,4.285379369044676,6.065778707154095,DID NOT CONVERGE
lda,poly,0.001,100,4,1000,0.3577325551304966,4.2153418369125575,7.460735474014655,DID NOT CONVERGE
lda,poly,0.001,100,5,1000,0.35605148901231587,4.226962530985475,7.026710198959336,DID NOT CONVERGE
lda,poly,0.001,1000,1,1000,0.35776416095905006,4.251947921002284,7.373905950924382,DID NOT CONVERGE
lda,poly,0.001,1000,2,1000,0.35603100899606943,4.258392117917538,8.531753577990457,DID NOT CONVERGE
lda,poly,0.001,1000,3,1000,0.3583286930806935,4.257414209889248,6.062096254900098,DID NOT CONVERGE
lda,poly,0.001,1000,4,1000,0.35781896696425974,4.2745978850871325,7.481471366947517,DID NOT CONVERGE
lda,poly,0.001,1000,5,1000,0.3564217758830637,4.248494696803391,7.021036099875346,DID NOT CONVERGE
lda,poly,0.01,0.001,1,1000,0.35673098103143275,4.26075297803618,23.530775118852034,DID NOT CONVERGE
lda,poly,0.01,0.001,2,1000,0.35947688412852585,4.281338645145297,24.028086874168366,DID NOT CONVERGE
lda,poly,0.01,0.001,3,1000,0.361415877006948,4.245926625095308,24.192208267981187,DID NOT CONVERGE
lda,poly,0.01,0.001,4,1000,0.3593347540590912,4.2784915051888674,24.403633506037295,DID NOT CONVERGE
lda,poly,0.01,0.001,5,1000,0.35994903300888836,4.338305896148086,24.592860480071977,DID NOT CONVERGE
lda,poly,0.01,0.01,1,1000,0.3601103180553764,4.297893495997414,23.48561999714002,DID NOT CONVERGE
lda,poly,0.01,0.01,2,1000,0.35908736009150743,4.2822383439633995,24.045988616067916,DID NOT CONVERGE
lda,poly,0.01,0.01,3,1000,0.3597678660880774,4.2933491200674325,24.18018009304069,DID NOT CONVERGE
lda,poly,0.01,0.01,4,1000,0.36047599907033145,4.237728295149282,24.414729985874146,DID NOT CONVERGE
lda,poly,0.01,0.01,5,1000,0.36044647195376456,4.336536103859544,24.61419051885605,DID NOT CONVERGE
lda,poly,0.01,0.1,1,1000,0.3592472660820931,4.2811441998928785,15.566527417860925,DID NOT CONVERGE
lda,poly,0.01,0.1,2,1000,0.35933209699578583,4.262979448074475,20.34717348194681,DID NOT CONVERGE
lda,poly,0.01,0.1,3,1000,0.35960513399913907,4.289675666950643,18.33911103499122,DID NOT CONVERGE
lda,poly,0.01,0.1,4,1000,0.360112844966352,4.322801572037861,20.390848665032536,DID NOT CONVERGE
lda,poly,0.01,0.1,5,1000,0.3601364530622959,4.291879817144945,19.23329890985042,DID NOT CONVERGE
lda,poly,0.01,1,1,1000,0.3597350970376283,4.29005357506685,10.44600059906952,DID NOT CONVERGE
lda,poly,0.01,1,2,1000,0.36363408784382045,4.363271057140082,12.051872838987038,DID NOT CONVERGE
lda,poly,0.01,1,3,1000,0.36246883892454207,4.294316726969555,6.479711964959279,DID NOT CONVERGE
lda,poly,0.01,1,4,1000,0.35669311112724245,4.219709341879934,8.00976978498511,DID NOT CONVERGE
lda,poly,0.01,1,5,1000,0.35777559503912926,4.258739118929952,7.085380644071847,DID NOT CONVERGE
lda,poly,0.01,10,1,1000,0.35621777595952153,4.263528019189835,9.701862193178385,DID NOT CONVERGE
lda,poly,0.01,10,2,1000,0.36063569388352334,4.286183048039675,9.169219438917935,DID NOT CONVERGE
lda,poly,0.01,10,3,1000,0.3565865911077708,4.344939069822431,6.0993426269851625,DID NOT CONVERGE
lda,poly,0.01,10,4,1000,0.3571818119380623,4.272301590070128,7.492443070979789,DID NOT CONVERGE
lda,poly,0.01,10,5,1000,0.35678568691946566,4.3053153599612415,7.030810922151431,DID NOT CONVERGE
lda,poly,0.01,100,1,1000,0.3570333619136363,4.276879766024649,7.378103491850197,DID NOT CONVERGE
lda,poly,0.01,100,2,1000,0.35568386502563953,4.270681195892394,8.55438687489368,DID NOT CONVERGE
lda,poly,0.01,100,3,1000,0.35957762598991394,4.346897426992655,6.08956682193093,DID NOT CONVERGE
lda,poly,0.01,100,4,1000,0.3568084759172052,4.25786808389239,7.428603019099683,DID NOT CONVERGE
lda,poly,0.01,100,5,1000,0.35647121304646134,4.263676929054782,7.035086680902168,DID NOT CONVERGE
lda,poly,0.01,1000,1,1000,0.35624232492409647,4.247506947023794,5.3712514040526,DID NOT CONVERGE
lda,poly,0.01,1000,2,1000,0.35580551787279546,4.338977044913918,8.545252266107127,DID NOT CONVERGE
lda,poly,0.01,1000,3,1000,0.3554021460004151,4.254217185080051,6.095956258010119,DID NOT CONVERGE
lda,poly,0.01,1000,4,1000,0.35555302910506725,4.246438796166331,7.495023130904883,DID NOT CONVERGE
lda,poly,0.01,1000,5,1000,0.3559692678973079,4.308140855981037,7.041056105867028,DID NOT CONVERGE
lda,poly,0.1,0.001,1,1000,0.3599505329038948,4.253564860904589,23.479971332941204,DID NOT CONVERGE
lda,poly,0.1,0.001,2,1000,0.3585891770198941,4.328773645916954,24.05323350406252,DID NOT CONVERGE
lda,poly,0.1,0.001,3,1000,0.3593037500977516,4.2609407948330045,24.19362129899673,DID NOT CONVERGE
lda,poly,0.1,0.001,4,1000,0.3598165970761329,4.268186490051448,24.440589898033068,DID NOT CONVERGE
lda,poly,0.1,0.001,5,1000,0.3596279399935156,4.337777613895014,24.617754777893424,DID NOT CONVERGE
lda,poly,0.1,0.01,1,1000,0.3586493560578674,4.255321360891685,15.556902802083641,DID NOT CONVERGE
lda,poly,0.1,0.01,2,1000,0.360174547880888,4.305250382050872,24.074552234029397,DID NOT CONVERGE
lda,poly,0.1,0.01,3,1000,0.35968660679645836,4.275054496014491,24.21290598390624,DID NOT CONVERGE
lda,poly,0.1,0.01,4,1000,0.36181259201839566,4.310973478015512,24.481583808083087,DID NOT CONVERGE
lda,poly,0.1,0.01,5,1000,0.36065983586013317,4.307747797109187,24.626594598870724,DID NOT CONVERGE
lda,poly,0.1,0.1,1,1000,0.36005307314917445,4.261571544921026,10.455281540052965,DID NOT CONVERGE
lda,poly,0.1,0.1,2,1000,0.362730115884915,4.341099090874195,14.914559758035466,DID NOT CONVERGE
lda,poly,0.1,0.1,3,1000,0.35951785393990576,4.335781656904146,11.889768122928217,DID NOT CONVERGE
lda,poly,0.1,0.1,4,1000,0.36045858077704906,4.288393432972953,15.141019094968215,DID NOT CONVERGE
lda,poly,0.1,0.1,5,1000,0.3604048627894372,4.28827030188404,13.387733909999952,DID NOT CONVERGE
lda,poly,0.1,1,1,1000,0.35906939883716404,4.328564318129793,9.691904274048284,DID NOT CONVERGE
lda,poly,0.1,1,2,1000,0.3599920948036015,4.3212431580759585,9.877301754895598,DID NOT CONVERGE
lda,poly,0.1,1,3,1000,0.35917212604545057,4.30256411107257,6.106525374110788,DID NOT CONVERGE
lda,poly,0.1,1,4,1000,0.3592689561191946,4.276551285060123,7.659631463000551,DID NOT CONVERGE
lda,poly,0.1,1,5,1000,0.357713270932436,4.300003618001938,7.028779621003196,DID NOT CONVERGE
lda,poly,0.1,10,1,1000,0.36075949599035084,4.2475072629749775,7.368384905857965,DID NOT CONVERGE
lda,poly,0.1,10,2,1000,0.3573965879622847,4.258212713059038,8.67275792080909,DID NOT CONVERGE
lda,poly,0.1,10,3,1000,0.3577051190659404,4.260281432885677,6.071882972959429,DID NOT CONVERGE
lda,poly,0.1,10,4,1000,0.3566492840182036,4.292408091016114,7.4624124160036445,DID NOT CONVERGE
lda,poly,0.1,10,5,1000,0.3574761860072613,4.247046944918111,7.01187042798847,DID NOT CONVERGE
lda,poly,0.1,100,1,1000,0.35622421093285084,4.275241134921089,5.3512433830183,DID NOT CONVERGE
lda,poly,0.1,100,2,1000,0.357307035010308,4.280605097999796,8.543075842084363,DID NOT CONVERGE
lda,poly,0.1,100,3,1000,0.3560659990180284,4.249168412992731,6.072760801995173,DID NOT CONVERGE
lda,poly,0.1,100,4,1000,0.3562235701829195,4.282220354070887,7.460575611097738,DID NOT CONVERGE
lda,poly,0.1,100,5,1000,0.35659183794632554,4.305886192014441,7.020446991082281,DID NOT CONVERGE
lda,poly,0.1,1000,1,1000,0.357223586877808,4.2391891500446945,4.972414402989671,DID NOT CONVERGE
lda,poly,0.1,1000,2,1000,0.35635013598948717,4.328765743877739,8.534113983856514,DID NOT CONVERGE
lda,poly,0.1,1000,3,1000,0.3567602711264044,4.248632195871323,6.0594337831716985,DID NOT CONVERGE
lda,poly,0.1,1000,4,1000,0.3564378779847175,4.261239908169955,7.487165752798319,DID NOT CONVERGE
lda,poly,0.1,1000,5,1000,0.35651974892243743,4.230736219091341,7.024036166956648,DID NOT CONVERGE
lda,poly,1,0.001,1,1000,0.35542677994817495,4.259676965884864,15.550094014033675,DID NOT CONVERGE
lda,poly,1,0.001,2,1000,0.35977741912938654,4.30726821301505,24.08010131190531,DID NOT CONVERGE
lda,poly,1,0.001,3,1000,0.3602296190802008,4.29286772897467,24.203362233005464,DID NOT CONVERGE
lda,poly,1,0.001,4,1000,0.35930328583344817,4.284960822202265,24.44575852784328,DID NOT CONVERGE
lda,poly,1,0.001,5,1000,0.35957212606444955,4.2905769450590014,24.61373838293366,DID NOT CONVERGE
lda,poly,1,0.01,1,1000,0.3587806548457593,4.275672191055492,10.455299813998863,DID NOT CONVERGE
lda,poly,1,0.01,2,1000,0.36115216789767146,4.275889939861372,20.366288823075593,DID NOT CONVERGE
lda,poly,1,0.01,3,1000,0.35870930179953575,4.294011008925736,24.19139615702443,DID NOT CONVERGE
lda,poly,1,0.01,4,1000,0.35915008396841586,4.285071711055934,24.419466978870332,DID NOT CONVERGE
lda,poly,1,0.01,5,1000,0.36098936409689486,4.257068332983181,24.579658986069262,DID NOT CONVERGE
lda,poly,1,0.1,1,1000,0.3593648069072515,4.318770813988522,9.69095292990096,DID NOT CONVERGE
lda,poly,1,0.1,2,1000,0.3592055297922343,4.298177435994148,12.072062582010403,DID NOT CONVERGE
lda,poly,1,0.1,3,1000,0.3599159340374172,4.269233077997342,8.336320150876418,DID NOT CONVERGE
lda,poly,1,0.1,4,1000,0.3598260038997978,4.2719945148564875,10.842096951091662,DID NOT CONVERGE
lda,poly,1,0.1,5,1000,0.3594615631736815,4.300900592003018,9.218577748863026,DID NOT CONVERGE
lda,poly,1,1,1,1000,0.3606339229736477,4.299718922004104,7.424479485955089,DID NOT CONVERGE
lda,poly,1,1,2,1000,0.3580762299243361,4.236125207040459,9.152576217893511,DID NOT CONVERGE
lda,poly,1,1,3,1000,0.3563494300469756,4.30913981795311,6.091755489818752,DID NOT CONVERGE
lda,poly,1,1,4,1000,0.3557478759903461,4.264002387179062,7.487578024156392,DID NOT CONVERGE
lda,poly,1,1,5,1000,0.35708705498836935,4.296191493049264,7.025882921880111,DID NOT CONVERGE
lda,poly,1,10,1,1000,0.3555989838205278,4.28881172509864,5.345231389161199,DID NOT CONVERGE
lda,poly,1,10,2,1000,0.3593595610000193,4.303943257080391,8.539289388805628,DID NOT CONVERGE
lda,poly,1,10,3,1000,0.35769029101356864,4.255805328022689,6.082556733163074,DID NOT CONVERGE
lda,poly,1,10,4,1000,0.3573390319943428,4.305713633773848,7.465770761016756,DID NOT CONVERGE
lda,poly,1,10,5,1000,0.35770832980051637,4.305418852949515,7.016679493943229,DID NOT CONVERGE
lda,poly,1,100,1,1000,0.36475266492925584,4.343866723123938,4.974936647107825,DID NOT CONVERGE
lda,poly,1,100,2,1000,0.3575805958826095,4.273841507034376,8.55788160301745,DID NOT CONVERGE
lda,poly,1,100,3,1000,0.35645975498482585,4.29353947006166,6.078982887789607,DID NOT CONVERGE
lda,poly,1,100,4,1000,0.35682189208455384,4.277609582059085,7.4745151528622955,DID NOT CONVERGE
lda,poly,1,100,5,1000,0.3559179699514061,4.301317085977644,7.027486279141158,DID NOT CONVERGE
lda,poly,1,1000,1,1000,0.3570603239350021,4.287271776935086,4.950756049016491,DID NOT CONVERGE
lda,poly,1,1000,2,1000,0.35723978700116277,4.3021508059464395,8.53708481695503,DID NOT CONVERGE
lda,poly,1,1000,3,1000,0.35723120300099254,4.263949665008113,6.065521055134013,DID NOT CONVERGE
lda,poly,1,1000,4,1000,0.35617610695771873,4.322639535181224,7.480197330005467,DID NOT CONVERGE
lda,poly,1,1000,5,1000,0.3577615851536393,4.350143526913598,7.026990927057341,DID NOT CONVERGE
lda,poly,10,0.001,1,1000,0.35568416700698435,4.281279065879062,10.44614707492292,DID NOT CONVERGE
lda,poly,10,0.001,2,1000,0.35985465277917683,4.289324429119006,24.143857916118577,DID NOT CONVERGE
lda,poly,10,0.001,3,1000,0.3601635480299592,4.3132643008138984,24.24658612906933,DID NOT CONVERGE
lda,poly,10,0.001,4,1000,0.3588849972002208,4.322317651938647,24.456867075990885,DID NOT CONVERGE
lda,poly,10,0.001,5,1000,0.3591998720075935,4.282880428014323,24.634082957170904,DID NOT CONVERGE
lda,poly,10,0.01,1,1000,0.3594595689792186,4.272420233814046,9.700784588931128,DID NOT CONVERGE
lda,poly,10,0.01,2,1000,0.36072758911177516,4.319814999122173,14.916124466108158,DID NOT CONVERGE
lda,poly,10,0.01,3,1000,0.3593742111697793,4.25674691516906,18.342696256004274,DID NOT CONVERGE
lda,poly,10,0.01,4,1000,0.3600317589007318,4.282708891900256,24.502442535944283,DID NOT CONVERGE
lda,poly,10,0.01,5,1000,0.3599209419917315,4.272933853091672,24.628305769059807,DID NOT CONVERGE
lda,poly,10,0.1,1,1000,0.3583351660054177,4.250912948977202,7.4071065951138735,DID NOT CONVERGE
lda,poly,10,0.1,2,1000,0.35809005703777075,4.248461345909163,9.894930108916014,DID NOT CONVERGE
lda,poly,10,0.1,3,1000,0.35969849582761526,4.30767308617942,6.487095362041146,DID NOT CONVERGE
lda,poly,10,0.1,4,1000,0.35722521389834583,4.290686280932277,8.572744101053104,DID NOT CONVERGE
lda,poly,10,0.1,5,1000,0.35694293794222176,4.294722740072757,7.469923038035631,DID NOT CONVERGE
lda,poly,10,1,1,1000,0.3550228769890964,4.284116194117814,5.340665912954137,DID NOT CONVERGE
lda,poly,10,1,2,1000,0.3540504740085453,4.260136015014723,8.622995384037495,DID NOT CONVERGE
lda,poly,10,1,3,1000,0.35383088584057987,4.24452592106536,6.043235729914159,DID NOT CONVERGE
lda,poly,10,1,4,1000,0.3548094250727445,4.2546706991270185,7.421729683177546,DID NOT CONVERGE
lda,poly,10,1,5,1000,0.35350771294906735,4.225765052018687,6.973977784160525,DID NOT CONVERGE
lda,poly,10,10,1,1000,0.35438013612292707,4.28454582602717,4.939637196948752,DID NOT CONVERGE
lda,poly,10,10,2,1000,0.35583221004344523,4.254163624020293,8.467103014932945,DID NOT CONVERGE
lda,poly,10,10,3,1000,0.35669882502406836,4.2862720808479935,6.051028472837061,DID NOT CONVERGE
lda,poly,10,10,4,1000,0.3548125869128853,4.2666535610333085,7.414962122915313,DID NOT CONVERGE
lda,poly,10,10,5,1000,0.35395433311350644,4.27633382496424,6.988213047152385,DID NOT CONVERGE
lda,poly,10,100,1,1000,0.3551143161021173,4.274442702997476,4.916229689959437,DID NOT CONVERGE
lda,poly,10,100,2,1000,0.35439280001446605,4.266272284090519,8.480217489879578,DID NOT CONVERGE
lda,poly,10,100,3,1000,0.3549109008163214,4.25399001291953,6.035394588951021,DID NOT CONVERGE
lda,poly,10,100,4,1000,0.3547725700773299,4.25023005483672,7.419329529860988,DID NOT CONVERGE
lda,poly,10,100,5,1000,0.35753058292903006,4.264946388080716,6.987897629849613,DID NOT CONVERGE
lda,poly,10,1000,1,1000,0.3547278118785471,4.267610070062801,4.9207358008716255,DID NOT CONVERGE
lda,poly,10,1000,2,1000,0.35577817796729505,4.332912012003362,8.469533381052315,DID NOT CONVERGE
lda,poly,10,1000,3,1000,0.35717565892264247,4.318319633137435,6.031193192116916,DID NOT CONVERGE
lda,poly,10,1000,4,1000,0.35605136794038117,4.258192343171686,7.4411885619629174,DID NOT CONVERGE
lda,poly,10,1000,5,1000,0.3572386971209198,4.366606801049784,6.991374169010669,DID NOT CONVERGE
lda,poly,100,0.001,1,1000,0.356201688060537,4.255113983992487,9.6306086180266,DID NOT CONVERGE
lda,poly,100,0.001,2,1000,0.3573324540629983,4.300089953001589,20.200411038007587,DID NOT CONVERGE
lda,poly,100,0.001,3,1000,0.3563028359785676,4.280645240098238,24.058994743041694,DID NOT CONVERGE
lda,poly,100,0.001,4,1000,0.35693587991409004,4.332185453968123,24.24014551495202,DID NOT CONVERGE
lda,poly,100,0.001,5,1000,0.3566919870208949,4.286535919876769,24.423116656951606,DID NOT CONVERGE
lda,poly,100,0.01,1,1000,0.357544151134789,4.253424822818488,7.3488712860271335,DID NOT CONVERGE
lda,poly,100,0.01,2,1000,0.3558090559672564,4.268044883850962,11.935903059085831,DID NOT CONVERGE
lda,poly,100,0.01,3,1000,0.35832088184542954,4.262468308908865,11.895532299997285,DID NOT CONVERGE
lda,poly,100,0.01,4,1000,0.3578898850828409,4.283939660992473,20.256832868093625,DID NOT CONVERGE
lda,poly,100,0.01,5,1000,0.35689969710074365,4.297393460990861,24.166577188996598,DID NOT CONVERGE
lda,poly,100,0.1,1,1000,0.3570331640075892,4.2896458900067955,5.390590541064739,DID NOT CONVERGE
lda,poly,100,0.1,2,1000,0.35814176010899246,4.259161930065602,9.128599941032007,DID NOT CONVERGE
lda,poly,100,0.1,3,1000,0.3545434020925313,4.2888916321098804,6.052301828050986,DID NOT CONVERGE
lda,poly,100,0.1,4,1000,0.353967715986073,4.263138943118975,7.954170471988618,DID NOT CONVERGE
lda,poly,100,0.1,5,1000,0.3557305389549583,4.248341286089271,7.076498599955812,DID NOT CONVERGE
lda,poly,100,1,1,1000,0.35567284701392055,4.2507871449925005,4.93491926882416,DID NOT CONVERGE
lda,poly,100,1,2,1000,0.3558819810859859,4.268957742955536,8.464926486136392,DID NOT CONVERGE
lda,poly,100,1,3,1000,0.35517055192030966,4.278694925131276,6.037423097062856,DID NOT CONVERGE
lda,poly,100,1,4,1000,0.3539543370716274,4.2400861128699034,7.430901147890836,DID NOT CONVERGE
lda,poly,100,1,5,1000,0.3539390880614519,4.266860008938238,6.979615397052839,DID NOT CONVERGE
lda,poly,100,10,1,1000,0.3557188038248569,4.2367323860526085,4.910849926061928,DID NOT CONVERGE
lda,poly,100,10,2,1000,0.3559234640561044,4.278904065024108,8.471090783830732,DID NOT CONVERGE
lda,poly,100,10,3,1000,0.35505643603391945,4.260535886045545,6.039579230127856,DID NOT CONVERGE
lda,poly,100,10,4,1000,0.3550366051495075,4.277419025078416,7.420191563200206,DID NOT CONVERGE
lda,poly,100,10,5,1000,0.35666695912368596,4.266814758069813,6.979386139893904,DID NOT CONVERGE
lda,poly,100,100,1,1000,0.3562686098739505,4.228450606111437,4.91321928310208,DID NOT CONVERGE
lda,poly,100,100,2,1000,0.3554126617964357,4.287696620915085,8.517410937929526,DID NOT CONVERGE
lda,poly,100,100,3,1000,0.3557641231454909,4.2518227361142635,6.0407161940820515,DID NOT CONVERGE
lda,poly,100,100,4,1000,0.35474789910949767,4.260110925184563,7.418100573122501,DID NOT CONVERGE
lda,poly,100,100,5,1000,0.3559082730207592,4.259742083027959,6.982265203027055,DID NOT CONVERGE
lda,poly,100,1000,1,1000,0.3587559671141207,4.219512244220823,4.919968551956117,DID NOT CONVERGE
lda,poly,100,1000,2,1000,0.35593168810009956,4.2620907088276,8.478356386069208,DID NOT CONVERGE
lda,poly,100,1000,3,1000,0.3559769329149276,4.360196901950985,6.029936101986095,DID NOT CONVERGE
lda,poly,100,1000,4,1000,0.35669779195450246,4.245388078968972,7.437262116000056,DID NOT CONVERGE
lda,poly,100,1000,5,1000,0.3553305468522012,4.238747292198241,6.992488948861137,DID NOT CONVERGE
lda,poly,1000,0.001,1,1000,0.3574273430276662,4.246760252164677,7.337259360821918,DID NOT CONVERGE
lda,poly,1000,0.001,2,1000,0.3560509548988193,4.245325883151963,14.779106507077813,DID NOT CONVERGE
lda,poly,1000,0.001,3,1000,0.35872274194844067,4.256764914141968,24.012221148004755,DID NOT CONVERGE
lda,poly,1000,0.001,4,1000,0.3572636158205569,4.299888069042936,24.24661425082013,DID NOT CONVERGE
lda,poly,1000,0.001,5,1000,0.357503263046965,4.259327681036666,24.447951598092914,DID NOT CONVERGE
lda,poly,1000,0.01,1,1000,0.358006119960919,4.279031147947535,5.322420903015882,DID NOT CONVERGE
lda,poly,1000,0.01,2,1000,0.35725301620550454,4.236555148148909,9.957174831070006,DID NOT CONVERGE
lda,poly,1000,0.01,3,1000,0.3581545799970627,4.289906622143462,8.283699726918712,DID NOT CONVERGE
lda,poly,1000,0.01,4,1000,0.3596629579551518,4.259246311848983,15.000685088103637,DID NOT CONVERGE
lda,poly,1000,0.01,5,1000,0.3583266129717231,4.323583822930232,19.094792699906975,DID NOT CONVERGE
lda,poly,1000,0.1,1,1000,0.3577929239254445,4.279124513966963,4.993641402805224,DID NOT CONVERGE
lda,poly,1000,0.1,2,1000,0.35834334907121956,4.2333519018720835,8.675862930016592,DID NOT CONVERGE
lda,poly,1000,0.1,3,1000,0.3559835029300302,4.28369613783434,6.046449729939923,DID NOT CONVERGE
lda,poly,1000,0.1,4,1000,0.3565508059691638,4.208897192031145,7.586676288861781,DID NOT CONVERGE
lda,poly,1000,0.1,5,1000,0.35618328489363194,4.2328474631067365,7.010904813185334,DID NOT CONVERGE
lda,poly,1000,1,1,1000,0.3619544270914048,4.225644652033225,4.907363637117669,DID NOT CONVERGE
lda,poly,1000,1,2,1000,0.35633592098020017,4.263022938044742,8.475377860013396,DID NOT CONVERGE
lda,poly,1000,1,3,1000,0.35511445393785834,4.220993438037112,6.0450386179145426,DID NOT CONVERGE
lda,poly,1000,1,4,1000,0.3572250020224601,4.2535779629834,7.4251811020076275,DID NOT CONVERGE
lda,poly,1000,1,5,1000,0.35645784507505596,4.268504938110709,6.9777943678200245,DID NOT CONVERGE
lda,poly,1000,10,1,1000,0.3563364299479872,4.226720652077347,4.906283457996324,DID NOT CONVERGE
lda,poly,1000,10,2,1000,0.355757461162284,4.275525906821713,8.466477716108784,DID NOT CONVERGE
lda,poly,1000,10,3,1000,0.35447612195275724,4.255133362021297,6.0397368657868356,DID NOT CONVERGE
lda,poly,1000,10,4,1000,0.35661655105650425,4.214954442111775,7.415516338078305,DID NOT CONVERGE
lda,poly,1000,10,5,1000,0.3539004921913147,4.298424801090732,6.968448869884014,DID NOT CONVERGE
lda,poly,1000,100,1,1000,0.3544876161031425,4.229774700943381,4.912171063944697,DID NOT CONVERGE
lda,poly,1000,100,2,1000,0.35315472283400595,4.198314933804795,8.479659354081377,DID NOT CONVERGE
lda,poly,1000,100,3,1000,0.3534296101424843,4.238053809851408,6.029885387048125,DID NOT CONVERGE
lda,poly,1000,100,4,1000,0.35355077194981277,4.236196370096877,7.420411400031298,DID NOT CONVERGE
lda,poly,1000,100,5,1000,0.3544056040700525,4.235941412858665,6.9869203311391175,DID NOT CONVERGE
lda,poly,1000,1000,1,1000,0.3544050408527255,4.236867457861081,4.912959825946018,DID NOT CONVERGE
lda,poly,1000,1000,2,1000,0.35400650510564446,4.238262317143381,8.478850091109052,DID NOT CONVERGE
lda,poly,1000,1000,3,1000,0.3552409140393138,4.247292653890327,6.034527692943811,DID NOT CONVERGE
lda,poly,1000,1000,4,1000,0.35403469391167164,4.283438982907683,7.430276877013966,DID NOT CONVERGE
lda,poly,1000,1000,5,1000,0.35310329287312925,4.258473299909383,6.986379401059821,DID NOT CONVERGE
pca_50,linear,0.001,,,5000,1.094198697945103,0.5544636510312557,22.36525950417854,
pca_50,linear,0.01,,,5000,0.6054760408587754,0.4248320129700005,14.0634868030902,DID NOT CONVERGE
pca_50,linear,0.1,,,5000,0.508816814981401,0.4254710180684924,18.609234834788367,DID NOT CONVERGE
pca_50,linear,1,,,5000,0.4210809711366892,0.4275435449089855,27.529616975924,DID NOT CONVERGE
pca_50,linear,10,,,5000,0.3615267011336982,0.4288007391151041,30.142924688989297,DID NOT CONVERGE
pca_50,linear,100,,,5000,0.3583368160761893,0.42935232701711357,30.244422184070572,DID NOT CONVERGE
pca_50,linear,1000,,,5000,0.3618854540400207,0.4320866768248379,30.842881865100935,DID NOT CONVERGE
pca_100,linear,0.001,,,5000,0.4326120619662106,0.47666148422285914,38.958893459057435,
pca_100,linear,0.01,,,5000,0.36217757407575846,0.4756185489241034,27.635953648015857,DID NOT CONVERGE
pca_100,linear,0.1,,,5000,0.3668991639278829,0.47378263901919127,35.98603541799821,DID NOT CONVERGE
pca_100,linear,1,,,5000,0.3590336770284921,0.4735390080604702,57.028250853996724,DID NOT CONVERGE
pca_100,linear,10,,,5000,0.36295284889638424,0.47302088397555053,62.53598068305291,DID NOT CONVERGE
pca_100,linear,100,,,5000,0.3660885780118406,0.47565320087596774,62.48896563099697,DID NOT CONVERGE
pca_100,linear,1000,,,5000,0.3592382660135627,0.4756931681185961,62.46072318893857,DID NOT CONVERGE
pca_200,linear,0.001,,,5000,0.43667341489344835,0.5888680899515748,55.744448096025735,
pca_200,linear,0.01,,,5000,0.3735283659771085,0.5805934371892363,38.70752400904894,DID NOT CONVERGE
pca_200,linear,0.1,,,5000,0.3612134500872344,0.5828918509650975,50.502450244966894,DID NOT CONVERGE
pca_200,linear,1,,,5000,0.359967275056988,0.5809941820334643,76.40654464089312,DID NOT CONVERGE
pca_200,linear,10,,,5000,0.36325535806827247,0.5824300639797002,80.07725246693008,DID NOT CONVERGE
pca_200,linear,100,,,5000,0.3609787898603827,0.5787240620702505,80.12095352099277,DID NOT CONVERGE
pca_200,linear,1000,,,5000,0.36798667907714844,0.5806758829858154,80.14379811100662,DID NOT CONVERGE
lda,linear,0.001,,,5000,0.4003151338547468,5.1161296928767115,15.074720956850797,
lda,linear,0.01,,,5000,0.35967619018629193,4.4289189600385725,9.733916396973655,
lda,linear,0.1,,,5000,0.35902099194936454,4.305664224782959,9.56210166704841,DID NOT CONVERGE
lda,linear,1,,,5000,0.35798260406591,4.30375274294056,13.140714053995907,DID NOT CONVERGE
lda,linear,10,,,5000,0.3606972040142864,4.289467606926337,14.518057832028717,DID NOT CONVERGE
lda,linear,100,,,5000,0.36111196782439947,4.277711561881006,13.582702243933454,DID NOT CONVERGE
lda,linear,1000,,,5000,0.36436620890162885,4.265087602892891,13.259079047944397,DID NOT CONVERGE
pca_50,rbf,0.001,0.001,,5000,0.901732473867014,0.5162317368667573,257.2364897909574,DID NOT CONVERGE
pca_50,rbf,0.001,0.01,,5000,0.5063863999675959,0.4258890862111002,261.39825277309865,DID NOT CONVERGE
pca_50,rbf,0.001,0.1,,5000,0.39622852206230164,0.4256783879827708,247.2620689398609,DID NOT CONVERGE
pca_50,rbf,0.001,1,,5000,0.3576910179108381,0.42443895689211786,300.10736320517026,DID NOT CONVERGE
pca_50,rbf,0.001,10,,5000,0.3570495198946446,0.42443478386849165,243.78232788597234,DID NOT CONVERGE
pca_50,rbf,0.001,100,,5000,0.3590070230420679,0.42615422094240785,239.64155786600895,DID NOT CONVERGE
pca_50,rbf,0.001,1000,,5000,0.3582794228568673,0.4260467039421201,239.35718378890306,DID NOT CONVERGE
pca_50,rbf,0.01,0.001,,5000,0.3574199080467224,0.42376227700151503,117.5349702090025,
pca_50,rbf,0.01,0.01,,5000,0.3570771149825305,0.4251796999014914,174.8319661221467,DID NOT CONVERGE
pca_50,rbf,0.01,0.1,,5000,0.3601437530014664,0.4270127830095589,235.39732472109608,DID NOT CONVERGE
pca_50,rbf,0.01,1,,5000,0.35855911881662905,0.4277030739467591,288.42366618895903,DID NOT CONVERGE
pca_50,rbf,0.01,10,,5000,0.35835193400271237,0.42519822902977467,231.57024048501626,DID NOT CONVERGE
pca_50,rbf,0.01,100,,5000,0.4197515870910138,0.42684130393899977,227.1323158510495,DID NOT CONVERGE
pca_50,rbf,0.01,1000,,5000,0.41410392988473177,0.42561643198132515,226.8624805600848,DID NOT CONVERGE
pca_50,rbf,0.1,0.001,,5000,0.3750585881061852,0.4291602629236877,39.079319251002744,
pca_50,rbf,0.1,0.01,,5000,0.3825239429716021,0.4257560749538243,81.62187961605377,
pca_50,rbf,0.1,0.1,,5000,0.3576126340776682,0.4257555149961263,222.58144467603415,DID NOT CONVERGE
pca_50,rbf,0.1,1,,5000,0.3574774640146643,0.42476606788113713,288.3896401140373,DID NOT CONVERGE
pca_50,rbf,0.1,10,,5000,0.3722415880765766,0.42799198906868696,231.4478442328982,DID NOT CONVERGE
pca_50,rbf,0.1,100,,5000,0.3594395751133561,0.4274732079356909,227.06607669196092,DID NOT CONVERGE
pca_50,rbf,0.1,1000,,5000,0.3619321340229362,0.42547625000588596,226.90230436204,DID NOT CONVERGE
pca_50,rbf,1,0.001,,5000,0.37076355097815394,0.4253665541764349,18.045934020075947,
pca_50,rbf,1,0.01,,5000,0.37414315389469266,0.4276277420576662,56.513597682118416,DID NOT CONVERGE
pca_50,rbf,1,0.1,,5000,0.3583723430056125,0.42506775981746614,221.43906367802992,DID NOT CONVERGE
pca_50,rbf,1,1,,5000,0.40389185096137226,0.42696012603119016,297.07124624215066,DID NOT CONVERGE
pca_50,rbf,1,10,,5000,0.3634072451386601,0.39771543303504586,241.542559127789,DID NOT CONVERGE
pca_50,rbf,1,100,,5000,0.3713838818948716,0.4264186630025506,234.84041226794943,DID NOT CONVERGE
pca_50,rbf,1,1000,,5000,0.36882226704619825,0.42640583612956107,235.25229393900372,DID NOT CONVERGE
pca_50,rbf,10,0.001,,5000,0.3564160370733589,0.4266633950173855,12.362869346048683,DID NOT CONVERGE
pca_50,rbf,10,0.01,,5000,0.3569080058950931,0.4255886890459806,56.433222675928846,DID NOT CONVERGE
pca_50,rbf,10,0.1,,5000,0.3571297430898994,0.426490874029696,213.82356997183524,DID NOT CONVERGE
pca_50,rbf,10,1,,5000,0.356680931057781,0.4253673180937767,292.66152326902375,DID NOT CONVERGE
pca_50,rbf,10,10,,5000,0.37005695002153516,0.42602779413573444,236.76048708497547,DID NOT CONVERGE
pca_50,rbf,10,100,,5000,0.3569604861550033,0.4254586899187416,232.69301284011453,DID NOT CONVERGE
pca_50,rbf,10,1000,,5000,0.36999780405312777,0.42665680800564587,232.64197101793252,DID NOT CONVERGE
pca_50,rbf,100,0.001,,5000,0.36738387891091406,0.42678206600248814,11.065898753004149,DID NOT CONVERGE
pca_50,rbf,100,0.01,,5000,0.3566171971615404,0.42732347804121673,56.34627179522067,DID NOT CONVERGE
pca_50,rbf,100,0.1,,5000,0.35622955299913883,0.42662885691970587,213.9555241279304,DID NOT CONVERGE
pca_50,rbf,100,1,,5000,0.3604732269886881,0.4268614558968693,292.3023160370067,DID NOT CONVERGE
pca_50,rbf,100,10,,5000,0.3572462659794837,0.4005593820475042,236.70521271904,DID NOT CONVERGE
pca_50,rbf,100,100,,5000,0.35619625193066895,0.42582698492333293,232.62329412414692,DID NOT CONVERGE
pca_50,rbf,100,1000,,5000,0.3685000769328326,0.4262355968821794,232.49350453494117,DID NOT CONVERGE
pca_50,rbf,1000,0.001,,5000,0.3561922728549689,0.42537034186534584,11.152140707010403,DID NOT CONVERGE
pca_50,rbf,1000,0.01,,5000,0.35714225796982646,0.42465829802677035,56.25258104200475,DID NOT CONVERGE
pca_50,rbf,1000,0.1,,5000,0.3587198471650481,0.42905667913146317,214.0414505121298,DID NOT CONVERGE
pca_50,rbf,1000,1,,5000,0.3684938808437437,0.42622312786988914,292.56208498217165,DID NOT CONVERGE
pca_50,rbf,1000,10,,5000,0.35626986203715205,0.4250443768687546,236.80089797801338,DID NOT CONVERGE
pca_50,rbf,1000,100,,5000,0.3695738888345659,0.4269498048815876,232.79722798103467,DID NOT CONVERGE
pca_50,rbf,1000,1000,,5000,0.35702539305202663,0.4254603199660778,232.40133147896267,DID NOT CONVERGE
pca_100,rbf,0.001,0.001,,5000,0.4342774488031864,0.4804298379458487,537.1162011430133,DID NOT CONVERGE
pca_100,rbf,0.001,0.01,,5000,0.35738856019452214,0.47682928293943405,540.2592351739295,DID NOT CONVERGE
pca_100,rbf,0.001,0.1,,5000,0.35605979012325406,0.47709669708274305,514.2289389211219,DID NOT CONVERGE
pca_100,rbf,0.001,1,,5000,0.3564319049473852,0.47767119109630585,566.7619663449004,DID NOT CONVERGE
pca_100,rbf,0.001,10,,5000,0.3565086559392512,0.4754895980004221,511.46698654606007,DID NOT CONVERGE
pca_100,rbf,0.001,100,,5000,0.3703651709947735,0.47873171186074615,508.797515315935,DID NOT CONVERGE
pca_100,rbf,0.001,1000,,5000,0.3564845530781895,0.47633955883793533,508.538526883116,DID NOT CONVERGE
pca_100,rbf,0.01,0.001,,5000,0.36040800297632813,0.47750699101015925,251.19983766996302,
pca_100,rbf,0.01,0.01,,5000,0.35576466703787446,0.48218709882348776,436.23480018693954,DID NOT CONVERGE
pca_100,rbf,0.01,0.1,,5000,0.3592291451059282,0.47762734396383166,514.304327365011,DID NOT CONVERGE
pca_100,rbf,0.01,1,,5000,0.3572916560806334,0.47725228196941316,566.7511837838683,DID NOT CONVERGE
pca_100,rbf,0.01,10,,5000,0.36921262298710644,0.47776599507778883,511.40227151080035,DID NOT CONVERGE
pca_100,rbf,0.01,100,,5000,0.3571632490493357,0.4769342578947544,508.778569746064,DID NOT CONVERGE
pca_100,rbf,0.01,1000,,5000,0.35663708415813744,0.47587532619945705,508.48347377590835,DID NOT CONVERGE
pca_100,rbf,0.1,0.001,,5000,0.3563861979637295,0.4773089028894901,89.39373042900115,
pca_100,rbf,0.1,0.01,,5000,0.355912318918854,0.47751880809664726,227.72978015290573,
pca_100,rbf,0.1,0.1,,5000,0.3554523841012269,0.4748942849691957,495.2402041440364,DID NOT CONVERGE
pca_100,rbf,0.1,1,,5000,0.3584699530620128,0.47660960792563856,567.0271892538294,DID NOT CONVERGE
pca_100,rbf,0.1,10,,5000,0.35538788605481386,0.47536465199664235,512.115578767145,DID NOT CONVERGE
pca_100,rbf,0.1,100,,5000,0.4309575220104307,0.47986605600453913,505.0659164150711,DID NOT CONVERGE
pca_100,rbf,0.1,1000,,5000,0.3592827708926052,0.45386503799818456,505.0404266328551,DID NOT CONVERGE
pca_100,rbf,1,0.001,,5000,0.3539158869534731,0.4529582280665636,41.817832719068974,
pca_100,rbf,1,0.01,,5000,0.3535612241830677,0.4557207520119846,148.4037688151002,DID NOT CONVERGE
pca_100,rbf,1,0.1,,5000,0.3550568961072713,0.45380056207068264,469.6060697401408,DID NOT CONVERGE
pca_100,rbf,1,1,,5000,0.3527827230282128,0.46375722205266356,720.7236950059887,DID NOT CONVERGE
pca_100,rbf,1,10,,5000,1.1232988678384572,2.264178123092279,956.4113869171124,DID NOT CONVERGE
pca_100,rbf,1,100,,5000,1.7082778620533645,2.6232190320733935,720.6963143299799,DID NOT CONVERGE
pca_100,rbf,1,1000,,5000,0.682742539094761,0.44926142413169146,508.47302072518505,DID NOT CONVERGE
pca_100,rbf,10,0.001,,5000,0.47463188297115266,0.4508084210101515,28.47895188606344,DID NOT CONVERGE
pca_100,rbf,10,0.01,,5000,0.3605582679156214,0.44959456799551845,148.56535303406417,DID NOT CONVERGE
pca_100,rbf,10,0.1,,5000,0.35866125021129847,0.4501513340510428,476.5047899859492,DID NOT CONVERGE
pca_100,rbf,10,1,,5000,0.35912975715473294,0.4522676810156554,563.9793264709879,DID NOT CONVERGE
pca_100,rbf,10,10,,5000,0.400902773020789,0.4496452398598194,509.51501294993795,DID NOT CONVERGE
pca_100,rbf,10,100,,5000,0.41835259390063584,0.4508686289191246,506.76139905001037,DID NOT CONVERGE
pca_100,rbf,10,1000,,5000,0.38711676793172956,0.4507250639144331,506.6398980959784,DID NOT CONVERGE
pca_100,rbf,100,0.001,,5000,0.3896066991146654,0.45541652804240584,25.35856895498,DID NOT CONVERGE
pca_100,rbf,100,0.01,,5000,0.3964323599357158,0.45014205086044967,148.39954527211376,DID NOT CONVERGE
pca_100,rbf,100,0.1,,5000,0.3698062519542873,0.4502875681500882,476.06605541100726,DID NOT CONVERGE
pca_100,rbf,100,1,,5000,0.3828142019920051,0.4512793130706996,564.5027652159333,DID NOT CONVERGE
pca_100,rbf,100,10,,5000,0.6973823169246316,0.4486891790293157,509.4427613669541,DID NOT CONVERGE
pca_100,rbf,100,100,,5000,0.6129867830313742,0.45014305994845927,506.69601761503145,DID NOT CONVERGE
pca_100,rbf,100,1000,,5000,0.46007377398200333,0.44940789113752544,506.7734328149818,DID NOT CONVERGE
pca_100,rbf,1000,0.001,,5000,0.36459653498604894,0.4536596180405468,25.165285788010806,DID NOT CONVERGE
pca_100,rbf,1000,0.01,,5000,0.3588495950680226,0.4497998009901494,148.47141129500233,DID NOT CONVERGE
pca_100,rbf,1000,0.1,,5000,0.3604211751371622,0.4498574840836227,476.22139440011233,DID NOT CONVERGE
pca_100,rbf,1000,1,,5000,0.35802509589120746,0.45013487502001226,563.9729798999615,DID NOT CONVERGE
pca_100,rbf,1000,10,,5000,0.35833874391391873,0.45230793696828187,509.6863442410249,DID NOT CONVERGE
pca_100,rbf,1000,100,,5000,0.3581999980378896,0.4509675719309598,506.7712775210384,DID NOT CONVERGE
pca_100,rbf,1000,1000,,5000,0.3582435760181397,0.44956125202588737,506.84908997197635,DID NOT CONVERGE
pca_200,rbf,0.001,0.001,,5000,0.3916381378658116,0.5571521008387208,754.1256913680118,DID NOT CONVERGE
pca_200,rbf,0.001,0.01,,5000,0.36025096103549004,0.5537295187823474,758.3381820500363,DID NOT CONVERGE
pca_200,rbf,0.001,0.1,,5000,0.35931698721833527,0.5542000220157206,726.2493928328622,DID NOT CONVERGE
pca_200,rbf,0.001,1,,5000,0.36086160503327847,0.5511687439866364,796.7703570930753,DID NOT CONVERGE
pca_200,rbf,0.001,10,,5000,0.3596935679670423,0.5531792640686035,727.2857370099518,DID NOT CONVERGE
pca_200,rbf,0.001,100,,5000,0.35954977897927165,0.5519069989677519,724.6616968039889,DID NOT CONVERGE
pca_200,rbf,0.001,1000,,5000,0.35965364216826856,0.5513459539506584,724.7181296551134,DID NOT CONVERGE
pca_200,rbf,0.01,0.001,,5000,0.363145848037675,0.548780333949253,369.98569469805807,
pca_200,rbf,0.01,0.01,,5000,0.3581227760296315,0.5491342968307436,664.221880704863,DID NOT CONVERGE
pca_200,rbf,0.01,0.1,,5000,0.35909010795876384,0.5497858950402588,726.0214733860921,DID NOT CONVERGE
pca_200,rbf,0.01,1,,5000,0.3590761290397495,0.5504610170610249,796.5684173291083,DID NOT CONVERGE
pca_200,rbf,0.01,10,,5000,0.35946778603829443,0.5488717851694673,727.0600548931397,DID NOT CONVERGE
pca_200,rbf,0.01,100,,5000,0.35900950501672924,0.5486920541152358,725.0737342401408,DID NOT CONVERGE
pca_200,rbf,0.01,1000,,5000,0.3629161468707025,0.549270334886387,724.8174553548452,DID NOT CONVERGE
pca_200,rbf,0.1,0.001,,5000,0.3598844800144434,0.546662223059684,133.81110344198532,
pca_200,rbf,0.1,0.01,,5000,0.35931515507400036,0.5464988029561937,410.24350626789965,DID NOT CONVERGE
pca_200,rbf,0.1,0.1,,5000,0.3594725278671831,0.552171713905409,722.8322832051199,DID NOT CONVERGE
pca_200,rbf,0.1,1,,5000,0.36323706596158445,0.5537627399899065,797.1083853929304,DID NOT CONVERGE
pca_200,rbf,0.1,10,,5000,0.3599396550562233,0.5515009388327599,727.3052763191517,DID NOT CONVERGE
pca_200,rbf,0.1,100,,5000,0.35922264587134123,0.5510728459339589,725.1858290580567,DID NOT CONVERGE
pca_200,rbf,0.1,1000,,5000,0.35990335210226476,0.5503543759696186,725.4238378519658,DID NOT CONVERGE
pca_200,rbf,1,0.001,,5000,0.3598012300208211,0.5514181649778038,65.61408956698142,
pca_200,rbf,1,0.01,,5000,0.3590207688976079,0.5573509780224413,292.89523013611324,DID NOT CONVERGE
pca_200,rbf,1,0.1,,5000,0.37558905384503305,0.5810691949445754,703.0606350130402,DID NOT CONVERGE
pca_200,rbf,1,1,,5000,0.3597387340851128,0.5889364229515195,796.7146653789096,DID NOT CONVERGE
pca_200,rbf,1,10,,5000,0.3587558779399842,0.6165483701042831,726.9498219969682,DID NOT CONVERGE
pca_200,rbf,1,100,,5000,0.3598041571676731,0.5816352919209749,725.3374382390175,DID NOT CONVERGE
pca_200,rbf,1,1000,,5000,0.36048113484866917,0.582385698100552,725.7554792719893,DID NOT CONVERGE
pca_200,rbf,10,0.001,,5000,0.3595665320754051,0.5801519390661269,48.46300395508297,DID NOT CONVERGE
pca_200,rbf,10,0.01,,5000,0.3591838909778744,0.587639485951513,296.7111325468868,DID NOT CONVERGE
pca_200,rbf,10,0.1,,5000,0.3680015041027218,0.5809558329638094,709.5185321520548,DID NOT CONVERGE
pca_200,rbf,10,1,,5000,0.3608956839889288,0.5822856989689171,795.5996465769131,DID NOT CONVERGE
pca_200,rbf,10,10,,5000,0.36224374710582197,0.5797550699207932,726.0939191628713,DID NOT CONVERGE
pca_200,rbf,10,100,,5000,0.35938072693534195,0.582896834006533,723.7105262440164,DID NOT CONVERGE
pca_200,rbf,10,1000,,5000,0.35887759109027684,0.5839257079642266,723.5563546961639,DID NOT CONVERGE
pca_200,rbf,100,0.001,,5000,0.35984570579603314,0.581444158917293,44.735871186014265,DID NOT CONVERGE
pca_200,rbf,100,0.01,,5000,0.35943686007522047,0.5818750159814954,296.61625313782133,DID NOT CONVERGE
pca_200,rbf,100,0.1,,5000,0.35973722697235644,0.5830541781615466,709.1757983879652,DID NOT CONVERGE
pca_200,rbf,100,1,,5000,0.36056011100299656,0.5793343358673155,795.4218771290034,DID NOT CONVERGE
pca_200,rbf,100,10,,5000,0.359508563997224,0.557594747049734,725.9122359061148,DID NOT CONVERGE
pca_200,rbf,100,100,,5000,0.3597150179557502,0.5581066110171378,723.9773714661133,DID NOT CONVERGE
pca_200,rbf,100,1000,,5000,0.35982525488361716,0.5569941748399287,724.0310182459652,DID NOT CONVERGE
pca_200,rbf,1000,0.001,,5000,0.3595800769980997,0.527586478041485,44.719322461867705,DID NOT CONVERGE
pca_200,rbf,1000,0.01,,5000,0.3589128169696778,0.5529292940627784,296.67395898187533,DID NOT CONVERGE
pca_200,rbf,1000,0.1,,5000,0.35963584017008543,0.5543841300532222,709.4991056218278,DID NOT CONVERGE
pca_200,rbf,1000,1,,5000,0.35959139512851834,0.5492533280048519,795.7807667949237,DID NOT CONVERGE
pca_200,rbf,1000,10,,5000,0.35930202691815794,0.5501569930929691,726.6031531980261,DID NOT CONVERGE
pca_200,rbf,1000,100,,5000,0.3593344718683511,0.577396655920893,724.5234969188459,DID NOT CONVERGE
pca_200,rbf,1000,1000,,5000,0.3603390820790082,0.5799094950780272,723.855457104044,DID NOT CONVERGE
lda,rbf,0.001,0.001,,5000,0.4247770889196545,5.415499981958419,160.98681614804082,DID NOT CONVERGE
lda,rbf,0.001,0.01,,5000,0.3590442829299718,4.504662257852033,133.30570286000147,DID NOT CONVERGE
lda,rbf,0.001,0.1,,5000,0.35952671989798546,4.293813996948302,130.57284497097135,DID NOT CONVERGE
lda,rbf,0.001,1,,5000,0.35876222304068506,4.313530792016536,161.60763843893073,DID NOT CONVERGE
lda,rbf,0.001,10,,5000,0.3602427369914949,4.301331498892978,184.88003248302266,DID NOT CONVERGE
lda,rbf,0.001,100,,5000,0.3585881870239973,4.3359144979622215,170.20702912914567,DID NOT CONVERGE
lda,rbf,0.001,1000,,5000,0.35859060613438487,4.336289757164195,146.89789388119243,DID NOT CONVERGE
lda,rbf,0.01,0.001,,5000,0.35914372210390866,4.289148194016889,116.55994475912303,DID NOT CONVERGE
lda,rbf,0.01,0.01,,5000,0.35931864217855036,4.305289381882176,42.538627641042694,
lda,rbf,0.01,0.1,,5000,0.35957378102466464,4.277418249985203,44.000156661029905,
lda,rbf,0.01,1,,5000,0.35903614689596,4.308172480901703,154.0450027899351,DID NOT CONVERGE
lda,rbf,0.01,10,,5000,0.3592547189909965,4.349237707909197,184.72093041497283,DID NOT CONVERGE
lda,rbf,0.01,100,,5000,0.3588168118149042,4.318902772152796,169.71800299407914,DID NOT CONVERGE
lda,rbf,0.01,1000,,5000,0.35992917604744434,4.301020279992372,146.87218841118738,DID NOT CONVERGE
lda,rbf,0.1,0.001,,5000,0.3585929870605469,4.319162796018645,39.673453881870955,
lda,rbf,0.1,0.01,,5000,0.3584875969681889,4.330571973929182,18.755216798046604,
lda,rbf,0.1,0.1,,5000,0.36040959204547107,4.31190468207933,18.54788612294942,
lda,rbf,0.1,1,,5000,0.35870057391002774,4.3221531310118735,127.49275583494455,DID NOT CONVERGE
lda,rbf,0.1,10,,5000,0.35869146697223186,4.302886182907969,184.86578296590596,DID NOT CONVERGE
lda,rbf,0.1,100,,5000,0.35923832980915904,4.584802561905235,169.74103176407516,DID NOT CONVERGE
lda,rbf,0.1,1000,,5000,0.35996022215113044,4.434536783955991,146.95857117697597,DID NOT CONVERGE
lda,rbf,1,0.001,,5000,0.3596630298998207,4.295946824830025,18.399428870994598,
lda,rbf,1,0.01,,5000,0.35909074801020324,4.293290114030242,12.119669656967744,
lda,rbf,1,0.1,,5000,0.35933324694633484,4.3193738700356334,12.500885834917426,
lda,rbf,1,1,,5000,0.3589400870259851,4.2819916929584,101.95389046217315,DID NOT CONVERGE
lda,rbf,1,10,,5000,0.3595170518383384,4.309634767007083,180.72908345703036,DID NOT CONVERGE
lda,rbf,1,100,,5000,0.3595008661504835,4.322001452092081,169.54960538097657,DID NOT CONVERGE
lda,rbf,1,1000,,5000,0.35907486686483026,4.343568330863491,146.78098354814574,DID NOT CONVERGE
lda,rbf,10,0.001,,5000,0.35945931007154286,4.3231223579496145,13.028061215067282,
lda,rbf,10,0.01,,5000,0.35961281694471836,4.288841515081003,10.551722436910495,DID NOT CONVERGE
lda,rbf,10,0.1,,5000,0.3595846330281347,4.304998094914481,11.774123099865392,DID NOT CONVERGE
lda,rbf,10,1,,5000,0.3620707399677485,4.310700895963237,101.99532528687268,DID NOT CONVERGE
lda,rbf,10,10,,5000,0.35878507792949677,4.3276742559392005,178.922282516025,DID NOT CONVERGE
lda,rbf,10,100,,5000,0.3588313590735197,4.331444273935631,168.44095564098097,DID NOT CONVERGE
lda,rbf,10,1000,,5000,0.35914246179163456,4.320417855866253,283.93630547402427,DID NOT CONVERGE
lda,rbf,100,0.001,,5000,0.842186045832932,47.263004363980144,25.85670391097665,DID NOT CONVERGE
lda,rbf,100,0.01,,5000,0.593994484981522,52.17171129304916,29.074756004847586,DID NOT CONVERGE
lda,rbf,100,0.1,,5000,0.5493433680385351,17.185319470940158,14.015444532036781,DID NOT CONVERGE
lda,rbf,100,1,,5000,0.690567335113883,30.61607464402914,270.86491481307894,DID NOT CONVERGE
lda,rbf,100,10,,5000,0.48801058693788946,42.34892459004186,511.9988309009932,DID NOT CONVERGE
lda,rbf,100,100,,5000,1.9081346578896046,32.236128591932356,517.0038734348491,DID NOT CONVERGE
lda,rbf,100,1000,,5000,0.9466158410068601,5.1032640230841935,146.19216038100421,DID NOT CONVERGE
lda,rbf,1000,0.001,,5000,0.35942178196273744,4.469045617152005,16.58371785702184,DID NOT CONVERGE
lda,rbf,1000,0.01,,5000,0.3630663708318025,4.316159288864583,20.22579688904807,DID NOT CONVERGE
lda,rbf,1000,0.1,,5000,0.3589033139869571,4.3129608479794115,12.856936067109928,DID NOT CONVERGE
lda,rbf,1000,1,,5000,0.36022006208077073,4.328864057082683,101.73404478398152,DID NOT CONVERGE
lda,rbf,1000,10,,5000,0.35883172298781574,4.36786678689532,178.91052028397098,DID NOT CONVERGE
lda,rbf,1000,100,,5000,0.3613786241039634,4.3444549650885165,168.25626498810016,DID NOT CONVERGE
lda,rbf,1000,1000,,5000,0.3593621519394219,4.2844114769250154,146.13138984004036,DID NOT CONVERGE
pca_50,poly,0.001,0.001,1,5000,1.117728310986422,0.454150578007102,200.93139757600147,DID NOT CONVERGE
pca_50,poly,0.001,0.001,2,5000,0.5331691079773009,0.4206038679694757,247.97908505809028,DID NOT CONVERGE
pca_50,poly,0.001,0.001,3,5000,0.419726351974532,0.42206803406588733,205.15089033101685,DID NOT CONVERGE
pca_50,poly,0.001,0.001,4,5000,0.39242769696284086,0.42237476690206677,207.00771522999275,DID NOT CONVERGE
pca_50,poly,0.001,0.001,5,5000,0.3567839089082554,0.41972964396700263,206.04406846303027,DID NOT CONVERGE
pca_50,poly,0.001,0.01,1,5000,0.35621844104025513,0.42010230803862214,103.00723520002794,
pca_50,poly,0.001,0.01,2,5000,0.35663926997222006,0.4207225589780137,101.84978024102747,
pca_50,poly,0.001,0.01,3,5000,0.358047288027592,0.42221528792288154,78.9222519119503,
pca_50,poly,0.001,0.01,4,5000,0.3778596839401871,0.42319343390408903,73.40136539994273,
pca_50,poly,0.001,0.01,5,5000,0.3580463939579204,0.42130984808318317,64.88234879495576,DID NOT CONVERGE
pca_50,poly,0.001,0.1,1,5000,0.37002315605059266,0.41986239701509476,36.22931115096435,
pca_50,poly,0.001,0.1,2,5000,0.35737585893366486,0.42029457399621606,15.00203906209208,DID NOT CONVERGE
pca_50,poly,0.001,0.1,3,5000,0.3577013759640977,0.41995605698321015,11.647162912064232,DID NOT CONVERGE
pca_50,poly,0.001,0.1,4,5000,0.35662408894859254,0.42054682096932083,15.753794129937887,DID NOT CONVERGE
pca_50,poly,0.001,0.1,5,5000,0.3586058309301734,0.4181813340401277,17.771457549999468,DID NOT CONVERGE
pca_50,poly,0.001,1,1,5000,0.3591255199862644,0.4222829589853063,17.62477321201004,
pca_50,poly,0.001,1,2,5000,0.3566183539805934,0.41756554902531207,9.356607905006967,DID NOT CONVERGE
pca_50,poly,0.001,1,3,5000,0.35823963093571365,0.3954590020002797,11.230809943983331,DID NOT CONVERGE
pca_50,poly,0.001,1,4,5000,0.359370871912688,0.42422986205201596,15.72998581896536,DID NOT CONVERGE
pca_50,poly,0.001,1,5,5000,0.35769221605733037,0.4219114739680663,17.758128800895065,DID NOT CONVERGE
pca_50,poly,0.001,10,1,5000,0.3579295939998701,0.42338261601980776,13.626857095980085,DID NOT CONVERGE
pca_50,poly,0.001,10,2,5000,0.35659012594260275,0.42467854905407876,9.361976890009828,DID NOT CONVERGE
pca_50,poly,0.001,10,3,5000,0.35711568605620414,0.42307405499741435,11.269191453931853,DID NOT CONVERGE
pca_50,poly,0.001,10,4,5000,0.3580847290577367,0.42292520601768047,15.780612653004937,DID NOT CONVERGE
pca_50,poly,0.001,10,5,5000,0.35677620698697865,0.4229591080220416,17.663234240026213,DID NOT CONVERGE
pca_50,poly,0.001,100,1,5000,0.3575865930179134,0.4222827620105818,18.739301170920953,DID NOT CONVERGE
pca_50,poly,0.001,100,2,5000,0.3567764600738883,0.4287990089505911,9.350497001083568,DID NOT CONVERGE
pca_50,poly,0.001,100,3,5000,0.3578700280049816,0.4220539570087567,11.212255343911238,DID NOT CONVERGE
pca_50,poly,0.001,100,4,5000,0.35615955700632185,0.42155118100345135,15.73180535400752,DID NOT CONVERGE
pca_50,poly,0.001,100,5,5000,0.3562704090727493,0.4224170179804787,17.843901213025674,DID NOT CONVERGE
pca_50,poly,0.001,1000,1,5000,0.3578963429899886,0.42355144605971873,27.248404082958587,DID NOT CONVERGE
pca_50,poly,0.001,1000,2,5000,0.357491445960477,0.4220323449699208,9.341442096978426,DID NOT CONVERGE
pca_50,poly,0.001,1000,3,5000,0.3576928270049393,0.4231440119910985,11.271135197021067,DID NOT CONVERGE
pca_50,poly,0.001,1000,4,5000,0.35645458195358515,0.4223918030038476,15.752212270046584,DID NOT CONVERGE
pca_50,poly,0.001,1000,5,5000,0.35716692195273936,0.4237749909516424,17.751882086042315,DID NOT CONVERGE
pca_50,poly,0.01,0.001,1,5000,0.3570837969891727,0.4221451949561015,99.09686948196031,
pca_50,poly,0.01,0.001,2,5000,0.356975425966084,0.42201953404583037,193.28448867006227,DID NOT CONVERGE
pca_50,poly,0.01,0.001,3,5000,0.3573483219370246,0.4238610389875248,199.142123430036,DID NOT CONVERGE
pca_50,poly,0.01,0.001,4,5000,0.3576028069946915,0.42231129005085677,201.03353140794206,DID NOT CONVERGE
pca_50,poly,0.01,0.001,5,5000,0.35679928003810346,0.422097233007662,200.38264799898025,DID NOT CONVERGE
pca_50,poly,0.01,0.01,1,5000,0.3575041069416329,0.4242234230041504,36.46725958096795,
pca_50,poly,0.01,0.01,2,5000,0.3572611859999597,0.42393606796395034,34.47773948707618,
pca_50,poly,0.01,0.01,3,5000,0.35769315401557833,0.4233370029833168,28.79357344005257,
pca_50,poly,0.01,0.01,4,5000,0.35737728397361934,0.4238555380143225,31.244131161016412,DID NOT CONVERGE
pca_50,poly,0.01,0.01,5,5000,0.36045763501897454,0.4236349150305614,30.53792707400862,DID NOT CONVERGE
pca_50,poly,0.01,0.1,1,5000,0.35741058201529086,0.42222531302832067,17.605707644019276,
pca_50,poly,0.01,0.1,2,5000,0.35825131507590413,0.4213187179993838,10.11859775998164,DID NOT CONVERGE
pca_50,poly,0.01,0.1,3,5000,0.3572136720176786,0.42216342710889876,11.276007793028839,DID NOT CONVERGE
pca_50,poly,0.01,0.1,4,5000,0.3594610228901729,0.42265206691809,15.750915504992008,DID NOT CONVERGE
pca_50,poly,0.01,0.1,5,5000,0.3567434090655297,0.4228468450019136,17.77687804598827,DID NOT CONVERGE
pca_50,poly,0.01,1,1,5000,0.35955604002811015,0.4216024379711598,13.621247536037117,DID NOT CONVERGE
pca_50,poly,0.01,1,2,5000,0.35844026994891465,0.4220491918968037,9.334714427008294,DID NOT CONVERGE
pca_50,poly,0.01,1,3,5000,0.35762438701931387,0.42263293405994773,11.225670143961906,DID NOT CONVERGE
pca_50,poly,0.01,1,4,5000,0.358953335089609,0.43126430304255337,15.735431508976035,DID NOT CONVERGE
pca_50,poly,0.01,1,5,5000,0.35973967204336077,0.4219924450153485,17.753775191958994,DID NOT CONVERGE
pca_50,poly,0.01,10,1,5000,0.35832468804437667,0.42216015502344817,18.683586603030562,DID NOT CONVERGE
pca_50,poly,0.01,10,2,5000,0.3599384860135615,0.4232348930090666,9.340115248924121,DID NOT CONVERGE
pca_50,poly,0.01,10,3,5000,0.3569870500359684,0.4241386139765382,11.253837715950795,DID NOT CONVERGE
pca_50,poly,0.01,10,4,5000,0.35687419201713055,0.4280921770259738,15.752595786936581,DID NOT CONVERGE
pca_50,poly,0.01,10,5,5000,0.35808631300460547,0.4220290770754218,17.632957302965224,DID NOT CONVERGE
pca_50,poly,0.01,100,1,5000,0.3574170629726723,0.42292191297747195,27.231190641992725,DID NOT CONVERGE
pca_50,poly,0.01,100,2,5000,0.35903180693276227,0.4205794209847227,9.327805832028389,DID NOT CONVERGE
pca_50,poly,0.01,100,3,5000,0.35734998900443316,0.42126585298683494,11.208986987941898,DID NOT CONVERGE
pca_50,poly,0.01,100,4,5000,0.35754128405824304,0.42058792000170797,15.726862689014524,DID NOT CONVERGE
pca_50,poly,0.01,100,5,5000,0.36809622193686664,0.4216343139996752,17.80929516197648,DID NOT CONVERGE
pca_50,poly,0.01,1000,1,5000,0.3567485630046576,0.4528862030711025,29.926111333072186,DID NOT CONVERGE
pca_50,poly,0.01,1000,2,5000,0.3579268669709563,0.42270012700464576,9.331652401015162,DID NOT CONVERGE
pca_50,poly,0.01,1000,3,5000,0.3647257670527324,0.4214982190169394,11.245622766087763,DID NOT CONVERGE
pca_50,poly,0.01,1000,4,5000,0.3564268049085513,0.42120402306318283,15.73745215695817,DID NOT CONVERGE
pca_50,poly,0.01,1000,5,5000,0.35892852605320513,0.421231713029556,17.800099666928872,DID NOT CONVERGE
pca_50,poly,0.1,0.001,1,5000,0.358570180949755,0.4226673119701445,36.16330931801349,
pca_50,poly,0.1,0.001,2,5000,0.35855756199453026,0.42224446509499103,97.88552778202575,
pca_50,poly,0.1,0.001,3,5000,0.3567454050062224,0.42173623805865645,167.39387840696145,DID NOT CONVERGE
pca_50,poly,0.1,0.001,4,5000,0.3569867410697043,0.42380560899619013,194.09014083910733,DID NOT CONVERGE
pca_50,poly,0.1,0.001,5,5000,0.35748360701836646,0.4209657079773024,197.9358432199806,DID NOT CONVERGE
pca_50,poly,0.1,0.01,1,5000,0.35887261398602277,0.42300827405415475,17.614310530014336,
pca_50,poly,0.1,0.01,2,5000,0.356199162080884,0.3997297650203109,14.72268288093619,DID NOT CONVERGE
pca_50,poly,0.1,0.01,3,5000,0.355525383958593,0.41924873599782586,14.181886721984483,DID NOT CONVERGE
pca_50,poly,0.1,0.01,4,5000,0.35621181107126176,0.4188921900931746,18.027948856004514,DID NOT CONVERGE
pca_50,poly,0.1,0.01,5,5000,0.3564787289360538,0.4192096730694175,19.257695634034462,DID NOT CONVERGE
pca_50,poly,0.1,0.1,1,5000,0.3554492499679327,0.41904843889642507,13.403591381036676,DID NOT CONVERGE
pca_50,poly,0.1,0.1,2,5000,0.355787671986036,0.4167249830206856,9.251382331945933,DID NOT CONVERGE
pca_50,poly,0.1,0.1,3,5000,0.35553196899127215,0.41797844995744526,11.086759248981252,DID NOT CONVERGE
pca_50,poly,0.1,0.1,4,5000,0.35446512198541313,0.41793177800718695,15.467296104994603,DID NOT CONVERGE
pca_50,poly,0.1,0.1,5,5000,0.35577052796725184,0.41802935604937375,17.44762606592849,DID NOT CONVERGE
pca_50,poly,0.1,1,1,5000,0.35770938999485224,0.4173740560654551,18.310985465999693,DID NOT CONVERGE
pca_50,poly,0.1,1,2,5000,0.35493996110744774,0.4174212359357625,9.199863587971777,DID NOT CONVERGE
pca_50,poly,0.1,1,3,5000,0.35536142194177955,0.419857093016617,11.0351819350617,DID NOT CONVERGE
pca_50,poly,0.1,1,4,5000,0.35491982696112245,0.4179675580235198,15.408615769003518,DID NOT CONVERGE
pca_50,poly,0.1,1,5,5000,0.3552808869862929,0.4179806439206004,17.40295270702336,DID NOT CONVERGE
pca_50,poly,0.1,10,1,5000,0.3549983008997515,0.41806193499360234,26.847331586992368,DID NOT CONVERGE
pca_50,poly,0.1,10,2,5000,0.35442003700882196,0.4179027510108426,9.17878009704873,DID NOT CONVERGE
pca_50,poly,0.1,10,3,5000,0.35646677296608686,0.41686749493237585,11.054355052066967,DID NOT CONVERGE
pca_50,poly,0.1,10,4,5000,0.3597249719314277,0.4208604929735884,15.4330537969945,DID NOT CONVERGE
pca_50,poly,0.1,10,5,5000,0.35737501096446067,0.4250974210444838,17.34904613706749,DID NOT CONVERGE
pca_50,poly,0.1,100,1,5000,0.3564268379705027,0.4189821290783584,29.35665870097,DID NOT CONVERGE
pca_50,poly,0.1,100,2,5000,0.3554560400079936,0.4193880199454725,9.176231621997431,DID NOT CONVERGE
pca_50,poly,0.1,100,3,5000,0.3567586379358545,0.418806393048726,11.016660397057422,DID NOT CONVERGE
pca_50,poly,0.1,100,4,5000,0.3551374700618908,0.41967491805553436,15.423000017064624,DID NOT CONVERGE
pca_50,poly,0.1,100,5,5000,0.3563909559743479,0.4190699920291081,17.466383097926155,DID NOT CONVERGE
pca_50,poly,0.1,1000,1,5000,0.35542187897954136,0.4205456650815904,29.71768451295793,DID NOT CONVERGE
pca_50,poly,0.1,1000,2,5000,0.3551967809908092,0.41771899396553636,9.198375581996515,DID NOT CONVERGE
pca_50,poly,0.1,1000,3,5000,0.3543464809190482,0.4179483810439706,11.08925364294555,DID NOT CONVERGE
pca_50,poly,0.1,1000,4,5000,0.35524997499305755,0.4214686210034415,15.441230651922524,DID NOT CONVERGE
pca_50,poly,0.1,1000,5,5000,0.3556346599943936,0.41913178900722414,17.411292852950282,DID NOT CONVERGE
pca_50,poly,1,0.001,1,5000,0.3547828510636464,0.41789745492860675,17.213389787008055,
pca_50,poly,1,0.001,2,5000,0.3556208451045677,0.41820794192608446,33.664989269920625,
pca_50,poly,1,0.001,3,5000,0.3560914120171219,0.41758165997453034,75.1656235359842,
pca_50,poly,1,0.001,4,5000,0.35579976602457464,0.4176426948979497,144.686557285022,DID NOT CONVERGE
pca_50,poly,1,0.001,5,5000,0.355481636011973,0.41762706101872027,175.1847306820564,DID NOT CONVERGE
pca_50,poly,1,0.01,1,5000,0.3567197209922597,0.41736036096699536,13.365544337080792,DID NOT CONVERGE
pca_50,poly,1,0.01,2,5000,0.3569230840075761,0.419062830042094,9.942337917978875,DID NOT CONVERGE
pca_50,poly,1,0.01,3,5000,0.35639245505444705,0.4197137859882787,11.444104537018575,DID NOT CONVERGE
pca_50,poly,1,0.01,4,5000,0.3557435340480879,0.4181293100118637,15.57100747001823,DID NOT CONVERGE
pca_50,poly,1,0.01,5,5000,0.3555900410283357,0.4181719479383901,17.573952689068392,DID NOT CONVERGE
pca_50,poly,1,0.1,1,5000,0.35512244899291545,0.4185034229885787,18.462646492989734,DID NOT CONVERGE
pca_50,poly,1,0.1,2,5000,0.3560125370277092,0.42014120100066066,9.205149643006735,DID NOT CONVERGE
pca_50,poly,1,0.1,3,5000,0.35671383992303163,0.4206740070367232,11.092676246073097,DID NOT CONVERGE
pca_50,poly,1,0.1,4,5000,0.3563233440509066,0.41916975809726864,15.45350756100379,DID NOT CONVERGE
pca_50,poly,1,0.1,5,5000,0.3556097240652889,0.41799473704304546,17.455511345993727,DID NOT CONVERGE
pca_50,poly,1,1,1,5000,0.3577655360568315,0.41827982501126826,26.875391236972064,DID NOT CONVERGE
pca_50,poly,1,1,2,5000,0.35513208503834903,0.41811997606419027,9.21884827199392,DID NOT CONVERGE
pca_50,poly,1,1,3,5000,0.35507372894790024,0.41873999789822847,11.100182825000957,DID NOT CONVERGE
pca_50,poly,1,1,4,5000,0.3546015809988603,0.4179774159565568,15.460837421007454,DID NOT CONVERGE
pca_50,poly,1,1,5,5000,0.3567230600165203,0.4175756910117343,17.431380487047136,DID NOT CONVERGE
pca_50,poly,1,10,1,5000,0.35689471499063075,0.4190178900025785,29.50258725893218,DID NOT CONVERGE
pca_50,poly,1,10,2,5000,0.35619656497146934,0.4181602450553328,9.185556945041753,DID NOT CONVERGE
pca_50,poly,1,10,3,5000,0.3574116490781307,0.419061291962862,11.093404666054994,DID NOT CONVERGE
pca_50,poly,1,10,4,5000,0.35569661599583924,0.4184523889562115,15.47880389005877,DID NOT CONVERGE
pca_50,poly,1,10,5,5000,0.3559256849111989,0.4192261960124597,17.347650037962012,DID NOT CONVERGE
pca_50,poly,1,100,1,5000,0.35695736890193075,0.4178402330726385,29.45155038603116,DID NOT CONVERGE
pca_50,poly,1,100,2,5000,0.3568989810300991,0.41950568393804133,9.204703644034453,DID NOT CONVERGE
pca_50,poly,1,100,3,5000,0.3598634200170636,0.39973480999469757,11.028563514002599,DID NOT CONVERGE
pca_50,poly,1,100,4,5000,0.35636702307965606,0.3995665890397504,15.449433912988752,DID NOT CONVERGE
pca_50,poly,1,100,5,5000,0.3571693969424814,0.398757389979437,17.49605958792381,DID NOT CONVERGE
pca_50,poly,1,1000,1,5000,0.35708985093515366,0.39877620805054903,29.66877787304111,DID NOT CONVERGE
pca_50,poly,1,1000,2,5000,0.35604814591351897,0.39828241092618555,9.203918333980255,DID NOT CONVERGE
pca_50,poly,1,1000,3,5000,0.3557549469405785,0.39775229489896446,11.095735560986213,DID NOT CONVERGE
pca_50,poly,1,1000,4,5000,0.35542165604420006,0.39872341393493116,15.460748080047779,DID NOT CONVERGE
pca_50,poly,1,1000,5,5000,0.3574033980257809,0.3972854820312932,17.436164267011918,DID NOT CONVERGE
pca_50,poly,10,0.001,1,5000,0.35558207996655256,0.3975562419509515,13.350026192027144,DID NOT CONVERGE
pca_50,poly,10,0.001,2,5000,0.3567728119669482,0.4150164680322632,14.724151351023465,DID NOT CONVERGE
pca_50,poly,10,0.001,3,5000,0.3579942520009354,0.41692897502798587,28.309894895064645,
pca_50,poly,10,0.001,4,5000,0.3585522079374641,0.4147526129381731,71.09165487100836,
pca_50,poly,10,0.001,5,5000,0.35995972994714975,0.4143924970412627,124.50410382007249,DID NOT CONVERGE
pca_50,poly,10,0.01,1,5000,0.36247830698266625,0.4163700380595401,18.407520364038646,DID NOT CONVERGE
pca_50,poly,10,0.01,2,5000,0.35898083797656,0.41664464690256864,9.235640577040613,DID NOT CONVERGE
pca_50,poly,10,0.01,3,5000,0.35452228609938174,0.4158448539674282,11.081719979993068,DID NOT CONVERGE
pca_50,poly,10,0.01,4,5000,0.3565246229991317,0.4729979089461267,15.440475343959406,DID NOT CONVERGE
pca_50,poly,10,0.01,5,5000,0.35930819308850914,0.41557094699237496,17.384816001052968,DID NOT CONVERGE
pca_50,poly,10,0.1,1,5000,0.35579250508453697,0.4160526400664821,26.962020253995433,DID NOT CONVERGE
pca_50,poly,10,0.1,2,5000,0.3566101909382269,0.4156690560048446,9.21572544996161,DID NOT CONVERGE
pca_50,poly,10,0.1,3,5000,0.35457125899847597,0.41622309503145516,11.094727007905021,DID NOT CONVERGE
pca_50,poly,10,0.1,4,5000,0.35523973498493433,0.4152332559460774,15.460448279976845,DID NOT CONVERGE
pca_50,poly,10,0.1,5,5000,0.3552288910141215,0.4155213040066883,17.45441074995324,DID NOT CONVERGE
pca_50,poly,10,1,1,5000,0.35415962897241116,0.41414231993258,29.46962014096789,DID NOT CONVERGE
pca_50,poly,10,1,2,5000,0.35557077801786363,0.4151463289745152,9.231055291020311,DID NOT CONVERGE
pca_50,poly,10,1,3,5000,0.3567390110110864,0.4145883679157123,11.037263327045366,DID NOT CONVERGE
pca_50,poly,10,1,4,5000,0.35681501298677176,0.4152903159847483,15.455818418064155,DID NOT CONVERGE
pca_50,poly,10,1,5,5000,0.3558196930680424,0.4147485699504614,17.441450873971917,DID NOT CONVERGE
pca_50,poly,10,10,1,5000,0.35381766501814127,0.4141578010749072,29.517269999021664,DID NOT CONVERGE
pca_50,poly,10,10,2,5000,0.3546976720681414,0.41566308203618973,9.201202798052691,DID NOT CONVERGE
pca_50,poly,10,10,3,5000,0.3562762150540948,0.41644511895719916,11.06702276703436,DID NOT CONVERGE
pca_50,poly,10,10,4,5000,0.35422748897690326,0.41569090192206204,15.469846105086617,DID NOT CONVERGE
pca_50,poly,10,10,5,5000,0.3550975419348106,0.44632558000739664,17.344902192009613,DID NOT CONVERGE
pca_50,poly,10,100,1,5000,0.3541417029919103,0.4147639329312369,29.547651847009547,DID NOT CONVERGE
pca_50,poly,10,100,2,5000,0.35529050894547254,0.4163272890727967,9.188041959074326,DID NOT CONVERGE
pca_50,poly,10,100,3,5000,0.35466304793953896,0.4151739269727841,11.017508024000563,DID NOT CONVERGE
pca_50,poly,10,100,4,5000,0.35411447403021157,0.4162161030108109,15.419028075993992,DID NOT CONVERGE
pca_50,poly,10,100,5,5000,0.3583297929726541,0.41539167996961623,17.496106109931134,DID NOT CONVERGE
pca_50,poly,10,1000,1,5000,0.3554785830201581,0.41569920000620186,29.63405049906578,DID NOT CONVERGE
pca_50,poly,10,1000,2,5000,0.3554301339900121,0.4137489340500906,9.190296147018671,DID NOT CONVERGE
pca_50,poly,10,1000,3,5000,0.35696114192251116,0.4145144779467955,11.093243970070034,DID NOT CONVERGE
pca_50,poly,10,1000,4,5000,0.35499714699108154,0.415726347011514,15.469933509011753,DID NOT CONVERGE
pca_50,poly,10,1000,5,5000,0.35615832603070885,0.41778536001220345,17.427155199926347,DID NOT CONVERGE
pca_50,poly,100,0.001,1,5000,0.3542282700072974,0.41404823993798345,18.44264142389875,DID NOT CONVERGE
pca_50,poly,100,0.001,2,5000,0.35389160993508995,0.4136966889491305,9.93093140097335,DID NOT CONVERGE
pca_50,poly,100,0.001,3,5000,0.3539296679664403,0.41360025899484754,14.254144518985413,DID NOT CONVERGE
pca_50,poly,100,0.001,4,5000,0.3540822369977832,0.41545887500979006,30.682360995095223,DID NOT CONVERGE
pca_50,poly,100,0.001,5,5000,0.35433026892133057,0.41415396705269814,63.08512571093161,DID NOT CONVERGE
pca_50,poly,100,0.01,1,5000,0.354231282020919,0.41439135500695556,26.835894092102535,DID NOT CONVERGE
pca_50,poly,100,0.01,2,5000,0.3604872600408271,0.4166920540155843,9.221944737015292,DID NOT CONVERGE
pca_50,poly,100,0.01,3,5000,0.35443060798570514,0.4156090759206563,11.084579835063778,DID NOT CONVERGE
pca_50,poly,100,0.01,4,5000,0.3574236308922991,0.4157530179945752,15.436618556035683,DID NOT CONVERGE
pca_50,poly,100,0.01,5,5000,0.3556665179785341,0.41572921199258417,17.380199589999393,DID NOT CONVERGE
pca_50,poly,100,0.1,1,5000,0.3548053050180897,0.4157328619621694,29.51278948993422,DID NOT CONVERGE
pca_50,poly,100,0.1,2,5000,0.35495737905148417,0.41416318307165056,9.208993481937796,DID NOT CONVERGE
pca_50,poly,100,0.1,3,5000,0.35444213496521115,0.4144395929761231,11.100780089967884,DID NOT CONVERGE
pca_50,poly,100,0.1,4,5000,0.3546074399491772,0.4142333349445835,15.44431265303865,DID NOT CONVERGE
pca_50,poly,100,0.1,5,5000,0.35542450204957277,0.41521643404848874,17.457810338004492,DID NOT CONVERGE
pca_50,poly,100,1,1,5000,0.3547399078961462,0.41499245597515255,29.538841037079692,DID NOT CONVERGE
pca_50,poly,100,1,2,5000,0.353946583927609,0.4151269650319591,9.215132819954306,DID NOT CONVERGE
pca_50,poly,100,1,3,5000,0.3537339100148529,0.41406766697764397,11.049348401953466,DID NOT CONVERGE
pca_50,poly,100,1,4,5000,0.354533533914946,0.4156824100064114,15.443198624067008,DID NOT CONVERGE
pca_50,poly,100,1,5,5000,0.3563609269913286,0.415254692081362,17.42669510305859,DID NOT CONVERGE
pca_50,poly,100,10,1,5000,0.35509348509367555,0.4155858620069921,29.50557368004229,DID NOT CONVERGE
pca_50,poly,100,10,2,5000,0.35430935490876436,0.414439040934667,9.187947254045866,DID NOT CONVERGE
pca_50,poly,100,10,3,5000,0.3537960919784382,0.4137666540918872,11.053010163013823,DID NOT CONVERGE
pca_50,poly,100,10,4,5000,0.3547036349773407,0.41630166105460376,15.453045176924206,DID NOT CONVERGE
pca_50,poly,100,10,5,5000,0.355328151024878,0.4156069270102307,17.343434492941014,DID NOT CONVERGE
pca_50,poly,100,100,1,5000,0.3533062409842387,0.4162413129815832,29.472595429979265,DID NOT CONVERGE
pca_50,poly,100,100,2,5000,0.3527906669769436,0.4134495579637587,9.208305070991628,DID NOT CONVERGE
pca_50,poly,100,100,3,5000,0.3540857150219381,0.41436180693563074,11.019180663046427,DID NOT CONVERGE
pca_50,poly,100,100,4,5000,0.3537870090221986,0.4225041930330917,15.418559991987422,DID NOT CONVERGE
pca_50,poly,100,100,5,5000,0.35410839098040015,0.43447127006947994,17.482578114024363,DID NOT CONVERGE
pca_50,poly,100,1000,1,5000,0.35342811001464725,0.41458696394693106,29.664126948919147,DID NOT CONVERGE
pca_50,poly,100,1000,2,5000,0.35366291704121977,0.41459799208678305,9.206118970992975,DID NOT CONVERGE
pca_50,poly,100,1000,3,5000,0.35382352699525654,0.41556591307744384,11.10017292399425,DID NOT CONVERGE
pca_50,poly,100,1000,4,5000,0.35409967706073076,0.4156748600071296,15.443706605001353,DID NOT CONVERGE
pca_50,poly,100,1000,5,5000,0.3542163379024714,0.4167656870558858,17.424175677006133,DID NOT CONVERGE
pca_50,poly,1000,0.001,1,5000,0.35455929895397276,0.4155007890658453,26.90548261499498,DID NOT CONVERGE
pca_50,poly,1000,0.001,2,5000,0.3561256850371137,0.41770947293844074,9.209684033994563,DID NOT CONVERGE
pca_50,poly,1000,0.001,3,5000,0.3539331789361313,0.4169208030216396,11.461309803999029,DID NOT CONVERGE
pca_50,poly,1000,0.001,4,5000,0.3538780490634963,0.41506640799343586,18.0002720199991,DID NOT CONVERGE
pca_50,poly,1000,0.001,5,5000,0.3543569470057264,0.4154215989401564,29.860869784955867,DID NOT CONVERGE
pca_50,poly,1000,0.01,1,5000,0.35372001002542675,0.41510072303935885,29.438890230027027,DID NOT CONVERGE
pca_50,poly,1000,0.01,2,5000,0.35499823500867933,0.41496999002993107,9.228621210088022,DID NOT CONVERGE
pca_50,poly,1000,0.01,3,5000,0.3532926469342783,0.41542960808146745,11.091030684998259,DID NOT CONVERGE
pca_50,poly,1000,0.01,4,5000,0.35515188693534583,0.41419800999574363,15.448227884015068,DID NOT CONVERGE
pca_50,poly,1000,0.01,5,5000,0.3550664250506088,0.41417390608694404,17.379090189002454,DID NOT CONVERGE
pca_50,poly,1000,0.1,1,5000,0.35356902598869056,0.41397468897048384,29.59821581398137,DID NOT CONVERGE
pca_50,poly,1000,0.1,2,5000,0.3537085789721459,0.41582104400731623,9.207186850951985,DID NOT CONVERGE
pca_50,poly,1000,0.1,3,5000,0.3539998719934374,0.4144409919390455,11.080526311998256,DID NOT CONVERGE
pca_50,poly,1000,0.1,4,5000,0.3530786499613896,0.41440939193125814,15.460159759037197,DID NOT CONVERGE
pca_50,poly,1000,0.1,5,5000,0.3546327829826623,0.4153360649943352,17.454795919940807,DID NOT CONVERGE
pca_50,poly,1000,1,1,5000,0.3547736529726535,0.41539184807334095,29.548508411971852,DID NOT CONVERGE
pca_50,poly,1000,1,2,5000,0.35459668294060975,0.41586513991933316,9.210064120939933,DID NOT CONVERGE
pca_50,poly,1000,1,3,5000,0.35439630993641913,0.41559747990686446,11.042455798014998,DID NOT CONVERGE
pca_50,poly,1000,1,4,5000,0.35539776203222573,0.415133808972314,15.435501180007122,DID NOT CONVERGE
pca_50,poly,1000,1,5,5000,0.3550864940043539,0.4154881179565564,17.44508067809511,DID NOT CONVERGE
pca_50,poly,1000,10,1,5000,0.35455260099843144,0.41512398899067193,29.524784983019345,DID NOT CONVERGE
pca_50,poly,1000,10,2,5000,0.35412028001155704,0.41548327810596675,9.181591724045575,DID NOT CONVERGE
pca_50,poly,1000,10,3,5000,0.35576617694459856,0.4162567909806967,11.05185781000182,DID NOT CONVERGE
pca_50,poly,1000,10,4,5000,0.3553440299583599,0.4151970399543643,15.44390780501999,DID NOT CONVERGE
pca_50,poly,1000,10,5,5000,0.3544900210108608,0.43108534801285714,17.357070705038495,DID NOT CONVERGE
pca_50,poly,1000,100,1,5000,0.3559304210357368,0.4152234960347414,29.45736560295336,DID NOT CONVERGE
pca_50,poly,1000,100,2,5000,0.35497994103934616,0.415567816933617,9.186713778064586,DID NOT CONVERGE
pca_50,poly,1000,100,3,5000,0.357107070973143,0.4153993830550462,11.01206244097557,DID NOT CONVERGE
pca_50,poly,1000,100,4,5000,0.35690625198185444,0.4169877520762384,15.423449103953317,DID NOT CONVERGE
pca_50,poly,1000,100,5,5000,0.35453707503620535,0.4224082260625437,17.506629872019403,DID NOT CONVERGE
pca_50,poly,1000,1000,1,5000,0.3559438190422952,0.3988645209465176,29.663486598059535,DID NOT CONVERGE
pca_50,poly,1000,1000,2,5000,0.3542526779929176,0.3994346980471164,9.191663720062934,DID NOT CONVERGE
pca_50,poly,1000,1000,3,5000,0.3547680990304798,0.39976091298740357,11.084845230914652,DID NOT CONVERGE
pca_50,poly,1000,1000,4,5000,0.3557581000495702,0.3989599070046097,15.45339162403252,DID NOT CONVERGE
pca_50,poly,1000,1000,5,5000,0.354900068952702,0.3985776489134878,17.42724085098598,DID NOT CONVERGE
pca_100,poly,0.001,0.001,1,5000,0.3738184360554442,0.4510515839792788,491.2513108809944,DID NOT CONVERGE
pca_100,poly,0.001,0.001,2,5000,0.35374931595288217,0.46982372808270156,492.198522048071,DID NOT CONVERGE
pca_100,poly,0.001,0.001,3,5000,0.3572585800429806,0.46908553410321474,495.1939354010392,DID NOT CONVERGE
pca_100,poly,0.001,0.001,4,5000,0.354382916004397,0.4712927700020373,493.8911202639574,DID NOT CONVERGE
pca_100,poly,0.001,0.001,5,5000,0.3535545419435948,0.47115688608027995,494.13706740690395,DID NOT CONVERGE
pca_100,poly,0.001,0.01,1,5000,0.3535094610415399,0.4704830420669168,241.59030608797912,
pca_100,poly,0.001,0.01,2,5000,0.3554408069467172,0.4539717410225421,231.3715763509972,
pca_100,poly,0.001,0.01,3,5000,0.35499543498735875,0.4717881850665435,178.58154607599135,
pca_100,poly,0.001,0.01,4,5000,0.35389807098545134,0.4698240900179371,162.01979434408713,DID NOT CONVERGE
pca_100,poly,0.001,0.01,5,5000,0.354045515996404,0.4717635289998725,140.58241863292642,DID NOT CONVERGE
pca_100,poly,0.001,0.1,1,5000,0.3548185999970883,0.4704478159546852,87.34330830909312,
pca_100,poly,0.001,0.1,2,5000,0.35327117098495364,0.4714083019644022,34.01187841000501,DID NOT CONVERGE
pca_100,poly,0.001,0.1,3,5000,0.353635384934023,0.4704670279752463,31.498269903939217,DID NOT CONVERGE
pca_100,poly,0.001,0.1,4,5000,0.35312353901099414,0.4708177959546447,45.10453020001296,DID NOT CONVERGE
pca_100,poly,0.001,0.1,5,5000,0.35376381303649396,0.4706860390724614,52.32711769500747,DID NOT CONVERGE
pca_100,poly,0.001,1,1,5000,0.3534754989668727,0.47345185396261513,40.772283750004135,
pca_100,poly,0.001,1,2,5000,0.35265991801861674,0.4739571529207751,22.2616053679958,DID NOT CONVERGE
pca_100,poly,0.001,1,3,5000,0.35364378802478313,0.4742032350040972,30.94073655200191,DID NOT CONVERGE
pca_100,poly,0.001,1,4,5000,0.35612810601014644,0.4743811209918931,45.02139247697778,DID NOT CONVERGE
pca_100,poly,0.001,1,5,5000,0.35256058000959456,0.47429414198268205,52.22988805396017,DID NOT CONVERGE
pca_100,poly,0.001,10,1,5000,0.3535123330075294,0.47380831802729517,29.068634027964436,DID NOT CONVERGE
pca_100,poly,0.001,10,2,5000,0.3530491749988869,0.4727743429830298,22.185583250015043,DID NOT CONVERGE
pca_100,poly,0.001,10,3,5000,0.35264158505015075,0.47271563205868006,30.941216081031598,DID NOT CONVERGE
pca_100,poly,0.001,10,4,5000,0.35377455095294863,0.47305265301838517,45.14856007799972,DID NOT CONVERGE
pca_100,poly,0.001,10,5,5000,0.35481691802851856,0.47447521600406617,52.23166589392349,DID NOT CONVERGE
pca_100,poly,0.001,100,1,5000,0.35378738900180906,0.47493512695655227,37.8521222010022,DID NOT CONVERGE
pca_100,poly,0.001,100,2,5000,0.3546798749594018,0.4740762049332261,22.16665032505989,DID NOT CONVERGE
pca_100,poly,0.001,100,3,5000,0.3561272149672732,0.47353314398787916,31.0221751970239,DID NOT CONVERGE
pca_100,poly,0.001,100,4,5000,0.3534552379278466,0.47327567206230015,45.097850624937564,DID NOT CONVERGE
pca_100,poly,0.001,100,5,5000,0.3532400809926912,0.47413685300853103,52.03081032400951,DID NOT CONVERGE
pca_100,poly,0.001,1000,1,5000,0.35544285108335316,0.47286968992557377,59.66691013996024,DID NOT CONVERGE
pca_100,poly,0.001,1000,2,5000,0.35348891897592694,0.4738149089971557,22.180421512923203,DID NOT CONVERGE
pca_100,poly,0.001,1000,3,5000,0.3526273269671947,0.47366781695745885,31.007702158996835,DID NOT CONVERGE
pca_100,poly,0.001,1000,4,5000,0.3534823190420866,0.47409736504778266,44.964272018987685,DID NOT CONVERGE
pca_100,poly,0.001,1000,5,5000,0.35347161802928895,0.4736664769006893,51.47258664900437,DID NOT CONVERGE
pca_100,poly,0.01,0.001,1,5000,0.3537758400198072,0.47238993598148227,241.5740087480517,
pca_100,poly,0.01,0.001,2,5000,0.3547967689810321,0.47328936704434454,476.5150902849855,DID NOT CONVERGE
pca_100,poly,0.01,0.001,3,5000,0.35375878191553056,0.47657875693403184,491.24144386092667,DID NOT CONVERGE
pca_100,poly,0.01,0.001,4,5000,0.3527554360916838,0.4739669469418004,493.59896880795714,DID NOT CONVERGE
pca_100,poly,0.01,0.001,5,5000,0.3530019969912246,0.4712501389440149,496.61740107799415,DID NOT CONVERGE
pca_100,poly,0.01,0.01,1,5000,0.35688989504706115,0.47260163608007133,87.3237182960147,
pca_100,poly,0.01,0.01,2,5000,0.36086367105599493,0.47377647389657795,79.28469528700225,
pca_100,poly,0.01,0.01,3,5000,0.35576588101685047,0.47731737804133445,66.47636355191935,
pca_100,poly,0.01,0.01,4,5000,0.3593304109526798,0.47223328799009323,70.75256951607298,DID NOT CONVERGE
pca_100,poly,0.01,0.01,5,5000,0.3534748300444335,0.472649511997588,70.62901386199519,DID NOT CONVERGE
pca_100,poly,0.01,0.1,1,5000,0.35401839297264814,0.474336166982539,40.766062394017354,
pca_100,poly,0.01,0.1,2,5000,0.3523078269790858,0.4704435110324994,23.48417715204414,DID NOT CONVERGE
pca_100,poly,0.01,0.1,3,5000,0.3542060540057719,0.4733431990025565,30.961338458000682,DID NOT CONVERGE
pca_100,poly,0.01,0.1,4,5000,0.3530376680428162,0.4718128109816462,45.09219715290237,DID NOT CONVERGE
pca_100,poly,0.01,0.1,5,5000,0.35394630394876003,0.47356822597794235,52.30766211892478,DID NOT CONVERGE
pca_100,poly,0.01,1,1,5000,0.35400699195452034,0.47298283397685736,29.005467565031722,DID NOT CONVERGE
pca_100,poly,0.01,1,2,5000,0.35271632100921124,0.4714805519906804,22.194865043042228,DID NOT CONVERGE
pca_100,poly,0.01,1,3,5000,0.35308132402133197,0.47188832599204034,30.954724512062967,DID NOT CONVERGE
pca_100,poly,0.01,1,4,5000,0.3551322038983926,0.4722339790314436,45.040400149999186,DID NOT CONVERGE
pca_100,poly,0.01,1,5,5000,0.35685096599627286,0.47153116401750594,52.205106723937206,DID NOT CONVERGE
pca_100,poly,0.01,10,1,5000,0.35479437303729355,0.47272169892676175,37.857278759009205,DID NOT CONVERGE
pca_100,poly,0.01,10,2,5000,0.35301902098581195,0.4730302350362763,22.19512295804452,DID NOT CONVERGE
pca_100,poly,0.01,10,3,5000,0.3564654929796234,0.47346975607797503,30.944987002993003,DID NOT CONVERGE
pca_100,poly,0.01,10,4,5000,0.35294741101097316,0.4734269940527156,45.11919877794571,DID NOT CONVERGE
pca_100,poly,0.01,10,5,5000,0.35850919608492404,0.4731804800685495,52.20667332096491,DID NOT CONVERGE
pca_100,poly,0.01,100,1,5000,0.3544116500997916,0.47355747199617326,59.467353972024284,DID NOT CONVERGE
pca_100,poly,0.01,100,2,5000,0.35351378796622157,0.4712887869682163,22.173362207016908,DID NOT CONVERGE
pca_100,poly,0.01,100,3,5000,0.35360722395125777,0.4425492020091042,31.032136641908437,DID NOT CONVERGE
pca_100,poly,0.01,100,4,5000,0.35306726093403995,0.44215363601688296,45.09774700005073,DID NOT CONVERGE
pca_100,poly,0.01,100,5,5000,0.3531179929850623,0.4421865569893271,52.01540647703223,DID NOT CONVERGE
pca_100,poly,0.01,1000,1,5000,0.3546747319633141,0.47154968802351505,65.32289910200052,DID NOT CONVERGE
pca_100,poly,0.01,1000,2,5000,0.352999504073523,0.47005041199736297,22.144951867987402,DID NOT CONVERGE
pca_100,poly,0.01,1000,3,5000,0.35306534299161285,0.47203109005931765,31.007120222086087,DID NOT CONVERGE
pca_100,poly,0.01,1000,4,5000,0.35446413594763726,0.4717177039710805,44.88306303694844,DID NOT CONVERGE
pca_100,poly,0.01,1000,5,5000,0.3581134210107848,0.4725003809435293,51.46122385910712,DID NOT CONVERGE
pca_100,poly,0.1,0.001,1,5000,0.36256116698496044,0.4737082809442654,87.31277889502235,
pca_100,poly,0.1,0.001,2,5000,0.35490385501179844,0.47065765294246376,231.29040052602068,
pca_100,poly,0.1,0.001,3,5000,0.35438741091638803,0.4710440159542486,405.9688431760296,DID NOT CONVERGE
pca_100,poly,0.1,0.001,4,5000,0.35333429789170623,0.4719334620749578,475.66214309597854,DID NOT CONVERGE
pca_100,poly,0.1,0.001,5,5000,0.36454933194909245,0.4707172369817272,485.14626899396535,DID NOT CONVERGE
pca_100,poly,0.1,0.01,1,5000,0.35301368893124163,0.4705132719827816,40.788896269048564,
pca_100,poly,0.1,0.01,2,5000,0.3548503170022741,0.471968709025532,34.02645671600476,DID NOT CONVERGE
pca_100,poly,0.1,0.01,3,5000,0.3531302160117775,0.47192712395917624,36.215233142953366,DID NOT CONVERGE
pca_100,poly,0.1,0.01,4,5000,0.35305759706534445,0.47094193508382887,47.81534350500442,DID NOT CONVERGE
pca_100,poly,0.1,0.01,5,5000,0.3529492219677195,0.4725703930016607,53.41882685001474,DID NOT CONVERGE
pca_100,poly,0.1,0.1,1,5000,0.35324329300783575,0.47406138700898737,28.999182177940384,DID NOT CONVERGE
pca_100,poly,0.1,0.1,2,5000,0.3526974479900673,0.47498567402362823,22.218911783071235,DID NOT CONVERGE
pca_100,poly,0.1,0.1,3,5000,0.3542179149808362,0.4722609060117975,30.96803596499376,DID NOT CONVERGE
pca_100,poly,0.1,0.1,4,5000,0.35280834196601063,0.47386209398973733,45.1022694100393,DID NOT CONVERGE
pca_100,poly,0.1,0.1,5,5000,0.35512057098094374,0.4721764239948243,52.31083327403758,DID NOT CONVERGE
pca_100,poly,0.1,1,1,5000,0.35370879399124533,0.4699077159166336,37.70709247596096,DID NOT CONVERGE
pca_100,poly,0.1,1,2,5000,0.35521410999353975,0.4714586519403383,22.17559539701324,DID NOT CONVERGE
pca_100,poly,0.1,1,3,5000,0.3525894630001858,0.47026919201016426,30.943439372000284,DID NOT CONVERGE
pca_100,poly,0.1,1,4,5000,0.35294260608498007,0.4467947540106252,45.01101050397847,DID NOT CONVERGE
pca_100,poly,0.1,1,5,5000,0.3539371759397909,0.45199011405929923,52.221515360986814,DID NOT CONVERGE
pca_100,poly,0.1,10,1,5000,0.3569095979910344,0.4509719570633024,59.706095548928715,DID NOT CONVERGE
pca_100,poly,0.1,10,2,5000,0.353570046951063,0.44939364201854914,22.19524160097353,DID NOT CONVERGE
pca_100,poly,0.1,10,3,5000,0.354095785995014,0.4488162189954892,32.19859105104115,DID NOT CONVERGE
pca_100,poly,0.1,10,4,5000,0.4884424830088392,0.44758716493379325,45.116836118046194,DID NOT CONVERGE
pca_100,poly,0.1,10,5,5000,0.40397965000011027,0.44767669891007245,52.21145549893845,DID NOT CONVERGE
pca_100,poly,0.1,100,1,5000,0.3522347650723532,0.44874284602701664,65.41162992699537,DID NOT CONVERGE
pca_100,poly,0.1,100,2,5000,0.35321654996369034,0.44890525401569903,22.159314905991778,DID NOT CONVERGE
pca_100,poly,0.1,100,3,5000,0.35270511894486845,0.4474487550323829,31.01585988199804,DID NOT CONVERGE
pca_100,poly,0.1,100,4,5000,0.35356050997506827,0.44713618606328964,45.12859400198795,DID NOT CONVERGE
pca_100,poly,0.1,100,5,5000,0.3540538540109992,0.44718645594548434,52.02562772098463,DID NOT CONVERGE
pca_100,poly,0.1,1000,1,5000,0.35325146093964577,0.4465770240640268,65.33872963895556,DID NOT CONVERGE
pca_100,poly,0.1,1000,2,5000,0.35261707298923284,0.453084058011882,22.23530909908004,DID NOT CONVERGE
pca_100,poly,0.1,1000,3,5000,0.3551373629597947,0.4478729940019548,31.006854329956695,DID NOT CONVERGE
pca_100,poly,0.1,1000,4,5000,0.3535512340022251,0.44687630294356495,44.899092337931506,DID NOT CONVERGE
pca_100,poly,0.1,1000,5,5000,0.353106243070215,0.4475534619996324,51.471355447894894,DID NOT CONVERGE
pca_100,poly,1,0.001,1,5000,0.35292333201505244,0.4450436000479385,40.77140460989904,
pca_100,poly,1,0.001,2,5000,0.3529495040420443,0.4461121839703992,79.36174868501257,
pca_100,poly,1,0.001,3,5000,0.352639956981875,0.4473355090012774,178.5627405390842,
pca_100,poly,1,0.001,4,5000,0.35389652592130005,0.44669954292476177,345.7229266280774,DID NOT CONVERGE
pca_100,poly,1,0.001,5,5000,0.35277058894280344,0.44690748292487115,425.620924695977,DID NOT CONVERGE
pca_100,poly,1,0.01,1,5000,0.35498043498955667,0.45057576708495617,29.03347595501691,DID NOT CONVERGE
pca_100,poly,1,0.01,2,5000,0.35236738703679293,0.45031791599467397,23.551687187049538,DID NOT CONVERGE
pca_100,poly,1,0.01,3,5000,0.35222995292861015,0.44886223797220737,31.485008716001175,DID NOT CONVERGE
pca_100,poly,1,0.01,4,5000,0.354386277962476,0.4489437439478934,45.28060255001765,DID NOT CONVERGE
pca_100,poly,1,0.01,5,5000,0.3534420490032062,0.4480203139828518,52.098472162964754,DID NOT CONVERGE
pca_100,poly,1,0.1,1,5000,0.35363989300094545,0.448513470008038,37.76702601497527,DID NOT CONVERGE
pca_100,poly,1,0.1,2,5000,0.35390148602891713,0.5066485649440438,22.120549337007105,DID NOT CONVERGE
pca_100,poly,1,0.1,3,5000,0.3539306449238211,0.4501251269830391,30.967232338967733,DID NOT CONVERGE
pca_100,poly,1,0.1,4,5000,0.3528452389873564,0.447832538979128,45.080303153023124,DID NOT CONVERGE
pca_100,poly,1,0.1,5,5000,0.35273007198702544,0.4487877020146698,52.28826614492573,DID NOT CONVERGE
pca_100,poly,1,1,1,5000,0.35246062197256833,0.4498371121007949,69.20459803997073,DID NOT CONVERGE
pca_100,poly,1,1,2,5000,1.9104792950674891,3.6619276959681883,37.103455884964205,DID NOT CONVERGE
pca_100,poly,1,1,3,5000,0.6431373390369117,4.493984755943529,59.48820077104028,DID NOT CONVERGE
pca_100,poly,1,1,4,5000,0.7553915529279038,6.232193292933516,77.99771044193767,DID NOT CONVERGE
pca_100,poly,1,1,5,5000,0.7983803559327498,3.129923642030917,92.23235946707428,DID NOT CONVERGE
pca_100,poly,1,10,1,5000,0.9149036779999733,6.845097103971057,116.15784223505761,DID NOT CONVERGE
pca_100,poly,1,10,2,5000,1.6244849390350282,3.2291059480048716,39.745024653035216,DID NOT CONVERGE
pca_100,poly,1,10,3,5000,0.509159000008367,2.810279431985691,55.17620580398943,DID NOT CONVERGE
pca_100,poly,1,10,4,5000,0.7372328530764207,3.1403409460326657,86.30005888396408,DID NOT CONVERGE
pca_100,poly,1,10,5,5000,1.5898325470043346,4.057337761973031,107.71285873197485,DID NOT CONVERGE
pca_100,poly,1,100,1,5000,2.071298761991784,2.221292794914916,131.54777480801567,DID NOT CONVERGE
pca_100,poly,1,100,2,5000,1.6188109540380538,6.6436406610300764,39.935194952064194,DID NOT CONVERGE
pca_100,poly,1,100,3,5000,2.086791341076605,3.3279030609410256,64.528990610037,DID NOT CONVERGE
pca_100,poly,1,100,4,5000,1.505473147961311,5.356431982014328,82.84687857702374,DID NOT CONVERGE
pca_100,poly,1,100,5,5000,1.2702745030401275,2.603483404032886,105.22133903403301,DID NOT CONVERGE
pca_100,poly,1,1000,1,5000,1.7439601689111441,2.3487272929633036,136.16008434293326,DID NOT CONVERGE
pca_100,poly,1,1000,2,5000,1.6215296160662547,3.245467117987573,45.60092980903573,DID NOT CONVERGE
pca_100,poly,1,1000,3,5000,2.017873919918202,4.27360158204101,62.961628352990374,DID NOT CONVERGE
pca_100,poly,1,1000,4,5000,1.398919709958136,5.030703499098308,45.10283284098841,DID NOT CONVERGE
pca_100,poly,1,1000,5,5000,0.5129415590781718,0.47346710797864944,51.53776428499259,DID NOT CONVERGE
pca_100,poly,10,0.001,1,5000,0.3916286720195785,0.4707532289903611,29.042455728980713,DID NOT CONVERGE
pca_100,poly,10,0.001,2,5000,0.37988816795405,0.47270986810326576,34.02508089900948,DID NOT CONVERGE
pca_100,poly,10,0.001,3,5000,0.3545689539751038,0.4725499510532245,66.50125247903634,
pca_100,poly,10,0.001,4,5000,0.354887965018861,0.47200943797361106,162.1493421930354,DID NOT CONVERGE
pca_100,poly,10,0.001,5,5000,0.3652855820255354,0.47084228100720793,290.09523730399087,DID NOT CONVERGE
pca_100,poly,10,0.01,1,5000,0.3670664340024814,0.5037960839690641,37.8320263690548,DID NOT CONVERGE
pca_100,poly,10,0.01,2,5000,0.35468845802824944,0.4715925209457055,22.220527436002158,DID NOT CONVERGE
pca_100,poly,10,0.01,3,5000,0.3561197849921882,0.47025213099550456,30.99963957304135,DID NOT CONVERGE
pca_100,poly,10,0.01,4,5000,0.36758160102181137,0.47190754406619817,45.164542493992485,DID NOT CONVERGE
pca_100,poly,10,0.01,5,5000,0.3567918030312285,0.4730242369696498,52.27130600810051,DID NOT CONVERGE
pca_100,poly,10,0.1,1,5000,0.3603521039476618,0.4712929609231651,59.47682858200278,DID NOT CONVERGE
pca_100,poly,10,0.1,2,5000,0.3543762849876657,0.4450218389974907,22.12987324304413,DID NOT CONVERGE
pca_100,poly,10,0.1,3,5000,0.3672335969749838,0.4718694050097838,30.98225750308484,DID NOT CONVERGE
pca_100,poly,10,0.1,4,5000,0.35891262406948954,0.47198422998189926,45.11308964493219,DID NOT CONVERGE
pca_100,poly,10,0.1,5,5000,0.3674405870260671,0.4721439479617402,52.379182417993434,DID NOT CONVERGE
pca_100,poly,10,1,1,5000,0.35703414096497,0.4713264830643311,65.51251682301518,DID NOT CONVERGE
pca_100,poly,10,1,2,5000,0.3594717800151557,0.47087138693314046,22.19423667504452,DID NOT CONVERGE
pca_100,poly,10,1,3,5000,0.3632190370699391,0.4701083699474111,30.978731318027712,DID NOT CONVERGE
pca_100,poly,10,1,4,5000,0.36996475502382964,0.5137064600130543,45.059034471050836,DID NOT CONVERGE
pca_100,poly,10,1,5,5000,0.35706502804532647,0.47266345599200577,52.30447830399498,DID NOT CONVERGE
pca_100,poly,10,10,1,5000,0.3556896129157394,0.4901208480587229,65.43786893191282,DID NOT CONVERGE
pca_100,poly,10,10,2,5000,0.3555281220469624,0.47903750697150826,22.195149835082702,DID NOT CONVERGE
pca_100,poly,10,10,3,5000,0.35566416499204934,0.4721167109673843,30.990389332990162,DID NOT CONVERGE
pca_100,poly,10,10,4,5000,0.35672505805268884,0.4794931799406186,45.213087790994905,DID NOT CONVERGE
pca_100,poly,10,10,5,5000,0.3570390100358054,0.4723001370439306,52.341977151925676,DID NOT CONVERGE
pca_100,poly,10,100,1,5000,0.3673870440106839,0.4706992000574246,65.38647639600094,DID NOT CONVERGE
pca_100,poly,10,100,2,5000,0.36608426994644105,0.4711133469827473,22.163602164946496,DID NOT CONVERGE
pca_100,poly,10,100,3,5000,0.35594987007789314,0.4724727059947327,31.03738216299098,DID NOT CONVERGE
pca_100,poly,10,100,4,5000,0.3550909119658172,0.48071604198776186,45.168434204068035,DID NOT CONVERGE
pca_100,poly,10,100,5,5000,0.3558735830010846,0.4717659909510985,52.09094710694626,DID NOT CONVERGE
pca_100,poly,10,1000,1,5000,0.3569622130598873,0.4727141730254516,65.36766811797861,DID NOT CONVERGE
pca_100,poly,10,1000,2,5000,0.3668942910153419,0.47092989494558424,22.17605436302256,DID NOT CONVERGE
pca_100,poly,10,1000,3,5000,0.3559486389858648,0.47979698702692986,31.04336998797953,DID NOT CONVERGE
pca_100,poly,10,1000,4,5000,0.3566968298982829,0.5232154839904979,44.93960722198244,DID NOT CONVERGE
pca_100,poly,10,1000,5,5000,0.3678314099088311,0.4778328180545941,51.570097738993354,DID NOT CONVERGE
pca_100,poly,100,0.001,1,5000,0.3686935439473018,0.47380052402149886,37.88708447094541,DID NOT CONVERGE
pca_100,poly,100,0.001,2,5000,0.3546660579741001,0.47249387798365206,23.46500439499505,DID NOT CONVERGE
pca_100,poly,100,0.001,3,5000,0.35610093805007637,0.4722543429816142,36.17465361894574,DID NOT CONVERGE
pca_100,poly,100,0.001,4,5000,0.3577496720245108,0.4715615310706198,70.91269475093577,DID NOT CONVERGE
pca_100,poly,100,0.001,5,5000,0.3678070210153237,0.47319267492275685,140.76494836003985,DID NOT CONVERGE
pca_100,poly,100,0.01,1,5000,0.3700792669551447,0.47285672498401254,59.59072966699023,DID NOT CONVERGE
pca_100,poly,100,0.01,2,5000,0.35720993601717055,0.4670145210111514,22.16796863800846,DID NOT CONVERGE
pca_100,poly,100,0.01,3,5000,0.3662131179589778,0.47034356999211013,31.03861465898808,DID NOT CONVERGE
pca_100,poly,100,0.01,4,5000,0.36794215091504157,0.4717667559161782,45.17921373597346,DID NOT CONVERGE
pca_100,poly,100,0.01,5,5000,0.35637172195129097,0.5176997819216922,52.24931710900273,DID NOT CONVERGE
pca_100,poly,100,0.1,1,5000,0.3580835659522563,0.4718783929711208,65.50246562401298,DID NOT CONVERGE
pca_100,poly,100,0.1,2,5000,0.3655254889745265,0.47141601506154984,22.137289128033444,DID NOT CONVERGE
pca_100,poly,100,0.1,3,5000,0.35511369397863746,0.4721010710345581,31.062698319903575,DID NOT CONVERGE
pca_100,poly,100,0.1,4,5000,0.3545447989599779,0.4784733329433948,45.137295783963054,DID NOT CONVERGE
pca_100,poly,100,0.1,5,5000,0.3565934030339122,0.47069484600797296,52.39715202793013,DID NOT CONVERGE
pca_100,poly,100,1,1,5000,0.36519780894741416,0.4720047559821978,65.4631692559924,DID NOT CONVERGE
pca_100,poly,100,1,2,5000,0.3578392129857093,0.4720872169127688,22.182244044961408,DID NOT CONVERGE
pca_100,poly,100,1,3,5000,0.36587870598305017,0.47177386505063623,30.970935872988775,DID NOT CONVERGE
pca_100,poly,100,1,4,5000,0.35568817297462374,0.47040321002714336,45.10739592893515,DID NOT CONVERGE
pca_100,poly,100,1,5,5000,0.35485932300798595,0.4709580469643697,52.302304423064925,DID NOT CONVERGE
pca_100,poly,100,10,1,5000,0.3548499959288165,0.4699246799573302,65.4379599589156,DID NOT CONVERGE
pca_100,poly,100,10,2,5000,0.35535086190793663,0.4701823560753837,22.1953242958989,DID NOT CONVERGE
pca_100,poly,100,10,3,5000,0.36854042299091816,0.4739321320084855,30.986752982018515,DID NOT CONVERGE
pca_100,poly,100,10,4,5000,0.3676324050175026,0.47054483799729496,45.20558712806087,DID NOT CONVERGE
pca_100,poly,100,10,5,5000,0.3549656979739666,0.45995452301576734,52.29388423298951,DID NOT CONVERGE
pca_100,poly,100,100,1,5000,0.3660119519336149,0.47023938107304275,65.41589991096407,DID NOT CONVERGE
pca_100,poly,100,100,2,5000,0.3682470879284665,0.48433827701956034,22.169614930986427,DID NOT CONVERGE
pca_100,poly,100,100,3,5000,0.3565049599856138,0.47060573392082006,31.037347469944507,DID NOT CONVERGE
pca_100,poly,100,100,4,5000,0.3595054729375988,0.4700730820186436,45.14180919097271,DID NOT CONVERGE
pca_100,poly,100,100,5,5000,0.36734134308062494,0.4720423830440268,52.11452692293096,DID NOT CONVERGE
pca_100,poly,100,1000,1,5000,0.3551906190114096,0.4806762000080198,65.34240819106344,DID NOT CONVERGE
pca_100,poly,100,1000,2,5000,0.36564674007240683,0.46973515290301293,22.198098539025523,DID NOT CONVERGE
pca_100,poly,100,1000,3,5000,0.3551453329855576,0.4702415050705895,31.03886929503642,DID NOT CONVERGE
pca_100,poly,100,1000,4,5000,0.3673589959507808,0.4723079119576141,44.9664801369654,DID NOT CONVERGE
pca_100,poly,100,1000,5,5000,0.3696548999287188,0.4727398899849504,51.53847910591867,DID NOT CONVERGE
pca_100,poly,1000,0.001,1,5000,0.35567816998809576,0.47170909494161606,59.61633051605895,DID NOT CONVERGE
pca_100,poly,1000,0.001,2,5000,0.36637398099992424,0.47239425405859947,22.24915307201445,DID NOT CONVERGE
pca_100,poly,1000,0.001,3,5000,0.3678522129775956,0.4735153689980507,31.47644732298795,DID NOT CONVERGE
pca_100,poly,1000,0.001,4,5000,0.3569038340356201,0.4705944460583851,48.119330934016034,DID NOT CONVERGE
pca_100,poly,1000,0.001,5,5000,0.35446212301030755,0.47405474295374006,70.4078117540339,DID NOT CONVERGE
pca_100,poly,1000,0.01,1,5000,0.354628149070777,0.47077070001978427,65.44754028902389,DID NOT CONVERGE
pca_100,poly,1000,0.01,2,5000,0.3664002229925245,0.47115109604783356,22.16219938499853,DID NOT CONVERGE
pca_100,poly,1000,0.01,3,5000,0.36642316495999694,0.47300598805304617,31.002278098021634,DID NOT CONVERGE
pca_100,poly,1000,0.01,4,5000,0.3547487030737102,0.4717745139496401,45.167046754970215,DID NOT CONVERGE
pca_100,poly,1000,0.01,5,5000,0.35690307593904436,0.4712888380745426,52.25998660805635,DID NOT CONVERGE
pca_100,poly,1000,0.1,1,5000,0.35453400400001556,0.47066149406600744,65.50303308805451,DID NOT CONVERGE
pca_100,poly,1000,0.1,2,5000,0.36679998505860567,0.47179103805683553,22.142032345058396,DID NOT CONVERGE
pca_100,poly,1000,0.1,3,5000,0.3592644970631227,0.4724474659888074,30.9974365120288,DID NOT CONVERGE
pca_100,poly,1000,0.1,4,5000,0.3546063801040873,0.47295033605769277,45.12849549402017,DID NOT CONVERGE
pca_100,poly,1000,0.1,5,5000,0.35605365689843893,0.46963137201964855,52.383656752994284,DID NOT CONVERGE
pca_100,poly,1000,1,1,5000,0.35476497397758067,0.47081133897881955,65.49076103291009,DID NOT CONVERGE
pca_100,poly,1000,1,2,5000,0.3688504060264677,0.4716643480351195,22.274227754911408,DID NOT CONVERGE
pca_100,poly,1000,1,3,5000,0.36854463105555624,0.4715912389801815,30.967935984022915,DID NOT CONVERGE
pca_100,poly,1000,1,4,5000,0.36111314001027495,0.4688889319077134,45.13653117092326,DID NOT CONVERGE
pca_100,poly,1000,1,5,5000,0.35903158807195723,0.47023262293078005,52.3383906960953,DID NOT CONVERGE
pca_100,poly,1000,10,1,5000,0.36765828693751246,0.47982520202640444,65.408355543972,DID NOT CONVERGE
pca_100,poly,1000,10,2,5000,0.3577974659856409,0.4717882400145754,22.19713215494994,DID NOT CONVERGE
pca_100,poly,1000,10,3,5000,0.35503483400680125,0.4723985450109467,31.00086873897817,DID NOT CONVERGE
pca_100,poly,1000,10,4,5000,0.3579054638976231,0.4693808020092547,45.14679676794913,DID NOT CONVERGE
pca_100,poly,1000,10,5,5000,0.35800199199002236,0.4723735449369997,52.29901024908759,DID NOT CONVERGE
pca_100,poly,1000,100,1,5000,0.35697998898103833,0.4760468020103872,65.41679619508795,DID NOT CONVERGE
pca_100,poly,1000,100,2,5000,0.366524457000196,0.47378378501161933,22.164981610956602,DID NOT CONVERGE
pca_100,poly,1000,100,3,5000,0.35773396503645927,0.47226490499451756,31.043950629071333,DID NOT CONVERGE
pca_100,poly,1000,100,4,5000,0.35888159193564206,0.4719213939970359,45.17655183095485,DID NOT CONVERGE
pca_100,poly,1000,100,5,5000,0.35558899003081024,0.46940315794199705,52.108676434960216,DID NOT CONVERGE
pca_100,poly,1000,1000,1,5000,0.36738856497686356,0.47222651494666934,65.37225390295498,DID NOT CONVERGE
pca_100,poly,1000,1000,2,5000,0.355756156030111,0.47208083304576576,22.18072112102527,DID NOT CONVERGE
pca_100,poly,1000,1000,3,5000,0.3556393849430606,0.471443098038435,31.039776382036507,DID NOT CONVERGE
pca_100,poly,1000,1000,4,5000,0.3549773549893871,0.4718582269269973,44.9520866330713,DID NOT CONVERGE
pca_100,poly,1000,1000,5,5000,0.35948414797894657,0.47332834207918495,51.564402827993035,DID NOT CONVERGE
pca_200,poly,0.001,0.001,1,5000,0.4270806929562241,0.5729114619316533,707.6989259460242,DID NOT CONVERGE
pca_200,poly,0.001,0.001,2,5000,0.35707000899128616,0.5687007369706407,710.0256326390663,DID NOT CONVERGE
pca_200,poly,0.001,0.001,3,5000,0.3669895619386807,0.5686572800623253,707.5257265400141,DID NOT CONVERGE
pca_200,poly,0.001,0.001,4,5000,0.3770383350783959,0.5707542829914019,717.3313710880466,DID NOT CONVERGE
pca_200,poly,0.001,0.001,5,5000,0.37097477598581463,0.5689477449050173,720.3192879230483,DID NOT CONVERGE
pca_200,poly,0.001,0.01,1,5000,0.36435922095552087,0.571011597989127,351.36451677710284,
pca_200,poly,0.001,0.01,2,5000,0.3600779150146991,0.5719192440155894,328.3846766729839,
pca_200,poly,0.001,0.01,3,5000,0.3776624839520082,0.5719135219696909,251.21634368004743,
pca_200,poly,0.001,0.01,4,5000,0.37255238904617727,0.573055443004705,226.3672953909263,DID NOT CONVERGE
pca_200,poly,0.001,0.01,5,5000,0.3651708889519796,0.5705537250032648,197.7673181600403,DID NOT CONVERGE
pca_200,poly,0.001,0.1,1,5000,0.3726000380702317,0.5721708450000733,125.70490542193875,
pca_200,poly,0.001,0.1,2,5000,0.37166751304175705,0.5704608300002292,51.16274842794519,DID NOT CONVERGE
pca_200,poly,0.001,0.1,3,5000,0.3598898040363565,0.574185251025483,59.02195441303775,DID NOT CONVERGE
pca_200,poly,0.001,0.1,4,5000,0.3738155959872529,0.5694712400436401,87.39147496200167,DID NOT CONVERGE
pca_200,poly,0.001,0.1,5,5000,0.37041062593925744,0.5731643110048026,103.37001497601159,DID NOT CONVERGE
pca_200,poly,0.001,1,1,5000,0.3612829310586676,0.5687574290204793,57.53505447600037,
pca_200,poly,0.001,1,2,5000,0.3717902150237933,0.5733293299563229,38.27294685796369,DID NOT CONVERGE
pca_200,poly,0.001,1,3,5000,0.3613750779768452,0.5685328210238367,58.93095412210096,DID NOT CONVERGE
pca_200,poly,0.001,1,4,5000,0.36144595104269683,0.573396059917286,87.81602130795363,DID NOT CONVERGE
pca_200,poly,0.001,1,5,5000,0.3713550240499899,0.5695747860008851,102.87138464290183,DID NOT CONVERGE
pca_200,poly,0.001,10,1,5000,0.37154410302173346,0.5747060070279986,39.8574850379955,DID NOT CONVERGE
pca_200,poly,0.001,10,2,5000,0.36351928405929357,0.5740261650644243,38.27327944897115,DID NOT CONVERGE
pca_200,poly,0.001,10,3,5000,0.37161199701949954,0.5717918530572206,58.87451623391826,DID NOT CONVERGE
pca_200,poly,0.001,10,4,5000,0.3608686189400032,0.5680046600755304,87.00714950310066,DID NOT CONVERGE
pca_200,poly,0.001,10,5,5000,0.3751837549498305,0.5720827559707686,103.0768779439386,DID NOT CONVERGE
pca_200,poly,0.001,100,1,5000,0.3607269279891625,0.5706150189507753,51.90779616392683,DID NOT CONVERGE
pca_200,poly,0.001,100,2,5000,0.36480292095802724,0.570504319970496,38.31998944398947,DID NOT CONVERGE
pca_200,poly,0.001,100,3,5000,0.3724701979663223,0.570855587022379,58.84829880599864,DID NOT CONVERGE
pca_200,poly,0.001,100,4,5000,0.3719331430038437,0.5732606330420822,87.77885923604481,DID NOT CONVERGE
pca_200,poly,0.001,100,5,5000,0.3708211280172691,0.5731468859594315,103.40702966996469,DID NOT CONVERGE
pca_200,poly,0.001,1000,1,5000,0.36247004196047783,0.569444460910745,78.55634683498647,DID NOT CONVERGE
pca_200,poly,0.001,1000,2,5000,0.3850525129819289,0.5745240419637412,38.213422717992216,DID NOT CONVERGE
pca_200,poly,0.001,1000,3,5000,0.3594771899515763,0.5719466739101335,58.85990155104082,DID NOT CONVERGE
pca_200,poly,0.001,1000,4,5000,0.3607326439814642,0.576912337099202,87.86936466698535,DID NOT CONVERGE
pca_200,poly,0.001,1000,5,5000,0.370511507964693,0.5731883420376107,102.56302702892572,DID NOT CONVERGE
pca_200,poly,0.01,0.001,1,5000,0.37407593289390206,0.5754672118928283,351.07896752492525,
pca_200,poly,0.01,0.001,2,5000,0.36194082407746464,0.5715363629860803,691.9009857029887,DID NOT CONVERGE
pca_200,poly,0.01,0.001,3,5000,0.3607091859448701,0.5795338969910517,717.0578042040579,DID NOT CONVERGE
pca_200,poly,0.01,0.001,4,5000,0.3613718309206888,0.5719130070647225,719.5287532089278,DID NOT CONVERGE
pca_200,poly,0.01,0.001,5,5000,0.3625702259596437,0.5685943210264668,719.775938426028,DID NOT CONVERGE
pca_200,poly,0.01,0.01,1,5000,0.36465831205714494,0.5710886931046844,125.81265427696053,
pca_200,poly,0.01,0.01,2,5000,0.35975955496542156,0.5718302570749074,112.48525398410857,
pca_200,poly,0.01,0.01,3,5000,0.37263871694449335,0.5724761720048264,98.27208484790754,DID NOT CONVERGE
pca_200,poly,0.01,0.01,4,5000,0.36142575298435986,0.5702784499153495,111.34525660204235,DID NOT CONVERGE
pca_200,poly,0.01,0.01,5,5000,0.3719458329724148,0.5717311620246619,114.55169408593792,DID NOT CONVERGE
pca_200,poly,0.01,0.1,1,5000,0.37238558393437415,0.5722966589964926,57.572928818990476,
pca_200,poly,0.01,0.1,2,5000,0.36276035103946924,0.5707511419896036,39.41504476103,DID NOT CONVERGE
pca_200,poly,0.01,0.1,3,5000,0.359945029951632,0.573957429965958,58.98839854297694,DID NOT CONVERGE
pca_200,poly,0.01,0.1,4,5000,0.3603867329657078,0.5680972449481487,87.57225031696726,DID NOT CONVERGE
pca_200,poly,0.01,0.1,5,5000,0.37217851099558175,0.5729431390063837,103.39842543401755,DID NOT CONVERGE
pca_200,poly,0.01,1,1,5000,0.3627438830444589,0.5748591360170394,39.857989220065065,DID NOT CONVERGE
pca_200,poly,0.01,1,2,5000,0.37156449793837965,0.5720412899972871,38.26205244392622,DID NOT CONVERGE
pca_200,poly,0.01,1,3,5000,0.3727249799994752,0.5713495990494266,58.8395752760116,DID NOT CONVERGE
pca_200,poly,0.01,1,4,5000,0.3603195830946788,0.5706430529244244,87.85468337906059,DID NOT CONVERGE
pca_200,poly,0.01,1,5,5000,0.3730010309955105,0.5730689860647544,102.91941784706432,DID NOT CONVERGE
pca_200,poly,0.01,10,1,5000,0.3598283469909802,0.568635399104096,51.879621556960046,DID NOT CONVERGE
pca_200,poly,0.01,10,2,5000,0.37083182006608695,0.5778058370342478,38.303587952046655,DID NOT CONVERGE
pca_200,poly,0.01,10,3,5000,0.37256736401468515,0.5738599019823596,58.9604776869528,DID NOT CONVERGE
pca_200,poly,0.01,10,4,5000,0.37331716890912503,0.575960087007843,87.11235348298214,DID NOT CONVERGE
pca_200,poly,0.01,10,5,5000,0.3744981540367007,0.5731044000713155,103.13625071395654,DID NOT CONVERGE
pca_200,poly,0.01,100,1,5000,0.3604002830106765,0.5730268670013174,78.60113983193878,DID NOT CONVERGE
pca_200,poly,0.01,100,2,5000,0.371947580948472,0.574228930985555,38.34037307393737,DID NOT CONVERGE
pca_200,poly,0.01,100,3,5000,0.3615676329936832,0.5741872320650145,58.8704434010433,DID NOT CONVERGE
pca_200,poly,0.01,100,4,5000,0.37133969098795205,0.5716312879230827,87.38621741696261,DID NOT CONVERGE
pca_200,poly,0.01,100,5,5000,0.36504582199268043,0.581910744891502,103.42238825408276,DID NOT CONVERGE
pca_200,poly,0.01,1000,1,5000,0.37176331295631826,0.5733278190018609,82.5235078179976,DID NOT CONVERGE
pca_200,poly,0.01,1000,2,5000,0.37085605796892196,0.5719332379521802,38.24735462490935,DID NOT CONVERGE
pca_200,poly,0.01,1000,3,5000,0.36075135692954063,0.5705592719605193,59.04050690692384,DID NOT CONVERGE
pca_200,poly,0.01,1000,4,5000,0.3626085369614884,0.5725130819482729,87.79833496303763,DID NOT CONVERGE
pca_200,poly,0.01,1000,5,5000,0.36078715103212744,0.5752002990338951,103.14648055506404,DID NOT CONVERGE
pca_200,poly,0.1,0.001,1,5000,0.3720014529535547,0.5747969249496236,125.77656106802169,
pca_200,poly,0.1,0.001,2,5000,0.37160636100452393,0.5719044869765639,328.8481958810007,
pca_200,poly,0.1,0.001,3,5000,0.37517607992049307,0.5784657029435039,577.8297755550593,DID NOT CONVERGE
pca_200,poly,0.1,0.001,4,5000,0.3766293959924951,0.5633234049892053,675.1481881010113,DID NOT CONVERGE
pca_200,poly,0.1,0.001,5,5000,0.3606024840846658,0.5718231319915503,700.903536421014,DID NOT CONVERGE
pca_200,poly,0.1,0.01,1,5000,0.3687477420317009,0.5714781821006909,57.578803016920574,
pca_200,poly,0.1,0.01,2,5000,0.3713361070258543,0.5736653610365465,51.44300984800793,DID NOT CONVERGE
pca_200,poly,0.1,0.01,3,5000,0.3615052530076355,0.5731006119167432,63.02412088797428,DID NOT CONVERGE
pca_200,poly,0.1,0.01,4,5000,0.37230064102914184,0.5711776450043544,88.3643757069949,DID NOT CONVERGE
pca_200,poly,0.1,0.01,5,5000,0.3623144970042631,0.5740094949724153,102.46333502104972,DID NOT CONVERGE
pca_200,poly,0.1,0.1,1,5000,0.359351585037075,0.5761129880556837,39.898386114044115,DID NOT CONVERGE
pca_200,poly,0.1,0.1,2,5000,0.37185343191958964,0.5706975400680676,38.351026025018655,DID NOT CONVERGE
pca_200,poly,0.1,0.1,3,5000,0.35996406991034746,0.5748989849817008,59.05127794900909,DID NOT CONVERGE
pca_200,poly,0.1,0.1,4,5000,0.3605667130323127,0.577061839052476,87.43388094205875,DID NOT CONVERGE
pca_200,poly,0.1,0.1,5,5000,0.37205614300910383,0.574588596005924,103.33171719301026,DID NOT CONVERGE
pca_200,poly,0.1,1,1,5000,0.37117942003533244,0.5736868859967217,51.89226770098321,DID NOT CONVERGE
pca_200,poly,0.1,1,2,5000,0.3707206810358912,0.5458536630030721,38.3037018480245,DID NOT CONVERGE
pca_200,poly,0.1,1,3,5000,0.3601381980115548,0.5728836939670146,58.851248002029024,DID NOT CONVERGE
pca_200,poly,0.1,1,4,5000,0.3605214830022305,0.5766731790499762,87.82650424796157,DID NOT CONVERGE
pca_200,poly,0.1,1,5,5000,0.37090059695765376,0.5726995669538155,102.8646587630501,DID NOT CONVERGE
pca_200,poly,0.1,10,1,5000,0.37128084897994995,0.57515254302416,78.69716326100752,DID NOT CONVERGE
pca_200,poly,0.1,10,2,5000,0.37069982301909477,0.5709563900018111,38.293037630966865,DID NOT CONVERGE
pca_200,poly,0.1,10,3,5000,0.36026083398610353,0.57567215396557,58.84710685699247,DID NOT CONVERGE
pca_200,poly,0.1,10,4,5000,0.36111803399398923,0.5712065459229052,87.03180440689903,DID NOT CONVERGE
pca_200,poly,0.1,10,5,5000,0.3592554279603064,0.5698277719784528,104.63406674191356,DID NOT CONVERGE
pca_200,poly,0.1,100,1,5000,0.37631478102412075,0.5735446190228686,82.47748274402693,DID NOT CONVERGE
pca_200,poly,0.1,100,2,5000,0.35939328896347433,0.575207291985862,38.33954165701289,DID NOT CONVERGE
pca_200,poly,0.1,100,3,5000,0.37083883804734796,0.5758370719850063,58.858109688037075,DID NOT CONVERGE
pca_200,poly,0.1,100,4,5000,0.3700011649634689,0.5695190549595281,87.40908408199903,DID NOT CONVERGE
pca_200,poly,0.1,100,5,5000,0.3708237489918247,0.573387534939684,103.37890605302528,DID NOT CONVERGE
pca_200,poly,0.1,1000,1,5000,0.3608241460751742,0.5744024210143834,82.55313872604165,DID NOT CONVERGE
pca_200,poly,0.1,1000,2,5000,0.3706784480018541,0.5771883450215682,38.25664075289387,DID NOT CONVERGE
pca_200,poly,0.1,1000,3,5000,0.37179231201298535,0.5757430590456352,58.89393933105748,DID NOT CONVERGE
pca_200,poly,0.1,1000,4,5000,0.37175007606856525,0.5728825749829412,87.58146024902817,DID NOT CONVERGE
pca_200,poly,0.1,1000,5,5000,0.3611272220732644,0.5765301079954952,102.66182887309697,DID NOT CONVERGE
pca_200,poly,1,0.001,1,5000,0.3635675589321181,0.5734191120136529,57.59330696100369,
pca_200,poly,1,0.001,2,5000,0.37010777997784317,0.5721027380786836,112.46272942598443,
pca_200,poly,1,0.001,3,5000,0.3625313729280606,0.571788102039136,251.14479370496701,
pca_200,poly,1,0.001,4,5000,0.36973739601671696,0.5640803850255907,484.4063271320192,DID NOT CONVERGE
pca_200,poly,1,0.001,5,5000,0.35975151299498975,0.5734087349846959,605.4986209400231,DID NOT CONVERGE
pca_200,poly,1,0.01,1,5000,0.40718416997697204,0.5768743399530649,39.891606286983006,DID NOT CONVERGE
pca_200,poly,1,0.01,2,5000,0.3793327430030331,0.5727007980458438,39.34809344098903,DID NOT CONVERGE
pca_200,poly,1,0.01,3,5000,0.39919595792889595,0.5761933969333768,58.881845253985375,DID NOT CONVERGE
pca_200,poly,1,0.01,4,5000,0.36799677496310323,0.5716969920322299,87.45073550601956,DID NOT CONVERGE
pca_200,poly,1,0.01,5,5000,0.3620020260568708,0.5729305830318481,102.77499631396495,DID NOT CONVERGE
pca_200,poly,1,0.1,1,5000,0.35737489606253803,0.5697970170294866,51.95406911103055,DID NOT CONVERGE
pca_200,poly,1,0.1,2,5000,0.3590258840704337,0.5717699970118701,38.34891406900715,DID NOT CONVERGE
pca_200,poly,1,0.1,3,5000,0.35852035810239613,0.5741677159676328,58.99257506604772,DID NOT CONVERGE
pca_200,poly,1,0.1,4,5000,0.3582598459906876,0.5737235629931092,87.44486376491841,DID NOT CONVERGE
pca_200,poly,1,0.1,5,5000,0.3589052219176665,0.5746193010127172,103.39659432903863,DID NOT CONVERGE
pca_200,poly,1,1,1,5000,0.35791950998827815,0.5699629690498114,78.73452587402426,DID NOT CONVERGE
pca_200,poly,1,1,2,5000,0.3602822070242837,0.5747441649436951,38.25861404591706,DID NOT CONVERGE
pca_200,poly,1,1,3,5000,0.35798427497502416,0.5691418900387362,58.85291393799707,DID NOT CONVERGE
pca_200,poly,1,1,4,5000,0.36104870098643005,0.5800933600403368,87.80439132405445,DID NOT CONVERGE
pca_200,poly,1,1,5,5000,0.3584198890021071,0.5710072229849175,102.87002294696867,DID NOT CONVERGE
pca_200,poly,1,10,1,5000,0.36742917296942323,0.5712588389869779,82.51654525496997,DID NOT CONVERGE
pca_200,poly,1,10,2,5000,0.3590922609437257,0.5706240999279544,38.28349906404037,DID NOT CONVERGE
pca_200,poly,1,10,3,5000,0.3598598529351875,0.5713794219773263,58.86860945401713,DID NOT CONVERGE
pca_200,poly,1,10,4,5000,0.3589219320565462,0.5686539669986814,87.03343279100955,DID NOT CONVERGE
pca_200,poly,1,10,5,5000,0.36127969599328935,0.5713039729744196,103.13255721505266,DID NOT CONVERGE
pca_200,poly,1,100,1,5000,0.3576312910299748,0.5692661600187421,82.47593949199654,DID NOT CONVERGE
pca_200,poly,1,100,2,5000,0.35799888090696186,0.5687357289716601,38.31885629694443,DID NOT CONVERGE
pca_200,poly,1,100,3,5000,0.3623814309248701,0.5695495579857379,58.838798037031665,DID NOT CONVERGE
pca_200,poly,1,100,4,5000,0.35933365300297737,0.5712341100443155,87.35240900109056,DID NOT CONVERGE
pca_200,poly,1,100,5,5000,0.3605957990512252,0.5732991489348933,103.29290571203455,DID NOT CONVERGE
pca_200,poly,1,1000,1,5000,0.35853369801770896,0.5681140969973058,82.4822649389971,DID NOT CONVERGE
pca_200,poly,1,1000,2,5000,0.3575309490552172,0.5751952509162948,38.30566984298639,DID NOT CONVERGE
pca_200,poly,1,1000,3,5000,0.35819846799131483,0.5706748740049079,58.82924759096932,DID NOT CONVERGE
pca_200,poly,1,1000,4,5000,0.35888901201542467,0.5764593720668927,87.57821296597831,DID NOT CONVERGE
pca_200,poly,1,1000,5,5000,0.35865313501562923,0.5680310419993475,102.57292667997535,DID NOT CONVERGE
pca_200,poly,10,0.001,1,5000,0.3625335720134899,0.5703084620181471,39.91335775796324,DID NOT CONVERGE
pca_200,poly,10,0.001,2,5000,0.3602829410228878,0.5691356969764456,51.25725384999532,DID NOT CONVERGE
pca_200,poly,10,0.001,3,5000,0.3583871009759605,0.5690820469753817,97.97257016401272,DID NOT CONVERGE
pca_200,poly,10,0.001,4,5000,0.35898974200244993,0.569419616018422,226.20688206795603,DID NOT CONVERGE
pca_200,poly,10,0.001,5,5000,0.3579803250031546,0.5701022390276194,400.48562926007435,DID NOT CONVERGE
pca_200,poly,10,0.01,1,5000,0.35890597000252455,0.5728250179672614,51.89577392407227,DID NOT CONVERGE
pca_200,poly,10,0.01,2,5000,0.3584145209752023,0.5747998299775645,38.26540430902969,DID NOT CONVERGE
pca_200,poly,10,0.01,3,5000,0.35850398999173194,0.5740533310454339,58.864706555963494,DID NOT CONVERGE
pca_200,poly,10,0.01,4,5000,0.35886930394917727,0.5733678550459445,87.36076420906466,DID NOT CONVERGE
pca_200,poly,10,0.01,5,5000,0.3576205540448427,0.5820891369367018,102.71015748393256,DID NOT CONVERGE
pca_200,poly,10,0.1,1,5000,0.35843409097287804,0.5724882270442322,78.6091156869661,DID NOT CONVERGE
pca_200,poly,10,0.1,2,5000,0.3590834649512544,0.5752041799714789,38.348461512010545,DID NOT CONVERGE
pca_200,poly,10,0.1,3,5000,0.36056680500041693,0.5754969810368493,58.958379314048216,DID NOT CONVERGE
pca_200,poly,10,0.1,4,5000,0.35839826602023095,0.5735274150501937,87.45057431806345,DID NOT CONVERGE
pca_200,poly,10,0.1,5,5000,0.3596501878928393,0.5699670900357887,103.3444689909229,DID NOT CONVERGE
pca_200,poly,10,1,1,5000,0.3589591099880636,0.5727574160555378,82.50353301002178,DID NOT CONVERGE
pca_200,poly,10,1,2,5000,0.35788666899316013,0.572302957996726,38.26338423404377,DID NOT CONVERGE
pca_200,poly,10,1,3,5000,0.3592116989893839,0.5726395170204341,58.84563253005035,DID NOT CONVERGE
pca_200,poly,10,1,4,5000,0.3574515760410577,0.5748202310642228,87.82841334596742,DID NOT CONVERGE
pca_200,poly,10,1,5,5000,0.3583881569793448,0.5745813440298662,102.88175440195482,DID NOT CONVERGE
pca_200,poly,10,10,1,5000,0.3581312079913914,0.5743362660286948,82.51386738603469,DID NOT CONVERGE
pca_200,poly,10,10,2,5000,0.3581998859299347,0.5738735839258879,38.28172696591355,DID NOT CONVERGE
pca_200,poly,10,10,3,5000,0.3593700990313664,0.5762128609931096,58.87992777896579,DID NOT CONVERGE
pca_200,poly,10,10,4,5000,0.35845593304838985,0.5760021809255704,87.06041962606832,DID NOT CONVERGE
pca_200,poly,10,10,5,5000,0.3572461219737306,0.5741094839759171,103.17402293498162,DID NOT CONVERGE
pca_200,poly,10,100,1,5000,0.35801409103441983,0.569439291022718,82.5545016080141,DID NOT CONVERGE
pca_200,poly,10,100,2,5000,0.3584224459482357,0.5710891319904476,38.306135141057894,DID NOT CONVERGE
pca_200,poly,10,100,3,5000,0.3580623270245269,0.5472568010445684,58.877904974040575,DID NOT CONVERGE
pca_200,poly,10,100,4,5000,0.3576637409860268,0.5712885679677129,87.33123520098161,DID NOT CONVERGE
pca_200,poly,10,100,5,5000,0.35787622700445354,0.5703115049982443,103.35298274992965,DID NOT CONVERGE
pca_200,poly,10,1000,1,5000,0.35769871599040926,0.5737841919763014,82.48684866807889,DID NOT CONVERGE
pca_200,poly,10,1000,2,5000,0.3576289920601994,0.5734104630537331,38.22528411995154,DID NOT CONVERGE
pca_200,poly,10,1000,3,5000,0.3581806339789182,0.5726830920903012,58.85553156095557,DID NOT CONVERGE
pca_200,poly,10,1000,4,5000,0.3604001640342176,0.5708197120111436,87.62343619694002,DID NOT CONVERGE
pca_200,poly,10,1000,5,5000,0.35772084107156843,0.5722946550231427,102.60310542001389,DID NOT CONVERGE
pca_200,poly,100,0.001,1,5000,0.3582622749963775,0.570394973969087,52.04495016508736,DID NOT CONVERGE
pca_200,poly,100,0.001,2,5000,0.35890704207122326,0.5771275159204379,39.23412077501416,DID NOT CONVERGE
pca_200,poly,100,0.001,3,5000,0.35835231107193977,0.5719481800915673,62.87866355001461,DID NOT CONVERGE
pca_200,poly,100,0.001,4,5000,0.35800406499765813,0.5724960609804839,111.26113971404266,DID NOT CONVERGE
pca_200,poly,100,0.001,5,5000,0.35833860596176237,0.5742968410486355,196.95987101597711,DID NOT CONVERGE
pca_200,poly,100,0.01,1,5000,0.3602458239765838,0.604149337974377,78.66601388098206,DID NOT CONVERGE
pca_200,poly,100,0.01,2,5000,0.3583498790394515,0.5733632090268657,38.251264604972675,DID NOT CONVERGE
pca_200,poly,100,0.01,3,5000,0.3581527069909498,0.5686611268902197,58.859861960983835,DID NOT CONVERGE
pca_200,poly,100,0.01,4,5000,0.35760023002512753,0.5769173139706254,87.39278893102892,DID NOT CONVERGE
pca_200,poly,100,0.01,5,5000,0.3610723549500108,0.5702895959839225,102.78665936400648,DID NOT CONVERGE
pca_200,poly,100,0.1,1,5000,0.3590271739521995,0.5729666709667072,82.52714635699522,DID NOT CONVERGE
pca_200,poly,100,0.1,2,5000,0.3578371530165896,0.570225651958026,38.358508761040866,DID NOT CONVERGE
pca_200,poly,100,0.1,3,5000,0.35893821995705366,0.5712077890057117,59.02895119099412,DID NOT CONVERGE
pca_200,poly,100,0.1,4,5000,0.35769649397116154,0.5704069680068642,87.53220823092852,DID NOT CONVERGE
pca_200,poly,100,0.1,5,5000,0.35837137093767524,0.5732962619513273,103.65817219903693,DID NOT CONVERGE
pca_200,poly,100,1,1,5000,0.3616499900817871,0.563621674082242,81.50381910509896,DID NOT CONVERGE
pca_200,poly,100,1,2,5000,0.3543306200299412,0.5709957219660282,37.78379587701056,DID NOT CONVERGE
pca_200,poly,100,1,3,5000,0.35383075196295977,0.5728210069937631,58.087392145069316,DID NOT CONVERGE
pca_200,poly,100,1,4,5000,0.3563592149876058,0.5713377309730276,86.64138924097642,DID NOT CONVERGE
pca_200,poly,100,1,5,5000,0.35237831890117377,0.5728135369718075,101.52598162495997,DID NOT CONVERGE
pca_200,poly,100,10,1,5000,0.353516838978976,0.5728176799602807,81.58233349199872,DID NOT CONVERGE
pca_200,poly,100,10,2,5000,0.3535646010423079,0.5711665709968656,37.79211752000265,DID NOT CONVERGE
pca_200,poly,100,10,3,5000,0.3523271169979125,0.5773985109990463,58.10759183601476,DID NOT CONVERGE
pca_200,poly,100,10,4,5000,0.3525480000535026,0.5735257030464709,85.84145298006479,DID NOT CONVERGE
pca_200,poly,100,10,5,5000,0.36424559506122023,0.556621570023708,101.72925540502183,DID NOT CONVERGE
pca_200,poly,100,100,1,5000,0.3531444870168343,0.5705145680112764,81.44017459999304,DID NOT CONVERGE
pca_200,poly,100,100,2,5000,0.35275252093560994,0.5689774679485708,37.82140542194247,DID NOT CONVERGE
pca_200,poly,100,100,3,5000,0.35251079697627574,0.570488989003934,58.11312114598695,DID NOT CONVERGE
pca_200,poly,100,100,4,5000,0.3531789520056918,0.571995250065811,86.11676498700399,DID NOT CONVERGE
pca_200,poly,100,100,5,5000,0.352672733948566,0.5708504730137065,102.01026465499308,DID NOT CONVERGE
pca_200,poly,100,1000,1,5000,0.3525182909797877,0.573257606010884,81.52591596089769,DID NOT CONVERGE
pca_200,poly,100,1000,2,5000,0.35348145104944706,0.5707173070404679,37.75950834096875,DID NOT CONVERGE
pca_200,poly,100,1000,3,5000,0.35381180595140904,0.571041474933736,58.12357084697578,DID NOT CONVERGE
pca_200,poly,100,1000,4,5000,0.36095955001655966,0.5730919659836218,86.39223656407557,DID NOT CONVERGE
pca_200,poly,100,1000,5,5000,0.35277352202683687,0.572898683953099,101.26168667105958,DID NOT CONVERGE
pca_200,poly,1000,0.001,1,5000,0.3550302879884839,0.5725186209892854,77.70180334104225,DID NOT CONVERGE
pca_200,poly,1000,0.001,2,5000,0.35344949597492814,0.5718013789737597,37.864818476955406,DID NOT CONVERGE
pca_200,poly,1000,0.001,3,5000,0.3528967899037525,0.5718331299722195,58.20890172990039,DID NOT CONVERGE
pca_200,poly,1000,0.001,4,5000,0.3540897991042584,0.5713656930020079,87.35436349897645,DID NOT CONVERGE
pca_200,poly,1000,0.001,5,5000,0.3542785249883309,0.5723826950415969,113.10644836095162,DID NOT CONVERGE
pca_200,poly,1000,0.01,1,5000,0.35559068305883557,0.5735991150140762,81.43138977291528,DID NOT CONVERGE
pca_200,poly,1000,0.01,2,5000,0.3594771740026772,0.5707644110079855,37.76712596800644,DID NOT CONVERGE
pca_200,poly,1000,0.01,3,5000,0.352384947007522,0.5716332830488682,58.09929099294823,DID NOT CONVERGE
pca_200,poly,1000,0.01,4,5000,0.3545697050867602,0.5700822919607162,86.23785751697142,DID NOT CONVERGE
pca_200,poly,1000,0.01,5,5000,0.3551294709322974,0.5726743240375072,101.38269851496443,DID NOT CONVERGE
pca_200,poly,1000,0.1,1,5000,0.3543361990014091,0.5710642649792135,81.58301974192727,DID NOT CONVERGE
pca_200,poly,1000,0.1,2,5000,0.3544797650538385,0.5717587260296568,37.86873301304877,DID NOT CONVERGE
pca_200,poly,1000,0.1,3,5000,0.35351708997040987,0.5727228639880195,58.23832841892727,DID NOT CONVERGE
pca_200,poly,1000,0.1,4,5000,0.35558966908138245,0.5727447329554707,86.2966288930038,DID NOT CONVERGE
pca_200,poly,1000,0.1,5,5000,0.35249212698545307,0.5731692769331858,101.94225623307284,DID NOT CONVERGE
pca_200,poly,1000,1,1,5000,0.35243466310203075,0.5735132930567488,81.56454883201513,DID NOT CONVERGE
pca_200,poly,1000,1,2,5000,0.35307849501259625,0.5678023470100015,37.781147217028774,DID NOT CONVERGE
pca_200,poly,1000,1,3,5000,0.3536250580800697,0.5700758079765365,58.0761119639501,DID NOT CONVERGE
pca_200,poly,1000,1,4,5000,0.3521383620100096,0.5729987240629271,86.61760415602475,DID NOT CONVERGE
pca_200,poly,1000,1,5,5000,0.3536602129461244,0.5719730650307611,101.57886831799988,DID NOT CONVERGE
pca_200,poly,1000,10,1,5000,0.35418729402590543,0.568572641001083,81.53914154903032,DID NOT CONVERGE
pca_200,poly,1000,10,2,5000,0.3536916369339451,0.5695096109993756,37.80158108205069,DID NOT CONVERGE
pca_200,poly,1000,10,3,5000,0.35305047407746315,0.5728263149503618,58.102072659065016,DID NOT CONVERGE
pca_200,poly,1000,10,4,5000,0.35268402099609375,0.5741498100105673,85.8800401709741,DID NOT CONVERGE
pca_200,poly,1000,10,5,5000,0.3540405810344964,0.5695308760041371,101.92905492393766,DID NOT CONVERGE
pca_200,poly,1000,100,1,5000,0.35342548799235374,0.5733526740223169,81.49139096797444,DID NOT CONVERGE
pca_200,poly,1000,100,2,5000,0.3532607990782708,0.5696250239852816,37.879081370076165,DID NOT CONVERGE
pca_200,poly,1000,100,3,5000,0.35252822597976774,0.5717091329861432,58.14767586707603,DID NOT CONVERGE
pca_200,poly,1000,100,4,5000,0.35304029402323067,0.565678506041877,86.31192322901916,DID NOT CONVERGE
pca_200,poly,1000,100,5,5000,0.35340576991438866,0.571336735971272,101.99412182800006,DID NOT CONVERGE
pca_200,poly,1000,1000,1,5000,0.3543577779782936,0.5699718449031934,81.50208425498568,DID NOT CONVERGE
pca_200,poly,1000,1000,2,5000,0.35376210603863,0.5706895510666072,37.752673875074834,DID NOT CONVERGE
pca_200,poly,1000,1000,3,5000,0.3534392510773614,0.572032636962831,58.09355812496506,DID NOT CONVERGE
pca_200,poly,1000,1000,4,5000,0.353108455077745,0.5706135809887201,86.40490951493848,DID NOT CONVERGE
pca_200,poly,1000,1000,5,5000,0.35314193496014923,0.5701426001032814,101.30041317699943,DID NOT CONVERGE
lda,poly,0.001,0.001,1,5000,0.3860787049634382,5.3694676969898865,122.84376716904808,DID NOT CONVERGE
lda,poly,0.001,0.001,2,5000,0.35288629098795354,4.462053918978199,124.35951686196495,DID NOT CONVERGE
lda,poly,0.001,0.001,3,5000,0.35795239300932735,4.358451762935147,125.19217432499863,DID NOT CONVERGE
lda,poly,0.001,0.001,4,5000,0.35351786005776376,4.315143281011842,125.95888843608554,DID NOT CONVERGE
lda,poly,0.001,0.001,5,5000,0.3529917800333351,4.245041853981093,127.1072839780245,DID NOT CONVERGE
lda,poly,0.001,0.01,1,5000,0.35306704707909375,4.258594264043495,115.18971083697397,DID NOT CONVERGE
lda,poly,0.001,0.01,2,5000,0.35319336596876383,4.245008767931722,124.41291537706275,DID NOT CONVERGE
lda,poly,0.001,0.01,3,5000,0.3536277359817177,4.24117352697067,125.23671950597782,DID NOT CONVERGE
lda,poly,0.001,0.01,4,5000,0.3536368570057675,4.234951035003178,125.97336085897405,DID NOT CONVERGE
lda,poly,0.001,0.01,5,5000,0.3534679169533774,4.250753879896365,127.00997015996836,DID NOT CONVERGE
lda,poly,0.001,0.1,1,5000,0.352805603062734,4.21183761197608,40.018004441051744,
lda,poly,0.001,0.1,2,5000,0.3527671720366925,4.242790126008913,47.905965963960625,
lda,poly,0.001,0.1,3,5000,0.3544051389908418,4.221728154923767,40.98658778995741,
lda,poly,0.001,0.1,4,5000,0.35328713001217693,4.284025468979962,43.599712103023194,
lda,poly,0.001,0.1,5,5000,0.3520890969084576,4.2717478700215,39.83336769999005,
lda,poly,0.001,1,1,5000,0.35225074202753603,4.224151419010013,16.541645883000456,
lda,poly,0.001,1,2,5000,0.352477663080208,4.236694233957678,15.492461289046332,
lda,poly,0.001,1,3,5000,0.3526621499331668,4.218896097969264,11.575207977090031,DID NOT CONVERGE
lda,poly,0.001,1,4,5000,0.35359859303571284,4.187043608049862,15.93344612699002,DID NOT CONVERGE
lda,poly,0.001,1,5,5000,0.35213528003077954,4.194889122969471,12.838983371970244,DID NOT CONVERGE
lda,poly,0.001,10,1,5000,0.35250349796842784,4.221819041995332,10.766282099997625,
lda,poly,0.001,10,2,5000,0.35253853094764054,4.205899968976155,21.365018857992254,DID NOT CONVERGE
lda,poly,0.001,10,3,5000,0.35331243905238807,4.294123103027232,13.86830665904563,DID NOT CONVERGE
lda,poly,0.001,10,4,5000,0.3535159029997885,4.229761580005288,15.115179878892377,DID NOT CONVERGE
lda,poly,0.001,10,5,5000,0.35343742195982486,4.262990684946999,12.752875239006244,DID NOT CONVERGE
lda,poly,0.001,100,1,5000,0.35271337698213756,4.222085107932799,10.436034481041133,DID NOT CONVERGE
lda,poly,0.001,100,2,5000,0.35355965606868267,4.247037613997236,24.107506980071776,DID NOT CONVERGE
lda,poly,0.001,100,3,5000,0.35377704398706555,4.282619358971715,13.69114295009058,DID NOT CONVERGE
lda,poly,0.001,100,4,5000,0.3530837029684335,4.281639777938835,14.925987901049666,DID NOT CONVERGE
lda,poly,0.001,100,5,5000,0.3538472669897601,4.213184030959383,12.776306416955777,DID NOT CONVERGE
lda,poly,0.001,1000,1,5000,0.35340206895489246,4.267878385959193,14.12343190901447,DID NOT CONVERGE
lda,poly,0.001,1000,2,5000,0.3541188359959051,4.288085024105385,23.39114589698147,DID NOT CONVERGE
lda,poly,0.001,1000,3,5000,0.35412678006105125,4.196949693956412,13.725181395071559,DID NOT CONVERGE
lda,poly,0.001,1000,4,5000,0.35316351999063045,4.273700152989477,14.865866437903605,DID NOT CONVERGE
lda,poly,0.001,1000,5,5000,0.3533297780668363,4.327827321947552,12.704457481973805,DID NOT CONVERGE
lda,poly,0.01,0.001,1,5000,0.3541588669177145,4.282048897934146,115.17262366204523,DID NOT CONVERGE
lda,poly,0.01,0.001,2,5000,0.35488917597103864,4.27030356391333,124.31425673596095,DID NOT CONVERGE
lda,poly,0.01,0.001,3,5000,0.3538366970606148,4.281490552006289,125.2075675650267,DID NOT CONVERGE
lda,poly,0.01,0.001,4,5000,0.35406520194374025,4.222752057015896,125.97650606906973,DID NOT CONVERGE
lda,poly,0.01,0.001,5,5000,0.35434676392469555,4.264593217987567,127.00497272703797,DID NOT CONVERGE
lda,poly,0.01,0.01,1,5000,0.35281685495283455,4.272743356064893,40.00949957896955,
lda,poly,0.01,0.01,2,5000,0.35317703906912357,4.27906371105928,102.58021473896224,DID NOT CONVERGE
lda,poly,0.01,0.01,3,5000,0.3557906709611416,4.208460024907254,124.0617369239917,DID NOT CONVERGE
lda,poly,0.01,0.01,4,5000,0.35370739398058504,4.23839782201685,126.01320118096191,DID NOT CONVERGE
lda,poly,0.01,0.01,5,5000,0.3542942169588059,4.274940609000623,127.07298280193936,DID NOT CONVERGE
lda,poly,0.01,0.1,1,5000,0.3543939490336925,4.224634418962523,16.55453928501811,
lda,poly,0.01,0.1,2,5000,0.3549926819978282,4.221875251038,24.034292021999136,
lda,poly,0.01,0.1,3,5000,0.35333834402263165,4.276239283964969,20.08476734603755,
lda,poly,0.01,0.1,4,5000,0.35370095900725573,4.236876087961718,25.12454259605147,
lda,poly,0.01,0.1,5,5000,0.3533107549883425,4.234289292013273,23.752799089998007,
lda,poly,0.01,1,1,5000,0.3550697769969702,4.21590924996417,10.666626142919995,
lda,poly,0.01,1,2,5000,0.35418228793423623,4.244878771016374,14.355008183978498,DID NOT CONVERGE
lda,poly,0.01,1,3,5000,0.3536598029313609,4.221027749008499,13.344979205983691,DID NOT CONVERGE
lda,poly,0.01,1,4,5000,0.3532896440010518,4.2625071939546615,16.124038965906948,DID NOT CONVERGE
lda,poly,0.01,1,5,5000,0.353486979031004,4.265588573995046,12.492667482001707,DID NOT CONVERGE
lda,poly,0.01,10,1,5000,0.3535899710841477,4.226506220991723,10.376030041952617,DID NOT CONVERGE
lda,poly,0.01,10,2,5000,0.3540292630204931,4.286061767023057,24.71538240101654,DID NOT CONVERGE
lda,poly,0.01,10,3,5000,0.35327361593954265,4.322876157006249,13.737700002966449,DID NOT CONVERGE
lda,poly,0.01,10,4,5000,0.3533781770383939,4.27962781896349,15.118859493988566,DID NOT CONVERGE
lda,poly,0.01,10,5,5000,0.3532873580697924,4.289969841018319,12.763283740030602,DID NOT CONVERGE
lda,poly,0.01,100,1,5000,0.35369145090226084,4.265297801000997,14.043221036088653,DID NOT CONVERGE
lda,poly,0.01,100,2,5000,0.3527245440054685,4.197672445094213,23.468096641008742,DID NOT CONVERGE
lda,poly,0.01,100,3,5000,0.35392681299708784,4.258770236978307,13.656476564938203,DID NOT CONVERGE
lda,poly,0.01,100,4,5000,0.3536971849389374,4.204774577985518,14.930137620074674,DID NOT CONVERGE
lda,poly,0.01,100,5,5000,0.35323878296185285,4.232763650943525,12.787296296912245,DID NOT CONVERGE
lda,poly,0.01,1000,1,5000,0.3535593500128016,4.293383399955928,15.266601716983132,DID NOT CONVERGE
lda,poly,0.01,1000,2,5000,0.3548359029227868,4.268353246967308,23.365839803009294,DID NOT CONVERGE
lda,poly,0.01,1000,3,5000,0.3522625840269029,4.20821984205395,13.732050628983416,DID NOT CONVERGE
lda,poly,0.01,1000,4,5000,0.3533770580543205,4.246223069028929,14.86820300098043,DID NOT CONVERGE
lda,poly,0.01,1000,5,5000,0.35297057998832315,4.25597596692387,12.705769689986482,DID NOT CONVERGE
lda,poly,0.1,0.001,1,5000,0.353757468983531,4.301273309974931,40.0273250490427,
lda,poly,0.1,0.001,2,5000,0.35466139495838434,4.2340017419774085,124.4635453489609,DID NOT CONVERGE
lda,poly,0.1,0.001,3,5000,0.35400101298000664,4.247841113014147,125.30455440899823,DID NOT CONVERGE
lda,poly,0.1,0.001,4,5000,0.35300475894473493,4.253354104002938,125.98463476495817,DID NOT CONVERGE
lda,poly,0.1,0.001,5,5000,0.3544401249382645,4.255798285012133,127.04159784002695,DID NOT CONVERGE
lda,poly,0.1,0.01,1,5000,0.3531248429790139,4.252931235008873,16.53532833396457,
lda,poly,0.1,0.01,2,5000,0.35290034604258835,4.256895584985614,47.90901057899464,
lda,poly,0.1,0.01,3,5000,0.3545447530923411,4.238718834007159,82.26845870900434,
lda,poly,0.1,0.01,4,5000,0.3527505600359291,4.281586213968694,113.98504693293944,DID NOT CONVERGE
lda,poly,0.1,0.01,5,5000,0.3528251718962565,4.227505826042034,125.00092826900072,DID NOT CONVERGE
lda,poly,0.1,0.1,1,5000,0.35293404199182987,4.288415438961238,10.677494599018246,
lda,poly,0.1,0.1,2,5000,0.35207100899424404,4.233389236964285,15.42928118398413,
lda,poly,0.1,0.1,3,5000,0.3527412519324571,4.28455760399811,12.472869003075175,
lda,poly,0.1,0.1,4,5000,0.3528827870031819,4.202954487991519,17.15614017797634,DID NOT CONVERGE
lda,poly,0.1,0.1,5,5000,0.35265212203375995,4.2454728269949555,16.400296363979578,DID NOT CONVERGE
lda,poly,0.1,1,1,5000,0.3526225689565763,4.181201038067229,10.430020425934345,DID NOT CONVERGE
lda,poly,0.1,1,2,5000,0.3528458330547437,4.208637500065379,21.31808409502264,DID NOT CONVERGE
lda,poly,0.1,1,3,5000,0.3527508130064234,4.254974456969649,14.03337242291309,DID NOT CONVERGE
lda,poly,0.1,1,4,5000,0.3529401260893792,4.1983099799836054,15.541709572076797,DID NOT CONVERGE
lda,poly,0.1,1,5,5000,0.3524246100569144,4.295912727015093,12.456115033011883,DID NOT CONVERGE
lda,poly,0.1,10,1,5000,0.35246336297132075,4.2320357280550525,14.104601725004613,DID NOT CONVERGE
lda,poly,0.1,10,2,5000,0.3524234310025349,4.18230190302711,24.036396141978912,DID NOT CONVERGE
lda,poly,0.1,10,3,5000,0.35365732794161886,4.213859708048403,13.73719625605736,DID NOT CONVERGE
lda,poly,0.1,10,4,5000,0.3523116750875488,4.274879549979232,15.123001124011353,DID NOT CONVERGE
lda,poly,0.1,10,5,5000,0.3540463709505275,4.226130275987089,12.751496309996583,DID NOT CONVERGE
lda,poly,0.1,100,1,5000,0.352708425023593,4.271660390077159,15.19452854001429,DID NOT CONVERGE
lda,poly,0.1,100,2,5000,0.3525679970625788,4.2416811370057985,23.343992728972808,DID NOT CONVERGE
lda,poly,0.1,100,3,5000,0.35224437597207725,4.242368720006198,13.705148208071478,DID NOT CONVERGE
lda,poly,0.1,100,4,5000,0.3529186170781031,4.239912819000892,14.95187117101159,DID NOT CONVERGE
lda,poly,0.1,100,5,5000,0.3523629130795598,4.253233519964851,12.788852007011883,DID NOT CONVERGE
lda,poly,0.1,1000,1,5000,0.3525153649970889,4.239536934997886,14.156079220003448,DID NOT CONVERGE
lda,poly,0.1,1000,2,5000,0.35200188297312707,4.2216006009839475,23.346384896081872,DID NOT CONVERGE
lda,poly,0.1,1000,3,5000,0.3544962239684537,4.3040046219248325,13.738050251966342,DID NOT CONVERGE
lda,poly,0.1,1000,4,5000,0.35259825095999986,4.242658404051326,14.860397389042191,DID NOT CONVERGE
lda,poly,0.1,1000,5,5000,0.3528628640342504,4.280819466104731,12.691612283000723,DID NOT CONVERGE
lda,poly,1,0.001,1,5000,0.3556292620487511,4.269980302080512,16.53957449493464,
lda,poly,1,0.001,2,5000,0.3520128959789872,4.2398378539364785,102.53814659302589,DID NOT CONVERGE
lda,poly,1,0.001,3,5000,0.3538115039700642,4.245113035081886,125.21892815909814,DID NOT CONVERGE
lda,poly,1,0.001,4,5000,0.3525192749220878,4.249980979016982,125.99300342507195,DID NOT CONVERGE
lda,poly,1,0.001,5,5000,0.35300493403337896,4.186150046996772,126.9990082939621,DID NOT CONVERGE
lda,poly,1,0.01,1,5000,0.35440211300738156,4.2818573920521885,10.666015853988938,
lda,poly,1,0.01,2,5000,0.35247386002447456,4.219096024055034,23.96752214001026,
lda,poly,1,0.01,3,5000,0.353546891012229,4.256853015976958,40.9693576580612,
lda,poly,1,0.01,4,5000,0.3524106709519401,4.277332640020177,74.79268675902858,
lda,poly,1,0.01,5,5000,0.35367211897391826,4.247033065999858,101.78869591304101,DID NOT CONVERGE
lda,poly,1,0.1,1,5000,0.3523472910746932,4.2193735799519345,10.400515123968944,DID NOT CONVERGE
lda,poly,1,0.1,2,5000,0.352499456028454,4.260298702982254,14.341128403902985,DID NOT CONVERGE
lda,poly,1,0.1,3,5000,0.3518699880223721,4.2553981830133125,11.533724813023582,DID NOT CONVERGE
lda,poly,1,0.1,4,5000,0.3521976839983836,4.223968907026574,15.106359669007361,DID NOT CONVERGE
lda,poly,1,0.1,5,5000,0.35428112803492695,4.228658055071719,13.978493232047185,DID NOT CONVERGE
lda,poly,1,1,1,5000,0.3526515490375459,4.260134485899471,14.058132242993452,DID NOT CONVERGE
lda,poly,1,1,2,5000,0.35593841900117695,4.2265741870505735,24.67823077889625,DID NOT CONVERGE
lda,poly,1,1,3,5000,0.35296973306685686,4.240745670977049,13.879587402916513,DID NOT CONVERGE
lda,poly,1,1,4,5000,0.35242214798927307,4.242745743016712,15.239995314041153,DID NOT CONVERGE
lda,poly,1,1,5,5000,0.3530861350009218,4.221074339002371,12.53806641092524,DID NOT CONVERGE
lda,poly,1,10,1,5000,0.35341233294457197,4.231731854029931,15.241406276007183,DID NOT CONVERGE
lda,poly,1,10,2,5000,0.3528040830278769,4.234661150025204,23.43957466003485,DID NOT CONVERGE
lda,poly,1,10,3,5000,0.3551035459386185,4.232724788947962,13.739684749976732,DID NOT CONVERGE
lda,poly,1,10,4,5000,0.3525764159858227,4.245280075003393,15.194185090018436,DID NOT CONVERGE
lda,poly,1,10,5,5000,0.35344134795013815,4.27550832007546,12.749790302012116,DID NOT CONVERGE
lda,poly,1,100,1,5000,0.3543226480251178,4.192851806990802,14.128799793077633,DID NOT CONVERGE
lda,poly,1,100,2,5000,0.3526615760056302,4.225549406954087,23.356113627902232,DID NOT CONVERGE
lda,poly,1,100,3,5000,0.35274914000183344,4.286619963007979,13.706008100998588,DID NOT CONVERGE
lda,poly,1,100,4,5000,0.3541891541099176,4.227619917015545,14.942153136013076,DID NOT CONVERGE
lda,poly,1,100,5,5000,0.3521024059737101,4.191087660030462,12.76923708897084,DID NOT CONVERGE
lda,poly,1,1000,1,5000,0.35263089393265545,4.2079288570676,13.81427932297811,DID NOT CONVERGE
lda,poly,1,1000,2,5000,0.3531760850455612,4.217447004048154,23.367877054028213,DID NOT CONVERGE
lda,poly,1,1000,3,5000,0.35293717100284994,4.575680683017708,13.732614685897715,DID NOT CONVERGE
lda,poly,1,1000,4,5000,0.354517480940558,4.307027610018849,14.8618655980099,DID NOT CONVERGE
lda,poly,1,1000,5,5000,0.352317938930355,4.224498871946707,12.694770721020177,DID NOT CONVERGE
lda,poly,10,0.001,1,5000,0.3531108479946852,4.208570356015116,10.674108201055788,
lda,poly,10,0.001,2,5000,0.3531083860434592,4.241257017944008,47.88799783203285,
lda,poly,10,0.001,3,5000,0.35295033594593406,4.221795548102818,124.045415300061,DID NOT CONVERGE
lda,poly,10,0.001,4,5000,0.35361897095572203,4.2296590589685366,125.9451040480053,DID NOT CONVERGE
lda,poly,10,0.001,5,5000,0.3529327899450436,4.21756300306879,126.99637430696748,DID NOT CONVERGE
lda,poly,10,0.01,1,5000,0.3524404949275777,4.223518267972395,10.416060284012929,DID NOT CONVERGE
lda,poly,10,0.01,2,5000,0.35282189201097935,4.244006504071876,15.417049814015627,
lda,poly,10,0.01,3,5000,0.35270858102012426,4.2164925310062245,20.06842195498757,
lda,poly,10,0.01,4,5000,0.35362143197562546,4.280846043955535,43.521484421915375,
lda,poly,10,0.01,5,5000,0.3534171769861132,4.294597000000067,66.19728246796876,
lda,poly,10,0.1,1,5000,0.35295952507294714,4.217096954002045,14.006612024037167,DID NOT CONVERGE
lda,poly,10,0.1,2,5000,0.35383574792649597,4.24198021995835,21.26646625099238,DID NOT CONVERGE
lda,poly,10,0.1,3,5000,0.3524492379510775,4.2295248250011355,13.249286095029674,DID NOT CONVERGE
lda,poly,10,0.1,4,5000,0.35208814695943147,4.215050779050216,15.855777821969241,DID NOT CONVERGE
lda,poly,10,0.1,5,5000,0.3529827670427039,4.220747782965191,12.93945010297466,DID NOT CONVERGE
lda,poly,10,1,1,5000,0.3534542970592156,4.224173992057331,15.238574667018838,DID NOT CONVERGE
lda,poly,10,1,2,5000,0.35258566902484745,4.202557828044519,24.025955270975828,DID NOT CONVERGE
lda,poly,10,1,3,5000,0.3532523789908737,4.239671402028762,13.698422488989308,DID NOT CONVERGE
lda,poly,10,1,4,5000,0.3534528160234913,4.214250659104437,14.975387913058512,DID NOT CONVERGE
lda,poly,10,1,5,5000,0.3578483519377187,4.182299992069602,12.540803811978549,DID NOT CONVERGE
lda,poly,10,10,1,5000,0.3536249070893973,4.268495226977393,14.090886363992468,DID NOT CONVERGE
lda,poly,10,10,2,5000,0.35284573992248625,4.2106546990107745,23.26924815797247,DID NOT CONVERGE
lda,poly,10,10,3,5000,0.35326657502446324,4.187397219939157,13.748789425939322,DID NOT CONVERGE
lda,poly,10,10,4,5000,0.35252526903059334,4.249128857976757,15.086440182989463,DID NOT CONVERGE
lda,poly,10,10,5,5000,0.35288227803539485,4.254405547049828,12.705255153006874,DID NOT CONVERGE
lda,poly,10,100,1,5000,0.35224412998650223,4.213920484064147,13.856000719941221,DID NOT CONVERGE
lda,poly,10,100,2,5000,0.35268556303344667,4.210466315038502,23.340328918071464,DID NOT CONVERGE
lda,poly,10,100,3,5000,0.35429577401373535,4.194782053004019,13.685381390037946,DID NOT CONVERGE
lda,poly,10,100,4,5000,0.3532402589917183,4.21631555701606,14.904469867935404,DID NOT CONVERGE
lda,poly,10,100,5,5000,0.3537770230323076,4.215386658092029,12.741954165045172,DID NOT CONVERGE
lda,poly,10,1000,1,5000,0.35385800700169057,4.2657349039800465,13.788589837960899,DID NOT CONVERGE
lda,poly,10,1000,2,5000,0.3515471770660952,4.222320468048565,23.35187455790583,DID NOT CONVERGE
lda,poly,10,1000,3,5000,0.3530463660135865,4.224971810937859,13.707284282892942,DID NOT CONVERGE
lda,poly,10,1000,4,5000,0.3538503880845383,4.295032016001642,14.827070984058082,DID NOT CONVERGE
lda,poly,10,1000,5,5000,0.3521953009767458,4.23063417407684,12.662372529972345,DID NOT CONVERGE
lda,poly,100,0.001,1,5000,0.35270444699563086,4.292381144943647,10.38298360700719,DID NOT CONVERGE
lda,poly,100,0.001,2,5000,0.35222215997055173,4.242795286001638,23.950059700990096,
lda,poly,100,0.001,3,5000,0.3536945088999346,4.23355518002063,82.1391520369798,
lda,poly,100,0.001,4,5000,0.35377204802352935,4.2772227979730815,125.79740253498312,DID NOT CONVERGE
lda,poly,100,0.001,5,5000,0.35298953694291413,4.243742750026286,126.84619437600486,DID NOT CONVERGE
lda,poly,100,0.01,1,5000,0.3515040799975395,4.25633831799496,14.027328634052537,DID NOT CONVERGE
lda,poly,100,0.01,2,5000,0.352767403004691,4.214996731956489,14.30087642208673,DID NOT CONVERGE
lda,poly,100,0.01,3,5000,0.3521609139861539,4.201469821971841,12.49120959895663,
lda,poly,100,0.01,4,5000,0.3521842249901965,4.223643381963484,25.08454026002437,
lda,poly,100,0.01,5,5000,0.3509476230246946,4.2264697450445965,39.76041048299521,
lda,poly,100,0.1,1,5000,0.35287558601703495,4.224520965013653,15.200592754990794,DID NOT CONVERGE
lda,poly,100,0.1,2,5000,0.35212869802489877,4.2622489660279825,24.65623315202538,DID NOT CONVERGE
lda,poly,100,0.1,3,5000,0.35251285997219384,4.300163228996098,14.087840392952785,DID NOT CONVERGE
lda,poly,100,0.1,4,5000,0.35237766394857317,4.205267676035874,16.035450727911666,DID NOT CONVERGE
lda,poly,100,0.1,5,5000,0.3522320919437334,4.188395829987712,17.36076193396002,DID NOT CONVERGE
lda,poly,100,1,1,5000,0.6166228440124542,38.138420237926766,44.66799157904461,DID NOT CONVERGE
lda,poly,100,1,2,5000,0.6641753240255639,38.79633185500279,62.51641680998728,DID NOT CONVERGE
lda,poly,100,1,3,5000,0.7149811959825456,39.43118673702702,31.079437965061516,DID NOT CONVERGE
lda,poly,100,1,4,5000,0.5061898670392111,45.97517843998503,34.97433502902277,DID NOT CONVERGE
lda,poly,100,1,5,5000,0.5241029310273007,55.24524844100233,28.94695066602435,DID NOT CONVERGE
lda,poly,100,10,1,5000,0.5513828039402142,40.62677274807356,34.36231616605073,DID NOT CONVERGE
lda,poly,100,10,2,5000,0.5042038769461215,40.59504624409601,62.544701050035655,DID NOT CONVERGE
lda,poly,100,10,3,5000,0.5670458109816536,40.18446653499268,16.511581332073547,DID NOT CONVERGE
lda,poly,100,10,4,5000,0.561387327965349,29.449146457016468,42.37512845895253,DID NOT CONVERGE
lda,poly,100,10,5,5000,0.6871522329747677,40.95891082799062,30.695276789017953,DID NOT CONVERGE
lda,poly,100,100,1,5000,0.5782673379871994,45.08053073496558,36.34296054299921,DID NOT CONVERGE
lda,poly,100,100,2,5000,0.6678309289272875,40.24010955297854,70.38456659193616,DID NOT CONVERGE
lda,poly,100,100,3,5000,0.5279687430011109,32.88584838609677,41.80559835897293,DID NOT CONVERGE
lda,poly,100,100,4,5000,0.7997932329308242,37.6166899970267,43.22992128308397,DID NOT CONVERGE
lda,poly,100,100,5,5000,0.5738928680075333,36.36029919295106,38.89842774195131,DID NOT CONVERGE
lda,poly,100,1000,1,5000,0.653563609928824,37.8172274279641,42.518634807900526,DID NOT CONVERGE
lda,poly,100,1000,2,5000,0.6366009530611336,26.231273291050456,73.16427912202198,DID NOT CONVERGE
lda,poly,100,1000,3,5000,0.6126349029364064,47.35709449800197,34.6933991239639,DID NOT CONVERGE
lda,poly,100,1000,4,5000,0.6542331780074164,27.515778859960847,44.9747007379774,DID NOT CONVERGE
lda,poly,100,1000,5,5000,0.6903978530317545,28.96946394396946,36.682825357071124,DID NOT CONVERGE
lda,poly,1000,0.001,1,5000,0.6626442020060495,50.35877679998521,37.75979432603344,DID NOT CONVERGE
lda,poly,1000,0.001,2,5000,0.7355618639849126,33.861315105925314,54.09558952401858,
lda,poly,1000,0.001,3,5000,0.5556689290096983,20.809009748976678,144.625517108012,
lda,poly,1000,0.001,4,5000,0.9187320190249011,30.758157160016708,379.92163946595974,DID NOT CONVERGE
lda,poly,1000,0.001,5,5000,0.6461001220159233,4.925456446013413,128.02866424398962,DID NOT CONVERGE
lda,poly,1000,0.01,1,5000,0.3551918000448495,4.473606195999309,15.282916029100306,DID NOT CONVERGE
lda,poly,1000,0.01,2,5000,0.3552614980144426,4.322312286007218,21.539956968044862,DID NOT CONVERGE
lda,poly,1000,0.01,3,5000,0.39314603398088366,4.2916242718929425,11.673990361974575,DID NOT CONVERGE
lda,poly,1000,0.01,4,5000,0.3820875269593671,4.262143277097493,17.281932009966113,DID NOT CONVERGE
lda,poly,1000,0.01,5,5000,0.35494733101222664,4.299196760985069,23.882166685070843,
lda,poly,1000,0.1,1,5000,0.39433797902893275,4.267172259977087,14.195237739011645,DID NOT CONVERGE
lda,poly,1000,0.1,2,5000,0.3562137970002368,4.273107791086659,24.22013524803333,DID NOT CONVERGE
lda,poly,1000,0.1,3,5000,0.4020703990245238,4.29503495793324,13.85404677502811,DID NOT CONVERGE
lda,poly,1000,0.1,4,5000,0.354555155034177,4.257546058972366,15.466440259013325,DID NOT CONVERGE
lda,poly,1000,0.1,5,5000,0.35547953797504306,4.241523046977818,12.737799537018873,DID NOT CONVERGE
lda,poly,1000,1,1,5000,0.3554728089366108,4.280656107002869,13.874344323994592,DID NOT CONVERGE
lda,poly,1000,1,2,5000,0.3644315890269354,4.296514855930582,23.421156086027622,DID NOT CONVERGE
lda,poly,1000,1,3,5000,0.35549967002589256,4.2560878759250045,13.754356383928098,DID NOT CONVERGE
lda,poly,1000,1,4,5000,0.3549609408946708,4.319773943047039,15.063478592899628,DID NOT CONVERGE
lda,poly,1000,1,5,5000,0.35484653001185507,4.287985578062944,12.608264887006953,DID NOT CONVERGE
lda,poly,1000,10,1,5000,0.3547779230866581,4.251146045979112,13.879787842044607,DID NOT CONVERGE
lda,poly,1000,10,2,5000,0.3537861229851842,4.277093019918539,23.425625601084903,DID NOT CONVERGE
lda,poly,1000,10,3,5000,0.3559318700572476,4.265880382037722,13.789081875002012,DID NOT CONVERGE
lda,poly,1000,10,4,5000,0.3672557029640302,4.296510296058841,15.170272220973857,DID NOT CONVERGE
lda,poly,1000,10,5,5000,0.35766347008757293,4.302008157945238,12.787080925074406,DID NOT CONVERGE
lda,poly,1000,100,1,5000,0.3620625629555434,4.238175816950388,13.924078751937486,DID NOT CONVERGE
lda,poly,1000,100,2,5000,0.3549689259380102,4.239657448022626,23.51087193598505,DID NOT CONVERGE
lda,poly,1000,100,3,5000,0.35619642096571624,4.242066912003793,13.744553471915424,DID NOT CONVERGE
lda,poly,1000,100,4,5000,0.4030812290729955,4.332775334012695,14.967184845008887,DID NOT CONVERGE
lda,poly,1000,100,5,5000,0.35675617202650756,4.224046690971591,12.808700678055175,DID NOT CONVERGE
lda,poly,1000,1000,1,5000,0.354190421057865,4.239040401997045,13.866020323941484,DID NOT CONVERGE
lda,poly,1000,1000,2,5000,0.3561259330017492,4.2558186169480905,23.48292599292472,DID NOT CONVERGE
lda,poly,1000,1000,3,5000,0.35451244900468737,4.248783825081773,13.782033493975177,DID NOT CONVERGE
lda,poly,1000,1000,4,5000,0.35411362105514854,4.23672742000781,14.901113203028217,DID NOT CONVERGE
lda,poly,1000,1000,5,5000,0.35720886394847184,4.275483180070296,12.732083308976144,DID NOT CONVERGE
pca_50,linear,0.001,,,10000,0.9300642809830606,0.9950369091238827,17.486664886120707,
pca_50,linear,0.005,,,10000,0.4898396129719913,0.420807302929461,13.057762988144532,DID NOT CONVERGE
pca_50,linear,0.01,,,10000,0.38510953402146697,0.43328839889727533,14.163346795132384,DID NOT CONVERGE
pca_50,linear,0.015,,,10000,0.35728056193329394,0.4214217511471361,15.326149420812726,DID NOT CONVERGE
pca_50,linear,1,,,10000,0.3689432020764798,0.4704571580514312,40.249560106080025,DID NOT CONVERGE
pca_100,linear,0.001,,,10000,0.44521338888444006,0.4760052680503577,38.32284433906898,
pca_100,linear,0.005,,,10000,0.37699396908283234,0.47596361790783703,28.669055682839826,
pca_100,linear,0.01,,,10000,0.3782985538709909,0.4754025680013001,27.525258688023314,DID NOT CONVERGE
pca_100,linear,0.015,,,10000,0.3803795650601387,0.47667757188901305,27.448129394790158,DID NOT CONVERGE
pca_100,linear,1,,,10000,0.36705556814558804,0.47730693500488997,70.98352968110703,DID NOT CONVERGE
pca_200,linear,0.001,,,10000,0.38667562208138406,0.5766711330506951,55.011598508106545,
pca_200,linear,0.005,,,10000,0.35754503891803324,0.5760540850460529,40.739174477988854,DID NOT CONVERGE
pca_200,linear,0.01,,,10000,0.36708489898592234,0.5753650849219412,38.59317789901979,DID NOT CONVERGE
pca_200,linear,0.015,,,10000,0.3652303321287036,0.5760964008513838,38.64417631691322,DID NOT CONVERGE
pca_200,linear,1,,,10000,0.35622351500205696,0.5744241578504443,92.93129284703173,DID NOT CONVERGE
lda,linear,0.001,,,10000,0.41611881204880774,4.90970114688389,14.955290933838114,
lda,linear,0.005,,,10000,0.35532630211673677,4.502758160000667,10.4769587458577,
lda,linear,0.01,,,10000,0.35560661694034934,4.32758879289031,9.603577365167439,
lda,linear,0.015,,,10000,0.35584184317849576,4.249594539171085,9.304730294039473,
lda,linear,1,,,10000,0.35342522291466594,4.259502874920145,14.090238439152017,DID NOT CONVERGE
pca_50,rbf,1,0.001,,10000,0.8393062730319798,0.4710031640715897,19.980437524151057,
pca_50,rbf,10,0.001,,10000,0.5046184270177037,0.4287035670131445,12.186480883974582,
pca_50,rbf,100,0.001,,10000,0.3918731971643865,0.43381347483955324,11.62418152904138,DID NOT CONVERGE
pca_50,rbf,1000,0.001,,10000,0.3822479210793972,0.4321854670997709,13.162352711893618,DID NOT CONVERGE
pca_50,rbf,1,0.01,,10000,0.3767344760708511,0.4349331089761108,61.39586888300255,
pca_50,rbf,10,0.01,,10000,0.3646598670165986,0.4316887641325593,60.1204908110667,
pca_50,rbf,100,0.01,,10000,0.46048064692877233,0.4295348818413913,74.13221845892258,
pca_50,rbf,1000,0.01,,10000,0.4092766491230577,0.4286632891744375,74.18589428602718,
pca_50,rbf,0.01,10,,10000,0.44031075900420547,0.42952827806584537,442.1802416660357,DID NOT CONVERGE
pca_50,rbf,0.1,10,,10000,0.35884009511210024,0.42942637810483575,464.4512487370521,DID NOT CONVERGE
pca_50,rbf,1,10,,10000,0.35954578407108784,0.42841175594367087,489.15633613104,DID NOT CONVERGE
pca_100,rbf,1,0.001,,10000,0.4205898728687316,0.5141016058623791,42.10651894216426,
pca_100,rbf,10,0.001,,10000,0.36218356201425195,0.5143207130022347,28.836999071994796,
pca_100,rbf,100,0.001,,10000,0.36890910007059574,0.5172067880630493,26.05379167990759,DID NOT CONVERGE
pca_100,rbf,1000,0.001,,10000,0.36327854287810624,0.515022945124656,26.291407014941797,DID NOT CONVERGE
pca_100,rbf,1,0.01,,10000,0.36644976609386504,0.5165514529217035,173.5403725451324,
pca_100,rbf,10,0.01,,10000,0.36245053610764444,0.5150576857849956,187.7768897449132,
pca_100,rbf,100,0.01,,10000,0.362805332057178,0.5337200399953872,200.07651855098084,
pca_100,rbf,1000,0.01,,10000,0.3731184829957783,0.5166029029060155,187.61255635204725,
pca_100,rbf,0.01,10,,10000,0.36643756413832307,0.5265044318512082,733.9655859230552,DID NOT CONVERGE
pca_100,rbf,0.1,10,,10000,0.36621782393194735,0.5179676951374859,770.9506116840057,DID NOT CONVERGE
pca_100,rbf,1,10,,10000,0.3628977600019425,0.5145451240241528,865.7986659149174,DID NOT CONVERGE
pca_200,rbf,1,0.001,,10000,0.42510261409915984,0.5813828599639237,65.53390168095939,
pca_200,rbf,10,0.001,,10000,0.3738387890625745,0.5828390070237219,49.38298938283697,
pca_200,rbf,100,0.001,,10000,0.360747555969283,0.5825056969188154,46.70228833402507,DID NOT CONVERGE
pca_200,rbf,1000,0.001,,10000,0.3716619729530066,0.5787370109464973,46.18563461699523,DID NOT CONVERGE
pca_200,rbf,1,0.01,,10000,0.3628719712141901,0.5831734880339354,452.3209223749582,DID NOT CONVERGE
pca_200,rbf,10,0.01,,10000,0.3608598338905722,0.5753453569486737,500.6517469829414,DID NOT CONVERGE
pca_200,rbf,100,0.01,,10000,0.35983365098945796,0.5774971479550004,499.42988523701206,DID NOT CONVERGE
pca_200,rbf,1000,0.01,,10000,0.3624034100212157,0.5782557530328631,496.61558216880076,DID NOT CONVERGE
pca_200,rbf,0.01,10,,10000,0.3607339879963547,0.5837356601841748,1058.68309812597,DID NOT CONVERGE
pca_200,rbf,0.1,10,,10000,0.36408399301581085,0.5599435730837286,1112.0619493220001,DID NOT CONVERGE
pca_200,rbf,1,10,,10000,0.37868491210974753,0.5854837459046394,1197.4197549670935,DID NOT CONVERGE
lda,rbf,1,0.001,,10000,0.4319373550824821,4.949766208883375,18.46235797298141,
lda,rbf,10,0.001,,10000,0.3656760349404067,4.53319261292927,13.105499953962862,
lda,rbf,100,0.001,,10000,0.3642524399328977,4.362795472145081,12.623000768013299,
lda,rbf,1000,0.001,,10000,0.36441489099524915,4.323519874829799,17.54210870503448,DID NOT CONVERGE
lda,rbf,1,0.01,,10000,0.3633760139346123,4.318364693084732,12.195968595100567,
lda,rbf,10,0.01,,10000,0.36363462498411536,4.333824101835489,10.635505184996873,
lda,rbf,100,0.01,,10000,0.3632177668623626,4.342974113067612,13.615445957984775,DID NOT CONVERGE
lda,rbf,1000,0.01,,10000,0.36526265111751854,4.4184933211654425,25.60864972905256,DID NOT CONVERGE
lda,rbf,0.01,10,,10000,0.36439645290374756,4.326789604034275,239.99514526803978,DID NOT CONVERGE
lda,rbf,0.1,10,,10000,0.3638485511764884,4.346901490120217,252.47157638403587,DID NOT CONVERGE
lda,rbf,1,10,,10000,0.3634665929712355,4.284265265800059,289.88020481192507,DID NOT CONVERGE
pca_50,rbf,1,1,,10000,1.0184296099469066,0.7342581960838288,468.64463999005966,DID NOT CONVERGE
pca_50,rbf,0.1,1,,10000,0.726740867132321,0.40127493697218597,418.5748854470439,DID NOT CONVERGE
pca_50,rbf,0.01,1,,10000,0.5554146638605744,0.3997237319126725,394.3614982860163,DID NOT CONVERGE
pca_100,rbf,1,1,,10000,0.4903146659489721,0.49390949704684317,886.3607061528601,DID NOT CONVERGE
pca_100,rbf,0.1,1,,10000,0.3976078371051699,0.492449217941612,848.5155603738967,DID NOT CONVERGE
pca_100,rbf,0.01,1,,10000,0.3654174800030887,0.4919305150397122,794.2864536708221,DID NOT CONVERGE
pca_200,rbf,1,1,,10000,0.4400135891046375,0.5575724050868303,1249.1672343439423,DID NOT CONVERGE
pca_200,rbf,0.1,1,,10000,0.3649074549321085,0.5614510830491781,1194.9993357360363,DID NOT CONVERGE
pca_200,rbf,0.01,1,,10000,0.36384383612312376,0.560674746055156,1135.3130004280247,DID NOT CONVERGE
lda,rbf,1,1,,10000,0.4133753119967878,4.918681837851182,181.08610121905804,DID NOT CONVERGE
lda,rbf,0.1,1,,10000,0.3649758689571172,4.38110172492452,135.59383227699436,
lda,rbf,0.01,1,,10000,0.3640457990113646,4.355224434053525,176.0110823761206,
pca_50,poly,0.1,0.1,3,10000,0.9056545270141214,0.4512887930031866,11.767626559827477,DID NOT CONVERGE
pca_50,poly,0.1,0.1,5,10000,0.5355153409764171,0.4075154149904847,20.344134643906727,DID NOT CONVERGE
pca_50,poly,0.1,1,3,10000,0.37647530692629516,0.38249561493285,12.574460547883064,DID NOT CONVERGE
pca_50,poly,0.1,1,5,10000,0.38463581819087267,0.4088429999537766,18.17295858100988,DID NOT CONVERGE
pca_50,poly,0.1,10,3,10000,0.3570865469519049,0.40939529798924923,11.407878512050956,DID NOT CONVERGE
pca_50,poly,0.1,10,5,10000,0.4006456008646637,0.4098817219492048,17.98002088908106,DID NOT CONVERGE
pca_50,poly,1,0.1,3,10000,0.3841801378875971,0.4088119121734053,11.431351631181315,DID NOT CONVERGE
pca_50,poly,1,0.1,5,10000,0.37234543007798493,0.4470726859290153,18.132387258810923,DID NOT CONVERGE
pca_50,poly,1,1,3,10000,0.4297710850369185,0.40903067705221474,11.419768241932616,DID NOT CONVERGE
pca_50,poly,1,1,5,10000,0.390766141936183,0.40983096696436405,18.100615802919492,DID NOT CONVERGE
pca_50,poly,1,10,3,10000,0.38232555612921715,0.4087462001480162,11.422078659990802,DID NOT CONVERGE
pca_50,poly,1,10,5,10000,0.3754254130180925,0.4095701859332621,17.923656055005267,DID NOT CONVERGE
pca_50,poly,10,0.1,3,10000,0.3577687949873507,0.40929776104167104,11.442077866988257,DID NOT CONVERGE
pca_50,poly,10,0.1,5,10000,0.3601353820413351,0.41129119391553104,18.13737588794902,DID NOT CONVERGE
pca_50,poly,10,1,3,10000,0.35818336508236825,0.41140634403564036,11.411963547114283,DID NOT CONVERGE
pca_50,poly,10,1,5,10000,0.3787148930132389,0.4110634031239897,18.109330845065415,DID NOT CONVERGE
pca_50,poly,10,10,3,10000,0.35806340212002397,0.41170625295490026,11.395931564969942,DID NOT CONVERGE
pca_50,poly,10,10,5,10000,0.3578289949800819,0.411549479002133,17.9184527839534,DID NOT CONVERGE
pca_100,poly,0.1,0.1,3,10000,0.4019890760537237,0.49778318405151367,32.32167342910543,DID NOT CONVERGE
pca_100,poly,0.1,0.1,5,10000,0.365627160994336,0.4941304901149124,54.72075269999914,DID NOT CONVERGE
pca_100,poly,0.1,1,3,10000,0.37073029298335314,0.4972357079386711,31.145556963048875,DID NOT CONVERGE
pca_100,poly,0.1,1,5,10000,0.3756219500210136,0.4971130690537393,53.65444514807314,DID NOT CONVERGE
pca_100,poly,0.1,10,3,10000,0.3671453739516437,0.5004823741037399,31.46000595507212,DID NOT CONVERGE
pca_100,poly,0.1,10,5,10000,0.36737175891175866,0.5006596979219466,55.47736134077422,DID NOT CONVERGE
pca_100,poly,1,0.1,3,10000,0.3681574899237603,0.49605654715560377,31.34465208207257,DID NOT CONVERGE
pca_100,poly,1,0.1,5,10000,0.37206067703664303,0.4998832228593528,54.30208906298503,DID NOT CONVERGE
pca_100,poly,1,1,3,10000,0.3711855311412364,0.4971502129919827,31.213066935073584,DID NOT CONVERGE
pca_100,poly,1,1,5,10000,0.379649864975363,0.49529495695605874,53.62925405916758,DID NOT CONVERGE
pca_100,poly,1,10,3,10000,0.35977688804268837,0.49650710192508996,31.27487643295899,DID NOT CONVERGE
pca_100,poly,1,10,5,10000,0.36022953502833843,0.49804627895355225,53.86967603699304,DID NOT CONVERGE
pca_100,poly,10,0.1,3,10000,0.35931494482792914,0.4972387219313532,31.151840790873393,DID NOT CONVERGE
pca_100,poly,10,0.1,5,10000,0.3589555660728365,0.4963734019547701,55.24879531399347,DID NOT CONVERGE
pca_100,poly,10,1,3,10000,0.36438730801455677,0.49953001900576055,31.449772770050913,DID NOT CONVERGE
pca_100,poly,10,1,5,10000,0.3647965011186898,0.4983079500962049,53.5067565201316,DID NOT CONVERGE
pca_100,poly,10,10,3,10000,0.3626729850657284,0.49915114394389093,31.25923334993422,DID NOT CONVERGE
pca_100,poly,10,10,5,10000,0.3634336527902633,0.5014191039372236,53.876767084002495,DID NOT CONVERGE
pca_200,poly,0.1,0.1,3,10000,0.41826883680187166,0.5587285938672721,59.340778147103265,DID NOT CONVERGE
pca_200,poly,0.1,0.1,5,10000,0.3815149480942637,0.5610536239109933,111.56181956012733,DID NOT CONVERGE
pca_200,poly,0.1,1,3,10000,0.3709614460822195,0.5679790789727122,59.31014324002899,DID NOT CONVERGE
pca_200,poly,0.1,1,5,10000,0.37143599591217935,0.5611820099875331,111.66247574286535,DID NOT CONVERGE
pca_200,poly,0.1,10,3,10000,0.38121424801647663,0.5586096670012921,59.437789384042844,DID NOT CONVERGE
pca_200,poly,0.1,10,5,10000,0.39043714688159525,0.5586882410570979,113.06928726914339,DID NOT CONVERGE
pca_200,poly,1,0.1,3,10000,0.3815573030151427,0.5656464009080082,59.33950808015652,DID NOT CONVERGE
pca_200,poly,1,0.1,5,10000,0.38650662498548627,0.5630037859082222,112.31951741897501,DID NOT CONVERGE
pca_200,poly,1,1,3,10000,0.38617570186033845,0.5608843511436135,59.28467541700229,DID NOT CONVERGE
pca_200,poly,1,1,5,10000,0.3796732719056308,0.5624340691138059,111.82697689207271,DID NOT CONVERGE
pca_200,poly,1,10,3,10000,0.3903507590293884,0.5601775620598346,59.35015168902464,DID NOT CONVERGE
pca_200,poly,1,10,5,10000,0.3847812081221491,0.5619456230197102,112.08332393621095,DID NOT CONVERGE
pca_200,poly,10,0.1,3,10000,0.3699544919654727,0.561719334917143,59.33017340605147,DID NOT CONVERGE
pca_200,poly,10,0.1,5,10000,0.3971615869086236,0.5613492138218135,111.44395034620538,DID NOT CONVERGE
pca_200,poly,10,1,3,10000,0.3918687580153346,0.5627757499460131,59.351928452029824,DID NOT CONVERGE
pca_200,poly,10,1,5,10000,0.3885166822001338,0.562771521974355,111.55714416201226,DID NOT CONVERGE
pca_200,poly,10,10,3,10000,0.3819791697897017,0.5606396978255361,59.35918955900706,DID NOT CONVERGE
pca_200,poly,10,10,5,10000,0.3736642620060593,0.6079172210302204,111.83887779596262,DID NOT CONVERGE
lda,poly,0.1,0.1,3,10000,0.39476635213941336,5.090654155937955,12.45009010611102,
lda,poly,0.1,0.1,5,10000,0.3585106839891523,4.491430545924231,16.584156539058313,DID NOT CONVERGE
lda,poly,0.1,1,3,10000,0.3584182520862669,4.253282662015408,20.653854636009783,DID NOT CONVERGE
lda,poly,0.1,1,5,10000,0.36000237707048655,4.3094174079597,15.529653151985258,DID NOT CONVERGE
lda,poly,0.1,10,3,10000,0.35907119303010404,4.243987460853532,20.9816492930986,DID NOT CONVERGE
lda,poly,0.1,10,5,10000,0.3578602699562907,4.311976496130228,15.787659132154658,DID NOT CONVERGE
lda,poly,1,0.1,3,10000,0.3590034011285752,4.2510745951440185,11.818307834910229,DID NOT CONVERGE
lda,poly,1,0.1,5,10000,0.35953619913198054,4.3011947511695325,14.84117643092759,DID NOT CONVERGE
lda,poly,1,1,3,10000,0.3587057830300182,4.240629393141717,21.218836009968072,DID NOT CONVERGE
lda,poly,1,1,5,10000,0.35898325708694756,4.238942020107061,15.5428126801271,DID NOT CONVERGE
lda,poly,1,10,3,10000,0.35772392386570573,4.252350552007556,20.985156489070505,DID NOT CONVERGE
lda,poly,1,10,5,10000,0.3582650809548795,4.219097391003743,15.792447390966117,DID NOT CONVERGE
lda,poly,10,0.1,3,10000,0.35804137610830367,4.232449535978958,17.47369823185727,DID NOT CONVERGE
lda,poly,10,0.1,5,10000,0.3587737260386348,4.3147466611117125,15.443474370986223,DID NOT CONVERGE
lda,poly,10,1,3,10000,0.35887869307771325,4.249523976119235,20.948094349121675,DID NOT CONVERGE
lda,poly,10,1,5,10000,0.3587549461517483,4.243494594004005,15.592366994125769,DID NOT CONVERGE
lda,poly,10,10,3,10000,0.3582141369115561,4.273457088042051,20.98358607594855,DID NOT CONVERGE
lda,poly,10,10,5,10000,0.35763348592445254,4.258069830015302,15.773029071977362,DID NOT CONVERGE
pca_50,poly,10,0.1,3,10000,1.112302437890321,0.7241020938381553,12.40538745210506,DID NOT CONVERGE
pca_50,poly,10,0.1,5,10000,0.5923778798896819,0.47870914405211806,18.25726205809042,DID NOT CONVERGE

pca_50,poly,10,0.01,3,10000,0.4599884138442576,0.42439668998122215,11.076252936152741,DID NOT CONVERGE
pca_50,poly,10,0.01,5,10000,0.4818480520043522,0.42210151185281575,17.397405430907384,DID NOT CONVERGE
pca_50,poly,10,0.001,3,10000,0.386063122889027,0.4226779469754547,27.94862583000213,
pca_50,poly,10,0.001,5,10000,0.37309051398187876,0.4238983748946339,131.70137383695692,
pca_50,poly,100,0.1,3,10000,0.3795239678584039,0.3988487410824746,11.262722707819194,DID NOT CONVERGE
pca_50,poly,100,0.1,5,10000,0.3584588780067861,0.39963586116209626,17.804180378094316,DID NOT CONVERGE
pca_50,poly,100,0.01,3,10000,0.35620584711432457,0.39819201291538775,11.307017886079848,DID NOT CONVERGE
pca_50,poly,100,0.01,5,10000,0.3581928429193795,0.3975789628457278,18.584969016024843,DID NOT CONVERGE
pca_50,poly,100,0.001,3,10000,0.3570801210589707,0.3976527489721775,15.098326923092827,
pca_50,poly,100,0.001,5,10000,0.3560629452113062,0.39721139217726886,68.07627205806784,
pca_100,poly,10,0.1,3,10000,0.44624200207181275,0.4632345319259912,30.3098522068467,DID NOT CONVERGE
pca_100,poly,10,0.1,5,10000,0.3653720610309392,0.517032828880474,51.78855127305724,DID NOT CONVERGE
pca_100,poly,10,0.01,3,10000,0.35468547884374857,0.4599157948978245,30.348450767807662,DID NOT CONVERGE
pca_100,poly,10,0.01,5,10000,0.3549610839691013,0.454570451984182,51.83925841096789,
pca_100,poly,10,0.001,3,10000,0.356429599924013,0.45480505796149373,64.40144417784177,
pca_100,poly,10,0.001,5,10000,0.3569283310789615,0.4624589900486171,284.02323263091967,
pca_100,poly,100,0.1,3,10000,0.391251752153039,0.4540170398540795,30.31369157601148,DID NOT CONVERGE
pca_100,poly,100,0.1,5,10000,0.36862113792449236,0.4538298810366541,51.84010125906207,DID NOT CONVERGE
pca_100,poly,100,0.01,3,10000,0.3683742231223732,0.4644456978421658,30.353043007897213,DID NOT CONVERGE
pca_100,poly,100,0.01,5,10000,0.36737583903595805,0.4555285391397774,51.883093941025436,
pca_100,poly,100,0.001,3,10000,0.36758411792106926,0.4529360528104007,35.19242794904858,
pca_100,poly,100,0.001,5,10000,0.36445790785364807,0.45456998189911246,136.20615658699535,
pca_200,poly,10,0.1,3,10000,0.41973618790507317,0.5502844438888133,59.36442828015424,DID NOT CONVERGE
pca_200,poly,10,0.1,5,10000,0.36302126105874777,0.5440853340551257,111.25177139299922,DID NOT CONVERGE
pca_200,poly,10,0.01,3,10000,0.38001874601468444,0.553117296192795,59.20843842299655,DID NOT CONVERGE
pca_200,poly,10,0.01,5,10000,0.35451857512816787,0.5535396009217948,111.24890772206709,DID NOT CONVERGE
pca_200,poly,10,0.001,3,10000,0.3540822868235409,0.5511961202137172,96.86624596710317,
pca_200,poly,10,0.001,5,10000,0.3562647569924593,0.5522350899409503,399.7083320741076,
pca_200,poly,100,0.1,3,10000,0.3569506050553173,0.5515076462179422,59.33694032090716,DID NOT CONVERGE
pca_200,poly,100,0.1,5,10000,0.35930143180303276,0.5503779698628932,111.35405331011862,DID NOT CONVERGE
pca_200,poly,100,0.01,3,10000,0.3543372240383178,0.5553138200193644,59.17113553406671,DID NOT CONVERGE
pca_200,poly,100,0.01,5,10000,0.35403181705623865,0.5516465690452605,111.29601193312556,DID NOT CONVERGE
pca_200,poly,100,0.001,3,10000,0.3554904570337385,0.5520772868767381,62.87315324903466,
pca_200,poly,100,0.001,5,10000,0.354909016052261,0.5519903998356313,200.14449952798896,
lda,poly,10,0.1,3,10000,0.36049678083509207,4.953595069004223,17.540504994103685,DID NOT CONVERGE
lda,poly,10,0.1,5,10000,0.3604283288586885,4.470201337011531,15.42861887300387,DID NOT CONVERGE
lda,poly,10,0.01,3,10000,0.3547558030113578,4.359621766023338,20.004531286889687,
lda,poly,10,0.01,5,10000,0.35793939512223005,4.282713464926928,66.08670239709318,
lda,poly,10,0.001,3,10000,0.3556156640406698,4.2822238558437675,133.60555791389197,
lda,poly,10,0.001,5,10000,0.3537073158659041,4.271067172056064,147.73493175813928,
lda,poly,100,0.1,3,10000,0.35433009802363813,4.242893030168489,20.734931469894946,DID NOT CONVERGE
lda,poly,100,0.1,5,10000,0.35311914584599435,4.336359210778028,15.71168702491559,DID NOT CONVERGE
lda,poly,100,0.01,3,10000,0.3533587281126529,4.259370557963848,12.475149100879207,
lda,poly,100,0.01,5,10000,0.35745856701396406,4.295829646056518,39.700765412067994,
lda,poly,100,0.001,3,10000,0.3541376059874892,4.2395313021261245,82.03524388489313,
lda,poly,100,0.001,5,10000,0.35475110984407365,4.339214253006503,147.88909109006636,

pca_50,rbf,10,0.01,,100000,0.862730470020324,0.484797258162871,61.99163887719624,
pca_50,rbf,10,0.001,,100000,0.7149359898176044,0.39886471908539534,13.243021676084027,
pca_100,rbf,10,0.01,,100000,0.5651840940117836,0.49907884281128645,198.27615860500373,
pca_100,rbf,10,0.001,,100000,0.37636817106977105,0.5120088078547269,28.972009063931182,
pca_200,rbf,10,0.01,,100000,0.43466702313162386,0.5815223518293351,547.8114748890512,
pca_200,rbf,10,0.001,,100000,0.35812344611622393,0.5727632842026651,49.41511210403405,
lda,rbf,10,0.01,,100000,0.4233067440800369,4.925389216048643,10.692943796981126,
lda,rbf,10,0.001,,100000,0.35913609992712736,4.477499589091167,13.181348440004513,
pca_50,poly,1,0.01,3,10000,0.36272739386186004,0.4228476129937917,12.380558365955949,DID NOT CONVERGE
pca_100,poly,1,0.01,3,10000,0.43512152787297964,0.48254026495851576,32.05294052697718,DID NOT CONVERGE
pca_200,poly,1,0.01,3,10000,0.3621922698803246,0.5496212940197438,59.48280565114692,DID NOT CONVERGE
lda,poly,1,0.01,3,10000,0.3967007650062442,4.254650944843888,44.09351539192721,

pca_50,poly,0.1,0.01,3,10000,0.36750933318398893,0.4298498260322958,16.562173451995477,
pca_100,poly,0.1,0.01,3,10000,0.37792762904427946,0.49663506518118083,36.81690696114674,
pca_200,poly,0.1,0.01,3,10000,0.4180716190021485,0.5716632679104805,63.34785412391648,
lda,poly,0.1,0.01,3,10000,0.4379235990345478,4.300961858127266,88.95058912108652,
