dim reducer,kernel,C,gamma,degree,num iterations,scale time,dim reduce time,fit time
pca_50,linear,0.001,,,1000,0.48222352797165513,0.5522084350232035,17.459419187856838
pca_50,linear,0.01,,,1000,0.49842090904712677,0.5211030270438641,12.479334017960355
pca_50,linear,0.1,,,1000,0.4871137880254537,0.522385329939425,9.12102705403231
pca_50,linear,1,,,1000,0.4806224477943033,0.5387844319920987,9.388427581172436
pca_50,linear,10,,,1000,0.4812439389061183,0.5399774690158665,8.770999007159844
pca_50,linear,100,,,1000,0.47947173984721303,0.5617247510235757,9.600851902971044
pca_50,linear,1000,,,1000,0.482488757930696,0.5619719841051847,9.491203904850408
pca_100,linear,0.001,,,1000,0.47640848183073103,0.7233737281057984,34.755939736030996
pca_100,linear,0.01,,,1000,0.4921547977719456,0.7125516419764608,27.68611924094148
pca_100,linear,0.1,,,1000,0.48118685791268945,0.7149428522679955,21.283780182013288
pca_100,linear,1,,,1000,0.4824635440018028,0.7279080329462886,21.02170086512342
pca_100,linear,10,,,1000,0.49210606701672077,0.7279980140738189,21.680299065075815
pca_100,linear,100,,,1000,0.4906939920037985,0.7273405001033098,21.12160333688371
pca_100,linear,1000,,,1000,0.4812216970603913,0.7340585738420486,21.23133515380323
pca_200,linear,0.001,,,1000,0.5199346877634525,0.8615637689363211,49.77900705602951
pca_200,linear,0.01,,,1000,0.4818227859213948,0.8447074817959219,37.69002454006113
pca_200,linear,0.1,,,1000,0.4772507220041007,0.8450170177966356,30.59730985504575
pca_200,linear,1,,,1000,0.4802986260037869,0.8597122230567038,30.64447774598375
pca_200,linear,10,,,1000,0.48058752599172294,0.8553622420877218,30.59552585799247
pca_200,linear,100,,,1000,0.48175135999917984,0.8581059600692242,30.55334745021537
pca_200,linear,1000,,,1000,0.4807409970089793,0.8615360620897263,30.569710111944005
lda,linear,0.001,,,1000,0.5488440918270499,5.2810629471205175,10.61508778296411
lda,linear,0.01,,,1000,0.48494661995209754,4.693086399929598,8.054114918923005
lda,linear,0.1,,,1000,0.48586601205170155,4.566994857043028,7.8257978048641235
lda,linear,1,,,1000,0.48641294799745083,4.508628043113276,6.049724068958312
lda,linear,10,,,1000,0.4860913408920169,4.4781369818374515,4.220340614207089
lda,linear,100,,,1000,0.49020361877046525,4.481915792217478,3.9450204698368907
lda,linear,1000,,,1000,0.4875544337555766,4.621425404213369,3.909690249012783
pca_50,rbf,0.001,0.001,,1000,0.5538919281680137,0.5453583938069642,48.70375338802114
pca_50,rbf,0.001,0.01,,1000,0.4795974928420037,0.5460321637801826,48.82741314009763
pca_50,rbf,0.001,0.1,,1000,0.47953183576464653,0.6013100631535053,49.07161799399182
pca_50,rbf,0.001,1,,1000,0.47851575491949916,0.5458629739005119,60.28475730190985
pca_50,rbf,0.001,10,,1000,0.4810297649819404,0.5466670109890401,49.90039508207701
pca_50,rbf,0.001,100,,1000,0.48101150593720376,0.5443411720916629,49.37707461719401
pca_50,rbf,0.001,1000,,1000,0.4809554300736636,0.5441472609527409,49.34375104517676
pca_50,rbf,0.01,0.001,,1000,0.4808715390972793,0.5454015892464668,45.46696778992191
pca_50,rbf,0.01,0.01,,1000,0.4785004600416869,0.5459277399349958,48.804634653031826
pca_50,rbf,0.01,0.1,,1000,0.48176058009266853,0.5441413370426744,49.08064415398985
pca_50,rbf,0.01,1,,1000,0.47874524211511016,0.5489858319051564,60.47822165302932
pca_50,rbf,0.01,10,,1000,0.48306877189315856,0.5459232828579843,49.892909872112796
pca_50,rbf,0.01,100,,1000,0.481785073177889,0.5465802119579166,49.32937091588974
pca_50,rbf,0.01,1000,,1000,0.4804885198827833,0.5444387788884342,49.33807947812602
pca_50,rbf,0.1,0.001,,1000,0.48161976924166083,0.5485095677431673,26.96664712508209
pca_50,rbf,0.1,0.01,,1000,0.4800862236879766,0.5617321680765599,46.51431098394096
pca_50,rbf,0.1,0.1,,1000,0.4833950959146023,0.5443818368948996,49.714134722948074
pca_50,rbf,0.1,1,,1000,0.48312935000285506,0.5446900161914527,61.39820306794718
pca_50,rbf,0.1,10,,1000,0.4839466919656843,0.5454751490615308,50.591691432055086
pca_50,rbf,0.1,100,,1000,0.4837680209893733,0.5449389682617038,50.01999177597463
pca_50,rbf,0.1,1000,,1000,0.4835499878972769,0.5451394298579544,50.06991660105996
pca_50,rbf,1,0.001,,1000,0.4858386651612818,0.5780421220697463,18.793610555119812
pca_50,rbf,1,0.01,,1000,0.4797603259794414,0.5462042042054236,37.02916794200428
pca_50,rbf,1,0.1,,1000,0.4836521630641073,0.5438946639187634,49.51341996202245
pca_50,rbf,1,1,,1000,0.4832536659669131,0.5453346439171582,61.59372701309621
pca_50,rbf,1,10,,1000,0.4847784040030092,0.5477298239711672,50.86779831792228
pca_50,rbf,1,100,,1000,0.4822527561336756,0.5444856230169535,50.291872966103256
pca_50,rbf,1,1000,,1000,0.48279149108566344,0.5420986940152943,50.31523702805862
pca_50,rbf,10,0.001,,1000,0.4837113139219582,0.5456002277787775,15.365274379961193
pca_50,rbf,10,0.01,,1000,0.4800667583476752,0.5280148829333484,34.145735695026815
pca_50,rbf,10,0.1,,1000,0.4834329979494214,0.5279077989980578,49.19488875800744
pca_50,rbf,10,1,,1000,0.482357915956527,0.5467695097904652,61.19421591190621
pca_50,rbf,10,10,,1000,0.48335495707578957,0.5481620379723608,50.41911824210547
pca_50,rbf,10,100,,1000,0.4828731210436672,0.5468373580370098,49.87157948198728
pca_50,rbf,10,1000,,1000,0.48226259695366025,0.5485167482402176,49.86618366907351
pca_50,rbf,100,0.001,,1000,0.48230437911115587,0.5458344030193985,12.918989233206958
pca_50,rbf,100,0.01,,1000,0.48336062603630126,0.5623711731750518,36.05985314096324
pca_50,rbf,100,0.1,,1000,0.4835027698427439,0.5494032092392445,55.04485904891044
pca_50,rbf,100,1,,1000,0.483348754234612,0.5485114839393646,66.62044273107313
pca_50,rbf,100,10,,1000,0.48447948694229126,0.5418038319330662,55.85188081720844
pca_50,rbf,100,100,,1000,0.4835813289973885,0.5466036160942167,55.19868347910233
pca_50,rbf,100,1000,,1000,0.4825773148331791,0.5450547181535512,55.17722405400127
pca_50,rbf,1000,0.001,,1000,0.4829677138477564,0.5491566059645265,14.195521089946851
pca_50,rbf,1000,0.01,,1000,0.48346999497152865,0.5646562669426203,35.55869746604003
pca_50,rbf,1000,0.1,,1000,0.4827289688400924,0.5493962769396603,50.41012142202817
pca_50,rbf,1000,1,,1000,0.48230892792344093,0.5473336861468852,62.22113449103199
pca_50,rbf,1000,10,,1000,0.48299900186248124,0.5479777799919248,51.49247912107967
pca_50,rbf,1000,100,,1000,0.48283495707437396,0.5489355199970305,50.96625695889816
pca_50,rbf,1000,1000,,1000,0.4819135791622102,0.5463952990248799,50.97330068401061
pca_100,rbf,0.001,0.001,,1000,0.552786807063967,0.7098294459283352,103.73444233601913
pca_100,rbf,0.001,0.01,,1000,0.48248237487860024,0.7178301203530282,104.93797591794282
pca_100,rbf,0.001,0.1,,1000,0.48329376499168575,0.7115232751239091,104.34772692318074
pca_100,rbf,0.001,1,,1000,0.4834485547617078,0.7125023319385946,116.21075509604998
pca_100,rbf,0.001,10,,1000,0.48354489589110017,0.713142957072705,105.23882530489936
pca_100,rbf,0.001,100,,1000,0.4837110701482743,0.7164948901627213,106.52777526713908
pca_100,rbf,0.001,1000,,1000,0.49516993178986013,0.7132954839617014,105.30019838316366
pca_100,rbf,0.01,0.001,,1000,0.4834656761959195,0.725729479920119,98.17398247402161
pca_100,rbf,0.01,0.01,,1000,0.4838537750765681,0.7107507572509348,104.35589477303438
pca_100,rbf,0.01,0.1,,1000,0.484002323821187,0.7105871741659939,103.9665613360703
pca_100,rbf,0.01,1,,1000,0.48302579089067876,0.7257288829423487,114.80308248498477
pca_100,rbf,0.01,10,,1000,0.4827271031681448,0.7133286688476801,105.18625709298067
pca_100,rbf,0.01,100,,1000,0.4837087660562247,0.7130477530881763,105.25850553694181
pca_100,rbf,0.01,1000,,1000,0.4831857190001756,0.7161776279099286,105.01289639994502
pca_100,rbf,0.1,0.001,,1000,0.48461224394850433,0.7146350617986172,58.49945199792273
pca_100,rbf,0.1,0.01,,1000,0.4830348917748779,0.7269562359433621,102.41644373699091
pca_100,rbf,0.1,0.1,,1000,0.48394109797663987,0.7140919859521091,105.35479877796024
pca_100,rbf,0.1,1,,1000,0.4854099319782108,0.7105106678791344,114.92149214004166
pca_100,rbf,0.1,10,,1000,0.4832299128174782,0.7113709538243711,105.16554703889415
pca_100,rbf,0.1,100,,1000,0.48363469913601875,0.7143996090162545,104.9567309920676
pca_100,rbf,0.1,1000,,1000,0.4846155608538538,0.7242802921682596,104.98594804108143
pca_100,rbf,1,0.001,,1000,0.4847301719710231,0.7172298298683017,40.1610744970385
pca_100,rbf,1,0.01,,1000,0.48372665303759277,0.713655096013099,85.62719393218867
pca_100,rbf,1,0.1,,1000,0.48310793563723564,0.7102404739707708,103.38092374103144
pca_100,rbf,1,1,,1000,0.48328606504946947,0.7078474920708686,115.6051957050804
pca_100,rbf,1,10,,1000,0.4832578899804503,0.7108694908674806,105.19448887812905
pca_100,rbf,1,100,,1000,0.4827879990916699,0.7133726931642741,108.64143585297279
pca_100,rbf,1,1000,,1000,0.4837971958331764,0.7201787778176367,105.08336545480415
pca_100,rbf,10,0.001,,1000,0.4829657939262688,0.7238975930958986,31.441005463013425
pca_100,rbf,10,0.01,,1000,0.4841086647938937,0.7150305698160082,82.82221469399519
pca_100,rbf,10,0.1,,1000,0.4830794020090252,0.7125455029308796,103.40049150097184
pca_100,rbf,10,1,,1000,0.48434495809488,0.7155832669232041,114.62525789509527
pca_100,rbf,10,10,,1000,0.4930311681237072,0.7134044899139553,104.82453783415258
pca_100,rbf,10,100,,1000,0.48315878794528544,0.7162110779900104,105.23154320195317
pca_100,rbf,10,1000,,1000,0.4845817091409117,0.7257733137812465,104.71963327703997
pca_100,rbf,100,0.001,,1000,0.4839399999473244,0.7169246200937778,27.956285852007568
pca_100,rbf,100,0.01,,1000,0.48413325985893607,0.7352644379716367,82.53058529901318
pca_100,rbf,100,0.1,,1000,0.48604614683426917,0.7134279480669647,103.62352683907375
pca_100,rbf,100,1,,1000,0.48315915605053306,0.7105898840818554,114.36959414114244
pca_100,rbf,100,10,,1000,0.48376678209751844,0.7201554861385375,107.5842322090175
pca_100,rbf,100,100,,1000,0.486350832041353,0.7200274909846485,105.16649255109951
pca_100,rbf,100,1000,,1000,0.4866801998578012,0.7378727209288627,108.25797483092174
pca_100,rbf,1000,0.001,,1000,0.4846070508938283,0.717929796082899,27.553113523172215
pca_100,rbf,1000,0.01,,1000,0.483432610752061,0.7262329591903836,84.3290903728921
pca_100,rbf,1000,0.1,,1000,0.48366243415512145,0.7134862928651273,104.67847693292424
pca_100,rbf,1000,1,,1000,0.48652983573265374,0.7133929531555623,115.24397475994192
pca_100,rbf,1000,10,,1000,0.48563966411165893,0.7156398410443217,105.53171187103726
pca_100,rbf,1000,100,,1000,0.4824319889303297,0.7142313129734248,105.20143746607937
pca_100,rbf,1000,1000,,1000,0.48410466709174216,0.7183550139889121,104.57429626584053
pca_200,rbf,0.001,0.001,,1000,0.5553466058336198,0.8558493459131569,145.21036145696416
pca_200,rbf,0.001,0.01,,1000,0.48358382377773523,0.8464367520064116,145.48218939895742
pca_200,rbf,0.001,0.1,,1000,0.48377141705714166,0.8821170390583575,146.00089052086696
pca_200,rbf,0.001,1,,1000,0.48362080403603613,0.8503099009394646,159.14444814110175
pca_200,rbf,0.001,10,,1000,0.4837815989740193,0.845739521086216,147.70403800485656
pca_200,rbf,0.001,100,,1000,0.48287423490546644,0.8498071420472115,147.57214099611156
pca_200,rbf,0.001,1000,,1000,0.4836932679172605,0.8459511776454747,147.73518965998664
pca_200,rbf,0.01,0.001,,1000,0.483800278743729,0.8548539800103754,139.33002457697876
pca_200,rbf,0.01,0.01,,1000,0.48533598193898797,0.8500242561567575,145.26914350804873
pca_200,rbf,0.01,0.1,,1000,0.48380046617239714,0.8570788288488984,146.04976277891546
pca_200,rbf,0.01,1,,1000,0.4843400758691132,0.8474692387972027,159.20724581903778
pca_200,rbf,0.01,10,,1000,0.4843536647967994,0.8502999669872224,147.74515565903857
pca_200,rbf,0.01,100,,1000,0.4836221728473902,0.8549381252378225,147.71817362192087
pca_200,rbf,0.01,1000,,1000,0.48491532797925174,0.8445880399085581,147.58467748505063
pca_200,rbf,0.1,0.001,,1000,0.4831629442051053,0.8501674567814916,84.61677319300361
pca_200,rbf,0.1,0.01,,1000,0.4835352450609207,0.8524752650409937,145.27472282201052
pca_200,rbf,0.1,0.1,,1000,0.48374984599649906,0.8500893649179488,146.04880040395074
pca_200,rbf,0.1,1,,1000,0.48482359177432954,0.845234818989411,159.46794345602393
pca_200,rbf,0.1,10,,1000,0.48404839914292097,0.8553567379713058,147.82499323715456
pca_200,rbf,0.1,100,,1000,0.4837627832312137,0.8173612689133734,147.8464822419919
pca_200,rbf,0.1,1000,,1000,0.4832666728179902,0.8474270361475646,147.54791078693233
pca_200,rbf,1,0.001,,1000,0.4870403818786144,0.8498104140162468,57.89145305217244
pca_200,rbf,1,0.01,,1000,0.48679593694396317,0.86436059884727,127.30297544808127
pca_200,rbf,1,0.1,,1000,0.4833121467381716,0.850580353057012,145.43716370710172
pca_200,rbf,1,1,,1000,0.48297372995875776,0.8200114220380783,159.04755433788523
pca_200,rbf,1,10,,1000,0.48474226403050125,0.8184889210388064,147.63695082301274
pca_200,rbf,1,100,,1000,0.48628291208297014,0.8247867720201612,147.48044601082802
pca_200,rbf,1,1000,,1000,0.4851741672027856,0.8156374229583889,147.61232652701437
pca_200,rbf,10,0.001,,1000,0.4850652739405632,0.8435120438225567,45.42027991893701
pca_200,rbf,10,0.01,,1000,0.48438407108187675,0.8670766558498144,126.14388598687947
pca_200,rbf,10,0.1,,1000,0.4804493929259479,0.8445294010452926,145.2243032711558
pca_200,rbf,10,1,,1000,0.48498431988991797,0.841904282104224,158.794911126839
pca_200,rbf,10,10,,1000,0.4845732250250876,0.8456495408900082,147.33003921993077
pca_200,rbf,10,100,,1000,0.4840504080057144,0.8453048127703369,147.13911174517125
pca_200,rbf,10,1000,,1000,0.48473423928953707,0.8392645069397986,147.3320264618378
pca_200,rbf,100,0.001,,1000,0.4841976477764547,0.8123859949409962,41.84632794116624
pca_200,rbf,100,0.01,,1000,0.48414511419832706,0.844424321083352,126.10474010393955
pca_200,rbf,100,0.1,,1000,0.4809591968078166,0.8481672680936754,145.17323389300145
pca_200,rbf,100,1,,1000,0.4842701239977032,0.8458314810413867,158.78610162297264
pca_200,rbf,100,10,,1000,0.4831552149262279,0.8514219850767404,147.1799718181137
pca_200,rbf,100,100,,1000,0.4855804599355906,0.8471367969177663,147.03662709589116
pca_200,rbf,100,1000,,1000,0.4845237771514803,0.8431899817660451,147.18943189899437
pca_200,rbf,1000,0.001,,1000,0.48363944189623,0.8437431310303509,41.6422749471385
pca_200,rbf,1000,0.01,,1000,0.486829006113112,0.8516411278396845,126.06750959297642
pca_200,rbf,1000,0.1,,1000,0.4805634750518948,0.8418018771335483,145.14127531601116
pca_200,rbf,1000,1,,1000,0.49189671501517296,0.844785860972479,158.69174725818448
pca_200,rbf,1000,10,,1000,0.48867304623126984,0.8434738018549979,147.2474402198568
pca_200,rbf,1000,100,,1000,0.4844894602429122,0.8414273462258279,147.07674483116716
pca_200,rbf,1000,1000,,1000,0.48337795096449554,0.8431516410782933,147.0813897610642
lda,rbf,0.001,0.001,,1000,0.5529652941040695,4.541379064088687,30.75252296193503
lda,rbf,0.001,0.01,,1000,0.48461728100664914,4.533268080092967,30.858804809860885
lda,rbf,0.001,0.1,,1000,0.48442352027632296,4.58050569309853,30.862658689031377
lda,rbf,0.001,1,,1000,0.4829174231272191,4.552291970001534,30.908999502891675
lda,rbf,0.001,10,,1000,0.4848408850375563,4.578804090153426,37.75231070606969
lda,rbf,0.001,100,,1000,0.4857147801667452,4.542225460987538,36.17385555407964
lda,rbf,0.001,1000,,1000,0.4848532290197909,4.518268608953804,31.199511861195788
lda,rbf,0.01,0.001,,1000,0.4825791800394654,4.534646075917408,30.88133511506021
lda,rbf,0.01,0.01,,1000,0.48295515100471675,4.576493585016578,23.65799937606789
lda,rbf,0.01,0.1,,1000,0.483332599978894,4.55285980575718,29.62621687189676
lda,rbf,0.01,1,,1000,0.48214903310872614,4.5616186237894,30.908143220003694
lda,rbf,0.01,10,,1000,0.4826848851516843,4.555569787975401,37.71766146598384
lda,rbf,0.01,100,,1000,0.482972898054868,4.57639881176874,36.279907126910985
lda,rbf,0.01,1000,,1000,0.48398828436620533,4.523584841983393,31.18397997505963
lda,rbf,0.1,0.001,,1000,0.4830338859464973,4.494273214833811,22.145649299025536
lda,rbf,0.1,0.01,,1000,0.4852093339432031,4.485916581004858,13.706342219840735
lda,rbf,0.1,0.1,,1000,0.4826529659330845,4.5370621278416365,15.534394162939861
lda,rbf,0.1,1,,1000,0.4835314229130745,4.496836772188544,30.901696445187554
lda,rbf,0.1,10,,1000,0.4840758468490094,4.479633839102462,37.65623976709321
lda,rbf,0.1,100,,1000,0.48321373714134097,4.515066270017996,36.26193750393577
lda,rbf,0.1,1000,,1000,0.48370525916107,4.497755438089371,31.180685054976493
lda,rbf,1,0.001,,1000,0.4825076686684042,4.464415999129415,13.465916851069778
lda,rbf,1,0.01,,1000,0.482970129000023,4.500242275185883,10.732491225935519
lda,rbf,1,0.1,,1000,0.4833790308330208,4.541893133893609,12.394686526153237
lda,rbf,1,1,,1000,0.485639241989702,4.512960253050551,29.304903520969674
lda,rbf,1,10,,1000,0.4845851850695908,4.561129272915423,37.461474301991984
lda,rbf,1,100,,1000,0.4854573199991137,4.563488813815638,36.330382253043354
lda,rbf,1,1000,,1000,0.48463784297928214,4.5128408938180655,31.188755298033357
lda,rbf,10,0.001,,1000,0.48495449079200625,4.548419475788251,10.950624744175002
lda,rbf,10,0.01,,1000,0.48513905494473875,4.536913553019986,10.159459239104763
lda,rbf,10,0.1,,1000,0.4851539731025696,4.523996795993298,10.733251764904708
lda,rbf,10,1,,1000,0.48645620001479983,4.549979173112661,28.19284257898107
lda,rbf,10,10,,1000,0.48426233790814877,4.5207129451446235,37.13252417300828
lda,rbf,10,100,,1000,0.48465071129612625,4.548942442983389,36.02036224794574
lda,rbf,10,1000,,1000,0.4843552631791681,4.520299325929955,30.948687789030373
lda,rbf,100,0.001,,1000,0.4852774408645928,4.53001853893511,10.613895977148786
lda,rbf,100,0.01,,1000,0.48530651279725134,4.526185300666839,9.200809501111507
lda,rbf,100,0.1,,1000,0.48452357808128,4.612515192013234,9.487949294038117
lda,rbf,100,1,,1000,0.4868959200102836,4.533420067979023,27.930479396833107
lda,rbf,100,10,,1000,0.48429146711714566,4.573656572960317,37.101210521068424
lda,rbf,100,100,,1000,0.4849701870698482,4.552364791743457,36.01760440808721
lda,rbf,100,1000,,1000,0.48844289197586477,4.5294829739723355,31.00677182385698
lda,rbf,1000,0.001,,1000,0.4845451437868178,4.517216749954969,9.110478117829189
lda,rbf,1000,0.01,,1000,0.48428598907776177,4.502269619144499,8.869511621072888
lda,rbf,1000,0.1,,1000,0.48499530483968556,4.547382252058014,9.389651273842901
lda,rbf,1000,1,,1000,0.48424044298008084,4.523449146188796,27.903929620049894
lda,rbf,1000,10,,1000,0.48825007607229054,4.539505718043074,37.111590393818915
lda,rbf,1000,100,,1000,0.48426837008446455,4.514567753998563,36.02503929683007
lda,rbf,1000,1000,,1000,0.48294267524033785,4.500905005028471,30.935526550048962
pca_50,poly,0.001,0.001,1,1000,0.5385073660872877,0.5318671041168272,42.57454800396226
pca_50,poly,0.001,0.001,2,1000,0.4820699898991734,0.5463236370123923,43.19618782098405
pca_50,poly,0.001,0.001,3,1000,0.4834884328301996,0.5471014948561788,43.158595249056816
pca_50,poly,0.001,0.001,4,1000,0.4826611648313701,0.5457754128146917,43.4687953281682
pca_50,poly,0.001,0.001,5,1000,0.48646880965679884,0.5487365019507706,43.323862249962986
pca_50,poly,0.001,0.01,1,1000,0.4846609430387616,0.5465662400238216,40.16017896402627
pca_50,poly,0.001,0.01,2,1000,0.48087667021900415,0.5468127350322902,37.31399740395136
pca_50,poly,0.001,0.01,3,1000,0.4855454640928656,0.5627011600881815,24.41803630301729
pca_50,poly,0.001,0.01,4,1000,0.4838123479858041,0.561674440279603,22.682813886087388
pca_50,poly,0.001,0.01,5,1000,0.4811556991189718,0.5459835999645293,19.360650283982977
pca_50,poly,0.001,0.1,1,1000,0.4879194260574877,0.5599697390571237,23.5214887810871
pca_50,poly,0.001,0.1,2,1000,0.4839390830602497,0.5610226010903716,15.185764707857743
pca_50,poly,0.001,0.1,3,1000,0.4839197888504714,0.5469683678820729,10.923430857015774
pca_50,poly,0.001,0.1,4,1000,0.48378878901712596,0.5619388052728027,12.50961291207932
pca_50,poly,0.001,0.1,5,1000,0.48412700602784753,0.5592095041647553,12.262151489965618
pca_50,poly,0.001,1,1,1000,0.4845821091439575,0.5589070098940283,18.709806022932753
pca_50,poly,0.001,1,2,1000,0.4809253509156406,0.5454677839297801,12.560129599878564
pca_50,poly,0.001,1,3,1000,0.4895164950285107,0.560925394995138,11.302630370017141
pca_50,poly,0.001,1,4,1000,0.492047670064494,0.5595817037392408,11.690996774006635
pca_50,poly,0.001,1,5,1000,0.48364484100602567,0.5607055709697306,11.76304647186771
pca_50,poly,0.001,10,1,1000,0.47652172506786883,0.5287025817669928,13.725979453884065
pca_50,poly,0.001,10,2,1000,0.47572109499014914,0.5157716330140829,10.147091537015513
pca_50,poly,0.001,10,3,1000,0.47529394505545497,0.5574543229304254,10.845957031939179
pca_50,poly,0.001,10,4,1000,0.4764501918107271,0.5568433720618486,10.919980886159465
pca_50,poly,0.001,10,5,1000,0.4785053371451795,0.5563544451724738,11.284300062106922
pca_50,poly,0.001,100,1,1000,0.4761283481493592,0.557839544955641,10.070285907946527
pca_50,poly,0.001,100,2,1000,0.47889139992184937,0.5588717448990792,10.873718765797094
pca_50,poly,0.001,100,3,1000,0.4764372049830854,0.5560020010452718,10.781308167846873
pca_50,poly,0.001,100,4,1000,0.477087328908965,0.5581033651251346,11.71615771506913
pca_50,poly,0.001,100,5,1000,0.4773221146315336,0.5566055220551789,12.046785827027634
pca_50,poly,0.001,1000,1,1000,0.47605658881366253,0.5584965599700809,9.508369451155886
pca_50,poly,0.001,1000,2,1000,0.47558349394239485,0.5590841039083898,11.098654920002446
pca_50,poly,0.001,1000,3,1000,0.4752126610837877,0.5570672629401088,10.564765176037326
pca_50,poly,0.001,1000,4,1000,0.4766854150220752,0.5585235059261322,11.808937418973073
pca_50,poly,0.001,1000,5,1000,0.47508488362655044,0.5587856110651046,11.277296012965962
pca_50,poly,0.01,0.001,1,1000,0.47697602421976626,0.5554638968314976,37.05270189908333
pca_50,poly,0.01,0.001,2,1000,0.4735934347845614,0.5390778877772391,39.17498645489104
pca_50,poly,0.01,0.001,3,1000,0.47654327587224543,0.5409436139743775,39.18397559504956
pca_50,poly,0.01,0.001,4,1000,0.47689594398252666,0.5412023458629847,39.45812941598706
pca_50,poly,0.01,0.001,5,1000,0.47677283897064626,0.5412567069288343,39.26965257595293
pca_50,poly,0.01,0.01,1,1000,0.47610432794317603,0.5410228411201388,22.330083803040907
pca_50,poly,0.01,0.01,2,1000,0.47710740100592375,0.557256214087829,19.627465370111167
pca_50,poly,0.01,0.01,3,1000,0.47315837093628943,0.5391928642056882,14.271899291081354
pca_50,poly,0.01,0.01,4,1000,0.4727612209971994,0.539509226102382,13.766770184971392
pca_50,poly,0.01,0.01,5,1000,0.4755383387673646,0.5561211220920086,13.255131653044373
pca_50,poly,0.01,0.1,1,1000,0.47586855688132346,0.5586745431646705,15.970339764840901
pca_50,poly,0.01,0.1,2,1000,0.4734432720579207,0.540807819692418,10.63830800796859
pca_50,poly,0.01,0.1,3,1000,0.4752078561577946,0.5562715921550989,10.70428938488476
pca_50,poly,0.01,0.1,4,1000,0.4755974467843771,0.5563982978928834,11.808359977090731
pca_50,poly,0.01,0.1,5,1000,0.47614035615697503,0.556016517104581,11.586499213939533
pca_50,poly,0.01,1,1,1000,0.47739107394590974,0.5581979409325868,12.899879893986508
pca_50,poly,0.01,1,2,1000,0.4771516427863389,0.5393682001158595,10.054495330201462
pca_50,poly,0.01,1,3,1000,0.47636574786156416,0.5564495401922613,11.043237147154287
pca_50,poly,0.01,1,4,1000,0.48141212691552937,0.5570538921747357,11.5465851619374
pca_50,poly,0.01,1,5,1000,0.4751857758965343,0.5569487428292632,12.441773124970496
pca_50,poly,0.01,10,1,1000,0.47612978890538216,0.559475407935679,9.343117822892964
pca_50,poly,0.01,10,2,1000,0.47643262590281665,0.5589296789839864,12.157574923941866
pca_50,poly,0.01,10,3,1000,0.4785329250153154,0.5663284931797534,10.434121418045834
pca_50,poly,0.01,10,4,1000,0.4754740600474179,0.5571649668272585,11.812359554227442
pca_50,poly,0.01,10,5,1000,0.476778871845454,0.5576000097207725,11.323537044227123
pca_50,poly,0.01,100,1,1000,0.4755954989232123,0.5585018459241837,9.42939802003093
pca_50,poly,0.01,100,2,1000,0.4779568179510534,0.5582651752047241,11.054396032821387
pca_50,poly,0.01,100,3,1000,0.4766782019287348,0.5573381399735808,9.79075285489671
pca_50,poly,0.01,100,4,1000,0.4767103409394622,0.558143783826381,11.981634521856904
pca_50,poly,0.01,100,5,1000,0.476131992880255,0.5584458210505545,11.563553265994415
pca_50,poly,0.01,1000,1,1000,0.4759614272043109,0.5567085910588503,9.385272740852088
pca_50,poly,0.01,1000,2,1000,0.47602794994600117,0.5582381261046976,10.989946137182415
pca_50,poly,0.01,1000,3,1000,0.47439225600101054,0.5550715860445052,10.842607630882412
pca_50,poly,0.01,1000,4,1000,0.4752620621584356,0.5575618951115757,13.164546415908262
pca_50,poly,0.01,1000,5,1000,0.4757185550406575,0.5307072990108281,11.79545950004831
pca_50,poly,0.1,0.001,1,1000,0.4774772278033197,0.5278971530497074,21.53471895190887
pca_50,poly,0.1,0.001,2,1000,0.4762822021730244,0.5536990319378674,34.89349622302689
pca_50,poly,0.1,0.001,3,1000,0.47483405587263405,0.5591428838670254,35.55737824807875
pca_50,poly,0.1,0.001,4,1000,0.47702294611372054,0.5443104568403214,37.41502718394622
pca_50,poly,0.1,0.001,5,1000,0.4761185811366886,0.5430416828021407,37.19693110301159
pca_50,poly,0.1,0.01,1,1000,0.4783066192176193,0.5426589970011264,14.704836488002911
pca_50,poly,0.1,0.01,2,1000,0.4734208357986063,0.5431150821968913,13.606670127948746
pca_50,poly,0.1,0.01,3,1000,0.47604631283320487,0.5144917140714824,11.073203753912821
pca_50,poly,0.1,0.01,4,1000,0.4771202798001468,0.5319447659421712,12.425019959220663
pca_50,poly,0.1,0.01,5,1000,0.4772132982034236,0.5596322130877525,12.667329992167652
pca_50,poly,0.1,0.1,1,1000,0.4773001552093774,0.5585836600512266,13.553658021846786
pca_50,poly,0.1,0.1,2,1000,0.47674778406508267,0.549220337998122,11.810443982016295
pca_50,poly,0.1,0.1,3,1000,0.476942626060918,0.55866454471834,10.81371188396588
pca_50,poly,0.1,0.1,4,1000,0.4792012618854642,0.5452142290305346,12.027944043977186
pca_50,poly,0.1,0.1,5,1000,0.48771386314183474,0.5417190028820187,10.962248143041506
pca_50,poly,0.1,1,1,1000,0.47881221398711205,0.532221726840362,9.847828422905877
pca_50,poly,0.1,1,2,1000,0.4787743538618088,0.5602602281142026,11.132967077894136
pca_50,poly,0.1,1,3,1000,0.4783435189165175,0.5589424492791295,10.604423419106752
pca_50,poly,0.1,1,4,1000,0.4777447700034827,0.5586295200046152,12.344676350010559
pca_50,poly,0.1,1,5,1000,0.4834578838199377,0.5618400380481035,11.2409428358078
pca_50,poly,0.1,10,1,1000,0.47860659612342715,0.5599896172061563,9.899704464012757
pca_50,poly,0.1,10,2,1000,0.4796015010215342,0.5608157638926059,11.402784115169197
pca_50,poly,0.1,10,3,1000,0.4798949919641018,0.560221959836781,11.60026250500232
pca_50,poly,0.1,10,4,1000,0.479409352876246,0.5608048909343779,13.366983172018081
pca_50,poly,0.1,10,5,1000,0.4783379747532308,0.5584986237809062,12.649099167902023
pca_50,poly,0.1,100,1,1000,0.4793119882233441,0.5571589339524508,9.06314168102108
pca_50,poly,0.1,100,2,1000,0.4800096279941499,0.5595014821738005,11.605482248822227
pca_50,poly,0.1,100,3,1000,0.4800762908998877,0.5614439581986517,11.246178488014266
pca_50,poly,0.1,100,4,1000,0.47907342575490475,0.5595783041790128,12.130752183962613
pca_50,poly,0.1,100,5,1000,0.4800968400668353,0.5601911360863596,11.89716521394439
pca_50,poly,0.1,1000,1,1000,0.4794796428177506,0.5583659959957004,9.815625249873847
pca_50,poly,0.1,1000,2,1000,0.47843864979222417,0.5587808131240308,10.677263544173911
pca_50,poly,0.1,1000,3,1000,0.47955760685727,0.5607640170492232,11.802787835942581
pca_50,poly,0.1,1000,4,1000,0.4783546831458807,0.5606261289212853,11.157256650039926
pca_50,poly,0.1,1000,5,1000,0.4886991139501333,0.5587617130950093,11.278228895971552
pca_50,poly,1,0.001,1,1000,0.4801859431900084,0.5614336240105331,17.510232066037133
pca_50,poly,1,0.001,2,1000,0.4845823789946735,0.5415035900659859,26.685701236128807
pca_50,poly,1,0.001,3,1000,0.4752941229380667,0.5418550770264119,30.110333793098107
pca_50,poly,1,0.001,4,1000,0.4881736950483173,0.562132801162079,34.93028725986369
pca_50,poly,1,0.001,5,1000,0.47984637785702944,0.56002955022268,41.904580482048914
pca_50,poly,1,0.01,1,1000,0.4787459948565811,0.5433427200186998,15.31215209607035
pca_50,poly,1,0.01,2,1000,0.4893680710811168,0.5444306549616158,13.004217247013003
pca_50,poly,1,0.01,3,1000,0.4778527896851301,0.556769564980641,10.747065074974671
pca_50,poly,1,0.01,4,1000,0.4799242082517594,0.5597185562364757,12.223454558989033
pca_50,poly,1,0.01,5,1000,0.4786172858439386,0.5638741471339017,17.651441648835316
pca_50,poly,1,0.1,1,1000,0.47974907886236906,0.5606643541250378,10.479404537007213
pca_50,poly,1,0.1,2,1000,0.4898360080551356,0.5608894329052418,13.149454787140712
pca_50,poly,1,0.1,3,1000,0.47764438297599554,0.5607897839508951,12.094162995927036
pca_50,poly,1,0.1,4,1000,0.4784910089801997,0.5594911801163107,12.095505211967975
pca_50,poly,1,0.1,5,1000,0.47960371105000377,0.5644216767977923,12.184374489821494
pca_50,poly,1,1,1,1000,0.48957410198636353,0.5608016366604716,9.047593033872545
pca_50,poly,1,1,2,1000,0.4785513710230589,0.5609558869618922,11.583741078153253
pca_50,poly,1,1,3,1000,0.4782767901197076,0.5593737049493939,9.976894569117576
pca_50,poly,1,1,4,1000,0.47895864793099463,0.5604944040533155,11.972675464814529
pca_50,poly,1,1,5,1000,0.4789842532481998,0.5596962440758944,11.585865007014945
pca_50,poly,1,10,1,1000,0.47906298586167395,0.5608722949400544,9.076574106933549
pca_50,poly,1,10,2,1000,0.4792553980369121,0.56158666475676,11.497607169905677
pca_50,poly,1,10,3,1000,0.4791087256744504,0.5602867419365793,10.66910754214041
pca_50,poly,1,10,4,1000,0.47886660788208246,0.5615708739496768,12.163166224956512
pca_50,poly,1,10,5,1000,0.477961991680786,0.5603524083271623,11.495351129909977
pca_50,poly,1,100,1,1000,0.4783589541912079,0.5598453637212515,10.026552808936685
pca_50,poly,1,100,2,1000,0.47799157816916704,0.561847880249843,10.907763301860541
pca_50,poly,1,100,3,1000,0.47762880800291896,0.5599206921178848,10.711288172053173
pca_50,poly,1,100,4,1000,0.47756413696333766,0.5594505609478801,11.25810813694261
pca_50,poly,1,100,5,1000,0.4778132860083133,0.5597241339273751,11.479634936898947
pca_50,poly,1,1000,1,1000,0.4774554909672588,0.5600129889789969,10.006336850114167
pca_50,poly,1,1000,2,1000,0.47772553912363946,0.5603295450564474,10.913793547078967
pca_50,poly,1,1000,3,1000,0.4781893012113869,0.5594241640064865,10.564160102047026
pca_50,poly,1,1000,4,1000,0.4781201451551169,0.5574195249937475,11.722433601040393
pca_50,poly,1,1000,5,1000,0.478289732709527,0.5571159059181809,11.535569488070905
pca_50,poly,10,0.001,1,1000,0.47782041574828327,0.5578790730796754,13.550509453983977
pca_50,poly,10,0.001,2,1000,0.47579447575844824,0.5423685400746763,13.64977326686494
pca_50,poly,10,0.001,3,1000,0.47470813477411866,0.5400300910696387,14.43732161121443
pca_50,poly,10,0.001,4,1000,0.4726796089671552,0.540002838941291,19.265237028943375
pca_50,poly,10,0.001,5,1000,0.4718818189576268,0.5417365338653326,23.364479678915814
pca_50,poly,10,0.01,1,1000,0.47616442013531923,0.5582884391769767,10.467691449914128
pca_50,poly,10,0.01,2,1000,0.47476743115112185,0.5575836889911443,10.88992519187741
pca_50,poly,10,0.01,3,1000,0.511215893086046,0.5582524251658469,10.04043506202288
pca_50,poly,10,0.01,4,1000,0.4757193217519671,0.5578607968054712,11.953427063068375
pca_50,poly,10,0.01,5,1000,0.47482094215229154,0.5574276258703321,11.580543054034933
pca_50,poly,10,0.1,1,1000,0.4761837951373309,0.5583342921454459,8.881722789956257
pca_50,poly,10,0.1,2,1000,0.4740925661753863,0.5582625982351601,11.760690823895857
pca_50,poly,10,0.1,3,1000,0.47591207711957395,0.5584197689313442,12.052235434995964
pca_50,poly,10,0.1,4,1000,0.5157065561506897,0.5584548548795283,13.445353142917156
pca_50,poly,10,0.1,5,1000,0.47520626219920814,0.5614208348561078,11.396357299992815
pca_50,poly,10,1,1,1000,0.4758800338022411,0.5563863189890981,9.858515414875
pca_50,poly,10,1,2,1000,0.4747983969282359,0.5559677861165255,11.657842577900738
pca_50,poly,10,1,3,1000,0.47404035506770015,0.5559673910029233,10.613374734064564
pca_50,poly,10,1,4,1000,0.47453545685857534,0.558047876926139,11.599281586939469
pca_50,poly,10,1,5,1000,0.4771610307507217,0.5553230692166835,11.924142200965434
pca_50,poly,10,10,1,1000,0.4754631631076336,0.5577132669277489,9.555639269994572
pca_50,poly,10,10,2,1000,0.47544342488981783,0.5563628158997744,12.081684977049008
pca_50,poly,10,10,3,1000,0.47486667870543897,0.557893841760233,10.890486434102058
pca_50,poly,10,10,4,1000,0.47531832195818424,0.5562800283078104,10.966918523889035
pca_50,poly,10,10,5,1000,0.4814327103085816,0.5568077599164099,11.70582879288122
pca_50,poly,10,100,1,1000,0.4743678530212492,0.55622338806279,9.53944982192479
pca_50,poly,10,100,2,1000,0.4778042072430253,0.5572371010202914,12.05629070987925
pca_50,poly,10,100,3,1000,0.4752773130312562,0.5565300588496029,12.802073137834668
pca_50,poly,10,100,4,1000,0.47463733702898026,0.5574434532318264,11.882149370852858
pca_50,poly,10,100,5,1000,0.47490642010234296,0.5570181051734835,11.662721794797108
pca_50,poly,10,1000,1,1000,0.4749807210173458,0.5582804689183831,9.99340861197561
pca_50,poly,10,1000,2,1000,0.476603050949052,0.5573630339931697,11.88332188804634
pca_50,poly,10,1000,3,1000,0.47645164700224996,0.557083958061412,10.55990357301198
pca_50,poly,10,1000,4,1000,0.4722502399235964,0.5559956601355225,11.778003860963508
pca_50,poly,10,1000,5,1000,0.4740684989374131,0.5566021418198943,11.518148289993405
pca_50,poly,100,0.001,1,1000,0.4740574511233717,0.5556812300346792,9.481791772181168
pca_50,poly,100,0.001,2,1000,0.4734128739219159,0.5572449427563697,12.194258857052773
pca_50,poly,100,0.001,3,1000,0.4730657360050827,0.5565548087470233,11.834984129993245
pca_50,poly,100,0.001,4,1000,0.47342910105362535,0.5562168317846954,14.365132904844359
pca_50,poly,100,0.001,5,1000,0.4734017108567059,0.5558070000261068,18.122009014943615
pca_50,poly,100,0.01,1,1000,0.4747870920691639,0.5555194502230734,11.059089994989336
pca_50,poly,100,0.01,2,1000,0.47287947102449834,0.5572391978930682,12.436061332002282
pca_50,poly,100,0.01,3,1000,0.4731417028233409,0.5558573040179908,10.418407701188698
pca_50,poly,100,0.01,4,1000,0.4730589110404253,0.5819586799480021,12.141111538978294
pca_50,poly,100,0.01,5,1000,0.47335431328974664,0.5568255891557783,11.57245525997132
pca_50,poly,100,0.1,1,1000,0.4750693589448929,0.5718669570051134,10.381735814968124
pca_50,poly,100,0.1,2,1000,0.47322635212913156,0.5558717239182442,10.61507203686051
pca_50,poly,100,0.1,3,1000,0.5096236490644515,0.5568153818603605,10.852621009806171
pca_50,poly,100,0.1,4,1000,0.473967727040872,0.5572481059934944,13.029523534001783
pca_50,poly,100,0.1,5,1000,0.4732458300422877,0.5599387099500746,11.388551614014432
pca_50,poly,100,1,1,1000,0.4733311189338565,0.5574748322833329,9.712831496959552
pca_50,poly,100,1,2,1000,0.47289220383390784,0.5344633739441633,10.953568289987743
pca_50,poly,100,1,3,1000,0.4742072280496359,0.5890712847467512,10.463327924953774
pca_50,poly,100,1,4,1000,0.47279023309238255,0.5589084320235997,11.891555497888476
pca_50,poly,100,1,5,1000,0.4748747660778463,0.5566504260059446,10.977491995086893
pca_50,poly,100,10,1,1000,0.4731965309474617,0.5717709239106625,9.29183598398231
pca_50,poly,100,10,2,1000,0.4735806849785149,0.5572013687342405,11.049544451059774
pca_50,poly,100,10,3,1000,0.4736990632954985,0.5880237168166786,10.838842066936195
pca_50,poly,100,10,4,1000,0.4732232252135873,0.5574772758409381,10.938856709981337
pca_50,poly,100,10,5,1000,0.477245771093294,0.558055168017745,12.835648734821007
pca_50,poly,100,100,1,1000,0.4769405461847782,0.5571364457719028,9.660859277006239
pca_50,poly,100,100,2,1000,0.47499362379312515,0.5589193049818277,11.428582143038511
pca_50,poly,100,100,3,1000,0.47508106008172035,0.5573660510126501,10.217497661942616
pca_50,poly,100,100,4,1000,0.4760350410360843,0.5602067119907588,12.448709832970053
pca_50,poly,100,100,5,1000,0.48032735800370574,0.5422920230776072,11.68022024887614
pca_50,poly,100,1000,1,1000,0.481040206970647,0.5665074470452964,10.007282782811671
pca_50,poly,100,1000,2,1000,0.4800972640514374,0.5694929538294673,11.444632428931072
pca_50,poly,100,1000,3,1000,0.4811934269964695,0.5660594031214714,10.562956409994513
pca_50,poly,100,1000,4,1000,0.47929623490199447,0.5763198640197515,12.28300154604949
pca_50,poly,100,1000,5,1000,0.4806166279595345,0.5675101957749575,12.17040547193028
pca_50,poly,1000,0.001,1,1000,0.48123462800867856,0.5679212210234255,10.839430128922686
pca_50,poly,1000,0.001,2,1000,0.4849064159207046,0.5748125019017607,11.679242772981524
pca_50,poly,1000,0.001,3,1000,0.47982026799581945,0.5656331449281424,11.381256863009185
pca_50,poly,1000,0.001,4,1000,0.48021460813470185,0.5655762318056077,13.46679365891032
pca_50,poly,1000,0.001,5,1000,0.4798720560502261,0.5658711781725287,14.125946285901591
pca_50,poly,1000,0.01,1,1000,0.4804053211119026,0.5656008999794722,10.006270789075643
pca_50,poly,1000,0.01,2,1000,0.480583812110126,0.5669188357423991,11.178589868126437
pca_50,poly,1000,0.01,3,1000,0.4797187349759042,0.5662596300244331,11.200708362972364
pca_50,poly,1000,0.01,4,1000,0.485625108005479,0.5659282519482076,12.170277755940333
pca_50,poly,1000,0.01,5,1000,0.4798148632980883,0.5655779910739511,11.843263191869482
pca_50,poly,1000,0.1,1,1000,0.4818653427064419,0.5684754061512649,9.816955390851945
pca_50,poly,1000,0.1,2,1000,0.4794378159567714,0.5663167007733136,11.693688163068146
pca_50,poly,1000,0.1,3,1000,0.4801643218379468,0.568122330121696,11.189170259982347
pca_50,poly,1000,0.1,4,1000,0.4801183049567044,0.5627068637404591,12.512987222988158
pca_50,poly,1000,0.1,5,1000,0.4805764057673514,0.5624337738845497,12.230129355099052
pca_50,poly,1000,1,1,1000,0.48243474098853767,0.5616699510719627,9.96491243201308
pca_50,poly,1000,1,2,1000,0.4805224428419024,0.5631039496511221,12.285202014027163
pca_50,poly,1000,1,3,1000,0.4803849139716476,0.5629461400676519,10.22464591707103
pca_50,poly,1000,1,4,1000,0.4810129760298878,0.5610256309155375,12.357607319019735
pca_50,poly,1000,1,5,1000,0.480825858656317,0.5619012480601668,12.251019206130877
pca_50,poly,1000,10,1,1000,0.48018325795419514,0.5618724529631436,9.97783992998302
pca_50,poly,1000,10,2,1000,0.4892302688676864,0.5610462320037186,11.777135072043166
pca_50,poly,1000,10,3,1000,0.47855513682588935,0.5653111559804529,11.23358831112273
pca_50,poly,1000,10,4,1000,0.47886773897334933,0.5665893880650401,11.62712143198587
pca_50,poly,1000,10,5,1000,0.47745994525030255,0.5637855853419751,11.388754649087787
pca_50,poly,1000,100,1,1000,0.4795326250605285,0.5638384080957621,10.020785640925169
pca_50,poly,1000,100,2,1000,0.47891953913494945,0.564261845080182,11.583376706112176
pca_50,poly,1000,100,3,1000,0.47866813791915774,0.5645341242197901,12.732399665983394
pca_50,poly,1000,100,4,1000,0.4823338920250535,0.5634585318621248,12.589395650895312
pca_50,poly,1000,100,5,1000,0.4800256290473044,0.5624946670141071,12.011533313896507
pca_50,poly,1000,1000,1,1000,0.4790142551064491,0.5664997610729188,10.036818576976657
pca_50,poly,1000,1000,2,1000,0.5177214490249753,0.5661319170612842,12.2214634870179
pca_50,poly,1000,1000,3,1000,0.47680358891375363,0.5789417531341314,11.496207554126158
pca_50,poly,1000,1000,4,1000,0.4761117890011519,0.5429289371240884,11.610239051980898
pca_50,poly,1000,1000,5,1000,0.47434942703694105,0.5632287538610399,11.516197711927816
pca_100,poly,0.001,0.001,1,1000,0.536610190058127,0.719812321010977,93.36255668592639
pca_100,poly,0.001,0.001,2,1000,0.4750811622943729,0.7082794278394431,93.79907804215327
pca_100,poly,0.001,0.001,3,1000,0.4740242150146514,0.7072492258157581,94.3696959160734
pca_100,poly,0.001,0.001,4,1000,0.475177246844396,0.7156837887596339,94.82880766200833
pca_100,poly,0.001,0.001,5,1000,0.47452989406883717,0.7060231671202928,95.02111677103676
pca_100,poly,0.001,0.01,1,1000,0.47605691384524107,0.7066634460352361,86.58411880303174
pca_100,poly,0.001,0.01,2,1000,0.47480756510049105,0.7128679777961224,81.11800690297969
pca_100,poly,0.001,0.01,3,1000,0.47424580878578126,0.721129132900387,53.69317161408253
pca_100,poly,0.001,0.01,4,1000,0.47523575532250106,0.705112423049286,47.81344675598666
pca_100,poly,0.001,0.01,5,1000,0.4752931399270892,0.7051083007827401,41.509570211870596
pca_100,poly,0.001,0.1,1,1000,0.47454671398736537,0.7199061901774257,52.549844371853396
pca_100,poly,0.001,0.1,2,1000,0.4759221151471138,0.6772884130477905,32.64189373003319
pca_100,poly,0.001,0.1,3,1000,0.4755624041426927,0.7175245769321918,25.89902365487069
pca_100,poly,0.001,0.1,4,1000,0.4718936220742762,0.6424366149585694,30.8146516950801
pca_100,poly,0.001,0.1,5,1000,0.4755093881394714,0.7238492299802601,30.43330991314724
pca_100,poly,0.001,1,1,1000,0.472428428940475,0.6405091751366854,35.70937759219669
pca_100,poly,0.001,1,2,1000,0.4748731830623001,0.7278980619739741,25.258335628081113
pca_100,poly,0.001,1,3,1000,0.47234374820254743,0.6424784779082984,25.888088790001348
pca_100,poly,0.001,1,4,1000,0.4757845872081816,0.7208076978567988,30.535950772929937
pca_100,poly,0.001,1,5,1000,0.4728216507937759,0.639896681997925,30.602714180015028
pca_100,poly,0.001,10,1,1000,0.47332434286363423,0.7178265859838575,28.389782628044486
pca_100,poly,0.001,10,2,1000,0.4748333489987999,0.709448680980131,25.07583949388936
pca_100,poly,0.001,10,3,1000,0.47282031597569585,0.6388041879981756,26.31177805014886
pca_100,poly,0.001,10,4,1000,0.4758733350317925,0.7221791760530323,30.537039624061435
pca_100,poly,0.001,10,5,1000,0.47539331088773906,0.6391130876727402,30.62130276300013
pca_100,poly,0.001,100,1,1000,0.47574059199541807,0.7769782147370279,21.60388241498731
pca_100,poly,0.001,100,2,1000,0.48283123783767223,0.7192092281766236,25.093007484916598
pca_100,poly,0.001,100,3,1000,0.47941015800461173,0.6401641911361367,25.934784908080474
pca_100,poly,0.001,100,4,1000,0.4748467612080276,0.7207259263377637,30.831940840929747
pca_100,poly,0.001,100,5,1000,0.4741890321020037,0.6424547480419278,30.572517801076174
pca_100,poly,0.001,1000,1,1000,0.475093268789351,0.6987399328500032,21.780277223093435
pca_100,poly,0.001,1000,2,1000,0.4740795800462365,0.7133492887951434,25.12320827296935
pca_100,poly,0.001,1000,3,1000,0.4708251180127263,0.6423117779195309,26.141058881999925
pca_100,poly,0.001,1000,4,1000,0.47451500222086906,0.7217863141559064,30.550234662136063
pca_100,poly,0.001,1000,5,1000,0.4722988319117576,0.6423562681302428,30.750568808056414
pca_100,poly,0.01,0.001,1,1000,0.47545888600870967,0.720730043714866,87.29409944592044
pca_100,poly,0.01,0.001,2,1000,0.4748048579785973,0.7102104139048606,93.9046732049901
pca_100,poly,0.01,0.001,3,1000,0.4747429280541837,0.7096511388663203,94.27723219105974
pca_100,poly,0.01,0.001,4,1000,0.4747136430814862,0.7095371757168323,94.75365117494948
pca_100,poly,0.01,0.001,5,1000,0.47512436215765774,0.7104068400803953,95.52668373798952
pca_100,poly,0.01,0.01,1,1000,0.47614060319028795,0.7065562228672206,52.53813171898946
pca_100,poly,0.01,0.01,2,1000,0.47518426994793117,0.7111085781361908,47.07970323902555
pca_100,poly,0.01,0.01,3,1000,0.4736356867942959,0.7079731291159987,35.505557543132454
pca_100,poly,0.01,0.01,4,1000,0.4752661781385541,0.7146411980502307,35.25170323997736
pca_100,poly,0.01,0.01,5,1000,0.4715271999593824,0.6460457879584283,32.93073579086922
pca_100,poly,0.01,0.1,1,1000,0.476652606157586,0.7237321909051389,35.49127505393699
pca_100,poly,0.01,0.1,2,1000,0.4746302659623325,0.7089611543342471,25.94887075922452
pca_100,poly,0.01,0.1,3,1000,0.4735131829511374,0.6390113120432943,25.958905778825283
pca_100,poly,0.01,0.1,4,1000,0.4742691272404045,0.7180763860233128,31.623791015939787
pca_100,poly,0.01,0.1,5,1000,0.4743878038134426,0.6225491208024323,30.694788474123925
pca_100,poly,0.01,1,1,1000,0.4874599489849061,0.7238658759742975,28.489568277960643
pca_100,poly,0.01,1,2,1000,0.48744808603078127,0.7161513078026474,25.66539113991894
pca_100,poly,0.01,1,3,1000,0.4750321980100125,0.6433591051027179,26.244550758972764
pca_100,poly,0.01,1,4,1000,0.48135457397438586,0.7299360458273441,30.991518415976316
pca_100,poly,0.01,1,5,1000,0.4774750198703259,0.6410366247873753,30.66062120697461
pca_100,poly,0.01,10,1,1000,0.47901224601082504,0.7240216480568051,21.742544126929715
pca_100,poly,0.01,10,2,1000,0.47800852404907346,0.7314338840078562,25.305756374029443
pca_100,poly,0.01,10,3,1000,0.5034529198892415,0.6373500912450254,26.30192687897943
pca_100,poly,0.01,10,4,1000,0.4779245099052787,0.7258707208093256,30.77047314401716
pca_100,poly,0.01,10,5,1000,0.47805490414611995,0.6481015358585864,31.079925562022254
pca_100,poly,0.01,100,1,1000,0.47806285601109266,0.7267582667991519,21.651772809913382
pca_100,poly,0.01,100,2,1000,0.4781709089875221,0.7276154027786106,25.974747041938826
pca_100,poly,0.01,100,3,1000,0.47518325271084905,0.6387085090391338,26.55991023313254
pca_100,poly,0.01,100,4,1000,0.477865856140852,0.7318084798753262,31.912247415166348
pca_100,poly,0.01,100,5,1000,0.47480884194374084,0.6441254310775548,31.14718218590133
pca_100,poly,0.01,1000,1,1000,0.47501518204808235,0.7291783150285482,21.733390246052295
pca_100,poly,0.01,1000,2,1000,0.4762507260311395,0.7247726451605558,25.371001465944573
pca_100,poly,0.01,1000,3,1000,0.47436232795007527,0.6395667472388595,26.596223160158843
pca_100,poly,0.01,1000,4,1000,0.4762590827886015,0.7298042359761894,30.761934632901102
pca_100,poly,0.01,1000,5,1000,0.48525148490443826,0.6338022709824145,30.657434616005048
pca_100,poly,0.1,0.001,1,1000,0.4775335530284792,0.721360991243273,53.09552560909651
pca_100,poly,0.1,0.001,2,1000,0.4779748930595815,0.7169300448149443,81.41796720214188
pca_100,poly,0.1,0.001,3,1000,0.49088984495028853,0.7235288741067052,90.01548202498816
pca_100,poly,0.1,0.001,4,1000,0.47774021001532674,0.703849378740415,95.48280400596559
pca_100,poly,0.1,0.001,5,1000,0.47740970412269235,0.7107989289797843,95.10063430014998
pca_100,poly,0.1,0.01,1,1000,0.47743737208656967,0.7165069647599012,35.83231844101101
pca_100,poly,0.1,0.01,2,1000,0.4782463498413563,0.676518150838092,32.46105163404718
pca_100,poly,0.1,0.01,3,1000,0.47811721498146653,0.729982839198783,27.918126799864694
pca_100,poly,0.1,0.01,4,1000,0.474743447965011,0.6377902589738369,31.988380228169262
pca_100,poly,0.1,0.01,5,1000,0.47865227912552655,0.7242423749994487,30.909555572085083
pca_100,poly,0.1,0.1,1,1000,0.4762956299819052,0.635733850998804,28.984195112017915
pca_100,poly,0.1,0.1,2,1000,0.4777987808920443,0.7354945819824934,25.530852978816256
pca_100,poly,0.1,0.1,3,1000,0.4874876532703638,0.6435696831904352,26.544278520857915
pca_100,poly,0.1,0.1,4,1000,0.47762436396442354,0.7336045990232378,30.946250141132623
pca_100,poly,0.1,0.1,5,1000,0.4743859148584306,0.650917975930497,31.256274475017563
pca_100,poly,0.1,1,1,1000,0.47717058775015175,0.7315348759293556,21.771740195108578
pca_100,poly,0.1,1,2,1000,0.4782821370754391,0.7299037100747228,26.241358855972067
pca_100,poly,0.1,1,3,1000,0.4740936327725649,0.6478035226464272,26.074549746932462
pca_100,poly,0.1,1,4,1000,0.47717066179029644,0.7283503559883684,31.433387847151607
pca_100,poly,0.1,1,5,1000,0.4756045339163393,0.6419194072950631,30.94289188599214
pca_100,poly,0.1,10,1,1000,0.4780895230360329,0.7365227770060301,22.36620092880912
pca_100,poly,0.1,10,2,1000,0.5633537820540369,0.8370817229151726,35.07413875916973
pca_100,poly,0.1,10,3,1000,1.5509251879993826,4.8814287760760635,46.36292615486309
pca_100,poly,0.1,10,4,1000,0.9078502410557121,4.916718916967511,50.48827989608981
pca_100,poly,0.1,10,5,1000,0.9889311669394374,3.4431682860013098,50.281245410908014
pca_100,poly,0.1,100,1,1000,0.8106636488810182,2.3224393802229315,34.67769683105871
pca_100,poly,0.1,100,2,1000,0.9740813609678298,4.166489046998322,42.897653894964606
pca_100,poly,0.1,100,3,1000,1.3063747389242053,3.4498654559720308,43.17831880203448
pca_100,poly,0.1,100,4,1000,1.2463518327567726,1.000863289926201,55.42217100597918
pca_100,poly,0.1,100,5,1000,1.1350547110196203,3.7646179848816246,58.05703995493241
pca_100,poly,0.1,1000,1,1000,0.8276322551537305,5.733758071903139,36.0143859651871
pca_100,poly,0.1,1000,2,1000,1.243568945908919,3.3153313850052655,45.342792770825326
pca_100,poly,0.1,1000,3,1000,1.9475129712373018,3.791800213046372,50.55513292714022
pca_100,poly,0.1,1000,4,1000,2.1101018090266734,4.249912373023108,61.59688058379106
pca_100,poly,0.1,1000,5,1000,1.2275134357623756,3.194077760912478,58.926952342968434
pca_100,poly,1,0.001,1,1000,1.7694611127953976,3.0415505671408027,63.656523960176855
pca_100,poly,1,0.001,2,1000,2.1300398220773786,2.4402167201042175,89.14059968711808
pca_100,poly,1,0.001,3,1000,1.9825009889900684,3.596824332140386,102.12801489513367
pca_100,poly,1,0.001,4,1000,2.595275254920125,4.501225929940119,156.26415366190486
pca_100,poly,1,0.001,5,1000,2.4314248990267515,2.7720933880191296,186.77837363211438
pca_100,poly,1,0.01,1,1000,0.9727793883066624,0.7315905541181564,28.37524974811822
pca_100,poly,1,0.01,2,1000,0.6293000681325793,0.705089985858649,27.106412233086303
pca_100,poly,1,0.01,3,1000,0.5410548090003431,0.6369160960894078,26.221405148971826
pca_100,poly,1,0.01,4,1000,0.5097103689331561,0.7258060921449214,30.7222083050292
pca_100,poly,1,0.01,5,1000,0.480083528207615,0.6290321953129023,31.45098884496838
pca_100,poly,1,0.1,1,1000,0.4811649981420487,0.7184876000974327,22.7837016149424
pca_100,poly,1,0.1,2,1000,0.4807947229128331,0.7296451888978481,25.259265531087294
pca_100,poly,1,0.1,3,1000,0.4776904131285846,0.6287840940058231,26.542558893095702
pca_100,poly,1,0.1,4,1000,0.4831912217196077,0.7227571972180158,30.587736098095775
pca_100,poly,1,0.1,5,1000,0.4778099120594561,0.6528919101692736,30.97839022008702
pca_100,poly,1,1,1,1000,0.4799319270532578,0.7266525190789253,21.393368809018284
pca_100,poly,1,1,2,1000,0.4814843467902392,0.7244198070839047,25.390081202844158
pca_100,poly,1,1,3,1000,0.47940269485116005,0.63523282809183,26.55646189302206
pca_100,poly,1,1,4,1000,0.4838652440812439,0.7209347528405488,30.70950997201726
pca_100,poly,1,1,5,1000,0.4780132179148495,0.6280332619789988,31.070448233978823
pca_100,poly,1,10,1,1000,0.4816968401428312,0.7198865222744644,21.693901672028005
pca_100,poly,1,10,2,1000,0.47905911202542484,0.7297044289298356,25.21802430599928
pca_100,poly,1,10,3,1000,0.4861738740000874,0.6302134182769805,26.11125659290701
pca_100,poly,1,10,4,1000,0.4802545940037817,0.7272904659621418,31.35178321483545
pca_100,poly,1,10,5,1000,0.47544145002029836,0.6280833249911666,30.875789458164945
pca_100,poly,1,100,1,1000,0.48070097994059324,0.7217129408381879,22.458905172068626
pca_100,poly,1,100,2,1000,0.4783905178774148,0.7241348410025239,25.23239337000996
pca_100,poly,1,100,3,1000,0.475506782066077,0.6280326088890433,26.6694490511436
pca_100,poly,1,100,4,1000,0.47955425502732396,0.7231638131197542,31.363395530963317
pca_100,poly,1,100,5,1000,0.47677101008594036,0.6336791559588164,31.091239764820784
pca_100,poly,1,1000,1,1000,0.48016246291808784,0.7209940201137215,21.86022023903206
pca_100,poly,1,1000,2,1000,0.47885548509657383,0.7243932313285768,25.397742841858417
pca_100,poly,1,1000,3,1000,0.4772963097784668,0.6358177631627768,26.440473983995616
pca_100,poly,1,1000,4,1000,0.47924042376689613,0.7246932266280055,30.689501131884754
pca_100,poly,1,1000,5,1000,0.47932897601276636,0.6292365349363536,30.681525520049036
pca_100,poly,10,0.001,1,1000,0.4809601018205285,0.7230278998613358,28.799451869912446
pca_100,poly,10,0.001,2,1000,0.4810293219052255,0.6710945363156497,32.70850974298082
pca_100,poly,10,0.001,3,1000,0.48013416212052107,0.7246733668725938,35.982345808064565
pca_100,poly,10,0.001,4,1000,0.4798492849804461,0.7142042687628418,48.37644384102896
pca_100,poly,10,0.001,5,1000,0.48018218227662146,0.709618889959529,59.739482901990414
pca_100,poly,10,0.01,1,1000,0.4762758349534124,0.7096733851358294,21.687907262938097
pca_100,poly,10,0.01,2,1000,0.48198918742127717,0.726604739902541,25.27628024900332
pca_100,poly,10,0.01,3,1000,0.4765370371751487,0.635949081974104,26.2264868800994
pca_100,poly,10,0.01,4,1000,0.4805160618852824,0.7285536411218345,30.639190634945408
pca_100,poly,10,0.01,5,1000,0.47885908116586506,0.6337580441031605,30.900828561047092
pca_100,poly,10,0.1,1,1000,0.47887913580052555,0.7263738168403506,21.424755966058
pca_100,poly,10,0.1,2,1000,0.48116484726779163,0.7291809860616922,25.268756464123726
pca_100,poly,10,0.1,3,1000,0.4767574581783265,0.6259678239002824,26.043272031005472
pca_100,poly,10,0.1,4,1000,0.48136277799494565,0.7197870810050517,30.633842051960528
pca_100,poly,10,0.1,5,1000,0.48233073693700135,0.6363058621063828,31.42493272991851
pca_100,poly,10,1,1,1000,0.482036248780787,0.7203991569112986,21.697864305926487
pca_100,poly,10,1,2,1000,0.48217548010870814,0.7300279238261282,25.350547328824177
pca_100,poly,10,1,3,1000,0.47710822406224906,0.6346455002203584,26.203333670040593
pca_100,poly,10,1,4,1000,0.4812976401299238,0.7318913331255317,30.628623445052654
pca_100,poly,10,1,5,1000,0.4763942682184279,0.6284791501238942,30.729415874928236
pca_100,poly,10,10,1,1000,0.4792576020117849,0.7288202729541808,21.883180767996237
pca_100,poly,10,10,2,1000,0.48046924103982747,0.7231462490744889,25.368959754006937
pca_100,poly,10,10,3,1000,0.47746074898168445,0.6283191002439708,26.380844355095178
pca_100,poly,10,10,4,1000,0.48510656505823135,0.7370950561016798,31.058841517195106
pca_100,poly,10,10,5,1000,0.47660426213406026,0.6236896698828787,31.039239483885467
pca_100,poly,10,100,1,1000,0.47963429521769285,0.7242734350729734,21.42845948296599
pca_100,poly,10,100,2,1000,0.48033365001901984,0.7281698519363999,25.22834101994522
pca_100,poly,10,100,3,1000,0.4786382189486176,0.643170763971284,26.38482702500187
pca_100,poly,10,100,4,1000,0.4820719410199672,0.7330468718428165,30.625215796055272
pca_100,poly,10,100,5,1000,0.477849812945351,0.6468915082514286,31.06327411113307
pca_100,poly,10,1000,1,1000,0.48034695512615144,0.7299201360438019,21.516775639960542
pca_100,poly,10,1000,2,1000,0.48240100406110287,0.7309212700929493,25.60269521200098
pca_100,poly,10,1000,3,1000,0.47791946423240006,0.6500040071550757,26.310938321985304
pca_100,poly,10,1000,4,1000,0.48234197683632374,0.7314428461249918,31.084224371006712
pca_100,poly,10,1000,5,1000,0.4832300031557679,0.646809411002323,31.026254354044795
pca_100,poly,100,0.001,1,1000,0.4818736519664526,0.7284573169890791,21.685091976076365
pca_100,poly,100,0.001,2,1000,0.4808884640224278,0.7299206971656531,25.898719493998215
pca_100,poly,100,0.001,3,1000,0.48007022589445114,0.6479824131820351,28.37453488097526
pca_100,poly,100,0.001,4,1000,0.4816409919876605,0.729857015190646,35.45581442210823
pca_100,poly,100,0.001,5,1000,0.47839370300062,0.6548851928673685,40.50144564197399
pca_100,poly,100,0.01,1,1000,0.4836276159621775,0.7280117650516331,21.5640543110203
pca_100,poly,100,0.01,2,1000,0.4817567530553788,0.73415526910685,25.289391360944137
pca_100,poly,100,0.01,3,1000,0.47924920124933124,0.6449314339552075,26.04908560682088
pca_100,poly,100,0.01,4,1000,0.48046596185304224,0.7271723409648985,30.715453583048657
pca_100,poly,100,0.01,5,1000,0.4787989628966898,0.6529821869917214,31.143037216970697
pca_100,poly,100,0.1,1,1000,0.4944694181904197,0.7302624238654971,21.350097452988848
pca_100,poly,100,0.1,2,1000,0.48102843086235225,0.7290332179982215,25.45032722898759
pca_100,poly,100,0.1,3,1000,0.4778915650676936,0.643811326706782,26.50083097908646
pca_100,poly,100,0.1,4,1000,0.481719131115824,0.7283228491432965,30.722494409885257
pca_100,poly,100,0.1,5,1000,0.4792604681570083,0.6480908349622041,31.121218560962006
pca_100,poly,100,1,1,1000,0.4845398080069572,0.7282272391021252,21.68129384983331
pca_100,poly,100,1,2,1000,0.482342871138826,0.7244218457490206,26.13633692311123
pca_100,poly,100,1,3,1000,0.47965114610269666,0.6304747830145061,26.870920981978998
pca_100,poly,100,1,4,1000,0.4863547678105533,0.7248653210699558,31.10141635220498
pca_100,poly,100,1,5,1000,0.48137567983940244,0.6287123269867152,31.47885713004507
pca_100,poly,100,10,1,1000,0.48214467195793986,0.7256438708864152,21.620716009056196
pca_100,poly,100,10,2,1000,0.48236338305287063,0.7376140919514,25.598008543020114
pca_100,poly,100,10,3,1000,0.4792827779892832,0.6278213229961693,26.465815306873992
pca_100,poly,100,10,4,1000,0.4813359188847244,0.7206450609955937,31.785090311896056
pca_100,poly,100,10,5,1000,0.4798895518761128,0.6246999471914023,31.217696480918676
pca_100,poly,100,100,1,1000,0.4821903358679265,0.7228949810378253,21.795169851975515
pca_100,poly,100,100,2,1000,0.4829467630479485,0.7219817650038749,25.73178805783391
pca_100,poly,100,100,3,1000,0.4796683629974723,0.6266417510341853,26.85365719301626
pca_100,poly,100,100,4,1000,0.4813670788425952,0.7166421951260418,30.94312614784576
pca_100,poly,100,100,5,1000,0.479253598023206,0.6255910811014473,31.18244184507057
pca_100,poly,100,1000,1,1000,0.48108119517564774,0.7199208931997418,21.666446395916864
pca_100,poly,100,1000,2,1000,0.481471068225801,0.7188783010933548,26.45541356387548
pca_100,poly,100,1000,3,1000,0.481555063277483,0.6237853257916868,26.900050497846678
pca_100,poly,100,1000,4,1000,0.4822640810161829,0.7159631913527846,31.410136952996254
pca_100,poly,100,1000,5,1000,0.47951699001714587,0.6502001371700317,31.185390424914658
pca_100,poly,1000,0.001,1,1000,0.4837515470571816,0.8225195449776947,22.031697462080047
pca_100,poly,1000,0.001,2,1000,0.6347988722845912,0.717026358935982,25.75504254293628
pca_100,poly,1000,0.001,3,1000,0.6496952550951391,0.6266979530919343,27.29650554084219
pca_100,poly,1000,0.001,4,1000,0.5688624959439039,0.7166529106907547,32.72569442191161
pca_100,poly,1000,0.001,5,1000,0.5003181418869644,0.6182655799202621,33.677894851891324
pca_100,poly,1000,0.01,1,1000,0.5127832619473338,0.7157911700196564,21.615307604894042
pca_100,poly,1000,0.01,2,1000,0.5224547148682177,0.7164313751272857,26.47566176392138
pca_100,poly,1000,0.01,3,1000,0.49499550624750555,0.624120257794857,26.55986223486252
pca_100,poly,1000,0.01,4,1000,0.5340379860717803,0.7153312070295215,31.025389128830284
pca_100,poly,1000,0.01,5,1000,0.48233168106526136,0.6226348939817399,31.41431771009229
pca_100,poly,1000,0.1,1,1000,0.4955502038355917,0.7177838410716504,22.121429255930707
pca_100,poly,1000,0.1,2,1000,0.49390787491574883,0.7171134101226926,25.60451222793199
pca_100,poly,1000,0.1,3,1000,0.4933558099437505,0.6129420779179782,26.733574639074504
pca_100,poly,1000,0.1,4,1000,0.48427505092695355,0.7149431770667434,31.749198050936684
pca_100,poly,1000,0.1,5,1000,0.4798821401782334,0.6282533849589527,31.61293422896415
pca_100,poly,1000,1,1,1000,0.48567922320216894,0.7693541960325092,21.638574070995674
pca_100,poly,1000,1,2,1000,0.48709728801622987,0.7185315887909383,25.940357660874724
pca_100,poly,1000,1,3,1000,0.4800697930622846,0.6228030060883611,26.671098557999358
pca_100,poly,1000,1,4,1000,0.5019164599943906,0.7207583389244974,32.823037495836616
pca_100,poly,1000,1,5,1000,0.5093764029443264,0.6186696758959442,31.261552198091522
pca_100,poly,1000,10,1,1000,0.5131277891341597,0.719590611057356,21.628331650048494
pca_100,poly,1000,10,2,1000,0.5090925320982933,0.7213816931471229,25.917683824896812
pca_100,poly,1000,10,3,1000,0.5192317178007215,0.6179300099611282,26.261251023970544
pca_100,poly,1000,10,4,1000,0.4832547209225595,0.7181726861745119,31.20043650199659
pca_100,poly,1000,10,5,1000,0.48022637399844825,0.6187646880280226,31.454696452012286
pca_100,poly,1000,100,1,1000,0.4850199322681874,0.7182035360019654,21.97324933600612
pca_100,poly,1000,100,2,1000,0.4942296298686415,0.7191590461879969,25.6852342588827
pca_100,poly,1000,100,3,1000,0.4807143062353134,0.6187609699554741,26.52741496101953
pca_100,poly,1000,100,4,1000,0.484150807838887,0.7291411519981921,31.403634912101552
pca_100,poly,1000,100,5,1000,0.48080837237648666,0.629994047107175,31.477359779179096
pca_100,poly,1000,1000,1,1000,0.483484182972461,0.7200015371199697,21.664433334954083
pca_100,poly,1000,1000,2,1000,0.4849705242086202,0.7180670220404863,25.615167231997475
pca_100,poly,1000,1000,3,1000,0.4803569810464978,0.6296778996475041,26.896084973821416
pca_100,poly,1000,1000,4,1000,0.4838962738867849,0.7169884878676385,32.825394328916445
pca_100,poly,1000,1000,5,1000,0.48022412206046283,0.6193173232022673,31.091113809961826
pca_200,poly,0.001,0.001,1,1000,0.5134521110448986,0.8487417479045689,136.42138436296955
pca_200,poly,0.001,0.001,2,1000,0.508587219985202,0.8352971118874848,137.06052963389084
pca_200,poly,0.001,0.001,3,1000,0.5034443929325789,0.8369281650520861,137.70474178902805
pca_200,poly,0.001,0.001,4,1000,0.4968318371102214,0.8284436159301549,137.8837390919216
pca_200,poly,0.001,0.001,5,1000,0.4953804810065776,0.8291158098727465,138.3281393670477
pca_200,poly,0.001,0.01,1,1000,0.48371425294317305,0.8290688758715987,126.94095687312074
pca_200,poly,0.001,0.01,2,1000,0.5165689340792596,0.8387029711157084,117.4658354560379
pca_200,poly,0.001,0.01,3,1000,0.49797695805318654,0.843525730073452,78.61155552486889
pca_200,poly,0.001,0.01,4,1000,0.4878286011517048,0.8266036079730839,71.72923175198957
pca_200,poly,0.001,0.01,5,1000,0.48206101381219923,0.8295699700247496,62.54006766807288
pca_200,poly,0.001,0.1,1,1000,0.49839023407548666,0.8444824111647904,76.63233725889586
pca_200,poly,0.001,0.1,2,1000,0.4985466250218451,0.8249885030090809,47.1794605080504
pca_200,poly,0.001,0.1,3,1000,0.49126267805695534,0.8445418558549136,42.247373946011066
pca_200,poly,0.001,0.1,4,1000,0.4825287761632353,0.8325797950383276,51.68799049500376
pca_200,poly,0.001,0.1,5,1000,0.48220119066536427,0.8312191201839596,52.41944294795394
pca_200,poly,0.001,1,1,1000,0.48348425095900893,0.8366670501418412,51.24747876706533
pca_200,poly,0.001,1,2,1000,0.48400615993887186,0.8341302420012653,39.317060196073726
pca_200,poly,0.001,1,3,1000,0.49500676593743265,0.8333102699834853,42.27094653900713
pca_200,poly,0.001,1,4,1000,0.48236179701052606,0.8325267061591148,51.69631174392998
pca_200,poly,0.001,1,5,1000,0.4914211272262037,0.8379328330047429,52.41867272602394
pca_200,poly,0.001,10,1,1000,0.48096911306492984,0.8342392519116402,38.83361995499581
pca_200,poly,0.001,10,2,1000,0.4841274907812476,0.8512510189320892,39.298977912869304
pca_200,poly,0.001,10,3,1000,0.48580196197144687,0.8310227419715375,42.30011802678928
pca_200,poly,0.001,10,4,1000,0.5045803480315953,0.8297508838586509,51.74302563210949
pca_200,poly,0.001,10,5,1000,0.4819370643235743,0.8305061850696802,52.44405652489513
pca_200,poly,0.001,100,1,1000,0.4816414362285286,0.8379266180563718,31.44284438714385
pca_200,poly,0.001,100,2,1000,0.48525355686433613,0.846847967011854,39.33685333514586
pca_200,poly,0.001,100,3,1000,0.48075791727751493,0.8361774499062449,42.29979711701162
pca_200,poly,0.001,100,4,1000,0.4830309997778386,0.8345762128010392,51.672767848009244
pca_200,poly,0.001,100,5,1000,0.4800606709904969,0.8323696618899703,52.47522543789819
pca_200,poly,0.001,1000,1,1000,0.48072286089882255,0.8357050227932632,31.45774673903361
pca_200,poly,0.001,1000,2,1000,0.49477364285849035,0.8586219130083919,39.34886557003483
pca_200,poly,0.001,1000,3,1000,0.4796938830986619,0.8307887939736247,42.31325687095523
pca_200,poly,0.001,1000,4,1000,0.48493095277808607,0.8301580820698291,51.72094200504944
pca_200,poly,0.001,1000,5,1000,0.49298465601168573,0.8351422029081732,52.42619909206405
pca_200,poly,0.01,0.001,1,1000,0.488979808986187,0.8297057482413948,126.94528768491
pca_200,poly,0.01,0.001,2,1000,0.4974510809406638,0.8311712800059468,137.06151546607725
pca_200,poly,0.01,0.001,3,1000,0.4860975402407348,0.8306174629833549,137.6238184000831
pca_200,poly,0.01,0.001,4,1000,0.49388805218040943,0.8331402060575783,137.8103549471125
pca_200,poly,0.01,0.001,5,1000,0.48415136081166565,0.8317586260382086,137.8370189811103
pca_200,poly,0.01,0.01,1,1000,0.4834126988425851,0.8329755531158298,76.65179929486476
pca_200,poly,0.01,0.01,2,1000,0.4876147978939116,0.8303048948291689,68.16797292605042
pca_200,poly,0.01,0.01,3,1000,0.5030565860215575,0.8271377210039645,52.87727446388453
pca_200,poly,0.01,0.01,4,1000,0.4883614492136985,0.8498186219949275,56.03284452110529
pca_200,poly,0.01,0.01,5,1000,0.4913488768506795,0.8367184428498149,54.243252380983904
pca_200,poly,0.01,0.1,1,1000,0.48197948187589645,0.8293969631195068,51.24482126790099
pca_200,poly,0.01,0.1,2,1000,0.4791837027296424,0.8300770751666278,39.723056845134124
pca_200,poly,0.01,0.1,3,1000,0.49168516020290554,0.8436849869322032,42.3020684979856
pca_200,poly,0.01,0.1,4,1000,0.48196563799865544,0.8406911420170218,51.705728883855045
pca_200,poly,0.01,0.1,5,1000,0.4804610947612673,0.8339226001407951,52.400813618907705
pca_200,poly,0.01,1,1,1000,0.47839703201316297,0.8313319119624794,38.561997106997296
pca_200,poly,0.01,1,2,1000,0.4809359551873058,0.8614493489731103,38.99777686200105
pca_200,poly,0.01,1,3,1000,0.47967298002913594,0.8506227880716324,41.94213808700442
pca_200,poly,0.01,1,4,1000,0.48029375402256846,0.8514363588765264,51.35037212003954
pca_200,poly,0.01,1,5,1000,0.486996979219839,0.8487522662617266,52.088186973007396
pca_200,poly,0.01,10,1,1000,0.48164497083052993,0.8474582389462739,31.239648620132357
pca_200,poly,0.01,10,2,1000,0.49225758388638496,0.8584327939897776,39.02325907791965
pca_200,poly,0.01,10,3,1000,0.4933655431959778,0.8517841470893472,42.02199419401586
pca_200,poly,0.01,10,4,1000,0.48056161985732615,0.8508199660573155,51.306263010948896
pca_200,poly,0.01,10,5,1000,0.4802686448674649,0.8501913177315146,52.11515278718434
pca_200,poly,0.01,100,1,1000,0.4798154120799154,0.8460875132586807,31.17307990998961
pca_200,poly,0.01,100,2,1000,0.48295850213617086,0.8538754340261221,39.00452314596623
pca_200,poly,0.01,100,3,1000,0.47778479708358645,0.8461128321941942,41.973358341958374
pca_200,poly,0.01,100,4,1000,0.4804619220085442,0.8517001820728183,51.27541853697039
pca_200,poly,0.01,100,5,1000,0.48013396584428847,0.8495974990073591,52.01967367110774
pca_200,poly,0.01,1000,1,1000,0.4758700889069587,0.8480283298995346,31.138953807996586
pca_200,poly,0.01,1000,2,1000,0.4803995571564883,0.851902007125318,39.088607223005965
pca_200,poly,0.01,1000,3,1000,0.48030806705355644,0.847008396871388,42.02607656107284
pca_200,poly,0.01,1000,4,1000,0.49194080918096006,0.8538218648172915,51.387316066073254
pca_200,poly,0.01,1000,5,1000,0.4767579259350896,0.8469754587858915,52.107188530033454
pca_200,poly,0.1,0.001,1,1000,0.47681246814318,0.8464702651835978,76.07293354789726
pca_200,poly,0.1,0.001,2,1000,0.48153595300391316,0.8476247231010348,116.74118972802535
pca_200,poly,0.1,0.001,3,1000,0.4802966301795095,0.8470056329388171,129.28453705599532
pca_200,poly,0.1,0.001,4,1000,0.48518560198135674,0.8523596678860486,136.5993716160301
pca_200,poly,0.1,0.001,5,1000,0.47845296980813146,0.8485551830381155,136.80599960614927
pca_200,poly,0.1,0.01,1,1000,0.4945801901631057,0.8499470078386366,50.93950820993632
pca_200,poly,0.1,0.01,2,1000,0.4952827813103795,0.8452903181314468,46.89252158300951
pca_200,poly,0.1,0.01,3,1000,0.48013607505708933,0.8476669441442937,43.54121100297198
pca_200,poly,0.1,0.01,4,1000,0.48791814828291535,0.8519176738336682,51.81973130092956
pca_200,poly,0.1,0.01,5,1000,0.4774763199966401,0.8464081638958305,52.17787544685416
pca_200,poly,0.1,0.1,1,1000,0.4769800032954663,0.8517565471120179,38.587394250091165
pca_200,poly,0.1,0.1,2,1000,0.47805815609171987,0.8397404411807656,39.00662171700969
pca_200,poly,0.1,0.1,3,1000,0.4765367219224572,0.8461338728666306,42.003668951103464
pca_200,poly,0.1,0.1,4,1000,0.48323058104142547,0.8400823641568422,51.284864076180384
pca_200,poly,0.1,0.1,5,1000,0.4783975980244577,0.8413099807221442,52.06172584905289
pca_200,poly,0.1,1,1,1000,0.47653303504921496,0.8484492050483823,31.20085244695656
pca_200,poly,0.1,1,2,1000,0.4774233386851847,0.84481859090738,39.069894269807264
pca_200,poly,0.1,1,3,1000,0.4774169330485165,0.8445908292196691,42.00215563108213
pca_200,poly,0.1,1,4,1000,0.4777853460982442,0.8369276251178235,51.277435678988695
pca_200,poly,0.1,1,5,1000,0.47891468508169055,0.8375003221444786,52.08970706514083
pca_200,poly,0.1,10,1,1000,0.47445493075065315,0.828578433021903,30.975173394894227
pca_200,poly,0.1,10,2,1000,0.4736442188732326,0.8417905298992991,38.780842335894704
pca_200,poly,0.1,10,3,1000,0.4729944218415767,0.8485816130414605,41.778393695829436
pca_200,poly,0.1,10,4,1000,0.47150534205138683,0.8493016138672829,51.06250625802204
pca_200,poly,0.1,10,5,1000,0.47227516188286245,0.8516809709835798,51.772509864065796
pca_200,poly,0.1,100,1,1000,0.47098513902164996,0.843967255204916,30.99468725384213
pca_200,poly,0.1,100,2,1000,0.4850401219446212,0.861529593123123,38.83283790899441
pca_200,poly,0.1,100,3,1000,0.4710531940218061,0.8474063400644809,41.78052349598147
pca_200,poly,0.1,100,4,1000,0.4752860888838768,0.8503688359633088,51.03844480216503
pca_200,poly,0.1,100,5,1000,0.4729080449324101,0.8506519251968712,51.70972152007744
pca_200,poly,0.1,1000,1,1000,0.47261935216374695,0.8483446300961077,31.027417870005593
pca_200,poly,0.1,1000,2,1000,0.4751248450484127,0.8677666457369924,38.845713335089386
pca_200,poly,0.1,1000,3,1000,0.4731212956830859,0.8482725478243083,41.751240332145244
pca_200,poly,0.1,1000,4,1000,0.47428279486484826,0.8453832000959665,51.046671918127686
pca_200,poly,0.1,1000,5,1000,0.47307972819544375,0.8530626751016825,51.79079948691651
pca_200,poly,1,0.001,1,1000,0.4717999699059874,0.8542278360109776,50.59210275998339
pca_200,poly,1,0.001,2,1000,0.4727762951515615,0.8466350808739662,67.26151049905457
pca_200,poly,1,0.001,3,1000,0.47349079069681466,0.8484662759583443,77.54860827419907
pca_200,poly,1,0.001,4,1000,0.4725352041423321,0.850711626233533,108.19135622610338
pca_200,poly,1,0.001,5,1000,0.4736030353233218,0.8682715371251106,127.08605792582966
pca_200,poly,1,0.01,1,1000,0.47379140579141676,0.8471108351368457,38.32066394016147
pca_200,poly,1,0.01,2,1000,0.4758861630689353,0.858647049870342,39.30612696893513
pca_200,poly,1,0.01,3,1000,0.4730256707407534,0.8510343041270971,41.65818400494754
pca_200,poly,1,0.01,4,1000,0.4716910067945719,0.8488102650735527,51.07975324592553
pca_200,poly,1,0.01,5,1000,0.4702049670740962,0.8448755410499871,51.76276112906635
pca_200,poly,1,0.1,1,1000,0.47036023903638124,0.8460184051655233,31.041262165876105
pca_200,poly,1,0.1,2,1000,0.4738898437935859,0.8586220038123429,38.92862288816832
pca_200,poly,1,0.1,3,1000,0.47762240283191204,0.8307634298689663,42.312360872048885
pca_200,poly,1,0.1,4,1000,0.4788969000801444,0.8301857402548194,51.65666500595398
pca_200,poly,1,0.1,5,1000,0.4769716679584235,0.8362672019284219,52.419519673101604
pca_200,poly,1,1,1,1000,0.47880137199535966,0.8482618350535631,31.43677364499308
pca_200,poly,1,1,2,1000,0.479794445913285,0.8532299366779625,39.300946980016306
pca_200,poly,1,1,3,1000,0.47796754096634686,0.8198983299080282,42.274581452831626
pca_200,poly,1,1,4,1000,0.47063294309191406,0.8436857447959483,51.12687580590136
pca_200,poly,1,1,5,1000,0.4717813751194626,0.8461675390135497,51.79081499017775
pca_200,poly,1,10,1,1000,0.47025398607365787,0.8422050341032445,30.986136716092005
pca_200,poly,1,10,2,1000,0.47517325985245407,0.848846108885482,38.848089997889474
pca_200,poly,1,10,3,1000,0.4707226741593331,0.8385650929994881,41.751241652993485
pca_200,poly,1,10,4,1000,0.4727413631044328,0.8385643139481544,51.031916426029056
pca_200,poly,1,10,5,1000,0.4820388671942055,0.8420788962393999,51.780314962146804
pca_200,poly,1,100,1,1000,0.471422336762771,0.8459354799706489,30.956328698899597
pca_200,poly,1,100,2,1000,0.47424783976748586,0.852890137815848,38.80148317897692
pca_200,poly,1,100,3,1000,0.4742117119021714,0.838926468975842,41.746468923054636
pca_200,poly,1,100,4,1000,0.4719685681629926,0.8433119107503444,50.988967969082296
pca_200,poly,1,100,5,1000,0.4737759109120816,0.8417560069356114,51.778094463050365
pca_200,poly,1,1000,1,1000,0.47118386905640364,0.8365106082055718,31.02685996098444
pca_200,poly,1,1000,2,1000,0.47564386390149593,0.8494167339522392,38.84749115887098
pca_200,poly,1,1000,3,1000,0.4707942777313292,0.8374387871008366,41.7657650730107
pca_200,poly,1,1000,4,1000,0.4705335807520896,0.8379119471646845,51.04190725693479
pca_200,poly,1,1000,5,1000,0.4717272068373859,0.8381651788949966,51.78842319990508
pca_200,poly,10,0.001,1,1000,0.4701199179980904,0.8316340120509267,38.33320114901289
pca_200,poly,10,0.001,2,1000,0.4756262260489166,0.8571787711698562,46.57534261699766
pca_200,poly,10,0.001,3,1000,0.48608566587790847,0.8558588961604983,51.97756989416666
pca_200,poly,10,0.001,4,1000,0.47379094106145203,0.8538822538685054,70.86848718021065
pca_200,poly,10,0.001,5,1000,0.4739148197695613,0.842975792940706,84.14580787089653
pca_200,poly,10,0.01,1,1000,0.472556475084275,0.8417520399671048,31.043510396033525
pca_200,poly,10,0.01,2,1000,0.4740683878771961,0.8559424770064652,38.797292984090745
pca_200,poly,10,0.01,3,1000,0.47087283292785287,0.8456284748390317,41.78389139100909
pca_200,poly,10,0.01,4,1000,0.47412529215216637,0.8411413042340428,51.03690267796628
pca_200,poly,10,0.01,5,1000,0.4730113388504833,0.8436674550175667,51.74171365820803
pca_200,poly,10,0.1,1,1000,0.47143683210015297,0.838127011898905,31.059086312074214
pca_200,poly,10,0.1,2,1000,0.47577269398607314,0.8522027959115803,38.845591952092946
pca_200,poly,10,0.1,3,1000,0.47276458609849215,0.8355398958083242,41.767423518933356
pca_200,poly,10,0.1,4,1000,0.47181230899877846,0.8355956980958581,51.05108105111867
pca_200,poly,10,0.1,5,1000,0.47240360896103084,0.8402081457898021,51.715780610917136
pca_200,poly,10,1,1,1000,0.47263562120497227,0.8451622871216387,31.037037315079942
pca_200,poly,10,1,2,1000,0.4753282449673861,0.858191397972405,38.84573253802955
pca_200,poly,10,1,3,1000,0.48643930070102215,0.8415031149052083,41.748224932001904
pca_200,poly,10,1,4,1000,0.47163042495958507,0.8392845820635557,51.08596112113446
pca_200,poly,10,1,5,1000,0.4719311238732189,0.837959918892011,51.786655713105574
pca_200,poly,10,10,1,1000,0.47274543601088226,0.8405858417972922,30.95793431508355
pca_200,poly,10,10,2,1000,0.4745642049238086,0.8581843979191035,38.80644969595596
pca_200,poly,10,10,3,1000,0.47076064301654696,0.8375447238795459,41.76829421101138
pca_200,poly,10,10,4,1000,0.47184087964706123,0.8431090458761901,51.04473871109076
pca_200,poly,10,10,5,1000,0.4710488668642938,0.8364937049336731,51.80987316207029
pca_200,poly,10,100,1,1000,0.4762772489339113,0.8442067219875753,31.00062469113618
pca_200,poly,10,100,2,1000,0.4766216422431171,0.8552891588769853,38.846541623119265
pca_200,poly,10,100,3,1000,0.4725311971269548,0.8423118160571903,41.75324648898095
pca_200,poly,10,100,4,1000,0.4811526951380074,0.8423556229099631,51.04914626618847
pca_200,poly,10,100,5,1000,0.481831266079098,0.8453717289958149,51.76722444384359
pca_200,poly,10,1000,1,1000,0.47188222291879356,0.8433180968277156,30.999979204963893
pca_200,poly,10,1000,2,1000,0.48481854307465255,0.858504620147869,38.889687752118334
pca_200,poly,10,1000,3,1000,0.47225816012360156,0.848754809005186,41.77385508897714
pca_200,poly,10,1000,4,1000,0.47092285100370646,0.8476513291243464,51.05301830894314
pca_200,poly,10,1000,5,1000,0.47251005889847875,0.8418189908843488,51.80641249916516
pca_200,poly,100,0.001,1,1000,0.46980324503965676,0.844084540149197,31.044572686078027
pca_200,poly,100,0.001,2,1000,0.4737996030598879,0.8617278931196779,39.21426702197641
pca_200,poly,100,0.001,3,1000,0.47329583088867366,0.8395288670435548,43.17100600898266
pca_200,poly,100,0.001,4,1000,0.46947114379145205,0.8418568971101195,55.30205599288456
pca_200,poly,100,0.001,5,1000,0.4696533870883286,0.8458044140134007,61.85760054294951
pca_200,poly,100,0.01,1,1000,0.4743715859949589,0.8584027208853513,31.041210087947547
pca_200,poly,100,0.01,2,1000,0.4776314520277083,0.860116973053664,38.78726986818947
pca_200,poly,100,0.01,3,1000,0.47030945494771004,0.8453722828999162,41.76976701198146
pca_200,poly,100,0.01,4,1000,0.47197222523391247,0.8427281598560512,51.03083104407415
pca_200,poly,100,0.01,5,1000,0.47036271495744586,0.8502354919910431,51.706022513099015
pca_200,poly,100,0.1,1,1000,0.47251739422790706,0.8478750239592046,30.99671618291177
pca_200,poly,100,0.1,2,1000,0.47724578715860844,0.8547616940923035,38.847774314228445
pca_200,poly,100,0.1,3,1000,0.47013468109071255,0.8403592249378562,41.762170744128525
pca_200,poly,100,0.1,4,1000,0.47559635108336806,0.8428062740713358,51.07833117013797
pca_200,poly,100,0.1,5,1000,0.4713456791359931,0.8455729882698506,51.762625094968826
pca_200,poly,100,1,1,1000,0.4714359890203923,0.8436471170280129,31.019065265078098
pca_200,poly,100,1,2,1000,0.4741987760644406,0.8521029627881944,38.79886949597858
pca_200,poly,100,1,3,1000,0.47260500583797693,0.8341752549167722,41.713386830175295
pca_200,poly,100,1,4,1000,0.47042405395768583,0.8346689320169389,50.98996290215291
pca_200,poly,100,1,5,1000,0.472219378920272,0.8470708429813385,51.773496811045334
pca_200,poly,100,10,1,1000,0.4724793971981853,0.8465202897787094,30.993738648016006
pca_200,poly,100,10,2,1000,0.473564597312361,0.8570494919549674,38.813097424805164
pca_200,poly,100,10,3,1000,0.47112308884970844,0.8591067611705512,41.76868509314954
pca_200,poly,100,10,4,1000,0.4698402767535299,0.850493960082531,50.9595458379481
pca_200,poly,100,10,5,1000,0.4739579369779676,0.8453855130355805,51.780436526983976
pca_200,poly,100,100,1,1000,0.47736400202848017,0.8400418451055884,30.992136049084365
pca_200,poly,100,100,2,1000,0.47659584996290505,0.8469756599515676,38.80444325902499
pca_200,poly,100,100,3,1000,0.4709983398206532,0.844887520885095,41.73098768806085
pca_200,poly,100,100,4,1000,0.4696475830860436,0.8387247561477125,51.01020907796919
pca_200,poly,100,100,5,1000,0.474062847904861,0.8490819069556892,51.76960086310282
pca_200,poly,100,1000,1,1000,0.4735960818361491,0.8442643280141056,31.02407514094375
pca_200,poly,100,1000,2,1000,0.47422465588897467,0.8438362290617079,38.807746476028115
pca_200,poly,100,1000,3,1000,0.4708895080257207,0.8452151368837804,41.763034658972174
pca_200,poly,100,1000,4,1000,0.4709244689438492,0.8451851990539581,51.05526943108998
pca_200,poly,100,1000,5,1000,0.47015703399665654,0.8443842120468616,51.787590299965814
pca_200,poly,1000,0.001,1,1000,0.4708944240119308,0.8431271996814758,31.07124357111752
pca_200,poly,1000,0.001,2,1000,0.4698487790301442,0.844811983872205,38.7625599601306
pca_200,poly,1000,0.001,3,1000,0.4712960810866207,0.8509279449936002,41.70805991208181
pca_200,poly,1000,0.001,4,1000,0.47052649199031293,0.8328309771604836,51.44003109401092
pca_200,poly,1000,0.001,5,1000,0.47161778900772333,0.8371762810274959,53.520837287884206
pca_200,poly,1000,0.01,1,1000,0.47581743402406573,0.8439503540284932,31.020315191941336
pca_200,poly,1000,0.01,2,1000,0.4715605762321502,0.8466531361918896,38.74594289320521
pca_200,poly,1000,0.01,3,1000,0.4706665521953255,0.8436314477585256,41.771878065075725
pca_200,poly,1000,0.01,4,1000,0.47014032397419214,0.8424284139182419,51.071344242896885
pca_200,poly,1000,0.01,5,1000,0.4730068149510771,0.8499138322658837,51.7814684798941
pca_200,poly,1000,0.1,1,1000,0.47084503900259733,0.8444633120670915,31.018070342950523
pca_200,poly,1000,0.1,2,1000,0.4754021759144962,0.8449350798036903,38.82044572615996
pca_200,poly,1000,0.1,3,1000,0.47164460900239646,0.8426924450322986,41.76168005121872
pca_200,poly,1000,0.1,4,1000,0.47469274676404893,0.8414123051334172,51.06306354305707
pca_200,poly,1000,0.1,5,1000,0.47301911003887653,0.8407553748693317,51.78516480792314
pca_200,poly,1000,1,1,1000,0.47161539481021464,0.8378180931322277,31.016346385004
pca_200,poly,1000,1,2,1000,0.4708922980353236,0.8522729978431016,38.81704378291033
pca_200,poly,1000,1,3,1000,0.47528976993635297,0.8437270449940115,41.74714244203642
pca_200,poly,1000,1,4,1000,0.47133148298598826,0.8460505132097751,50.97335188998841
pca_200,poly,1000,1,5,1000,0.47196038090623915,0.839508131146431,51.78904769895598
pca_200,poly,1000,10,1,1000,0.47213887609541416,0.8397054828237742,30.999506609048694
pca_200,poly,1000,10,2,1000,0.4700787249021232,0.8454777039587498,38.76197652099654
pca_200,poly,1000,10,3,1000,0.47040831111371517,0.8406178657896817,41.76668786490336
pca_200,poly,1000,10,4,1000,0.4707121269311756,0.8457727958448231,51.05937803001143
pca_200,poly,1000,10,5,1000,0.4698562971316278,0.8489445510786027,51.805703105870634
pca_200,poly,1000,100,1,1000,0.4700545589439571,0.8469665199518204,31.019444378092885
pca_200,poly,1000,100,2,1000,0.47401005076244473,0.8564614981878549,38.778355952119455
pca_200,poly,1000,100,3,1000,0.47362540499307215,0.8469825498759747,41.7794643889647
pca_200,poly,1000,100,4,1000,0.4750202551949769,0.8398464429192245,51.00035797804594
pca_200,poly,1000,100,5,1000,0.4708528737537563,0.8452717040199786,51.76562693808228
pca_200,poly,1000,1000,1,1000,0.4739653510041535,0.8454182958230376,30.972979743033648
pca_200,poly,1000,1000,2,1000,0.4749795300886035,0.8612436258699745,38.882882067002356
pca_200,poly,1000,1000,3,1000,0.470581091940403,0.8391966801136732,41.76404980313964
pca_200,poly,1000,1000,4,1000,0.470831282902509,0.8474366448353976,51.030889083165675
pca_200,poly,1000,1000,5,1000,0.4830688911024481,0.8442698027938604,51.78855236596428
lda,poly,0.001,0.001,1,1000,0.5133745099883527,5.438386884052306,23.515001804102212
lda,poly,0.001,0.001,2,1000,0.47307876497507095,4.919527970952913,23.987656145123765
lda,poly,0.001,0.001,3,1000,0.47388156200759113,4.684206461999565,24.130867453990504
lda,poly,0.001,0.001,4,1000,0.47329435078427196,4.586489616893232,24.347597487038
lda,poly,0.001,0.001,5,1000,0.47298189788125455,4.559026181930676,24.540090488968417
lda,poly,0.001,0.01,1,1000,0.4720568510238081,4.499594906112179,23.534967894898728
lda,poly,0.001,0.01,2,1000,0.4746600401122123,4.494418059242889,23.977825758047402
lda,poly,0.001,0.01,3,1000,0.4721586268860847,4.526609985157847,24.14350366103463
lda,poly,0.001,0.01,4,1000,0.47204389818944037,4.462327749002725,24.358382620848715
lda,poly,0.001,0.01,5,1000,0.4719816013239324,4.4566549740266055,24.542313379002735
lda,poly,0.001,0.1,1,1000,0.4748800699599087,4.460840857820585,19.843759301817045
lda,poly,0.001,0.1,2,1000,0.4736563840415329,4.450524454936385,20.13446650491096
lda,poly,0.001,0.1,3,1000,0.470617150189355,4.485518472036347,17.293056007940322
lda,poly,0.001,0.1,4,1000,0.4785664218943566,4.45528456592001,17.178661228856072
lda,poly,0.001,0.1,5,1000,0.4729026067070663,4.402811093023047,16.44337090384215
lda,poly,0.001,1,1,1000,0.4738906570710242,4.410424588015303,11.44773586303927
lda,poly,0.001,1,2,1000,0.4742504961322993,4.470382198924199,10.439683732111007
lda,poly,0.001,1,3,1000,0.4738153249491006,4.421266730874777,7.354576799087226
lda,poly,0.001,1,4,1000,0.473147951066494,4.440393474884331,6.879032366909087
lda,poly,0.001,1,5,1000,0.4742842819541693,4.479677551891655,5.852324622916058
lda,poly,0.001,10,1,1000,0.46923980419524014,4.4454569621011615,8.676610672147945
lda,poly,0.001,10,2,1000,0.4725260972045362,4.4694799850694835,7.542478295043111
lda,poly,0.001,10,3,1000,0.4726537480019033,4.4595355950295925,5.380623587174341
lda,poly,0.001,10,4,1000,0.47066206694580615,4.454853770090267,6.175673238001764
lda,poly,0.001,10,5,1000,0.46952770790085196,4.418497648322955,5.735400037141517
lda,poly,0.001,100,1,1000,0.4689163980074227,4.449368353001773,8.417116682976484
lda,poly,0.001,100,2,1000,0.4726618251297623,4.485497282119468,6.842201674124226
lda,poly,0.001,100,3,1000,0.47003036201931536,4.402606978081167,5.358049173140898
lda,poly,0.001,100,4,1000,0.469829224050045,4.450975126121193,6.143137625185773
lda,poly,0.001,100,5,1000,0.46992120100185275,4.415584443835542,5.721420098794624
lda,poly,0.001,1000,1,1000,0.4699934320524335,4.398871430661529,6.355161847081035
lda,poly,0.001,1000,2,1000,0.4756533040199429,4.466548891039565,6.79134695394896
lda,poly,0.001,1000,3,1000,0.47132743685506284,4.4554188719484955,5.361352146137506
lda,poly,0.001,1000,4,1000,0.4699693350121379,4.439619219861925,6.173386818030849
lda,poly,0.001,1000,5,1000,0.4701769531238824,4.431108980905265,5.733394342008978
lda,poly,0.01,0.001,1,1000,0.47014206112362444,4.453437339980155,23.50840998790227
lda,poly,0.01,0.001,2,1000,0.472890101140365,4.467804144136608,23.996342728147283
lda,poly,0.01,0.001,3,1000,0.4722333359532058,4.516325623029843,24.14621788309887
lda,poly,0.01,0.001,4,1000,0.47338627791032195,4.539229813031852,24.73321571201086
lda,poly,0.01,0.001,5,1000,0.47666330309584737,4.5006412588991225,24.916994901141152
lda,poly,0.01,0.01,1,1000,0.4822757600340992,4.502160985954106,20.17069330299273
lda,poly,0.01,0.01,2,1000,0.4776606000959873,4.5282634038012475,24.411782270064577
lda,poly,0.01,0.01,3,1000,0.4786424560006708,4.492471385048702,24.525466189952567
lda,poly,0.01,0.01,4,1000,0.479338243836537,4.599943986861035,24.73040013993159
lda,poly,0.01,0.01,5,1000,0.47817654092796147,4.530321401078254,24.922682573087513
lda,poly,0.01,0.1,1,1000,0.4783826759085059,4.458418312948197,11.629128638887778
lda,poly,0.01,0.1,2,1000,0.478791557950899,4.634646642021835,14.255143732996657
lda,poly,0.01,0.1,3,1000,0.4789161370135844,4.531602329807356,12.330935776000842
lda,poly,0.01,0.1,4,1000,0.4774397839792073,4.517879211110994,13.617323959013447
lda,poly,0.01,0.1,5,1000,0.4784864829853177,4.4529307801276445,12.626472254982218
lda,poly,0.01,1,1,1000,0.47538146818988025,4.477928693871945,8.80449761915952
lda,poly,0.01,1,2,1000,0.47822016500867903,4.547200984088704,9.459935191087425
lda,poly,0.01,1,3,1000,0.4783858160953969,4.487991134868935,5.568388995015994
lda,poly,0.01,1,4,1000,0.4800571168307215,4.495129201794043,6.526374689070508
lda,poly,0.01,1,5,1000,0.47492757602594793,4.540478199021891,5.801321595907211
lda,poly,0.01,10,1,1000,0.4743353568483144,4.4929490748327225,8.615798756014556
lda,poly,0.01,10,2,1000,0.47853414877317846,4.552190457703546,7.151659287046641
lda,poly,0.01,10,3,1000,0.4750277220737189,4.508951777825132,5.431087858974934
lda,poly,0.01,10,4,1000,0.47482057730667293,4.599986290093511,6.202374461805448
lda,poly,0.01,10,5,1000,0.47203541826456785,4.423297554953024,5.736003275960684
lda,poly,0.01,100,1,1000,0.46902531292289495,4.4952061700169,6.358137465082109
lda,poly,0.01,100,2,1000,0.47137858299538493,4.471650387858972,6.791854202048853
lda,poly,0.01,100,3,1000,0.4714982241857797,4.464458815986291,5.357776822056621
lda,poly,0.01,100,4,1000,0.4701036158949137,4.443903411040083,6.149860974168405
lda,poly,0.01,100,5,1000,0.4701482991222292,4.474345673108473,5.7236762130633
lda,poly,0.01,1000,1,1000,0.46962966304272413,4.446182873100042,4.506602189037949
lda,poly,0.01,1000,2,1000,0.4701701342128217,4.433127081952989,6.77486156206578
lda,poly,0.01,1000,3,1000,0.46950012701563537,4.440587081946433,5.361733783967793
lda,poly,0.01,1000,4,1000,0.4697218418586999,4.463678638916463,6.171361019834876
lda,poly,0.01,1000,5,1000,0.4700435900595039,4.454443183261901,5.744152834173292
lda,poly,0.1,0.001,1,1000,0.47010622010566294,4.4210292510688305,19.836065103998408
lda,poly,0.1,0.001,2,1000,0.4729242280591279,4.431048896163702,23.988820967031643
lda,poly,0.1,0.001,3,1000,0.473297436023131,4.4840464720036834,24.13373870984651
lda,poly,0.1,0.001,4,1000,0.4730809931643307,4.455265548778698,24.3434831998311
lda,poly,0.1,0.001,5,1000,0.472499119117856,4.46866318793036,24.52796573890373
lda,poly,0.1,0.01,1,1000,0.47736709425225854,4.430101841920987,11.447425612946972
lda,poly,0.1,0.01,2,1000,0.4734342659357935,4.440804751822725,20.11639010393992
lda,poly,0.1,0.01,3,1000,0.47060926211997867,4.4321146158035845,22.700120558962226
lda,poly,0.1,0.01,4,1000,0.4733369199093431,4.471148376120254,24.379512876970693
lda,poly,0.1,0.01,5,1000,0.47390460269525647,4.482949561206624,24.56891110399738
lda,poly,0.1,0.1,1,1000,0.4740348127670586,4.465925930067897,8.66777059994638
lda,poly,0.1,0.1,2,1000,0.47215198911726475,4.482776775024831,10.40585528104566
lda,poly,0.1,0.1,3,1000,0.4733158112503588,4.483628229005262,9.571263357065618
lda,poly,0.1,0.1,4,1000,0.47285060212016106,4.47735216608271,10.492465225979686
lda,poly,0.1,0.1,5,1000,0.4726050589233637,4.460864591179416,9.522553005022928
lda,poly,0.1,1,1,1000,0.47501779929734766,4.463131956988946,8.459853522945195
lda,poly,0.1,1,2,1000,0.4732407608535141,4.486368539975956,7.549902332946658
lda,poly,0.1,1,3,1000,0.4736431981436908,4.459030465222895,5.415204353863373
lda,poly,0.1,1,4,1000,0.47003565984778106,4.452347747981548,6.1845635189674795
lda,poly,0.1,1,5,1000,0.4696076209656894,4.454698032001033,5.708265425870195
lda,poly,0.1,10,1,1000,0.46936213108710945,4.456741132074967,6.3603368499316275
lda,poly,0.1,10,2,1000,0.47226752806454897,4.470734018133953,6.827123357914388
lda,poly,0.1,10,3,1000,0.471227367175743,4.410687065916136,5.380854008020833
lda,poly,0.1,10,4,1000,0.4706719070672989,4.468698020791635,6.176825278904289
lda,poly,0.1,10,5,1000,0.4729665929917246,4.426284370943904,5.737828879151493
lda,poly,0.1,100,1,1000,0.47090312791988254,4.43257245211862,4.494975630892441
lda,poly,0.1,100,2,1000,0.47176628187298775,4.438459265278652,6.772320832125843
lda,poly,0.1,100,3,1000,0.47074268385767937,4.477660035016015,5.357558707008138
lda,poly,0.1,100,4,1000,0.4711949487682432,4.415519754169509,6.1542050030548126
lda,poly,0.1,100,5,1000,0.470463789999485,4.436632840894163,5.724601789843291
lda,poly,0.1,1000,1,1000,0.4736241230275482,4.443653305992484,4.213185528991744
lda,poly,0.1,1000,2,1000,0.4709498400334269,4.446408027084544,6.768740465864539
lda,poly,0.1,1000,3,1000,0.469873912865296,4.413292339071631,5.35970502696
lda,poly,0.1,1000,4,1000,0.4706776379607618,4.46284116897732,6.167523915879428
lda,poly,0.1,1000,5,1000,0.4722769579384476,4.457623630063608,5.739350761054084
lda,poly,1,0.001,1,1000,0.469696570886299,4.48196536488831,11.417426445987076
lda,poly,1,0.001,2,1000,0.4743306739255786,4.463640480069444,23.97800343995914
lda,poly,1,0.001,3,1000,0.4738452360033989,4.47757590492256,24.127634359057993
lda,poly,1,0.001,4,1000,0.4743984928354621,4.467510455055162,24.353098727064207
lda,poly,1,0.001,5,1000,0.47458191215991974,4.456108293263242,24.516852857079357
lda,poly,1,0.01,1,1000,0.47556437901221216,4.4730445658788085,8.67557853483595
lda,poly,1,0.01,2,1000,0.47390137310139835,4.435140809044242,14.033431748161092
lda,poly,1,0.01,3,1000,0.4742663321085274,4.448117770953104,17.332103872206062
lda,poly,1,0.01,4,1000,0.474968294845894,4.4842504321131855,21.100255660014227
lda,poly,1,0.01,5,1000,0.47238257876597345,4.498134488239884,23.118976815138012
lda,poly,1,0.1,1,1000,0.4834833857603371,6.032920928206295,8.415680962149054
lda,poly,1,0.1,2,1000,0.4737720072735101,4.487300030654296,9.312157362001017
lda,poly,1,0.1,3,1000,0.47442887094803154,4.490201860666275,7.326178979128599
lda,poly,1,0.1,4,1000,0.4749188849236816,4.477899783989415,8.223635151050985
lda,poly,1,0.1,5,1000,0.47107020835392177,4.4829868108499795,7.060399916023016
lda,poly,1,1,1,1000,0.47214830480515957,4.479194285115227,6.367065079975873
lda,poly,1,1,2,1000,0.4767874430399388,4.466709746280685,7.058156966930255
lda,poly,1,1,3,1000,0.4708290242124349,4.463273510104045,5.363386338111013
lda,poly,1,1,4,1000,0.46983908908441663,4.4654480901081115,6.153089680941775
lda,poly,1,1,5,1000,0.47098200395703316,4.466378164710477,5.710519283078611
lda,poly,1,10,1,1000,0.4714310350827873,4.414786362787709,4.4999775951728225
lda,poly,1,10,2,1000,0.4707624278962612,4.4793788329698145,6.759642699034885
lda,poly,1,10,3,1000,0.47100598202086985,4.424574074102566,5.3532525729388
lda,poly,1,10,4,1000,0.47087952005676925,4.465616968926042,6.166739928070456
lda,poly,1,10,5,1000,0.4737739977426827,4.4412035380955786,5.721503319917247
lda,poly,1,100,1,1000,0.472408773843199,4.463049768004566,4.202733509009704
lda,poly,1,100,2,1000,0.4716613460332155,4.424570135073736,6.765966081060469
lda,poly,1,100,3,1000,0.47175597702153027,4.4883893402293324,5.346922008087859
lda,poly,1,100,4,1000,0.47272498114034534,4.456451438833028,6.138591420138255
lda,poly,1,100,5,1000,0.472375906072557,4.537763874279335,5.716538993874565
lda,poly,1,1000,1,1000,0.4717772281728685,4.451331709977239,4.16312665399164
lda,poly,1,1000,2,1000,0.47224928229115903,4.418671612860635,6.76266885898076
lda,poly,1,1000,3,1000,0.4727359381504357,4.432918032864109,5.3509421271737665
lda,poly,1,1000,4,1000,0.4709754269570112,4.451513749081641,6.1645758668892086
lda,poly,1,1000,5,1000,0.4714424319099635,4.529683155240491,5.724990308051929
lda,poly,10,0.001,1,1000,0.4719235592056066,4.493501469027251,8.643939578905702
lda,poly,10,0.001,2,1000,0.4761310878675431,4.452942917123437,20.09955277503468
lda,poly,10,0.001,3,1000,0.4724750677123666,4.455584056908265,24.04027681890875
lda,poly,10,0.001,4,1000,0.478696454083547,4.424911769805476,24.287123648216948
lda,poly,10,0.001,5,1000,0.4756356331054121,4.485646252753213,24.46282434789464
lda,poly,10,0.01,1,1000,0.4746438879519701,4.426499394001439,8.416838059900329
lda,poly,10,0.01,2,1000,0.47456205799244344,4.464806000003591,10.38587812311016
lda,poly,10,0.01,3,1000,0.4746866738423705,4.501742728753015,12.153959737857804
lda,poly,10,0.01,4,1000,0.4764169987756759,4.521636086981744,17.152041590074077
lda,poly,10,0.01,5,1000,0.4750973479822278,4.432845734292641,19.28120717802085
lda,poly,10,0.1,1,1000,0.4739726991392672,4.46405527414754,6.390965194907039
lda,poly,10,0.1,2,1000,0.4741966628935188,4.422365972772241,7.524591189110652
lda,poly,10,0.1,3,1000,0.4750656308606267,4.465927686076611,5.485758064081892
lda,poly,10,0.1,4,1000,0.4749632750172168,4.45945533295162,6.848209687974304
lda,poly,10,0.1,5,1000,0.4870727809611708,5.527001279871911,6.232374713988975
lda,poly,10,1,1,1000,0.4743310909252614,4.534841033862904,4.505697529064491
lda,poly,10,1,2,1000,0.4717854910995811,4.539840096840635,6.820785169955343
lda,poly,10,1,3,1000,0.4707074200268835,4.472700532991439,5.368273816071451
lda,poly,10,1,4,1000,0.47085017105564475,4.471240927930921,6.1689156969077885
lda,poly,10,1,5,1000,0.4715748510789126,4.483161598676816,5.718702592886984
lda,poly,10,10,1,1000,0.4725597801152617,4.474295562831685,4.216444024816155
lda,poly,10,10,2,1000,0.47024740697816014,4.45551360398531,6.785799646982923
lda,poly,10,10,3,1000,0.4707408812828362,4.495690593030304,5.36827248102054
lda,poly,10,10,4,1000,0.47076242812909186,4.492913495050743,6.184913779841736
lda,poly,10,10,5,1000,0.47243484505452216,4.47688107797876,5.742287246976048
lda,poly,10,100,1,1000,0.47237507603131235,4.52497086324729,4.16762935789302
lda,poly,10,100,2,1000,0.47072766115888953,4.538363964064047,6.781165102031082
lda,poly,10,100,3,1000,0.4702265758533031,4.464878151193261,5.35857252497226
lda,poly,10,100,4,1000,0.47129722288809717,4.512158841826022,6.152638213010505
lda,poly,10,100,5,1000,0.4707799539901316,4.4904836940113455,5.729935225099325
lda,poly,10,1000,1,1000,0.47150243585929275,4.5242992483545095,4.17396894400008
lda,poly,10,1000,2,1000,0.47098466800525784,4.49519272102043,6.777583643095568
lda,poly,10,1000,3,1000,0.47176284808665514,4.487556099891663,5.375534309772775
lda,poly,10,1000,4,1000,0.4720360287465155,4.475234335986897,6.174579895101488
lda,poly,10,1000,5,1000,0.4727497869171202,4.487084622262046,5.735306168906391
lda,poly,100,0.001,1,1000,0.47079909103922546,4.539784643100575,8.399941919837147
lda,poly,100,0.001,2,1000,0.4744028968270868,4.465407350100577,13.991999682039022
lda,poly,100,0.001,3,1000,0.47414110600948334,4.535223216051236,22.59509190218523
lda,poly,100,0.001,4,1000,0.474806462880224,4.527087688911706,24.26851132302545
lda,poly,100,0.001,5,1000,0.48312685498967767,4.480259635020047,24.451845311094075
lda,poly,100,0.01,1,1000,0.4735140090342611,4.522945628967136,6.380164967151359
lda,poly,100,0.01,2,1000,0.47402570582926273,4.473658703966066,9.311602816917002
lda,poly,100,0.01,3,1000,0.476237267954275,4.548558661947027,9.563216294161975
lda,poly,100,0.01,4,1000,0.47494427184574306,4.4867623129393905,13.372948833974078
lda,poly,100,0.01,5,1000,0.47444315114989877,4.50535710901022,16.25961251114495
lda,poly,100,0.1,1,1000,0.47464292822405696,4.555553447687998,4.503853284055367
lda,poly,100,0.1,2,1000,0.4748232748825103,4.427802267950028,7.059266516938806
lda,poly,100,0.1,3,1000,0.4773995690047741,4.432304943911731,5.424719609087333
lda,poly,100,0.1,4,1000,0.47160505200736225,4.423932770965621,6.416523092892021
lda,poly,100,0.1,5,1000,0.4709147100802511,4.490387602942064,5.780331429094076
lda,poly,100,1,1,1000,0.47275109798647463,4.432728137122467,4.18945707497187
lda,poly,100,1,2,1000,0.47036849800497293,4.46902117296122,6.774193666875362
lda,poly,100,1,3,1000,0.47186195594258606,4.43735626200214,5.370085211005062
lda,poly,100,1,4,1000,0.47192893410101533,4.459458928089589,6.1563297908287495
lda,poly,100,1,5,1000,0.47096825996413827,4.427825710037723,5.709678065031767
lda,poly,100,10,1,1000,0.47094166302122176,4.45293886307627,4.1471179781947285
lda,poly,100,10,2,1000,0.4718340220861137,4.424422731855884,6.768827755004168
lda,poly,100,10,3,1000,0.47082181996665895,4.457450868096203,5.365657998016104
lda,poly,100,10,4,1000,0.47251643193885684,4.435376854147762,6.174952104920521
lda,poly,100,10,5,1000,0.47355901170521975,4.4864736429881305,5.722417746903375
lda,poly,100,100,1,1000,0.47154114907607436,4.4304158391896635,4.152776801027358
lda,poly,100,100,2,1000,0.470392124960199,4.487051918869838,6.763069102074951
lda,poly,100,100,3,1000,0.4704951951280236,4.425921566784382,5.342305243015289
lda,poly,100,100,4,1000,0.4721756388898939,4.429579108022153,6.136576243909076
lda,poly,100,100,5,1000,0.47485371096991,4.45185604901053,5.719773120013997
lda,poly,100,1000,1,1000,0.46977729606442153,4.475825167261064,4.158260176889598
lda,poly,100,1000,2,1000,0.4703614441677928,4.414067330071703,6.777337302919477
lda,poly,100,1000,3,1000,0.47462864499539137,4.474407232832164,5.358550695003942
lda,poly,100,1000,4,1000,0.4724266747944057,4.4353686780668795,6.167412325972691
lda,poly,100,1000,5,1000,0.47038083896040916,4.446201559156179,5.726512043038383
lda,poly,1000,0.001,1,1000,0.4700997488107532,4.479727962985635,6.356520011089742
lda,poly,1000,0.001,2,1000,0.4757864607963711,4.4881996479816735,10.37249210709706
lda,poly,1000,0.001,3,1000,0.47304350114427507,4.480514308204874,17.252319318940863
lda,poly,1000,0.001,4,1000,0.47411328624002635,4.48394657089375,24.297673212131485
lda,poly,1000,0.001,5,1000,0.4732239400036633,4.481042017228901,24.503127461997792
lda,poly,1000,0.01,1,1000,0.472976139979437,4.447099260985851,4.5113327039871365
lda,poly,1000,0.01,2,1000,0.47245426289737225,4.4351338697597384,7.531670333119109
lda,poly,1000,0.01,3,1000,0.47397027793340385,4.481654744129628,7.3592825420200825
lda,poly,1000,0.01,4,1000,0.47228847024962306,4.4995207488536835,10.535591605119407
lda,poly,1000,0.01,5,1000,0.4735866680275649,4.476357561768964,12.415042121196166
lda,poly,1000,0.1,1,1000,0.4723419062793255,4.4970252008643,4.188776766182855
lda,poly,1000,0.1,2,1000,0.4710088449064642,4.526564697967842,6.808579073986039
lda,poly,1000,0.1,3,1000,0.47103742114268243,4.521111431065947,5.358191519975662
lda,poly,1000,0.1,4,1000,0.4717094029765576,4.451529456069693,6.172874977113679
lda,poly,1000,0.1,5,1000,0.473027559928596,4.489688130095601,5.730831784196198
lda,poly,1000,1,1,1000,0.4730554420966655,4.463814667891711,4.155912142014131
lda,poly,1000,1,2,1000,0.4746343311853707,4.526913052191958,6.771592820063233
lda,poly,1000,1,3,1000,0.4703530741389841,4.485912092030048,5.359015081077814
lda,poly,1000,1,4,1000,0.4707633659709245,4.464927722001448,6.153681805822998
lda,poly,1000,1,5,1000,0.4710814878344536,4.44099279306829,5.711766371037811
lda,poly,1000,10,1,1000,0.4726468250155449,4.46779275406152,4.144325305009261
lda,poly,1000,10,2,1000,0.4704567170701921,4.503652440849692,6.761135511100292
lda,poly,1000,10,3,1000,0.4701818150933832,4.460710525047034,5.359815226169303
lda,poly,1000,10,4,1000,0.4727245639078319,4.458927900996059,6.172498880885541
lda,poly,1000,10,5,1000,0.4708750150166452,4.4725000550970435,5.724892450030893
lda,poly,1000,100,1,1000,0.47168508917093277,4.438509276835248,4.155058127827942
lda,poly,1000,100,2,1000,0.47228482691571116,4.499074121937156,6.770743563072756
lda,poly,1000,100,3,1000,0.4705258160829544,4.48335585789755,5.353006961988285
lda,poly,1000,100,4,1000,0.4710418868344277,4.46356281125918,6.143403597874567
lda,poly,1000,100,5,1000,0.47117899591103196,4.477930516935885,5.724597212858498
lda,poly,1000,1000,1,1000,0.47022684500552714,4.463748153997585,4.164880546042696
lda,poly,1000,1000,2,1000,0.46978863212279975,4.437934774905443,6.770055431872606
lda,poly,1000,1000,3,1000,0.4712989409454167,4.470801853109151,5.362770755076781
lda,poly,1000,1000,4,1000,0.47090640384703875,4.465836722869426,6.162230917951092
lda,poly,1000,1000,5,1000,0.4721117850858718,4.433866483159363,5.733855220954865
pca_50,linear,0.001,,,5000,1.190134741133079,0.6063459690194577,22.825402692891657
pca_50,linear,0.01,,,5000,0.6649229733739048,0.5577070419676602,21.760798275936395
pca_50,linear,0.1,,,5000,0.5510757588781416,0.5580219093244523,20.884740945184603
pca_50,linear,1,,,5000,0.562807294074446,0.5592620098032057,21.206832095980644
pca_50,linear,10,,,5000,0.485928368056193,0.5567735088989139,21.7904603111092
pca_50,linear,100,,,5000,0.49215156119316816,0.5568349859677255,21.71580887399614
pca_50,linear,1000,,,5000,0.4931839210912585,0.5583106768317521,21.715884614968672
pca_100,linear,0.001,,,5000,0.5172239707317203,0.6886523740831763,48.37862123711966
pca_100,linear,0.01,,,5000,0.5001332629472017,0.6488086669705808,41.886214466998354
pca_100,linear,0.1,,,5000,0.5075328589882702,0.6479103309102356,39.95456031290814
pca_100,linear,1,,,5000,0.47988109895959496,0.6524643960874528,43.28796207997948
pca_100,linear,10,,,5000,0.48741150414571166,0.6465693491045386,44.108354890020564
pca_100,linear,100,,,5000,0.48763798689469695,0.6514435848221183,44.46507708588615
pca_100,linear,1000,,,5000,0.4940971271134913,0.6465193268377334,44.07853245199658
pca_200,linear,0.001,,,5000,0.5122322901152074,0.8633291290607303,69.6682387040928
pca_200,linear,0.01,,,5000,0.47142769186757505,0.8605137111153454,58.221525588072836
pca_200,linear,0.1,,,5000,0.4716877418104559,0.8592768311500549,56.88832355802879
pca_200,linear,1,,,5000,0.47104625310748816,0.8562354198656976,62.197365208063275
pca_200,linear,10,,,5000,0.47088879998773336,0.858685903949663,62.270563481142744
pca_200,linear,100,,,5000,0.4834253368899226,0.8603192609734833,62.252252112841234
pca_200,linear,1000,,,5000,0.47373192803934216,0.8577613621018827,62.28739605518058
lda,linear,0.001,,,5000,0.5493428271729499,5.01786254090257,14.024441839195788
lda,linear,0.01,,,5000,0.47167738899588585,4.665248650824651,10.978191998088732
lda,linear,0.1,,,5000,0.4715820800047368,4.4948054337874055,11.58292561210692
lda,linear,1,,,5000,0.47169791511259973,4.457658722996712,13.450069726910442
lda,linear,10,,,5000,0.47120442311279476,4.482697328785434,11.730427122907713
lda,linear,100,,,5000,0.4702501939609647,4.448325037024915,11.48560590390116
lda,linear,1000,,,5000,0.4707697171252221,4.448256416944787,11.311482585035264
pca_50,rbf,0.001,0.001,,5000,1.0033038079272956,0.6561993670184165,223.1455947329523
pca_50,rbf,0.001,0.01,,5000,0.6200098500121385,0.565605238894932,241.6138264760375
pca_50,rbf,0.001,0.1,,5000,0.5069513859925792,0.5625886181369424,227.902737625991
pca_50,rbf,0.001,1,,5000,0.5254491550149396,0.5633727379608899,280.584017212037
pca_50,rbf,0.001,10,,5000,0.49544462200719863,0.5634763620328158,225.57129512995016
pca_50,rbf,0.001,100,,5000,0.49337906891014427,0.562769660144113,222.8146688459674
pca_50,rbf,0.001,1000,,5000,0.5427889828570187,0.5657476750202477,222.72546941204928
pca_50,rbf,0.01,0.001,,5000,0.47034881997387856,0.5635432150447741,77.64477670297492
pca_50,rbf,0.01,0.01,,5000,0.4676682169083506,0.5639427971327677,169.0811819609953
pca_50,rbf,0.01,0.1,,5000,0.46786790201440454,0.5639374739257619,230.80758027196862
pca_50,rbf,0.01,1,,5000,0.4651696999790147,0.5615260580088943,282.54883822100237
pca_50,rbf,0.01,10,,5000,0.4651394709944725,0.5620732370298356,226.95775142207276
pca_50,rbf,0.01,100,,5000,0.46561674401164055,0.5641134309116751,224.34105128003284
pca_50,rbf,0.01,1000,,5000,0.47883765399456024,0.5638195000356063,224.2014798319433
pca_50,rbf,0.1,0.001,,5000,0.4677987080067396,0.5637448140187189,37.226192758069374
pca_50,rbf,0.1,0.01,,5000,0.4677995399106294,0.5634981880430132,81.3560486290371
pca_50,rbf,0.1,0.1,,5000,0.4660640780348331,0.5615688320249319,236.07153404096607
pca_50,rbf,0.1,1,,5000,0.46874702093191445,0.564275962067768,285.38286841800436
pca_50,rbf,0.1,10,,5000,0.46669364406261593,0.5632358320290223,229.3277194480179
pca_50,rbf,0.1,100,,5000,0.46592287195380777,0.5637613219441846,226.50181004800834
pca_50,rbf,0.1,1000,,5000,0.466580625041388,0.5652502611046657,225.8783814170165
pca_50,rbf,1,0.001,,5000,0.4667012640275061,0.563469942077063,24.24056416307576
pca_50,rbf,1,0.01,,5000,0.4669051590608433,0.5644007470691577,59.082294126972556
pca_50,rbf,1,0.1,,5000,0.46984269306994975,0.5702934080036357,221.09021109808236
pca_50,rbf,1,1,,5000,0.46594135207124054,0.5638101239455864,277.59607532294467
pca_50,rbf,1,10,,5000,0.46535914787091315,0.563910003984347,222.47157544805668
pca_50,rbf,1,100,,5000,0.46604748896788806,0.5644984251121059,219.73634461604524
pca_50,rbf,1,1000,,5000,0.46560679096728563,0.5646541699534282,219.69845718401484
pca_50,rbf,10,0.001,,5000,0.46667909901589155,0.563540231087245,20.227543346001767
pca_50,rbf,10,0.01,,5000,0.46524633886292577,0.5638132139574736,56.01850710704457
pca_50,rbf,10,0.1,,5000,0.46588773594703525,0.563246700912714,222.09895056998357
pca_50,rbf,10,1,,5000,0.46506293897982687,0.5656659200321883,277.98737676104065
pca_50,rbf,10,10,,5000,0.4660398920532316,0.5646570330718532,224.32906426594127
pca_50,rbf,10,100,,5000,0.46565830998588353,0.566331367008388,221.87045859603677
pca_50,rbf,10,1000,,5000,0.46508279896806926,0.5650439029559493,221.61785303102806
pca_50,rbf,100,0.001,,5000,0.4649867118569091,0.5648148040054366,20.14647660497576
pca_50,rbf,100,0.01,,5000,0.4670010779518634,0.5620288799982518,55.28945177397691
pca_50,rbf,100,0.1,,5000,0.46491962496656924,0.5635281288996339,222.20126822101884
pca_50,rbf,100,1,,5000,0.4659909880720079,0.5635761300800368,278.8273908360861
pca_50,rbf,100,10,,5000,0.4641392179764807,0.5640903569292277,225.17347360705025
pca_50,rbf,100,100,,5000,0.46545640903059393,0.5635387310758233,222.69533707096707
pca_50,rbf,100,1000,,5000,0.46661498106550425,0.564219563966617,223.17722812504508
pca_50,rbf,1000,0.001,,5000,0.46546822087839246,0.5642527000745758,21.135297233005986
pca_50,rbf,1000,0.01,,5000,0.46429839194752276,0.5648841209476814,55.355407434049994
pca_50,rbf,1000,0.1,,5000,0.46582699101418257,0.5635072059230879,222.97057438606862
pca_50,rbf,1000,1,,5000,0.46670878888107836,0.5654364521615207,278.91434821195435
pca_50,rbf,1000,10,,5000,0.46561026107519865,0.5638784520560876,225.43548375496175
pca_50,rbf,1000,100,,5000,0.4652823609067127,0.5616780929267406,222.92093288595788
pca_50,rbf,1000,1000,,5000,0.46637683489825577,0.5647573409369215,222.68684222898446
pca_100,rbf,0.001,0.001,,5000,0.5135990540729836,0.6630698399385437,466.10330066096503
pca_100,rbf,0.001,0.01,,5000,0.46580651705153286,0.6712110809748992,537.181041069096
pca_100,rbf,0.001,0.1,,5000,0.46567817800678313,0.64368024491705,505.67417833500076
pca_100,rbf,0.001,1,,5000,0.46608411706984043,0.6584188480628654,555.5112911409233
pca_100,rbf,0.001,10,,5000,0.46611096092965454,0.6606637361692265,506.2582873039646
pca_100,rbf,0.001,100,,5000,0.46691109193488955,0.6596849439665675,505.13686579908244
pca_100,rbf,0.001,1000,,5000,0.46587356994859874,0.6622047940036282,505.20640344405547
pca_100,rbf,0.01,0.001,,5000,0.4663965420331806,0.6670115370070562,177.21900353196543
pca_100,rbf,0.01,0.01,,5000,0.4653152860701084,0.6790605009300634,446.4022279479541
pca_100,rbf,0.01,0.1,,5000,0.471836130018346,0.6656869170255959,505.7619175040163
pca_100,rbf,0.01,1,,5000,0.4670178509550169,0.6604310059919953,555.906867802958
pca_100,rbf,0.01,10,,5000,0.46451603702735156,0.6578020139131695,506.17646222608164
pca_100,rbf,0.01,100,,5000,0.4649664378957823,0.6717477790080011,505.16025388101116
pca_100,rbf,0.01,1000,,5000,0.4657367559848353,0.6586017470108345,505.06142523000017
pca_100,rbf,0.1,0.001,,5000,0.4642662740079686,0.6663003038847819,82.04785482899752
pca_100,rbf,0.1,0.01,,5000,0.46718424500431865,0.6594527788693085,223.64256670698524
pca_100,rbf,0.1,0.1,,5000,0.46797794406302273,0.6693210930097848,504.45349654799793
pca_100,rbf,0.1,1,,5000,0.46691241301596165,0.661392128909938,555.3387620400172
pca_100,rbf,0.1,10,,5000,0.46490530809387565,0.669255816959776,505.2057002589572
pca_100,rbf,0.1,100,,5000,0.5678704930469394,0.6527120280079544,505.1480152839795
pca_100,rbf,0.1,1000,,5000,0.5875934240175411,0.6527319559827447,503.8274935600348
pca_100,rbf,1,0.001,,5000,0.5120852320687845,0.6513991788960993,51.68726450402755
pca_100,rbf,1,0.01,,5000,0.4649200930725783,0.6533817080780864,151.78346805099864
pca_100,rbf,1,0.1,,5000,0.4658675219397992,0.6546923419227824,498.755732376012
pca_100,rbf,1,1,,5000,0.46486930607352406,0.6544254469918087,555.3744403409073
pca_100,rbf,1,10,,5000,1.2898378840181977,3.4288867209106684,858.2788881319575
pca_100,rbf,1,100,,5000,2.1310394229367375,2.444190173991956,980.7295573879965
pca_100,rbf,1,1000,,5000,0.9154354800703004,0.7989300130866468,503.87297140504234
pca_100,rbf,10,0.001,,5000,0.62480252108071,0.6684118560515344,41.8069218529854
pca_100,rbf,10,0.01,,5000,0.5314169010380283,0.6653339939657599,152.62622236204334
pca_100,rbf,10,0.1,,5000,0.46984362707007676,0.6683267919579521,497.78645483998116
pca_100,rbf,10,1,,5000,0.4655730800004676,0.6677191560156643,552.4877475620015
pca_100,rbf,10,10,,5000,0.4682795751141384,0.671131154987961,503.85616227809805
pca_100,rbf,10,100,,5000,0.46694904507603496,0.668850305955857,502.5407811610494
pca_100,rbf,10,1000,,5000,0.46525275392923504,0.6682234649779275,502.6573322949698
pca_100,rbf,100,0.001,,5000,0.4665998079581186,0.6699094499927014,40.547198666026816
pca_100,rbf,100,0.01,,5000,0.46336680103559047,0.6683692040387541,152.20251566707157
pca_100,rbf,100,0.1,,5000,0.4654417169513181,0.6678131080698222,497.393496048986
pca_100,rbf,100,1,,5000,0.46706936706323177,0.6669661990599707,552.3853198229335
pca_100,rbf,100,10,,5000,0.46563656791113317,0.6692377590807155,503.54043443803675
pca_100,rbf,100,100,,5000,0.46464544103946537,0.6782041570404544,502.6015637740493
pca_100,rbf,100,1000,,5000,0.4659547690534964,0.6684537510154769,502.50576187402476
pca_100,rbf,1000,0.001,,5000,0.4665318370098248,0.6685942059848458,40.99185627500992
pca_100,rbf,1000,0.01,,5000,0.46587907802313566,0.6682218280620873,152.22047142800875
pca_100,rbf,1000,0.1,,5000,0.46946354303508997,0.6683225509477779,497.51852150203194
pca_100,rbf,1000,1,,5000,0.4653988649370149,0.6820803419686854,552.1709998670267
pca_100,rbf,1000,10,,5000,0.46483601501677185,0.6701907989336178,503.3336885169847
pca_100,rbf,1000,100,,5000,0.4659891580231488,0.650383641012013,502.6332446229644
pca_100,rbf,1000,1000,,5000,0.46591244894079864,0.6462543699890375,502.5834620218957
pca_200,rbf,0.001,0.001,,5000,0.48570961400400847,0.8477199049666524,673.0294569490943
pca_200,rbf,0.001,0.01,,5000,0.4653389899758622,0.8385593129787594,754.7243588770507
pca_200,rbf,0.001,0.1,,5000,0.4651634140172973,0.8579494809964672,714.9030149099417
pca_200,rbf,0.001,1,,5000,0.46551073202863336,0.8654341410147026,777.6360464199679
pca_200,rbf,0.001,10,,5000,0.4667895819293335,0.8631277860840783,719.0928934329422
pca_200,rbf,0.001,100,,5000,0.467080483911559,0.8632101200055331,718.8921244080411
pca_200,rbf,0.001,1000,,5000,0.4688066969392821,0.8531181269790977,718.9490034029586
pca_200,rbf,0.01,0.001,,5000,0.46499304904136807,0.8585438270820305,258.3570037279278
pca_200,rbf,0.01,0.01,,5000,0.46452004089951515,0.863001596997492,699.757211903925
pca_200,rbf,0.01,0.1,,5000,0.4649953830521554,0.8560058251023293,714.8610999990487
pca_200,rbf,0.01,1,,5000,0.46535992401186377,0.8562354249879718,777.4001394429943
pca_200,rbf,0.01,10,,5000,0.46535121789202094,0.8638400309719145,719.5469926589867
pca_200,rbf,0.01,100,,5000,0.473150362027809,0.8583941889228299,718.9155120509677
pca_200,rbf,0.01,1000,,5000,0.4646272590616718,0.859710730961524,718.7313747670269
pca_200,rbf,0.1,0.001,,5000,0.466604984132573,0.8593481190036982,117.92004584602546
pca_200,rbf,0.1,0.01,,5000,0.4669513249536976,0.8637463951017708,394.26790144795086
pca_200,rbf,0.1,0.1,,5000,0.46631640288978815,0.8595909860450774,714.8203704169719
pca_200,rbf,0.1,1,,5000,0.46771566895768046,0.8541581529425457,777.5498653569957
pca_200,rbf,0.1,10,,5000,0.4665413030888885,0.8582893899874762,719.7126255870098
pca_200,rbf,0.1,100,,5000,0.4680723579367623,0.8596549070207402,718.5697814840823
pca_200,rbf,0.1,1000,,5000,0.4645584231475368,0.861051207059063,718.7369486220414
pca_200,rbf,1,0.001,,5000,0.4658467568224296,0.8572851771023124,74.13342246192042
pca_200,rbf,1,0.01,,5000,0.4662776280893013,0.8595241489820182,279.11057217698544
pca_200,rbf,1,0.1,,5000,0.46468118904158473,0.8608973961090669,710.4521471399348
pca_200,rbf,1,1,,5000,0.4665804789401591,0.8576737239491194,777.6816264359513
pca_200,rbf,1,10,,5000,0.470767934108153,0.8617865500273183,719.5255282360595
pca_200,rbf,1,100,,5000,0.47097825398668647,0.8593085249885917,718.8905825299444
pca_200,rbf,1,1000,,5000,0.4648134690942243,0.8568602970335633,718.8221578879748
pca_200,rbf,10,0.001,,5000,0.4683912069303915,0.8569067229982466,59.96709643502254
pca_200,rbf,10,0.01,,5000,0.46921945398207754,0.8590542760211974,287.06580888002645
pca_200,rbf,10,0.1,,5000,0.46630578208714724,0.8617978530237451,708.8819788189139
pca_200,rbf,10,1,,5000,0.4687533240066841,0.8625308020273224,775.8800533059984
pca_200,rbf,10,10,,5000,0.4687383510172367,0.8617589990608394,718.0757456528954
pca_200,rbf,10,100,,5000,0.46890130697283894,0.8573765179608017,717.8644510880113
pca_200,rbf,10,1000,,5000,0.4653424770804122,0.8580376070458442,717.5961272179848
pca_200,rbf,100,0.001,,5000,0.47073365200776607,0.8587224910734221,58.581958342925645
pca_200,rbf,100,0.01,,5000,0.467369802063331,0.861908798920922,286.07797440490685
pca_200,rbf,100,0.1,,5000,0.46551452903077006,0.8572441820288077,708.6477138249902
pca_200,rbf,100,1,,5000,0.4682624730048701,0.863157004932873,776.0658458829857
pca_200,rbf,100,10,,5000,0.4648898070445284,0.8538060990395024,718.6527813329594
pca_200,rbf,100,100,,5000,0.4662844460690394,0.8494715350680053,718.3767061419785
pca_200,rbf,100,1000,,5000,0.46595992997754365,0.8571251480607316,717.7816956629977
pca_200,rbf,1000,0.001,,5000,0.4651986069511622,0.8552467559929937,58.120228654006496
pca_200,rbf,1000,0.01,,5000,0.4655779229942709,0.8570791709935293,285.8814196960302
pca_200,rbf,1000,0.1,,5000,0.4661231989739463,0.8592259888537228,708.9351224950515
pca_200,rbf,1000,1,,5000,0.4665784740354866,0.8591767339967191,776.2364893009653
pca_200,rbf,1000,10,,5000,0.47797196893952787,0.8522361320210621,718.7228364099283
pca_200,rbf,1000,100,,5000,0.47260599094443023,0.8317190619418398,718.0461678670254
pca_200,rbf,1000,1000,,5000,0.4806428209412843,0.8536377600394189,717.8173970479984
lda,rbf,0.001,0.001,,5000,0.5033605569042265,5.284985080943443,162.3549423959339
lda,rbf,0.001,0.01,,5000,0.4718082119943574,4.7874114769510925,105.96936799795367
lda,rbf,0.001,0.1,,5000,0.472099473932758,4.646428890991956,126.56035469798371
lda,rbf,0.001,1,,5000,0.4719813420670107,4.6361248039174825,163.33126622694544
lda,rbf,0.001,10,,5000,0.47297881508711725,4.503230718895793,184.3040981440572
lda,rbf,0.001,100,,5000,0.47202070604544133,4.535360296955332,173.06178389291745
lda,rbf,0.001,1000,,5000,0.47235009097494185,4.496182180009782,146.6047454229556
lda,rbf,0.01,0.001,,5000,0.47214449499733746,4.517218026099727,88.62141769507434
lda,rbf,0.01,0.01,,5000,0.4742734390310943,4.498049043002538,35.422688403050415
lda,rbf,0.01,0.1,,5000,0.4726270439568907,4.497475621988997,41.291334301931784
lda,rbf,0.01,1,,5000,0.47237383504398167,4.4820287299808115,158.3209202530561
lda,rbf,0.01,10,,5000,0.47349693696014583,4.549357971991412,183.4030882830266
lda,rbf,0.01,100,,5000,0.4728709061164409,4.538164256955497,172.5818001050502
lda,rbf,0.01,1000,,5000,0.4716359790181741,4.461492214119062,145.82621079601813
lda,rbf,0.1,0.001,,5000,0.4715891800587997,4.506270354962908,32.422547503956594
lda,rbf,0.1,0.01,,5000,0.4721145681105554,4.557239628979005,18.273340696003288
lda,rbf,0.1,0.1,,5000,0.4749406820628792,4.506772316992283,19.85200772807002
lda,rbf,0.1,1,,5000,0.47607231501024216,4.524562822072767,113.57250047696289
lda,rbf,0.1,10,,5000,0.46775812306441367,4.524983162991703,181.4185555439908
lda,rbf,0.1,100,,5000,0.46810916194226593,4.519481512019411,171.2318303589709
lda,rbf,0.1,1000,,5000,0.4686910460004583,4.672580446000211,143.74797129107174
lda,rbf,1,0.001,,5000,0.4668084280565381,4.693567823036574,17.916497514001094
lda,rbf,1,0.01,,5000,0.47022068803198636,4.524715950945392,14.41932660411112
lda,rbf,1,0.1,,5000,0.46696269209496677,4.57012004009448,16.74847075296566
lda,rbf,1,1,,5000,0.46684416802600026,4.478509864071384,83.93210924102459
lda,rbf,1,10,,5000,0.4670054989401251,4.527847894001752,177.71431925299112
lda,rbf,1,100,,5000,0.4726600351277739,4.549651640001684,170.9770198680926
lda,rbf,1,1000,,5000,0.46616030391305685,4.490304791019298,143.72256691893563
lda,rbf,10,0.001,,5000,0.46665068983566016,4.524848471046425,14.966312112985179
lda,rbf,10,0.01,,5000,0.4666181189240888,4.4603646490722895,14.512815730064176
lda,rbf,10,0.1,,5000,0.4662443610141054,4.499812186928466,17.24339919805061
lda,rbf,10,1,,5000,0.46702336508315057,4.510423511033878,82.55508335994091
lda,rbf,10,10,,5000,0.46809584798756987,4.538503632880747,175.8600818250561
lda,rbf,10,100,,5000,0.46869238186627626,4.453276177169755,169.1358529200079
lda,rbf,10,1000,,5000,0.4681425818707794,4.5034435039851815,143.42155134002678
lda,rbf,100,0.001,,5000,0.46803464286495,4.51914742810186,15.33787706703879
lda,rbf,100,0.01,,5000,0.4662590229418129,4.456866715103388,17.011886963038705
lda,rbf,100,0.1,,5000,0.4665303980000317,4.5719905490987,17.968272155034356
lda,rbf,100,1,,5000,0.890290618990548,25.331088989041746,216.0308351200074
lda,rbf,100,10,,5000,1.2960275609511882,54.53538161504548,378.0564200000372
lda,rbf,100,100,,5000,1.344694910920225,42.845943963038735,475.0789163890295
lda,rbf,100,1000,,5000,2.349827467929572,48.10903685889207,494.67254753189627
lda,rbf,1000,0.001,,5000,1.6742222600150853,45.37861989508383,58.10336016200017
lda,rbf,1000,0.01,,5000,0.6628418801119551,5.495936652994715,20.006394910044037
lda,rbf,1000,0.1,,5000,0.47166512603871524,4.728638469008729,17.939573824056424
lda,rbf,1000,1,,5000,0.46990694699343294,4.599963680142537,82.12235731398687
lda,rbf,1000,10,,5000,0.4667060859501362,4.562806417932734,176.05791752191726
lda,rbf,1000,100,,5000,0.4677020509261638,4.482809970970266,169.10023615998216
lda,rbf,1000,1000,,5000,0.4673138230573386,4.484166325069964,143.3262971380027
pca_50,poly,0.001,0.001,1,5000,0.6570706961210817,0.5737788337282836,234.25708771613427
pca_50,poly,0.001,0.001,2,5000,0.5156062471214682,0.5506469309329987,283.3200796970632
pca_50,poly,0.001,0.001,3,5000,0.48904274706728756,0.5504379710182548,286.4812890707981
pca_50,poly,0.001,0.001,4,5000,0.49485814291983843,0.5504120721016079,287.70170864998363
pca_50,poly,0.001,0.001,5,5000,0.48473903886042535,0.5499741958919913,284.9909504179377
pca_50,poly,0.001,0.01,1,5000,0.4956228097435087,0.547152086161077,92.76444367785007
pca_50,poly,0.001,0.01,2,5000,0.47662179195322096,0.5494763690512627,73.84273761208169
pca_50,poly,0.001,0.01,3,5000,0.47119049611501396,0.5486438949592412,45.26655063009821
pca_50,poly,0.001,0.01,4,5000,0.5259052300825715,0.5479237581603229,28.075568470871076
pca_50,poly,0.001,0.01,5,5000,0.4712740059476346,0.5483859579544514,23.645950861973688
pca_50,poly,0.001,0.1,1,5000,0.47082055592909455,0.550085220951587,32.39370719413273
pca_50,poly,0.001,0.1,2,5000,0.47210319386795163,0.5503221231047064,19.24754886003211
pca_50,poly,0.001,0.1,3,5000,0.4714669540990144,0.5477919050026685,17.330797439906746
pca_50,poly,0.001,0.1,4,5000,0.4713967819698155,0.5481811289209872,17.50359611818567
pca_50,poly,0.001,0.1,5,5000,0.4716541273519397,0.5499157761223614,17.20669963513501
pca_50,poly,0.001,1,1,5000,0.47133942507207394,0.5483540431596339,23.482677004067227
pca_50,poly,0.001,1,2,5000,0.47228755825199187,0.5493933910038322,18.858182704774663
pca_50,poly,0.001,1,3,5000,0.4704456049948931,0.5588252360466868,16.753403997980058
pca_50,poly,0.001,1,4,5000,0.47148850513622165,0.5479215080849826,17.579407293116674
pca_50,poly,0.001,1,5,5000,0.4661855981685221,0.5476467008702457,17.087350007146597
pca_50,poly,0.001,10,1,5000,0.4647196498699486,0.5484248718712479,21.83763403003104
pca_50,poly,0.001,10,2,5000,0.4904364640824497,0.5495026318822056,18.942494541872293
pca_50,poly,0.001,10,3,5000,0.5009143759962171,0.5495309107936919,16.681764469947666
pca_50,poly,0.001,10,4,5000,0.4683275956194848,0.5480909459292889,17.46209310903214
pca_50,poly,0.001,10,5,5000,0.4671581559814513,0.5488647210877389,17.286972580943257
pca_50,poly,0.001,100,1,5000,0.46803170582279563,0.5483834689948708,21.28962691198103
pca_50,poly,0.001,100,2,5000,0.46765893092378974,0.5478022501338273,19.035951408091933
pca_50,poly,0.001,100,3,5000,0.4671117188408971,0.547883691964671,16.802666598930955
pca_50,poly,0.001,100,4,5000,0.46793601498939097,0.5475317491218448,17.617402895819396
pca_50,poly,0.001,100,5,5000,0.4673284038435668,0.5473056021146476,17.34776917891577
pca_50,poly,0.001,1000,1,5000,0.46855895407497883,0.5481434862595052,21.665703152073547
pca_50,poly,0.001,1000,2,5000,0.46847926382906735,0.547910792985931,19.097680815961212
pca_50,poly,0.001,1000,3,5000,0.46689568599686027,0.5490360741969198,16.882291535148397
pca_50,poly,0.001,1000,4,5000,0.4681875358801335,0.549455663189292,17.61620047595352
pca_50,poly,0.001,1000,5,5000,0.4674991809297353,0.5472472361288965,17.26816977513954
pca_50,poly,0.01,0.001,1,5000,0.4688524210359901,0.547938495175913,68.94746870500967
pca_50,poly,0.01,0.001,2,5000,0.4706403349991888,0.5476172408089042,128.54021690087393
pca_50,poly,0.01,0.001,3,5000,0.47000353690236807,0.5493103330954909,151.87915587308817
pca_50,poly,0.01,0.001,4,5000,0.46916214004158974,0.5479440190829337,191.94606857490726
pca_50,poly,0.01,0.001,5,5000,0.47830091370269656,0.6196018939372152,200.4422652029898
pca_50,poly,0.01,0.01,1,5000,0.46882966603152454,0.5224610697478056,34.374216716969386
pca_50,poly,0.01,0.01,2,5000,0.46845766995102167,0.5468929212074727,28.43208612408489
pca_50,poly,0.01,0.01,3,5000,0.4685692712664604,0.548346065916121,21.9108116729185
pca_50,poly,0.01,0.01,4,5000,0.4683682187460363,0.548157460289076,20.963882363168523
pca_50,poly,0.01,0.01,5,5000,0.48223505704663694,0.5506750750355422,19.475739154033363
pca_50,poly,0.01,0.1,1,5000,0.4683012447785586,0.5481089258100837,23.604234483093023
pca_50,poly,0.01,0.1,2,5000,0.4689565380103886,0.5484669450670481,18.401132536120713
pca_50,poly,0.01,0.1,3,5000,0.4694838779978454,0.546675686025992,17.05320033011958
pca_50,poly,0.01,0.1,4,5000,0.46791818691417575,0.5484542937483639,17.602534140925854
pca_50,poly,0.01,0.1,5,5000,0.46866565686650574,0.5482420669868588,17.340100959176198
pca_50,poly,0.01,1,1,5000,0.47017751913517714,0.5477212269324809,22.00696489913389
pca_50,poly,0.01,1,2,5000,0.47586648003198206,0.5473563661798835,19.20733414287679
pca_50,poly,0.01,1,3,5000,0.4698163880966604,0.5500702180434018,16.858647810062394
pca_50,poly,0.01,1,4,5000,0.46823982195928693,0.5480608539655805,17.70800858712755
pca_50,poly,0.01,1,5,5000,0.4808611029293388,0.6685666397679597,17.890889724018052
pca_50,poly,0.01,10,1,5000,0.4695522778201848,0.5483416258357465,21.368185493163764
pca_50,poly,0.01,10,2,5000,0.46918851789087057,0.5482901479117572,19.103637685999274
pca_50,poly,0.01,10,3,5000,0.4683496430516243,0.5486681240145117,16.790622149128467
pca_50,poly,0.01,10,4,5000,0.4682926300447434,0.5480577030684799,17.57059915899299
pca_50,poly,0.01,10,5,5000,0.4699957410339266,0.5500315180979669,17.35977221187204
pca_50,poly,0.01,100,1,5000,0.47183989989571273,0.5477232940029353,21.79017270402983
pca_50,poly,0.01,100,2,5000,0.4696834171190858,0.5518176909536123,19.123757330933586
pca_50,poly,0.01,100,3,5000,0.4682505822274834,0.5501265658531338,16.807021774817258
pca_50,poly,0.01,100,4,5000,0.4681915771216154,0.5495465199928731,17.632982101058587
pca_50,poly,0.01,100,5,5000,0.4759240597486496,0.5500388899818063,17.278451690915972
pca_50,poly,0.01,1000,1,5000,0.4696379220113158,0.5518018328584731,22.35224126605317
pca_50,poly,0.01,1000,2,5000,0.47188153583556414,0.5502814047504216,19.0932421348989
pca_50,poly,0.01,1000,3,5000,0.4697549131233245,0.550512338988483,16.877932691946626
pca_50,poly,0.01,1000,4,5000,0.46926498296670616,0.5496153130661696,17.602934705093503
pca_50,poly,0.01,1000,5,5000,0.4685340472497046,0.5483098591212183,17.272491317940876
pca_50,poly,0.1,0.001,1,5000,0.4686511461623013,0.5486272857524455,34.435242976062
pca_50,poly,0.1,0.001,2,5000,0.47076337481848896,0.5505714281462133,55.23195992712863
pca_50,poly,0.1,0.001,3,5000,0.47166028898209333,0.5484236769843847,70.35603459202684
pca_50,poly,0.1,0.001,4,5000,0.47042104811407626,0.5258501810021698,107.53595684305765
pca_50,poly,0.1,0.001,5,5000,0.46988775907084346,0.5493806616868824,133.64082426694222
pca_50,poly,0.1,0.01,1,5000,0.4697321329731494,0.548740005819127,23.69850188214332
pca_50,poly,0.1,0.01,2,5000,0.47083128802478313,0.548291405197233,20.245952606899664
pca_50,poly,0.1,0.01,3,5000,0.46985518326982856,0.5506019731983542,17.868385575013235
pca_50,poly,0.1,0.01,4,5000,0.47183856507763267,0.5504287199582905,18.611028054961935
pca_50,poly,0.1,0.01,5,5000,0.46945132594555616,0.5508223951328546,17.855699435109273
pca_50,poly,0.1,0.1,1,5000,0.4702831900212914,0.5507515920326114,22.153079337906092
pca_50,poly,0.1,0.1,2,5000,0.4717630429659039,0.547983311349526,18.894341591978446
pca_50,poly,0.1,0.1,3,5000,0.46886439295485616,0.5497859350871295,16.938039967790246
pca_50,poly,0.1,0.1,4,5000,0.468222196912393,0.5482776199933141,17.536135134054348
pca_50,poly,0.1,0.1,5,5000,0.4786596419289708,0.5491036039311439,17.326111832866445
pca_50,poly,0.1,1,1,5000,0.4702254990115762,0.5487771201878786,21.43439328414388
pca_50,poly,0.1,1,2,5000,0.4712695269845426,0.5501431059092283,19.139834007015452
pca_50,poly,0.1,1,3,5000,0.4691788398195058,0.5484573617577553,16.85094805015251
pca_50,poly,0.1,1,4,5000,0.4678427563048899,0.550110538257286,17.727577765006572
pca_50,poly,0.1,1,5,5000,0.4695805951487273,0.5488363238982856,17.28817038005218
pca_50,poly,0.1,10,1,5000,0.46966434898786247,0.5490268410649151,21.851111850934103
pca_50,poly,0.1,10,2,5000,0.46910504600964487,0.5491611859761178,19.20614260691218
pca_50,poly,0.1,10,3,5000,0.46844946197234094,0.6121281089726835,16.87007120717317
pca_50,poly,0.1,10,4,5000,0.4686948349699378,0.549696568865329,17.686396768083796
pca_50,poly,0.1,10,5,5000,0.4687077049165964,0.5522880451753736,17.470127791864797
pca_50,poly,0.1,100,1,5000,0.4820955181494355,0.5502051201183349,22.414491426898167
pca_50,poly,0.1,100,2,5000,0.4707734689582139,0.5500395887065679,19.200783102074638
pca_50,poly,0.1,100,3,5000,0.4687431580387056,0.5493891148362309,16.89467327389866
pca_50,poly,0.1,100,4,5000,0.4720660480670631,0.5495778999757022,17.732833760092035
pca_50,poly,0.1,100,5,5000,0.47058417997322977,0.5490963060874492,17.392311359988526
pca_50,poly,0.1,1000,1,5000,0.4714380109217018,0.5500482846982777,22.363473064964637
pca_50,poly,0.1,1000,2,5000,0.4705105279572308,0.5516196012031287,19.187889040913433
pca_50,poly,0.1,1000,3,5000,0.4709688338916749,0.5505490920040756,16.941222828812897
pca_50,poly,0.1,1000,4,5000,0.4696183390915394,0.5501821499783546,17.68188264989294
pca_50,poly,0.1,1000,5,5000,0.47021504305303097,0.5513005859684199,17.344810463953763
pca_50,poly,1,0.001,1,5000,0.4708561368752271,0.5507960149552673,23.73812729702331
pca_50,poly,1,0.001,2,5000,0.4707954660989344,0.5607444131746888,28.519134107977152
pca_50,poly,1,0.001,3,5000,0.4699026681482792,0.5488382719922811,34.31856452696957
pca_50,poly,1,0.001,4,5000,0.4714614551048726,0.5494306890759617,53.33886351506226
pca_50,poly,1,0.001,5,5000,0.46961452276445925,0.5519883951637894,70.78903341991827
pca_50,poly,1,0.01,1,5000,0.4687595709692687,0.548750386107713,22.229437625035644
pca_50,poly,1,0.01,2,5000,0.4679204300045967,0.5498641547746956,18.355275385081768
pca_50,poly,1,0.01,3,5000,0.4677830580621958,0.54831508314237,17.282468065153807
pca_50,poly,1,0.01,4,5000,0.46773770987056196,0.52738838782534,17.747528189094737
pca_50,poly,1,0.01,5,5000,0.46794221620075405,0.5518439768347889,17.27640309301205
pca_50,poly,1,0.1,1,5000,0.46891788206994534,0.5496159468311816,21.362011095043272
pca_50,poly,1,0.1,2,5000,0.4678877228870988,0.5508048147894442,19.047534078825265
pca_50,poly,1,0.1,3,5000,0.4690002028364688,0.5511894410010427,16.92013351805508
pca_50,poly,1,0.1,4,5000,0.46839131508022547,0.5505311898887157,17.524957108078524
pca_50,poly,1,0.1,5,5000,0.4693544569890946,0.5532242038752884,17.277082938933745
pca_50,poly,1,1,1,5000,0.47202859283424914,0.6666983438190073,21.7965396840591
pca_50,poly,1,1,2,5000,0.46995685691945255,0.5520148461218923,19.138737427070737
pca_50,poly,1,1,3,5000,0.46863056789152324,0.5525787367951125,16.833330412162468
pca_50,poly,1,1,4,5000,0.46841085399501026,0.5505432479549199,17.68560096086003
pca_50,poly,1,1,5,5000,0.46765055786818266,0.5499917070847005,17.273946868954226
pca_50,poly,1,10,1,5000,0.4681637389585376,0.5499849151819944,22.39736071205698
pca_50,poly,1,10,2,5000,0.46921081212349236,0.5505114200059325,19.11826169397682
pca_50,poly,1,10,3,5000,0.4680145389866084,0.550415714038536,16.809371543116868
pca_50,poly,1,10,4,5000,0.46826838119886816,0.5512916510924697,17.588101915083826
pca_50,poly,1,10,5,5000,0.4711926802992821,0.5505870620254427,17.379221654031426
pca_50,poly,1,100,1,5000,0.4710263228043914,0.5520857458468527,22.263962402939796
pca_50,poly,1,100,2,5000,0.4710085557308048,0.552153215976432,19.079013149021193
pca_50,poly,1,100,3,5000,0.4772166640032083,0.5516227928455919,16.80064129177481
pca_50,poly,1,100,4,5000,0.4701410881243646,0.5504882400855422,17.626008182996884
pca_50,poly,1,100,5,5000,0.4703215630725026,0.5496580540202558,17.285332415020093
pca_50,poly,1,1000,1,5000,0.4713606210425496,0.5501136360689998,22.29940781602636
pca_50,poly,1,1000,2,5000,0.4731023721396923,0.553114625858143,19.03965070587583
pca_50,poly,1,1000,3,5000,0.47107860213145614,0.5505368572194129,16.8395792869851
pca_50,poly,1,1000,4,5000,0.4748190750833601,0.5528618430253118,17.569733649026603
pca_50,poly,1,1000,5,5000,0.47030290798284113,0.5512301307171583,17.261852432973683
pca_50,poly,10,0.001,1,5000,0.47128996113315225,0.5508730872534215,22.08698975481093
pca_50,poly,10,0.001,2,5000,0.4702293558511883,0.5513354721479118,20.247585379052907
pca_50,poly,10,0.001,3,5000,0.47016819613054395,0.5507023481186479,21.82271676696837
pca_50,poly,10,0.001,4,5000,0.471267414977774,0.55223468109034,29.700252652866766
pca_50,poly,10,0.001,5,5000,0.4709391980431974,0.551747864112258,38.747929523000494
pca_50,poly,10,0.01,1,5000,0.471316538983956,0.5508440791163594,21.386225113878027
pca_50,poly,10,0.01,2,5000,0.47291526407934725,0.5513440000358969,18.8205640418455
pca_50,poly,10,0.01,3,5000,0.4739462551660836,0.5310477837920189,16.84598575811833
pca_50,poly,10,0.01,4,5000,0.4713795038405806,0.5520635258872062,17.54165016603656
pca_50,poly,10,0.01,5,5000,0.47288246592506766,0.5530345051083714,17.279035697923973
pca_50,poly,10,0.1,1,5000,0.4724403109867126,0.5527635449543595,21.907880297861993
pca_50,poly,10,0.1,2,5000,0.46830965811386704,0.5499370889738202,19.083920000120997
pca_50,poly,10,0.1,3,5000,0.47239345381967723,0.5504197031259537,16.942093525081873
pca_50,poly,10,0.1,4,5000,0.4722814247943461,0.5514574276749045,17.60113667906262
pca_50,poly,10,0.1,5,5000,0.47207973315380514,0.5524304441642016,17.317520100157708
pca_50,poly,10,1,1,5000,0.4716524570249021,0.5525316668208688,22.442505807848647
pca_50,poly,10,1,2,5000,0.47157521406188607,0.5521492147818208,19.15154306194745
pca_50,poly,10,1,3,5000,0.471819459926337,0.5517687927931547,16.84110933286138
pca_50,poly,10,1,4,5000,0.4700684689451009,0.5507328829262406,17.703777889953926
pca_50,poly,10,1,5,5000,0.469267345033586,0.5501590888015926,17.3244759819936
pca_50,poly,10,10,1,5000,0.47123399493284523,0.5504564319271594,22.407370924949646
pca_50,poly,10,10,2,5000,0.47021337202750146,0.5510387979447842,19.118503706064075
pca_50,poly,10,10,3,5000,0.47194952983409166,0.5509205649141222,16.816621073056012
pca_50,poly,10,10,4,5000,0.4687194279395044,0.5513505572453141,17.601600429974496
pca_50,poly,10,10,5,5000,0.4697587180417031,0.550312435021624,17.406923736911267
pca_50,poly,10,100,1,5000,0.4693589713424444,0.549891954055056,22.322595393983647
pca_50,poly,10,100,2,5000,0.46983079705387354,0.5509457951411605,19.11963322199881
pca_50,poly,10,100,3,5000,0.46895241597667336,0.5509590830188245,16.84473319305107
pca_50,poly,10,100,4,5000,0.47023986210115254,0.5508904128801078,17.645879697985947
pca_50,poly,10,100,5,5000,0.47360235010273755,0.5502017128746957,17.34556268597953
pca_50,poly,10,1000,1,5000,0.4709376839455217,0.55217145383358,22.319912559818476
pca_50,poly,10,1000,2,5000,0.4714251412078738,0.5513566380832344,19.078413320938125
pca_50,poly,10,1000,3,5000,0.4701022289227694,0.551426556892693,16.871484782081097
pca_50,poly,10,1000,4,5000,0.4705409880261868,0.5516238259151578,17.59113670187071
pca_50,poly,10,1000,5,5000,0.4707445460371673,0.5521905801724643,17.27639659587294
pca_50,poly,100,0.001,1,5000,0.46942843100987375,0.5530180018395185,21.383411727147177
pca_50,poly,100,0.001,2,5000,0.46843355894088745,0.5541826111730188,18.25989679293707
pca_50,poly,100,0.001,3,5000,0.4689308220986277,0.551198469242081,17.873200453119352
pca_50,poly,100,0.001,4,5000,0.46959734498523176,0.5499302928801626,20.902897294145077
pca_50,poly,100,0.001,5,5000,0.4698362280614674,0.5515613169409335,24.750540176173672
pca_50,poly,100,0.01,1,5000,0.4685628169681877,0.5527366178575903,21.774050089064986
pca_50,poly,100,0.01,2,5000,0.46772274700924754,0.5519019269850105,19.039143729023635
pca_50,poly,100,0.01,3,5000,0.4683138302061707,0.5512781280558556,16.85634375293739
pca_50,poly,100,0.01,4,5000,0.4682387509383261,0.5509697669185698,17.559517609188333
pca_50,poly,100,0.01,5,5000,0.4683613139204681,0.5510317040607333,17.330389476846904
pca_50,poly,100,0.1,1,5000,0.46903746319003403,0.5522326240316033,22.34367221989669
pca_50,poly,100,0.1,2,5000,0.4681258408818394,0.5512187560088933,19.051402863115072
pca_50,poly,100,0.1,3,5000,0.4686975821387023,0.551161389099434,16.92755419295281
pca_50,poly,100,0.1,4,5000,0.47971491888165474,0.5513116719666868,17.536513528088108
pca_50,poly,100,0.1,5,5000,0.47072918410412967,0.5544471980538219,17.26218623481691
pca_50,poly,100,1,1,5000,0.4700633087195456,0.5505580210592598,22.317153168143705
pca_50,poly,100,1,2,5000,0.47009255993179977,0.5522203000728041,19.111401868984103
pca_50,poly,100,1,3,5000,0.4702579218428582,0.5531278278212994,16.802378964144737
pca_50,poly,100,1,4,5000,0.47170819411985576,0.5528151320759207,17.667013992089778
pca_50,poly,100,1,5,5000,0.4707514198962599,0.554623416159302,17.271316494094208
pca_50,poly,100,10,1,5000,0.4694345761090517,0.5522379090543836,22.33152243006043
pca_50,poly,100,10,2,5000,0.4715057569555938,0.5516335498541594,19.05663867900148
pca_50,poly,100,10,3,5000,0.4702177320141345,0.5517513167578727,16.76783624710515
pca_50,poly,100,10,4,5000,0.47010412719100714,0.5520767318084836,17.564598945900798
pca_50,poly,100,10,5,5000,0.46853124420158565,0.5503540660720319,17.386406393023208
pca_50,poly,100,100,1,5000,0.469975900137797,0.5512868051882833,22.285273407120258
pca_50,poly,100,100,2,5000,0.46915931114926934,0.5522261159494519,19.11597867216915
pca_50,poly,100,100,3,5000,0.4692382519133389,0.55206289421767,16.831206684932113
pca_50,poly,100,100,4,5000,0.46944424021057785,0.5521739970427006,17.64565990981646
pca_50,poly,100,100,5,5000,0.46921593393199146,0.5532981138676405,17.3249241579324
pca_50,poly,100,1000,1,5000,0.4696075690444559,0.5523939579725266,22.338027816964313
pca_50,poly,100,1000,2,5000,0.47469385992735624,0.5540142511017621,19.077129667857662
pca_50,poly,100,1000,3,5000,0.4680263011250645,0.5513220359571278,16.866333208046854
pca_50,poly,100,1000,4,5000,0.46953547769226134,0.5508263069204986,17.612246081000194
pca_50,poly,100,1000,5,5000,0.47034302074462175,0.5512482000049204,17.289795350981876
pca_50,poly,1000,0.001,1,5000,0.47123625595122576,0.5528323450125754,21.71362118399702
pca_50,poly,1000,0.001,2,5000,0.46946502197533846,0.5510266139172018,19.00861605303362
pca_50,poly,1000,0.001,3,5000,0.4689475630875677,0.551814302103594,17.483974666101858
pca_50,poly,1000,0.001,4,5000,0.4704555389471352,0.5517256730236113,18.53236285201274
pca_50,poly,1000,0.001,5,5000,0.47055550501681864,0.638479522196576,19.741935898084193
pca_50,poly,1000,0.01,1,5000,0.4690238928887993,0.528186981100589,22.52550662192516
pca_50,poly,1000,0.01,2,5000,0.4710806319490075,0.5523355798795819,19.069204547209665
pca_50,poly,1000,0.01,3,5000,0.46967765130102634,0.5534425938967615,16.88913808297366
pca_50,poly,1000,0.01,4,5000,0.46969198202714324,0.5513501579407603,17.582651800010353
pca_50,poly,1000,0.01,5,5000,0.4693077278789133,0.5505366481374949,17.344862359110266
pca_50,poly,1000,0.1,1,5000,0.46849368792027235,0.5510740641038865,22.304076205939054
pca_50,poly,1000,0.1,2,5000,0.4700134717859328,0.5505596389994025,19.131088966038078
pca_50,poly,1000,0.1,3,5000,0.470280408160761,0.5522574409842491,16.95503746997565
pca_50,poly,1000,0.1,4,5000,0.4702761019580066,0.5510308530647308,17.562789098126814
pca_50,poly,1000,0.1,5,5000,0.4742882128339261,0.5509924192447215,17.305553019978106
pca_50,poly,1000,1,1,5000,0.47082625422626734,0.5508950978983194,22.361772818956524
pca_50,poly,1000,1,2,5000,0.47086537280119956,0.5500894470605999,19.14816491608508
pca_50,poly,1000,1,3,5000,0.4706929309759289,0.5509919668547809,16.847844521980733
pca_50,poly,1000,1,4,5000,0.47106484696269035,0.5519426169339567,17.69695638306439
pca_50,poly,1000,1,5,5000,0.468591480050236,0.5509717110544443,17.276136947097257
pca_50,poly,1000,10,1,5000,0.4700598509516567,0.5506015678402036,22.385543616022915
pca_50,poly,1000,10,2,5000,0.4686573757790029,0.5512566701509058,19.10043918294832
pca_50,poly,1000,10,3,5000,0.4686113891657442,0.5506555591709912,16.79873077222146
pca_50,poly,1000,10,4,5000,0.46889418200589716,0.5509011757094413,17.604426324833184
pca_50,poly,1000,10,5,5000,0.4694850128144026,0.5511747270356864,17.411253647878766
pca_50,poly,1000,100,1,5000,0.46965868724510074,0.5511785617563874,22.31101916707121
pca_50,poly,1000,100,2,5000,0.46860083006322384,0.5502042500302196,19.105653495062143
pca_50,poly,1000,100,3,5000,0.4690317017957568,0.5524368491023779,16.82864140183665
pca_50,poly,1000,100,4,5000,0.46975327120162547,0.5509207721333951,17.66194993420504
pca_50,poly,1000,100,5,5000,0.4696909259073436,0.5505051491782069,17.312069110106677
pca_50,poly,1000,1000,1,5000,0.47166146407835186,0.5515632377937436,22.32184814987704
pca_50,poly,1000,1000,2,5000,0.4689802951179445,0.5505834959913045,19.073482709936798
pca_50,poly,1000,1000,3,5000,0.46841996093280613,0.5509862280450761,16.86104248999618
pca_50,poly,1000,1000,4,5000,0.46921225800178945,0.55053994897753,17.60450748517178
pca_50,poly,1000,1000,5,5000,0.4703367918264121,0.577531767077744,17.282122486969456
pca_100,poly,0.001,0.001,1,5000,0.5449034501798451,0.7236072211526334,385.62445214996114
pca_100,poly,0.001,0.001,2,5000,0.4749790821224451,0.7247978919185698,492.5023251469247
pca_100,poly,0.001,0.001,3,5000,0.47256500204093754,0.7536882399581373,497.9119728759397
pca_100,poly,0.001,0.001,4,5000,0.48589093796908855,0.7194788919296116,498.03056865395047
pca_100,poly,0.001,0.001,5,5000,0.4723718189634383,0.7205195613205433,497.77315606107004
pca_100,poly,0.001,0.01,1,5000,0.4808956980705261,0.7207663890440017,160.84099344187416
pca_100,poly,0.001,0.01,2,5000,0.4840648090466857,0.720826025120914,127.570433660876
pca_100,poly,0.001,0.01,3,5000,0.4991714998614043,0.7205655549187213,77.83797470992431
pca_100,poly,0.001,0.01,4,5000,0.48650213121436536,0.7208780590444803,67.11078837607056
pca_100,poly,0.001,0.01,5,5000,0.48059767414815724,0.7211824317928404,56.924032244831324
pca_100,poly,0.001,0.1,1,5000,0.47142754890955985,0.7238560039550066,79.13412291090935
pca_100,poly,0.001,0.1,2,5000,0.48080607620067894,0.7207069171126932,45.4051937609911
pca_100,poly,0.001,0.1,3,5000,0.4801474909763783,0.7222641101107001,37.62851289403625
pca_100,poly,0.001,0.1,4,5000,0.4808094429317862,0.7215771130286157,43.73056183592416
pca_100,poly,0.001,0.1,5,5000,0.48136346880346537,0.7223653229884803,42.19630973297171
pca_100,poly,0.001,1,1,5000,0.4806424949783832,0.7622121258173138,51.43433152302168
pca_100,poly,0.001,1,2,5000,0.4811584127601236,0.7244118202943355,38.265249179909006
pca_100,poly,0.001,1,3,5000,0.4739857339300215,0.7181877589318901,36.812409778824076
pca_100,poly,0.001,1,4,5000,0.4718535360880196,0.7280151008162647,41.84818512015045
pca_100,poly,0.001,1,5,5000,0.4832289949990809,0.7254172603134066,44.26639210106805
pca_100,poly,0.001,10,1,5000,0.47147810086607933,0.7158086868003011,44.33569201501086
pca_100,poly,0.001,10,2,5000,0.48146849288605154,0.7268042170908302,40.49080337001942
pca_100,poly,0.001,10,3,5000,0.4836413189768791,0.7154010820668191,37.81823064596392
pca_100,poly,0.001,10,4,5000,0.4819402808789164,0.7183105181902647,43.77646694309078
pca_100,poly,0.001,10,5,5000,0.4802873730659485,0.7195381298661232,41.9011975559406
pca_100,poly,0.001,100,1,5000,0.4757203799672425,0.7278053741902113,44.36677929293364
pca_100,poly,0.001,100,2,5000,0.4735251066740602,0.7207127057481557,38.200055576860905
pca_100,poly,0.001,100,3,5000,0.4757379631046206,0.7186500732786953,39.92788161104545
pca_100,poly,0.001,100,4,5000,0.4709794442169368,0.7195665067993104,41.884242633823305
pca_100,poly,0.001,100,5,5000,0.48104380699805915,0.7195178677793592,45.53821197291836
pca_100,poly,0.001,1000,1,5000,0.4804251620080322,0.7183834051247686,46.977672001114115
pca_100,poly,0.001,1000,2,5000,0.4809170220978558,0.7201752609107643,41.173519511008635
pca_100,poly,0.001,1000,3,5000,0.4826378379948437,0.7169319330714643,39.3448714511469
pca_100,poly,0.001,1000,4,5000,0.4854314527474344,0.7291988807264715,41.84977381885983
pca_100,poly,0.001,1000,5,5000,0.4811004321090877,0.7212122587952763,42.04954237001948
pca_100,poly,0.01,0.001,1,5000,0.490778619190678,0.722213844070211,160.85101158590987
pca_100,poly,0.01,0.001,2,5000,0.4810646651312709,0.7208105348981917,307.78987363982014
pca_100,poly,0.01,0.001,3,5000,0.47946751792915165,0.7262433459982276,355.43501623906195
pca_100,poly,0.01,0.001,4,5000,0.47099806484766304,0.7193158708978444,458.09203665005043
pca_100,poly,0.01,0.001,5,5000,0.47095195297151804,0.7255315429065377,470.199956479948
pca_100,poly,0.01,0.01,1,5000,0.4887855851557106,0.7233520022127777,78.6041602070909
pca_100,poly,0.01,0.01,2,5000,0.4762282930314541,0.721506220055744,67.48271929216571
pca_100,poly,0.01,0.01,3,5000,0.4828165478538722,0.7204183128196746,47.8849110819865
pca_100,poly,0.01,0.01,4,5000,0.4817912799771875,0.7208383500110358,50.716617200057954
pca_100,poly,0.01,0.01,5,5000,0.48071685479953885,0.7199732779990882,46.10073270089924
pca_100,poly,0.01,0.1,1,5000,0.47385104186832905,0.7208734841551632,55.68426290410571
pca_100,poly,0.01,0.1,2,5000,0.4796945091802627,0.7283357251435518,39.93184112315066
pca_100,poly,0.01,0.1,3,5000,0.47082816786132753,0.7221163448411971,36.99626345303841
pca_100,poly,0.01,0.1,4,5000,0.4799129299353808,0.7193705039098859,41.59264337015338
pca_100,poly,0.01,0.1,5,5000,0.47044681292027235,0.7193721181247383,41.88737162202597
pca_100,poly,0.01,1,1,5000,0.47100181109271944,0.7256569780874997,44.3707761769183
pca_100,poly,0.01,1,2,5000,0.472537700785324,0.7827781289815903,40.18001226009801
pca_100,poly,0.01,1,3,5000,0.4721219369675964,0.7210156279616058,36.81326437392272
pca_100,poly,0.01,1,4,5000,0.4814009361434728,0.7137730359099805,43.81310738995671
pca_100,poly,0.01,1,5,5000,0.4710429881233722,0.7176012699492276,41.7633287939243
pca_100,poly,0.01,10,1,5000,0.4843272480648011,0.7166555391158909,44.38339216099121
pca_100,poly,0.01,10,2,5000,0.48172563314437866,0.7199851570185274,38.11281181988306
pca_100,poly,0.01,10,3,5000,0.4745313578750938,0.7181870129425079,37.423443000996485
pca_100,poly,0.01,10,4,5000,0.47142881294712424,0.7175529280211776,41.87990782293491
pca_100,poly,0.01,10,5,5000,0.48036567820236087,0.7143333221320063,44.50041687395424
pca_100,poly,0.01,100,1,5000,0.48452520510181785,0.714815067127347,45.96629719086923
pca_100,poly,0.01,100,2,5000,0.4712722050026059,0.7772267328109592,38.26590217789635
pca_100,poly,0.01,100,3,5000,0.4702952541410923,0.7234684301074594,36.84271772601642
pca_100,poly,0.01,100,4,5000,0.4817216540686786,0.7221145222429186,41.41603006585501
pca_100,poly,0.01,100,5,5000,0.47193847014568746,0.7211034949868917,41.767411414999515
pca_100,poly,0.01,1000,1,5000,0.47832774091511965,0.7198381249327213,46.50840098201297
pca_100,poly,0.01,1000,2,5000,0.48049836908467114,0.720928625902161,38.1752997089643
pca_100,poly,0.01,1000,3,5000,0.4734484269283712,0.7204737239517272,37.049189616926014
pca_100,poly,0.01,1000,4,5000,0.4807148231193423,0.7182261568959802,41.8469293131493
pca_100,poly,0.01,1000,5,5000,0.482739265775308,0.7222813782282174,41.936125797918066
pca_100,poly,0.1,0.001,1,5000,0.48062177491374314,0.7194705251604319,82.89697351609357
pca_100,poly,0.1,0.001,2,5000,0.47781649930402637,0.7178484338801354,129.66137838200666
pca_100,poly,0.1,0.001,3,5000,0.4731796111445874,0.72196931601502,163.44776517897844
pca_100,poly,0.1,0.001,4,5000,0.4811746790073812,0.7208344452083111,253.37802281486802
pca_100,poly,0.1,0.001,5,5000,0.47484847414307296,0.732668740907684,309.6214010010008
pca_100,poly,0.1,0.01,1,5000,0.4803995480760932,0.7156798297073692,51.593721805140376
pca_100,poly,0.1,0.01,2,5000,0.4697130669374019,0.7192534930072725,42.56972183007747
pca_100,poly,0.1,0.01,3,5000,0.4810757930390537,0.7211009922903031,41.72931793797761
pca_100,poly,0.1,0.01,4,5000,0.7184869677294046,0.7724773189984262,42.40269893896766
pca_100,poly,0.1,0.01,5,5000,0.5354611498769373,0.720662992913276,42.09918294893578
pca_100,poly,0.1,0.1,1,5000,0.5403185992036015,0.7204289648216218,44.36188909295015
pca_100,poly,0.1,0.1,2,5000,0.5055163998622447,0.7200184881221503,38.09949866402894
pca_100,poly,0.1,0.1,3,5000,0.4889256360474974,0.7211494988296181,36.89242946496233
pca_100,poly,0.1,0.1,4,5000,0.4906818822491914,0.7247389098629355,41.95348804281093
pca_100,poly,0.1,0.1,5,5000,0.4852600200101733,0.7248977147974074,42.61242735595442
pca_100,poly,0.1,1,1,5000,0.4898944760207087,0.7228857050649822,42.335853761062026
pca_100,poly,0.1,1,2,5000,0.4785373918712139,0.7857777879107744,40.665644041029736
pca_100,poly,0.1,1,3,5000,0.48510991176590323,0.7298853560350835,37.18062940007076
pca_100,poly,0.1,1,4,5000,0.48382743704132736,0.7199741199146956,44.33658930892125
pca_100,poly,0.1,1,5,5000,0.4756134261842817,0.7199157988652587,41.771754286950454
pca_100,poly,0.1,10,1,5000,0.48535865475423634,0.7188871309626848,48.037795782787725
pca_100,poly,0.1,10,2,5000,0.4849092031363398,0.719991402933374,38.183534072944894
pca_100,poly,0.1,10,3,5000,0.48377542989328504,0.7240256522782147,37.39513532305136
pca_100,poly,0.1,10,4,5000,0.4847722190897912,0.7208650188986212,41.53412631689571
pca_100,poly,0.1,10,5,5000,0.48680555494502187,0.7290071903262287,45.63676870986819
pca_100,poly,0.1,100,1,5000,0.4831548919901252,0.7217307260725647,46.707403532927856
pca_100,poly,0.1,100,2,5000,0.47048935992643237,0.73079853085801,39.543601740151644
pca_100,poly,0.1,100,3,5000,0.47192964400164783,0.7224419331178069,36.767493715975434
pca_100,poly,0.1,100,4,5000,0.46898042713291943,0.721557630924508,43.16387989115901
pca_100,poly,0.1,100,5,5000,0.47072876896709204,0.7223442338872701,41.85337539599277
pca_100,poly,0.1,1000,1,5000,0.4776454051025212,0.7268370599485934,48.73420820408501
pca_100,poly,0.1,1000,2,5000,0.4703862580936402,0.7192877838388085,38.22686634818092
pca_100,poly,0.1,1000,3,5000,0.46852800715714693,0.7183031840249896,37.91227571107447
pca_100,poly,0.1,1000,4,5000,0.46982357278466225,0.722711191046983,41.48506499105133
pca_100,poly,0.1,1000,5,5000,0.47011851193383336,0.7202971000224352,42.02721664309502
pca_100,poly,1,0.001,1,5000,0.47528369911015034,0.7519416008144617,51.498675766866654
pca_100,poly,1,0.001,2,5000,0.469326953869313,0.7373214622493833,63.500935432035476
pca_100,poly,1,0.001,3,5000,0.4706389179918915,0.7355219188611954,78.93616123287939
pca_100,poly,1,0.001,4,5000,0.5965631881263107,0.8482438139617443,160.4584912848659
pca_100,poly,1,0.001,5,5000,1.316273741889745,3.70897303102538,255.5622955369763
pca_100,poly,1,0.01,1,5000,1.5071593599859625,3.3257037680596113,79.29427797999233
pca_100,poly,1,0.01,2,5000,1.4200119287706912,4.296348431846127,72.64650506689213
pca_100,poly,1,0.01,3,5000,1.0922515420243144,3.88276085187681,72.42230873811059
pca_100,poly,1,0.01,4,5000,0.7366827628575265,2.7270147220697254,76.01500693405978
pca_100,poly,1,0.01,5,5000,1.2520231842063367,2.202142267022282,84.07320042815991
pca_100,poly,1,0.1,1,5000,2.332898242166266,3.3075992153026164,84.55472285696305
pca_100,poly,1,0.1,2,5000,1.902604057919234,5.068621871992946,75.1290971019771
pca_100,poly,1,0.1,3,5000,2.5386521560139954,3.638724146876484,67.09774696291424
pca_100,poly,1,0.1,4,5000,2.693038508994505,3.4050394310615957,84.18901153490879
pca_100,poly,1,0.1,5,5000,2.3910164770204574,3.250359622994438,86.58950896305032
pca_100,poly,1,1,1,5000,2.233154668007046,3.846242578001693,91.10986539092846
pca_100,poly,1,1,2,5000,2.569700069958344,3.7013048857916147,85.09095328697003
pca_100,poly,1,1,3,5000,1.1664423602633178,0.70341826393269,36.97836932097562
pca_100,poly,1,1,4,5000,0.6792778521776199,0.7123020961880684,41.64840956986882
pca_100,poly,1,1,5,5000,0.6457540260162205,0.7110490819904953,42.24345484585501
pca_100,poly,1,10,1,5000,0.6564468541182578,0.7209910091478378,47.64162870612927
pca_100,poly,1,10,2,5000,0.5986042940057814,0.7101249736733735,40.074449363164604
pca_100,poly,1,10,3,5000,0.5762896749656647,0.7376613770611584,37.49942547897808
pca_100,poly,1,10,4,5000,0.5347540299408138,0.735853458987549,43.91934724384919
pca_100,poly,1,10,5,5000,0.5312677710317075,0.740644141798839,43.09551061782986
pca_100,poly,1,100,1,5000,0.5232351080048829,0.7148881158791482,47.529345081187785
pca_100,poly,1,100,2,5000,0.47792742494493723,0.7376554501242936,39.700421838089824
pca_100,poly,1,100,3,5000,0.48008757596835494,0.7351644970476627,37.41329762083478
pca_100,poly,1,100,4,5000,0.47697644820436835,0.7351397299207747,43.2915461268276
pca_100,poly,1,100,5,5000,0.4775573522783816,0.7409873299766332,42.494451680919155
pca_100,poly,1,1000,1,5000,0.47772533912211657,0.7361682837363333,48.33198938309215
pca_100,poly,1,1000,2,5000,0.47785123996436596,0.7386928219348192,38.86397763504647
pca_100,poly,1,1000,3,5000,0.4771873950958252,0.7333464701659977,37.87655096990056
pca_100,poly,1,1000,4,5000,0.479585801018402,0.7320934038143605,42.2174766859971
pca_100,poly,1,1000,5,5000,0.47715039225295186,0.7337776222266257,42.708045611856505
pca_100,poly,10,0.001,1,5000,0.4795884299091995,0.7373530222103,45.22440661606379
pca_100,poly,10,0.001,2,5000,0.4780998120550066,0.7333052791655064,45.497575824847445
pca_100,poly,10,0.001,3,5000,0.4778595210518688,0.7346465080045164,48.61562146805227
pca_100,poly,10,0.001,4,5000,0.47717389697209,0.7374065718613565,69.59516042214818
pca_100,poly,10,0.001,5,5000,0.47740077297203243,0.723563440144062,89.42836949112825
pca_100,poly,10,0.01,1,5000,0.47832895489409566,0.7353619150817394,43.196010424988344
pca_100,poly,10,0.01,2,5000,0.48034449201077223,0.7328317801002413,38.76587438909337
pca_100,poly,10,0.01,3,5000,0.47607951587997377,0.7312486069276929,38.09868949488737
pca_100,poly,10,0.01,4,5000,0.4793656268157065,0.7341718857642263,42.25410459609702
pca_100,poly,10,0.01,5,5000,0.47917229402810335,0.7376435548067093,43.447422679979354
pca_100,poly,10,0.1,1,5000,0.4768015327863395,0.7325107390061021,46.94515992095694
pca_100,poly,10,0.1,2,5000,0.4797380310483277,0.7332850547973067,40.23594961105846
pca_100,poly,10,0.1,3,5000,0.4784852131269872,0.7353099579922855,37.56590960593894
pca_100,poly,10,0.1,4,5000,0.47854349203407764,0.7413047128356993,42.279076860053465
pca_100,poly,10,0.1,5,5000,0.47936157905496657,0.7385550227481872,43.01079943589866
pca_100,poly,10,1,1,5000,0.47688005794771016,0.7487511609215289,47.54218699899502
pca_100,poly,10,1,2,5000,0.47695101075805724,0.7357372757978737,38.96097953803837
pca_100,poly,10,1,3,5000,0.478144550928846,0.7338172788731754,37.49725516093895
pca_100,poly,10,1,4,5000,0.47808221890591085,0.7362067680805922,42.18760323594324
pca_100,poly,10,1,5,5000,0.47798176296055317,0.7357081712689251,42.47796218213625
pca_100,poly,10,10,1,5000,0.47690094681456685,0.7358381298836321,47.40948467282578
pca_100,poly,10,10,2,5000,0.47756515676155686,0.7398566599003971,38.72354656504467
pca_100,poly,10,10,3,5000,0.4778705588541925,0.7119446459691972,37.45256350305863
pca_100,poly,10,10,4,5000,0.4762611340265721,0.7105881022289395,42.16933274688199
pca_100,poly,10,10,5,5000,0.4774632640182972,0.7338832581881434,42.73144275904633
pca_100,poly,10,100,1,5000,0.47871052008122206,0.7398423980921507,47.4879444160033
pca_100,poly,10,100,2,5000,0.4809806989505887,0.7341412550304085,39.690762338927016
pca_100,poly,10,100,3,5000,0.47768584988079965,0.734792856965214,37.472427100874484
pca_100,poly,10,100,4,5000,0.4771648629102856,0.7371287387795746,42.36565739614889
pca_100,poly,10,100,5,5000,0.47918325779028237,0.7307534881401807,42.706366803031415
pca_100,poly,10,1000,1,5000,0.47803111490793526,0.7345754117704928,47.374522723956034
pca_100,poly,10,1000,2,5000,0.4817433028947562,0.7373135022353381,38.84808899206109
pca_100,poly,10,1000,3,5000,0.477144607109949,0.7346963938325644,37.51528187189251
pca_100,poly,10,1000,4,5000,0.47749482397921383,0.7358839649241418,42.25586735806428
pca_100,poly,10,1000,5,5000,0.47777576884254813,0.7376251220703125,42.73034348501824
pca_100,poly,100,0.001,1,5000,0.47882136213593185,0.744027293054387,43.05547761893831
pca_100,poly,100,0.001,2,5000,0.47662557009607553,0.736108509125188,38.1915966309607
pca_100,poly,100,0.001,3,5000,0.47767061297781765,0.7367110510822386,42.242137484950945
pca_100,poly,100,0.001,4,5000,0.4783209639135748,0.7387710348702967,48.1865836919751
pca_100,poly,100,0.001,5,5000,0.47736663394607604,0.7353772053029388,57.87722026393749
pca_100,poly,100,0.01,1,5000,0.47745491401292384,0.7322827090974897,46.63280147104524
pca_100,poly,100,0.01,2,5000,0.47716296138241887,0.7373177441768348,39.81631459505297
pca_100,poly,100,0.01,3,5000,0.4775970031041652,0.7367214940022677,37.59393420792185
pca_100,poly,100,0.01,4,5000,0.47943816310726106,0.7412995698396116,42.09698413312435
pca_100,poly,100,0.01,5,5000,0.4773800272960216,0.7431268820073456,42.67409945302643
pca_100,poly,100,0.1,1,5000,0.5154350940138102,0.738576574716717,50.0570740068797
pca_100,poly,100,0.1,2,5000,0.49364062515087426,0.7379261939786375,39.16924894484691
pca_100,poly,100,0.1,3,5000,0.4951783260330558,0.7411691399756819,37.63697829004377
pca_100,poly,100,0.1,4,5000,0.5045014389324933,0.7395481138955802,42.20045998203568
pca_100,poly,100,0.1,5,5000,0.4846272000577301,0.7369347359053791,42.762447270797566
pca_100,poly,100,1,1,5000,0.49334221915341914,0.7400855880696326,47.48549060081132
pca_100,poly,100,1,2,5000,0.4859984752256423,0.7363015778828412,38.941066074883565
pca_100,poly,100,1,3,5000,0.4914091560058296,0.7439418411813676,37.48539809999056
pca_100,poly,100,1,4,5000,0.4893297490198165,0.7394481508526951,42.37288163602352
pca_100,poly,100,1,5,5000,0.48257911927066743,0.7398895539809018,42.715043587842956
pca_100,poly,100,10,1,5000,0.4899362607393414,0.7361319842748344,47.438292576000094
pca_100,poly,100,10,2,5000,0.6938171531073749,0.836694871308282,39.70910486089997
pca_100,poly,100,10,3,5000,0.61317780893296,0.7402442910242826,37.49261386692524
pca_100,poly,100,10,4,5000,0.5420098898466676,0.7418839749880135,42.36766637302935
pca_100,poly,100,10,5,5000,0.5282709300518036,0.7389743719249964,42.78951051691547
pca_100,poly,100,100,1,5000,0.47960124304518104,0.7351501740049571,47.628300667973235
pca_100,poly,100,100,2,5000,0.49025028315372765,0.7341206518467516,39.02809323510155
pca_100,poly,100,100,3,5000,0.48346374300308526,0.7348150811158121,37.43960260506719
pca_100,poly,100,100,4,5000,0.4911145018413663,0.7376836501061916,43.26927961804904
pca_100,poly,100,100,5,5000,0.48926046094857156,0.7394464500248432,42.55118133989163
pca_100,poly,100,1000,1,5000,0.4801815140526742,0.7378229508176446,48.35286773904227
pca_100,poly,100,1000,2,5000,0.4892215970903635,0.736597181065008,39.07517277006991
pca_100,poly,100,1000,3,5000,0.4908976990263909,0.7409176852088422,37.60830350918695
pca_100,poly,100,1000,4,5000,0.4859098440501839,0.7369728400371969,42.78230010392144
pca_100,poly,100,1000,5,5000,0.48977385298348963,0.7380016518291086,43.01747048390098
pca_100,poly,1000,0.001,1,5000,0.47975689684972167,0.7399001431185752,48.05113361310214
pca_100,poly,1000,0.001,2,5000,0.4910249379463494,0.7675348520278931,38.85189716517925
pca_100,poly,1000,0.001,3,5000,0.4794888347387314,0.7338555692695081,38.58899397891946
pca_100,poly,1000,0.001,4,5000,0.49119727313518524,0.7378663187846541,44.96432263706811
pca_100,poly,1000,0.001,5,5000,0.4910635950509459,0.7330620340071619,47.03504398604855
pca_100,poly,1000,0.01,1,5000,0.4856237028725445,0.7407317098695785,47.37944050715305
pca_100,poly,1000,0.01,2,5000,0.48514430108480155,0.7345884258393198,38.93202571594156
pca_100,poly,1000,0.01,3,5000,0.4797290600836277,0.7360430401749909,37.43155858316459
pca_100,poly,1000,0.01,4,5000,0.4903945892583579,0.7357188852038234,42.86462590703741
pca_100,poly,1000,0.01,5,5000,0.4894908401183784,0.734879574039951,42.5441042878665
pca_100,poly,1000,0.1,1,5000,0.49389674002304673,0.7388563700951636,47.945201782975346
pca_100,poly,1000,0.1,2,5000,0.4799369142856449,0.7348799000028521,38.84923230111599
pca_100,poly,1000,0.1,3,5000,0.49009173992089927,0.7391714178957045,37.548639005981386
pca_100,poly,1000,0.1,4,5000,0.4883601579349488,0.7318351790308952,42.87871498102322
pca_100,poly,1000,0.1,5,5000,0.49124858784489334,0.7348724456969649,43.01755678397603
pca_100,poly,1000,1,1,5000,0.47966805030591786,0.7338125898968428,47.837279913946986
pca_100,poly,1000,1,2,5000,0.47909969999454916,0.735471332911402,39.01234017498791
pca_100,poly,1000,1,3,5000,0.48711686907336116,0.7349360878579319,37.503153624013066
pca_100,poly,1000,1,4,5000,0.4897994389757514,0.7332557600457221,42.20762354019098
pca_100,poly,1000,1,5,5000,0.48916592076420784,0.7379992851056159,43.774678052868694
pca_100,poly,1000,10,1,5000,0.4799576310906559,0.7359445309266448,47.38286421610974
pca_100,poly,1000,10,2,5000,0.4938710620626807,0.738838603021577,39.998180500930175
pca_100,poly,1000,10,3,5000,0.4893534891307354,0.7354824380017817,38.369368348037824
pca_100,poly,1000,10,4,5000,0.4811430270783603,0.7357778740115464,42.61660649208352
pca_100,poly,1000,10,5,5000,0.477831152966246,0.7368289090227336,42.606297843158245
pca_100,poly,1000,100,1,5000,0.4784467259887606,0.7385297468863428,47.517670477041975
pca_100,poly,1000,100,2,5000,0.4784225069452077,0.7471891141030937,38.930892523843795
pca_100,poly,1000,100,3,5000,0.4896300369873643,0.7393707868177444,37.47708974708803
pca_100,poly,1000,100,4,5000,0.47945658303797245,0.7390646170824766,42.19278606399894
pca_100,poly,1000,100,5,5000,0.4887822491582483,0.7379730462562293,43.318440683884546
pca_100,poly,1000,1000,1,5000,0.4923878877889365,0.7379725661594421,47.33858065097593
pca_100,poly,1000,1000,2,5000,0.4891691720113158,0.7241201770957559,39.08585591404699
pca_100,poly,1000,1000,3,5000,0.4812639879528433,0.7328171189874411,37.45978366397321
pca_100,poly,1000,1000,4,5000,0.4826647082809359,0.7349927749019116,41.86118536698632
pca_100,poly,1000,1000,5,5000,0.4846501089632511,0.7316799929831177,42.27583629498258
pca_200,poly,0.001,0.001,1,5000,0.5531424640212208,0.8437630061525851,557.1883989430498
pca_200,poly,0.001,0.001,2,5000,0.4717411561869085,0.8366856488864869,707.1423082118854
pca_200,poly,0.001,0.001,3,5000,0.4703668972942978,0.8330256287008524,710.0913709108718
pca_200,poly,0.001,0.001,4,5000,0.4691661198157817,0.8310288921929896,707.364641692955
pca_200,poly,0.001,0.001,5,5000,0.470549255842343,0.839269540971145,708.9698785659857
pca_200,poly,0.001,0.01,1,5000,0.4699655920267105,0.8328545109834522,232.46241106605157
pca_200,poly,0.001,0.01,2,5000,0.4713127517607063,0.8347549811005592,182.88851352990605
pca_200,poly,0.001,0.01,3,5000,0.4700596621260047,0.8343843829352409,111.72311871009879
pca_200,poly,0.001,0.01,4,5000,0.4736687378026545,0.8342923698946834,98.08039137395099
pca_200,poly,0.001,0.01,5,5000,0.46935627702623606,0.8335828948765993,85.04954172298312
pca_200,poly,0.001,0.1,1,5000,0.48299369402229786,0.8411084869876504,112.18586859083734
pca_200,poly,0.001,0.1,2,5000,0.4721707790158689,0.8389737710822374,60.945264062145725
pca_200,poly,0.001,0.1,3,5000,0.4760672322008759,0.8351262989453971,57.0763332140632
pca_200,poly,0.001,0.1,4,5000,0.482580988900736,0.8296970650553703,68.13583611790091
pca_200,poly,0.001,0.1,5,5000,0.4796519889496267,0.8264044597744942,70.0901314348448
pca_200,poly,0.001,1,1,5000,0.4830013730097562,0.8323720649350435,71.33295445004478
pca_200,poly,0.001,1,2,5000,0.47843740228563547,0.833358844043687,53.913238184992224
pca_200,poly,0.001,1,3,5000,0.48153421794995666,0.8603808670304716,56.90666882810183
pca_200,poly,0.001,1,4,5000,0.4818485779687762,0.8325135528575629,68.15017544594593
pca_200,poly,0.001,1,5,5000,0.4821008809376508,0.8372094249352813,70.08309438615106
pca_200,poly,0.001,10,1,5000,0.47687614033930004,0.8349452370312065,59.66066958592273
pca_200,poly,0.001,10,2,5000,0.4835080620832741,0.8692718369420618,53.77543064299971
pca_200,poly,0.001,10,3,5000,0.4728471750859171,0.8330507599748671,56.79710101685487
pca_200,poly,0.001,10,4,5000,0.48156949505209923,0.8329019979573786,68.22546282503754
pca_200,poly,0.001,10,5,5000,0.471234509954229,0.8290665361564606,70.32861282816157
pca_200,poly,0.001,100,1,5000,0.481589772971347,0.8309768859762698,58.30562294321135
pca_200,poly,0.001,100,2,5000,0.48312331293709576,0.8330535911954939,53.716516634915024
pca_200,poly,0.001,100,3,5000,0.47142102383077145,0.8308764209505171,56.80046368902549
pca_200,poly,0.001,100,4,5000,0.4838001749012619,0.8297708879690617,68.24451899691485
pca_200,poly,0.001,100,5,5000,0.47764871804974973,0.8363808661233634,70.11729318695143
pca_200,poly,0.001,1000,1,5000,0.48423645203001797,0.8310154769569635,63.350409710081294
pca_200,poly,0.001,1000,2,5000,0.48133500618860126,0.8310969290323555,53.65471974783577
pca_200,poly,0.001,1000,3,5000,0.47988043911755085,0.8292213769163936,56.73086243215948
pca_200,poly,0.001,1000,4,5000,0.4847117820754647,0.8345270091667771,68.28780062892474
pca_200,poly,0.001,1000,5,5000,0.4731331770308316,0.8328442121855915,70.1991059568245
pca_200,poly,0.01,0.001,1,5000,0.4814227141905576,0.8330999410245568,232.51412257598713
pca_200,poly,0.01,0.001,2,5000,0.4715294202324003,0.8295639879070222,430.4340075459331
pca_200,poly,0.01,0.001,3,5000,0.4832119371276349,0.8395848511718214,509.1663314548787
pca_200,poly,0.01,0.001,4,5000,0.47060360317118466,0.8337969868443906,640.2154985449743
pca_200,poly,0.01,0.001,5,5000,0.4726266448851675,0.8370023961178958,671.3965883499477
pca_200,poly,0.01,0.01,1,5000,0.46989086200483143,0.8370844169985503,112.10315719805658
pca_200,poly,0.01,0.01,2,5000,0.46947697293944657,0.8325367369689047,90.11962783103809
pca_200,poly,0.01,0.01,3,5000,0.4693564570043236,0.8319449531845748,69.50073010404594
pca_200,poly,0.01,0.01,4,5000,0.47090462292544544,0.8351394380442798,73.4787150239572
pca_200,poly,0.01,0.01,5,5000,0.4686436818446964,0.8324466671328992,72.56796323903836
pca_200,poly,0.01,0.1,1,5000,0.4723593678791076,0.8350264129694551,71.35603722394444
pca_200,poly,0.01,0.1,2,5000,0.4686828888952732,0.8315372648648918,54.40316069312394
pca_200,poly,0.01,0.1,3,5000,0.47032026783563197,0.8324988300446421,56.83793061506003
pca_200,poly,0.01,0.1,4,5000,0.4686809182167053,0.8311076851096004,68.1312654609792
pca_200,poly,0.01,0.1,5,5000,0.46862568613141775,0.8365163700655103,70.12337687402032
pca_200,poly,0.01,1,1,5000,0.46788973012007773,0.8358447118662298,59.525433792034164
pca_200,poly,0.01,1,2,5000,0.4716021157801151,0.827228041831404,53.854470963124186
pca_200,poly,0.01,1,3,5000,0.4691162349190563,0.8189590671099722,56.869230390992016
pca_200,poly,0.01,1,4,5000,0.4695702737662941,0.8438942949287593,68.1471415811684
pca_200,poly,0.01,1,5,5000,0.4713310820516199,0.8516816277988255,70.09121338604018
pca_200,poly,0.01,10,1,5000,0.47215381800197065,0.8452721301000565,58.344300492201
pca_200,poly,0.01,10,2,5000,0.47398325777612627,0.8514416271355003,53.75794472801499
pca_200,poly,0.01,10,3,5000,0.48182045412249863,0.8422340869437903,56.81242357403971
pca_200,poly,0.01,10,4,5000,0.4727423230651766,0.8488876048941165,68.22052927897312
pca_200,poly,0.01,10,5,5000,0.4732967291492969,0.8448733270633966,70.27459567598999
pca_200,poly,0.01,100,1,5000,0.47117696003988385,0.8489865667652339,63.66299451701343
pca_200,poly,0.01,100,2,5000,0.48043517605401576,0.8430993221700191,53.69620366510935
pca_200,poly,0.01,100,3,5000,0.48361250502057374,0.8509567659348249,56.80415895907208
pca_200,poly,0.01,100,4,5000,0.4914014753885567,0.8530500971246511,68.20078548789024
pca_200,poly,0.01,100,5,5000,0.4705285169184208,0.8491724007762969,70.07944804104045
pca_200,poly,0.01,1000,1,5000,0.48243146599270403,0.849468583939597,63.68641703994945
pca_200,poly,0.01,1000,2,5000,0.4694695968646556,0.848060708027333,53.64870906388387
pca_200,poly,0.01,1000,3,5000,0.4765935158357024,0.8472833519335836,56.70281233708374
pca_200,poly,0.01,1000,4,5000,0.4740725720766932,0.8492634417489171,68.28409334295429
pca_200,poly,0.01,1000,5,5000,0.4814804990310222,0.8563767150044441,70.22125293314457
pca_200,poly,0.1,0.001,1,5000,0.48158519505523145,0.8607152039185166,112.20759064517915
pca_200,poly,0.1,0.001,2,5000,0.4710222580470145,0.8540727607905865,183.05353574408218
pca_200,poly,0.1,0.001,3,5000,0.48299036896787584,0.8558178923558444,234.3859464409761
pca_200,poly,0.1,0.001,4,5000,0.4694043539930135,0.8529341709800065,354.1079519880004
pca_200,poly,0.1,0.001,5,5000,0.4714854140765965,0.853786388412118,441.2617842599284
pca_200,poly,0.1,0.01,1,5000,0.46906023216433823,0.8513085229787976,71.3352998548653
pca_200,poly,0.1,0.01,2,5000,0.47091139084659517,0.8486703871749341,60.833734538871795
pca_200,poly,0.1,0.01,3,5000,0.47040051384828985,0.8514524740166962,59.03666575392708
pca_200,poly,0.1,0.01,4,5000,0.471206079935655,0.8490000800229609,68.73657610802911
pca_200,poly,0.1,0.01,5,5000,0.4693686249665916,0.8498486380558461,70.16110306116752
pca_200,poly,0.1,0.1,1,5000,0.47053758474066854,0.851941104978323,59.513706129044294
pca_200,poly,0.1,0.1,2,5000,0.46993357804603875,0.8502587950788438,53.92363507999107
pca_200,poly,0.1,0.1,3,5000,0.47260554088279605,0.8531312190461904,56.8492041178979
pca_200,poly,0.1,0.1,4,5000,0.47193160303868353,0.8471253770403564,68.2294436590746
pca_200,poly,0.1,0.1,5,5000,0.4800406820140779,0.8515586291905493,70.14114639093168
pca_200,poly,0.1,1,1,5000,0.4705448430031538,0.846849262714386,58.19741176418029
pca_200,poly,0.1,1,2,5000,0.480678278952837,0.9121290810871869,53.85278371209279
pca_200,poly,0.1,1,3,5000,0.4707854650914669,0.8478955409955233,56.92224437696859
pca_200,poly,0.1,1,4,5000,0.48088990710675716,0.846632685745135,68.19728729897179
pca_200,poly,0.1,1,5,5000,0.4799256499391049,0.8484034249559045,70.09608334489167
pca_200,poly,0.1,10,1,5000,0.48122373479418457,0.849467083113268,63.57368870195933
pca_200,poly,0.1,10,2,5000,0.4816250540316105,0.846159434877336,53.71840144181624
pca_200,poly,0.1,10,3,5000,0.482266714097932,0.8473236740101129,56.820499807130545
pca_200,poly,0.1,10,4,5000,0.4712939481250942,0.8481338252313435,68.22207274101675
pca_200,poly,0.1,10,5,5000,0.48203786998055875,0.8502077248413116,70.34214036213234
pca_200,poly,0.1,100,1,5000,0.47454802179709077,0.8487665019929409,63.542826738907024
pca_200,poly,0.1,100,2,5000,0.4815160727594048,0.8479406333062798,53.71065980801359
pca_200,poly,0.1,100,3,5000,0.4806586632039398,0.8480893149971962,56.804046042962
pca_200,poly,0.1,100,4,5000,0.47110578999854624,0.8579540699720383,68.1845444929786
pca_200,poly,0.1,100,5,5000,0.4824454898480326,0.8548327700700611,70.09209053078666
pca_200,poly,0.1,1000,1,5000,0.4815508611500263,0.852410091785714,63.622762501006946
pca_200,poly,0.1,1000,2,5000,0.4832874769344926,0.8532481789588928,53.632748197065666
pca_200,poly,0.1,1000,3,5000,0.4737943569198251,0.8506441558711231,56.7078668968752
pca_200,poly,0.1,1000,4,5000,0.4712559739127755,0.852541476720944,68.22794476803392
pca_200,poly,0.1,1000,5,5000,0.47060273913666606,0.8548587081022561,70.19358649896458
pca_200,poly,1,0.001,1,5000,0.4705303960945457,0.8552788849920034,71.36043459293433
pca_200,poly,1,0.001,2,5000,0.48126712907105684,0.8571430160664022,90.16020296886563
pca_200,poly,1,0.001,3,5000,0.4722848008386791,0.8490917060989887,111.72778409998864
pca_200,poly,1,0.001,4,5000,0.48037827108055353,0.8551230558659881,173.37772142211907
pca_200,poly,1,0.001,5,5000,0.4812322580255568,0.8497886909171939,231.57653338392265
pca_200,poly,1,0.01,1,5000,0.48172259191051126,0.8488966899458319,59.640494043938816
pca_200,poly,1,0.01,2,5000,0.48247779603116214,0.852324282983318,54.506087746005505
pca_200,poly,1,0.01,3,5000,0.4685460082255304,0.851822089869529,57.03504892997444
pca_200,poly,1,0.01,4,5000,0.4685546283144504,0.8460953540634364,68.4520475701429
pca_200,poly,1,0.01,5,5000,0.46763892797753215,0.8502743639983237,70.22257969505154
pca_200,poly,1,0.1,1,5000,0.47223427100107074,0.8490402889437973,58.28012056881562
pca_200,poly,1,0.1,2,5000,0.47089760191738605,0.8486109529621899,53.769151230109856
pca_200,poly,1,0.1,3,5000,0.4809505301527679,0.853603069903329,56.830645153997466
pca_200,poly,1,0.1,4,5000,0.4803558250423521,0.8477716690395027,68.18346811807714
pca_200,poly,1,0.1,5,5000,0.4710185290314257,0.8506191240157932,70.85655775782652
pca_200,poly,1,1,1,5000,0.5033598868176341,0.8503887851256877,63.664396358886734
pca_200,poly,1,1,2,5000,0.5014882870018482,0.8544111950322986,53.87278030416928
pca_200,poly,1,1,3,5000,0.5176080202218145,0.8516454640775919,56.93385853711516
pca_200,poly,1,1,4,5000,0.48427378106862307,0.8527575717307627,68.16162299900316
pca_200,poly,1,1,5,5000,0.4817864429205656,0.846085041994229,70.09278777916916
pca_200,poly,1,10,1,5000,0.48281263816170394,0.8550934169907123,63.57718385197222
pca_200,poly,1,10,2,5000,0.4916712560225278,0.8520232459995896,53.75196233205497
pca_200,poly,1,10,3,5000,0.48370134527795017,0.8486504361499101,56.7970540469978
pca_200,poly,1,10,4,5000,0.4848842569626868,0.8493939000181854,68.26640779990703
pca_200,poly,1,10,5,5000,0.47481338772922754,0.8512727781198919,70.31594660389237
pca_200,poly,1,100,1,5000,0.48154202615842223,0.8551609378773719,63.57316566305235
pca_200,poly,1,100,2,5000,0.48334064590744674,0.8530640979297459,53.77143719000742
pca_200,poly,1,100,3,5000,0.48301740107126534,0.8526756099890918,56.796427346998826
pca_200,poly,1,100,4,5000,0.4746877138968557,0.853145794942975,68.24347768584266
pca_200,poly,1,100,5,5000,0.4885132701601833,0.854637997224927,70.07970693614334
pca_200,poly,1,1000,1,5000,0.48306576791219413,0.852860706159845,63.68689942499623
pca_200,poly,1,1000,2,5000,0.4835565418470651,0.8464442889671773,53.67939065909013
pca_200,poly,1,1000,3,5000,0.4725345110055059,0.8582849521189928,56.70471201185137
pca_200,poly,1,1000,4,5000,0.4753130788449198,0.8567960411310196,68.25484764506109
pca_200,poly,1,1000,5,5000,0.48443875601515174,0.8520025541074574,70.22902154992335
pca_200,poly,10,0.001,1,5000,0.48391233989968896,0.8475894131697714,59.6309646719601
pca_200,poly,10,0.001,2,5000,0.47342177596874535,0.8516220832243562,60.93504254100844
pca_200,poly,10,0.001,3,5000,0.4826915410812944,0.8560227600391954,69.75206136819907
pca_200,poly,10,0.001,4,5000,0.48269503586925566,0.8537613647058606,98.17864456190728
pca_200,poly,10,0.001,5,5000,0.4820701531134546,0.8480593888089061,128.20263302489184
pca_200,poly,10,0.01,1,5000,0.4761281011160463,0.8504873209167272,58.24583494197577
pca_200,poly,10,0.01,2,5000,0.47440426517277956,0.8541542880702764,53.85258585889824
pca_200,poly,10,0.01,3,5000,0.485503947827965,0.8494366900995374,56.87658035103232
pca_200,poly,10,0.01,4,5000,0.47582072601653636,0.8575804878491908,68.4207643060945
pca_200,poly,10,0.01,5,5000,0.4855824098922312,0.8561963189858943,70.24574941303581
pca_200,poly,10,0.1,1,5000,0.4765560459345579,0.8567278599366546,63.554884169017896
pca_200,poly,10,0.1,2,5000,0.4669656490441412,0.8540173377841711,53.675882975105196
pca_200,poly,10,0.1,3,5000,0.46765488130040467,0.8552321058232337,56.87457666406408
pca_200,poly,10,0.1,4,5000,0.4668556619435549,0.8568695369176567,68.21943120914511
pca_200,poly,10,0.1,5,5000,0.46717506600543857,0.8552535600028932,70.16168038803153
pca_200,poly,10,1,1,5000,0.46575365378521383,0.8587485917378217,63.66735637187958
pca_200,poly,10,1,2,5000,0.467409955104813,0.8531908798031509,53.85868285107426
pca_200,poly,10,1,3,5000,0.4664170490577817,0.8558259489946067,56.87983440211974
pca_200,poly,10,1,4,5000,0.4668688350357115,0.8536001939792186,68.172786278883
pca_200,poly,10,1,5,5000,0.4675970249809325,0.8573312580119818,70.09760736906901
pca_200,poly,10,10,1,5000,0.46772855520248413,0.8540349758695811,63.525847632903606
pca_200,poly,10,10,2,5000,0.4664583350531757,0.8527425238862634,53.72870635287836
pca_200,poly,10,10,3,5000,0.4664891778957099,0.8797317780554295,56.82767774304375
pca_200,poly,10,10,4,5000,0.46510806819424033,0.8485315318685025,68.24304080707952
pca_200,poly,10,10,5,5000,0.4671459647361189,0.849189642816782,70.33926767902449
pca_200,poly,10,100,1,5000,0.46586462180130184,0.8498716251924634,63.552434175042436
pca_200,poly,10,100,2,5000,0.4656007250305265,0.8471210750285536,53.71156961796805
pca_200,poly,10,100,3,5000,0.469753673998639,0.8524550839792937,56.786370208952576
pca_200,poly,10,100,4,5000,0.46669649495743215,0.857356134802103,68.23629345209338
pca_200,poly,10,100,5,5000,0.466395930852741,0.8521471270360053,70.13623398798518
pca_200,poly,10,1000,1,5000,0.4670191048644483,0.8579975042957813,63.66852742899209
pca_200,poly,10,1000,2,5000,0.46623825491406024,0.8554986198432744,53.67583412793465
pca_200,poly,10,1000,3,5000,0.4664532688912004,0.8589176749810576,56.73898421297781
pca_200,poly,10,1000,4,5000,0.4681642050854862,0.854584130924195,68.28380453400314
pca_200,poly,10,1000,5,5000,0.4667037420440465,0.8530783848837018,70.23278376902454
pca_200,poly,100,0.001,1,5000,0.4686641339212656,0.8626015800982714,58.387210422195494
pca_200,poly,100,0.001,2,5000,0.4661891770083457,0.8509260958526284,54.50186394294724
pca_200,poly,100,0.001,3,5000,0.4702581390738487,0.8490038618911058,58.84105109702796
pca_200,poly,100,0.001,4,5000,0.4672043959144503,0.8514585031662136,73.96544096502475
pca_200,poly,100,0.001,5,5000,0.46804678812623024,0.8487026339862496,84.79418881889433
pca_200,poly,100,0.01,1,5000,0.46804888802580535,0.8532944568432868,63.57116478215903
pca_200,poly,100,0.01,2,5000,0.46636091405525804,0.8597581181675196,53.78250525891781
pca_200,poly,100,0.01,3,5000,0.46710651204921305,0.8622556729242206,56.88322750199586
pca_200,poly,100,0.01,4,5000,0.4664762099273503,0.8631478117313236,68.42732755187899
pca_200,poly,100,0.01,5,5000,0.46633037994615734,0.8571142579894513,70.20920770196244
pca_200,poly,100,0.1,1,5000,0.4690494758542627,0.8604889819398522,63.55485535110347
pca_200,poly,100,0.1,2,5000,0.46650509303435683,0.8561699010897428,53.653551469091326
pca_200,poly,100,0.1,3,5000,0.46616772818379104,0.8480041190050542,56.83730621705763
pca_200,poly,100,0.1,4,5000,0.46648394875228405,0.8481380038429052,68.16706886305474
pca_200,poly,100,0.1,5,5000,0.4660435621626675,0.8460711149964482,70.14302294119261
pca_200,poly,100,1,1,5000,0.4681575901340693,0.8486161110922694,63.65871203690767
pca_200,poly,100,1,2,5000,0.4683394927997142,0.8459878410212696,53.85816933307797
pca_200,poly,100,1,3,5000,0.4672975700814277,0.850078206975013,56.910413085948676
pca_200,poly,100,1,4,5000,0.46782623999752104,0.8531728989910334,68.16986582591198
pca_200,poly,100,1,5,5000,0.46703303209505975,0.8557369948830456,70.08639577100985
pca_200,poly,100,10,1,5000,0.46732956590130925,0.8599505410529673,63.52886274782941
pca_200,poly,100,10,2,5000,0.4664804423227906,0.8535363487899303,53.71206159587018
pca_200,poly,100,10,3,5000,0.4670138137880713,0.8550675888545811,56.80007051397115
pca_200,poly,100,10,4,5000,0.46785925910808146,0.8565345040988177,68.21564516006038
pca_200,poly,100,10,5,5000,0.4659190201200545,0.8593424237333238,70.36615183996037
pca_200,poly,100,100,1,5000,0.4658484337851405,0.8596148670185357,63.570156769128516
pca_200,poly,100,100,2,5000,0.46953711612150073,0.8586307722143829,53.70985452202149
pca_200,poly,100,100,3,5000,0.4667979069054127,0.8575984637718648,56.76679396093823
pca_200,poly,100,100,4,5000,0.46716111106798053,0.8528440310619771,68.22937746485695
pca_200,poly,100,100,5,5000,0.4669878100976348,0.8534751399420202,70.05148862814531
pca_200,poly,100,1000,1,5000,0.46543074073269963,0.8543993250932544,63.648827811004594
pca_200,poly,100,1000,2,5000,0.46609561308287084,0.8582581707742065,53.65379862696864
pca_200,poly,100,1000,3,5000,0.465671801706776,0.8556820631492883,56.69050787505694
pca_200,poly,100,1000,4,5000,0.4676764481700957,0.8537769431713969,68.27313896198757
pca_200,poly,100,1000,5,5000,0.46856631501577795,0.8589639728888869,70.22302570706233
pca_200,poly,1000,0.001,1,5000,0.4652742559555918,0.9151265888940543,63.568330123089254
pca_200,poly,1000,0.001,2,5000,0.4657277320511639,0.8561198839452118,53.835747701115906
pca_200,poly,1000,0.001,3,5000,0.46893960097804666,0.8538933522067964,56.945659277029335
pca_200,poly,1000,0.001,4,5000,0.466505650896579,0.8561713472008705,68.70937678287737
pca_200,poly,1000,0.001,5,5000,0.46659525390714407,0.853082275018096,72.17878690408543
pca_200,poly,1000,0.01,1,5000,0.46759525081142783,0.8485465727280825,63.6209463828709
pca_200,poly,1000,0.01,2,5000,0.4663351480849087,0.8492907071486115,53.764140411047265
pca_200,poly,1000,0.01,3,5000,0.47221617796458304,0.8479540639091283,56.870727895060554
pca_200,poly,1000,0.01,4,5000,0.4667087879497558,0.8494507351424545,68.43857446685433
pca_200,poly,1000,0.01,5,5000,0.46835277508944273,0.8519538620021194,70.21409105090424
pca_200,poly,1000,0.1,1,5000,0.46652111620642245,0.849611088167876,63.613404516130686
pca_200,poly,1000,0.1,2,5000,0.46654156199656427,0.8457062807865441,53.66937283682637
pca_200,poly,1000,0.1,3,5000,0.46666890010237694,0.8481271399650723,56.845988168148324
pca_200,poly,1000,0.1,4,5000,0.4665505432058126,0.8466259450651705,68.18251491198316
pca_200,poly,1000,0.1,5,5000,0.4673060807399452,0.8521141691599041,70.14082132000476
pca_200,poly,1000,1,1,5000,0.4653388981241733,0.8497019670903683,63.65997989010066
pca_200,poly,1000,1,2,5000,0.4668172881938517,0.8504471201449633,53.883195859147236
pca_200,poly,1000,1,3,5000,0.4666771760676056,0.8459396490361542,56.936875289073214
pca_200,poly,1000,1,4,5000,0.4665461680851877,0.8511482758913189,68.17423780914396
pca_200,poly,1000,1,5,5000,0.46583622694015503,0.8586320618633181,70.11229309579358
pca_200,poly,1000,10,1,5000,0.4665612978860736,0.8556930923368782,63.56587042310275
pca_200,poly,1000,10,2,5000,0.46614041086286306,0.8529664741363376,53.72323652706109
pca_200,poly,1000,10,3,5000,0.4683959388639778,0.8444606591947377,56.81736986502074
pca_200,poly,1000,10,4,5000,0.46679458813741803,0.8446096100378782,68.218023854075
pca_200,poly,1000,10,5,5000,0.4674176787957549,0.8491734592244029,70.32267191587016
pca_200,poly,1000,100,1,5000,0.4682547019328922,0.8472661117557436,63.56283514993265
pca_200,poly,1000,100,2,5000,0.4652002160437405,0.8453190249856561,53.696824125014246
pca_200,poly,1000,100,3,5000,0.46603357000276446,0.8513465072028339,56.80450993194245
pca_200,poly,1000,100,4,5000,0.4660699060186744,0.8573525650426745,68.23442168999463
pca_200,poly,1000,100,5,5000,0.46583569212816656,0.8567363261245191,70.10327561479062
pca_200,poly,1000,1000,1,5000,0.46699367510154843,0.851422811858356,63.68887486192398
pca_200,poly,1000,1000,2,5000,0.4689394189044833,0.8547771649900824,53.67602222296409
pca_200,poly,1000,1000,3,5000,0.46824755403213203,0.8478248270694166,56.72093889908865
pca_200,poly,1000,1000,4,5000,0.4673161059617996,0.8496307560708374,68.32001776294783
pca_200,poly,1000,1000,5,5000,0.47143995203077793,0.8498890618793666,70.21788872918114
lda,poly,0.001,0.001,1,5000,0.508135933894664,5.505418646149337,125.100011323113
lda,poly,0.001,0.001,2,5000,0.47188609815202653,5.029201965080574,126.92752611986361
lda,poly,0.001,0.001,3,5000,0.47307764482684433,4.784969073021784,127.66242630803026
lda,poly,0.001,0.001,4,5000,0.47278183279559016,4.591488390229642,128.5200056990143
lda,poly,0.001,0.001,5,5000,0.4721946348436177,4.562107570935041,129.58108115103096
lda,poly,0.001,0.01,1,5000,0.4720850691664964,4.47141726501286,91.2878037688788
lda,poly,0.001,0.01,2,5000,0.4712004221510142,4.562683483818546,120.03299447288737
lda,poly,0.001,0.01,3,5000,0.4711766140535474,4.514621114125475,124.57999837188981
lda,poly,0.001,0.01,4,5000,0.47188280685804784,4.437496433034539,127.19324702583253
lda,poly,0.001,0.01,5,5000,0.47212521079927683,4.403083859011531,129.08650154294446
lda,poly,0.001,0.1,1,5000,0.4726874188054353,4.451884520240128,32.3755219609011
lda,poly,0.001,0.1,2,5000,0.47260812716558576,4.416094533866271,32.04308030405082
lda,poly,0.001,0.1,3,5000,0.47195060504600406,4.436559585854411,26.516429346986115
lda,poly,0.001,0.1,4,5000,0.47253282787278295,4.459234046982601,26.73625803506002
lda,poly,0.001,0.1,5,5000,0.47184252575971186,4.447767992969602,25.45899963588454
lda,poly,0.001,1,1,5000,0.47241558716632426,4.443537279963493,15.739605681039393
lda,poly,0.001,1,2,5000,0.4732542869169265,4.43494725972414,14.255561062134802
lda,poly,0.001,1,3,5000,0.47081250906921923,4.422826228663325,15.079332600114867
lda,poly,0.001,1,4,5000,0.4735583809670061,4.447149213170633,14.479084667051211
lda,poly,0.001,1,5,5000,0.4722887228708714,4.411865608999506,12.227533388882875
lda,poly,0.001,10,1,5000,0.4718515600543469,4.425790671957657,12.22205199697055
lda,poly,0.001,10,2,5000,0.4715131123084575,4.405220470158383,16.451101258862764
lda,poly,0.001,10,3,5000,0.4736661270726472,4.454448617994785,12.134746460942551
lda,poly,0.001,10,4,5000,0.4716378601733595,4.416072792140767,12.55821563419886
lda,poly,0.001,10,5,5000,0.4712583569344133,4.418905483791605,11.64080629684031
lda,poly,0.001,100,1,5000,0.47303589107468724,4.469473399920389,12.796591760125011
lda,poly,0.001,100,2,5000,0.47266341582871974,4.435822332045063,18.659602575935423
lda,poly,0.001,100,3,5000,0.47236297908239067,4.412147612776607,12.072725618025288
lda,poly,0.001,100,4,5000,0.4724050818476826,4.449578582076356,12.423717422178015
lda,poly,0.001,100,5,5000,0.4720284959767014,4.420450732810423,11.645462381886318
lda,poly,0.001,1000,1,5000,0.4749828658532351,4.435797439189628,14.600661664968356
lda,poly,0.001,1000,2,5000,0.47192286094650626,4.463261737721041,18.237767522921786
lda,poly,0.001,1000,3,5000,0.48185644089244306,4.4405723279342055,12.151814098935574
lda,poly,0.001,1000,4,5000,0.47326016426086426,4.474113995907828,12.533329824917018
lda,poly,0.001,1000,5,5000,0.4724196749739349,4.522243706975132,11.686099086888134
lda,poly,0.01,0.001,1,5000,0.4727795240469277,4.443246727110818,91.31278254510835
lda,poly,0.01,0.001,2,5000,0.47551657794974744,4.415371521841735,127.08202874101698
lda,poly,0.01,0.001,3,5000,0.4717036478687078,4.4229234219528735,127.64601718704216
lda,poly,0.01,0.001,4,5000,0.4723829140421003,4.442114585312083,128.53322744299658
lda,poly,0.01,0.001,5,5000,0.4710575349163264,4.392219407949597,128.2305546819698
lda,poly,0.01,0.01,1,5000,0.467571523739025,4.418189156102017,31.811343224020675
lda,poly,0.01,0.01,2,5000,0.4665830358862877,4.409002331783995,68.63160071405582
lda,poly,0.01,0.01,3,5000,0.4659996656700969,4.421154044102877,87.5730632650666
lda,poly,0.01,0.01,4,5000,0.46638625394552946,4.395042827120051,99.35655868891627
lda,poly,0.01,0.01,5,5000,0.46677520615048707,4.452555523021147,106.91166488314047
lda,poly,0.01,0.1,1,5000,0.46465755603276193,4.388407414080575,15.46529911691323
lda,poly,0.01,0.1,2,5000,0.46657081274315715,4.468343144981191,17.869036682881415
lda,poly,0.01,0.1,3,5000,0.46811538096517324,4.381872557103634,16.53113745409064
lda,poly,0.01,0.1,4,5000,0.46790883783251047,4.42424284783192,18.65292782895267
lda,poly,0.01,0.1,5,5000,0.467222300125286,4.395933323074132,19.503596405033022
lda,poly,0.01,1,1,5000,0.4669548000674695,4.447722838958725,12.049769092118368
lda,poly,0.01,1,2,5000,0.46739139989949763,4.434309570118785,14.497466479195282
lda,poly,0.01,1,3,5000,0.4686883492395282,4.430059046251699,13.284538665087894
lda,poly,0.01,1,4,5000,0.46779026300646365,4.417539214948192,13.400379786966369
lda,poly,0.01,1,5,5000,0.46827510511502624,4.436345754191279,11.768164469860494
lda,poly,0.01,10,1,5000,0.46784867788664997,4.416839977027848,12.567014084896073
lda,poly,0.01,10,2,5000,0.4670231638010591,4.414977815002203,18.411196689121425
lda,poly,0.01,10,3,5000,0.4671682259067893,4.447986667044461,11.981860418105498
lda,poly,0.01,10,4,5000,0.4687744569964707,4.411536019993946,12.448704708833247
lda,poly,0.01,10,5,5000,0.46665682713501155,4.384296277770773,11.501878907904029
lda,poly,0.01,100,1,5000,0.46608351403847337,4.427486474858597,14.546013128012419
lda,poly,0.01,100,2,5000,0.467488027876243,4.412005289224908,18.180055004078895
lda,poly,0.01,100,3,5000,0.4684804640710354,4.425489598885179,11.933487591100857
lda,poly,0.01,100,4,5000,0.4666606860700995,4.389610267011449,12.2634954941459
lda,poly,0.01,100,5,5000,0.46944086090661585,4.430233544902876,11.561435374896973
lda,poly,0.01,1000,1,5000,0.46715950802899897,4.422501250170171,12.381433896021917
lda,poly,0.01,1000,2,5000,0.4668771841097623,4.422558290883899,18.031827489845455
lda,poly,0.01,1000,3,5000,0.4670300539582968,4.4090580069459975,12.028201831039041
lda,poly,0.01,1000,4,5000,0.4670771141536534,4.385534447152168,12.373396223876625
lda,poly,0.01,1000,5,5000,0.46792195714078844,4.463669212069362,11.544985202141106
lda,poly,0.1,0.001,1,5000,0.4663094140123576,4.456854609074071,31.78470802004449
lda,poly,0.1,0.001,2,5000,0.46609207917936146,4.363932494772598,117.69569371500984
lda,poly,0.1,0.001,3,5000,0.4669101710896939,4.453470085980371,125.26311155105941
lda,poly,0.1,0.001,4,5000,0.46817106870003045,4.422904979903251,126.08944583893754
lda,poly,0.1,0.001,5,5000,0.4677877442445606,4.4165708750952035,127.11925088404678
lda,poly,0.1,0.01,1,5000,0.4680148989427835,4.404614449013025,15.464030206901953
lda,poly,0.1,0.01,2,5000,0.4660598912741989,4.484601503936574,31.446275850990787
lda,poly,0.1,0.01,3,5000,0.47052941494621336,4.444492873735726,48.60512987081893
lda,poly,0.1,0.01,4,5000,0.467169496929273,4.416820609243587,70.8642939068377
lda,poly,0.1,0.01,5,5000,0.4670904129743576,4.420511656207964,82.9657295269426
lda,poly,0.1,0.1,1,5000,0.46701021399348974,4.436817737063393,12.057766224024817
lda,poly,0.1,0.1,2,5000,0.4685225700959563,4.414689771132544,13.986052264925092
lda,poly,0.1,0.1,3,5000,0.4703726111911237,4.4357323702424765,14.122608457924798
lda,poly,0.1,0.1,4,5000,0.4670172978658229,4.419096098979935,16.98222984210588
lda,poly,0.1,0.1,5,5000,0.469120766967535,4.441437067231163,17.003150889882818
lda,poly,0.1,1,1,5000,0.47404123679734766,4.426069002132863,12.593413359019905
lda,poly,0.1,1,2,5000,0.46930234623141587,4.525497782044113,16.285566232865676
lda,poly,0.1,1,3,5000,0.46883631800301373,4.4152216808870435,12.361990745877847
lda,poly,0.1,1,4,5000,0.48031193180941045,6.040707205887884,13.02927211089991
lda,poly,0.1,1,5,5000,0.4686638889834285,4.748089327011257,11.594549056142569
lda,poly,0.1,10,1,5000,0.46939015784300864,4.455773124936968,14.324635070050135
lda,poly,0.1,10,2,5000,0.4716623870190233,4.449928536079824,18.358862132998183
lda,poly,0.1,10,3,5000,0.46902217296883464,4.479919072939083,11.972411316819489
lda,poly,0.1,10,4,5000,0.4691742048598826,4.41959172533825,12.427265645936131
lda,poly,0.1,10,5,5000,0.47042371705174446,4.472999079851434,11.520865683211014
lda,poly,0.1,100,1,5000,0.4702826333232224,4.479599023237824,12.304049554048106
lda,poly,0.1,100,2,5000,0.46937673771753907,4.469837171956897,18.179213531082496
lda,poly,0.1,100,3,5000,0.47123235813342035,4.5135468079242855,11.952571545960382
lda,poly,0.1,100,4,5000,0.47008113469928503,4.449205887969583,12.268030006904155
lda,poly,0.1,100,5,5000,0.4687419910915196,4.451311044162139,11.56261311005801
lda,poly,0.1,1000,1,5000,0.47015125304460526,4.419381594052538,11.899839410092682
lda,poly,0.1,1000,2,5000,0.4698759817983955,4.431675143074244,18.043885675957426
lda,poly,0.1,1000,3,5000,0.47006962401792407,4.476036909036338,12.012220010859892
lda,poly,0.1,1000,4,5000,0.4693490150384605,4.445114900125191,12.392763040959835
lda,poly,0.1,1000,5,5000,0.4705601290334016,4.508070192998275,11.552420120919123
lda,poly,1,0.001,1,5000,0.4699351377785206,4.470060832099989,15.488985129864886
lda,poly,1,0.001,2,5000,0.4744722507894039,4.477286448003724,68.64093770692125
lda,poly,1,0.001,3,5000,0.47030449006706476,4.512332640821114,122.32361695007421
lda,poly,1,0.001,4,5000,0.4702254440635443,4.4633559747599065,126.0944282009732
lda,poly,1,0.001,5,5000,0.4702884217258543,4.409945996012539,127.17108816187829
lda,poly,1,0.01,1,5000,0.4699072779621929,4.471622621873394,12.043866459047422
lda,poly,1,0.01,2,5000,0.46995757706463337,4.560416385764256,17.84311699611135
lda,poly,1,0.01,3,5000,0.4695564860012382,4.460798414191231,25.97128505492583
lda,poly,1,0.01,4,5000,0.46990235219709575,4.437744063092396,42.38643554318696
lda,poly,1,0.01,5,5000,0.47485564230009913,4.453176878858358,57.40710553410463
lda,poly,1,0.1,1,5000,0.47056974610313773,4.425733474083245,12.561158390948549
lda,poly,1,0.1,2,5000,0.47136046225205064,4.450351482024416,14.575355087174103
lda,poly,1,0.1,3,5000,0.46985708083957434,4.433931597741321,14.80392720317468
lda,poly,1,0.1,4,5000,0.4698825047817081,4.439281863858923,15.833682119147852
lda,poly,1,0.1,5,5000,0.47069896501488984,4.44926327210851,14.582380396081135
lda,poly,1,1,1,5000,0.46940589020960033,4.427878648741171,14.399453228106722
lda,poly,1,1,2,5000,0.46926353103481233,4.430051977047697,18.294028632109985
lda,poly,1,1,3,5000,0.47096494282595813,4.451108456822112,12.052655924111605
lda,poly,1,1,4,5000,0.470841753995046,4.482351907296106,12.348361131967977
lda,poly,1,1,5,5000,0.46901885885745287,4.465299246832728,11.584288642043248
lda,poly,1,10,1,5000,0.46860733488574624,4.4088034220039845,12.34131781407632
lda,poly,1,10,2,5000,0.4676908028777689,4.430534729035571,17.8673630990088
lda,poly,1,10,3,5000,0.46630827989429235,4.451669862028211,11.980999602936208
lda,poly,1,10,4,5000,0.4669806680176407,4.409845696995035,12.426404806086794
lda,poly,1,10,5,5000,0.46754461084492505,4.4391260331030935,11.515074755996466
lda,poly,1,100,1,5000,0.4663939268793911,4.46732627786696,12.05058200401254
lda,poly,1,100,2,5000,0.46697652782313526,4.443528281990439,18.18463981593959
lda,poly,1,100,3,5000,0.46716035390272737,4.424881993792951,11.946882490999997
lda,poly,1,100,4,5000,0.46716263704001904,4.470155827933922,12.282879480859265
lda,poly,1,100,5,5000,0.4666954539716244,4.3895077898632735,11.5842703031376
lda,poly,1,1000,1,5000,0.4666691708844155,4.428065547021106,11.831847127061337
lda,poly,1,1000,2,5000,0.46780066983774304,4.453299663029611,18.050169728929177
lda,poly,1,1000,3,5000,0.4662712011486292,4.414772065123543,12.025472796987742
lda,poly,1,1000,4,5000,0.4754344441462308,4.429919059155509,12.393415078986436
lda,poly,1,1000,5,5000,0.46610775007866323,4.443742567906156,11.57303338102065
lda,poly,10,0.001,1,5000,0.46688248589634895,4.39609679300338,12.059818816138431
lda,poly,10,0.001,2,5000,0.46676599397324026,4.468157744966447,31.519288369920105
lda,poly,10,0.001,3,5000,0.46700323815457523,4.5165190529078245,87.68903631484136
lda,poly,10,0.001,4,5000,0.4669576140586287,4.401271174894646,124.83998258388601
lda,poly,10,0.001,5,5000,1.0339677329175174,41.829119324916974,297.6470335780177
lda,poly,10,0.01,1,5000,1.7284218380227685,43.90768803306855,29.53732175915502
lda,poly,10,0.01,2,5000,0.6757015029434115,44.15984982182272,40.12695051403716
lda,poly,10,0.01,3,5000,0.5992181070614606,8.120923892129213,17.97701882198453
lda,poly,10,0.01,4,5000,0.7022402088623494,37.83300530212,83.5604498849716
lda,poly,10,0.01,5,5000,1.5139426721725613,35.81131878704764,84.94510898599401
lda,poly,10,0.1,1,5000,0.7293417660985142,38.577795159071684,37.237756200833246
lda,poly,10,0.1,2,5000,0.7341662137769163,31.952510856790468,52.54038649611175
lda,poly,10,0.1,3,5000,0.8745546650607139,35.72717744205147,42.962196392938495
lda,poly,10,0.1,4,5000,0.7776147529948503,36.71102023986168,46.99841628386639
lda,poly,10,0.1,5,5000,0.9906052357982844,35.87185734277591,42.37207973492332
lda,poly,10,1,1,5000,0.8183941538445652,43.09929295699112,37.05823034909554
lda,poly,10,1,2,5000,0.8835529182106256,31.25594366621226,55.09639107808471
lda,poly,10,1,3,5000,0.7960567171685398,33.03789227595553,37.52576285088435
lda,poly,10,1,4,5000,1.326884328154847,28.582335366867483,37.392832330893725
lda,poly,10,1,5,5000,2.1489895582199097,36.38526670192368,37.62078467593528
lda,poly,10,10,1,5000,0.8357868089806288,36.96248775604181,36.75204250193201
lda,poly,10,10,2,5000,0.9120086319744587,43.5578004331328,61.07030164706521
lda,poly,10,10,3,5000,0.9274264320265502,32.1336478930898,36.509351084940135
lda,poly,10,10,4,5000,1.4405692010186613,28.71843315800652,39.60767513001338
lda,poly,10,10,5,5000,1.0932645481079817,37.22213729796931,38.540673048002645
lda,poly,10,100,1,5000,1.0243550569284707,34.28673440986313,39.29171253903769
lda,poly,10,100,2,5000,0.5723037049174309,5.824519664049149,18.20321738603525
lda,poly,10,100,3,5000,0.469112363178283,5.258355722064152,12.02792566199787
lda,poly,10,100,4,5000,0.4697708277963102,5.01537593989633,12.364994486095384
lda,poly,10,100,5,5000,0.4696223351638764,4.805062633007765,11.647170729003847
lda,poly,10,1000,1,5000,0.4682648789603263,4.601391965756193,11.863359641982242
lda,poly,10,1000,2,5000,0.47127111279405653,4.511531765107065,18.210898927180097
lda,poly,10,1000,3,5000,0.5061527939978987,4.490563620114699,12.079615660011768
lda,poly,10,1000,4,5000,0.47007888392545283,4.492712307954207,12.473971425089985
lda,poly,10,1000,5,5000,0.46941930893808603,4.48241813108325,11.648179697105661
lda,poly,100,0.001,1,5000,0.4696454999502748,4.459487186046317,12.672342364909127
lda,poly,100,0.001,2,5000,0.4703527351375669,4.412334487074986,18.054407191928476
lda,poly,100,0.001,3,5000,0.46979865501634777,4.430865075904876,49.10191879607737
lda,poly,100,0.001,4,5000,0.47368558472953737,4.477949565043673,100.54582801600918
lda,poly,100,0.001,5,5000,0.46956619899719954,4.426703667966649,128.03857887885533
lda,poly,100,0.01,1,5000,0.4678871219512075,4.376670937985182,14.631082457024604
lda,poly,100,0.01,2,5000,0.47196455812081695,4.427099213004112,14.674018553923815
lda,poly,100,0.01,3,5000,0.47999290912412107,4.427901591872796,14.254818543093279
lda,poly,100,0.01,4,5000,0.470172761939466,4.423719769110903,18.859049295075238
lda,poly,100,0.01,5,5000,0.4701876698527485,4.433873722096905,25.283482930855826
lda,poly,100,0.1,1,5000,0.48385723726823926,4.4188805220182985,12.45810235105455
lda,poly,100,0.1,2,5000,0.4698097340296954,4.425192588940263,18.38918583607301
lda,poly,100,0.1,3,5000,0.46872724895365536,4.428118473850191,12.295215635094792
lda,poly,100,0.1,4,5000,0.4991734498180449,4.412622237112373,13.647065566852689
lda,poly,100,0.1,5,5000,0.4698874312452972,4.420786375878379,12.139510097913444
lda,poly,100,1,1,5000,0.46904326183721423,4.503243470797315,12.039807168068364
lda,poly,100,1,2,5000,0.4700456119608134,4.389869518112391,18.167252669809386
lda,poly,100,1,3,5000,0.46878913906402886,4.421534875873476,12.053076625103131
lda,poly,100,1,4,5000,0.469305083155632,4.433975333115086,12.435634236084297
lda,poly,100,1,5,5000,0.47009391291067004,4.482679957989603,11.67726495093666
lda,poly,100,10,1,5000,0.469541375990957,4.413002103799954,11.78956555109471
lda,poly,100,10,2,5000,0.46887382585555315,4.423935706028715,17.97365648392588
lda,poly,100,10,3,5000,0.4696034269873053,4.416533194947988,12.060360269155353
lda,poly,100,10,4,5000,0.4690378538798541,4.377437784802169,12.516960601089522
lda,poly,100,10,5,5000,0.4686518188100308,4.473149428842589,11.601275399094447
lda,poly,100,100,1,5000,0.4696919620037079,4.438933914992958,11.825363765936345
lda,poly,100,100,2,5000,0.469514103140682,4.422226056922227,18.30040241102688
lda,poly,100,100,3,5000,0.4703535533044487,4.483721242984757,12.024900337914005
lda,poly,100,100,4,5000,0.4701211180072278,4.407196050044149,12.356536217033863
lda,poly,100,100,5,5000,0.4686353178694844,4.406469207955524,11.650850349105895
lda,poly,100,1000,1,5000,0.4689712922554463,4.43662082310766,11.87718822201714
lda,poly,100,1000,2,5000,0.47085031610913575,4.445815260056406,18.150063615990803
lda,poly,100,1000,3,5000,0.46910137590020895,4.435847122920677,12.084455415140837
lda,poly,100,1000,4,5000,0.4696060670539737,4.465018370887265,12.473531200084835
lda,poly,100,1000,5,5000,0.4705944510642439,4.410606735153124,11.645855053095147
lda,poly,1000,0.001,1,5000,0.47000460396520793,4.407572552096099,14.550402852939442
lda,poly,1000,0.001,2,5000,0.4696136638522148,4.4676609670277685,14.136030182009563
lda,poly,1000,0.001,3,5000,0.46998026594519615,4.4104431287851185,26.256086288951337
lda,poly,1000,0.001,4,5000,0.4721320918761194,4.4602853681426495,71.60899605206214
lda,poly,1000,0.001,5,5000,0.4703006870113313,4.513684369158,108.91283971210942
lda,poly,1000,0.01,1,5000,0.47517783497460186,4.424850742099807,12.581062666140497
lda,poly,1000,0.01,2,5000,0.47508292039856315,4.408863174030557,16.520472158910707
lda,poly,1000,0.01,3,5000,0.4744088340085,4.431673543993384,15.083156483015046
lda,poly,1000,0.01,4,5000,0.4730893431697041,4.421984768938273,17.234415287850425
lda,poly,1000,0.01,5,5000,0.47401301306672394,4.462928750086576,19.850100273964927
lda,poly,1000,0.1,1,5000,0.4750868841074407,4.440796617185697,12.1281311979983
lda,poly,1000,0.1,2,5000,0.47288442705757916,4.426910866051912,18.75197916314937
lda,poly,1000,0.1,3,5000,0.47407523170113564,4.476434690877795,12.093412493122742
lda,poly,1000,0.1,4,5000,0.47357782698236406,4.4687662126962095,12.841070733964443
lda,poly,1000,0.1,5,5000,0.47347222082316875,4.429611039813608,11.920197406085208
lda,poly,1000,1,1,5000,0.47518528206273913,4.484520301921293,11.892386534949765
lda,poly,1000,1,2,5000,0.4734732308425009,4.438987273955718,18.304954868974164
lda,poly,1000,1,3,5000,0.4737351397052407,4.442161147017032,12.146887805080041
lda,poly,1000,1,4,5000,0.4897343839984387,4.457806607941166,12.53609285899438
lda,poly,1000,1,5,5000,0.47585873398929834,4.449737946968526,11.78793056216091
lda,poly,1000,10,1,5000,0.47307546297088265,4.459042102331296,11.837561171967536
lda,poly,1000,10,2,5000,0.47472053300589323,4.446274646790698,18.10940307797864
lda,poly,1000,10,3,5000,0.4755342311691493,4.4751551549416035,12.143063717987388
lda,poly,1000,10,4,5000,0.4742020540870726,4.421532932901755,12.625104831997305
lda,poly,1000,10,5,5000,0.4748538581188768,4.493237463058904,11.718809230951592
lda,poly,1000,100,1,5000,0.4742909958586097,4.470333369914442,11.884687314042822
lda,poly,1000,100,2,5000,0.4780863190535456,4.444778705947101,18.428156116977334
lda,poly,1000,100,3,5000,0.47431127610616386,4.466780683025718,12.137229509186
lda,poly,1000,100,4,5000,0.47448088810779154,4.453880997840315,12.463830191176385
lda,poly,1000,100,5,5000,0.4745936938561499,4.440624474082142,11.748211878119037
lda,poly,1000,1000,1,5000,0.47294923895969987,4.4222234399057925,11.927957916865125
lda,poly,1000,1000,2,5000,0.47358746198005974,4.450246427906677,18.291226610075682
lda,poly,1000,1000,3,5000,0.4749759209807962,4.4358673330862075,12.17237769300118
lda,poly,1000,1000,4,5000,0.4726991669740528,4.4807679450605065,12.568764701019973
lda,poly,1000,1000,5,5000,0.48223052895627916,4.4721502682659775,11.742132566170767
pca_50,linear,0.001,,,10000,1.2538805447984487,0.6738350642845035,23.005877475021407
pca_50,linear,0.005,,,10000,0.6235262169502676,0.5560498910490423,23.26873634196818
pca_50,linear,0.01,,,10000,0.6169386089313775,0.5585853969678283,24.661739306058735
pca_50,linear,0.015,,,10000,0.5281107111368328,0.5561518701724708,23.921524540055543
pca_50,linear,1,,,10000,0.4780368790961802,0.557933694915846,31.114667110145092
pca_100,linear,0.001,,,10000,0.5397514950018376,0.7387963691726327,50.93368329387158
pca_100,linear,0.005,,,10000,0.47893436695449054,0.7318900059908628,45.37282957788557
pca_100,linear,0.01,,,10000,0.4802794698625803,0.7344146289397031,45.85697225597687
pca_100,linear,0.015,,,10000,0.478651907062158,0.7308248600456864,46.53581037092954
pca_100,linear,1,,,10000,0.47932185884565115,0.7324092062190175,60.14287064108066
pca_200,linear,0.001,,,10000,0.48342176410369575,0.870694826124236,70.44593150098808
pca_200,linear,0.005,,,10000,0.47793180495500565,0.8725695151370019,62.16798214404844
pca_200,linear,0.01,,,10000,0.491043042158708,0.8606158967595547,61.7211122198496
pca_200,linear,0.015,,,10000,0.480280740885064,0.862335585989058,62.31240007583983
pca_200,linear,1,,,10000,0.4809330948628485,0.8661288020666689,81.07643181597814
lda,linear,0.001,,,10000,0.5532977951224893,5.151434802915901,14.341732167173177
lda,linear,0.005,,,10000,0.479407591978088,4.628945448901504,11.581681483890861
lda,linear,0.01,,,10000,0.47881748201325536,4.530962006887421,11.206780115840957
lda,linear,0.015,,,10000,0.47882705205120146,4.486310651060194,11.104828550014645
lda,linear,1,,,10000,0.4777967440895736,4.512488645967096,16.96272307797335
pca_50,rbf,1,0.001,,10000,0.9746269078459591,0.5854528988711536,26.835811306955293
pca_50,rbf,10,0.001,,10000,0.7560587550979108,0.527299348032102,22.6256206210237
pca_50,rbf,100,0.001,,10000,0.6524615117814392,0.5285296491347253,25.940612273989245
pca_50,rbf,1000,0.001,,10000,0.5688873948529363,0.5270325529854745,27.22548874397762
pca_50,rbf,1,0.01,,10000,0.5109080257825553,0.5261645161081105,66.14249523403123
pca_50,rbf,10,0.01,,10000,0.4893035951536149,0.526212144875899,76.12489063083194
pca_50,rbf,100,0.01,,10000,0.5032818641047925,0.5274929068982601,75.51741303317249
pca_50,rbf,1000,0.01,,10000,0.5031853108666837,0.5297115868888795,75.36087810597382
pca_50,rbf,0.01,10,,10000,0.5019493759609759,0.5258265619631857,343.6385626110714
pca_50,rbf,0.1,10,,10000,0.48690078500658274,0.5251009492203593,342.91052133915946
pca_50,rbf,1,10,,10000,0.4699650350958109,0.5255394477862865,395.8398005031049
pca_100,rbf,1,0.001,,10000,0.5350158279761672,0.6307012410834432,51.59628765494563
pca_100,rbf,10,0.001,,10000,0.4698502749670297,0.6310566607862711,43.059392413822934
pca_100,rbf,100,0.001,,10000,0.47033240110613406,0.6351320990361273,44.9075262399856
pca_100,rbf,1000,0.001,,10000,0.46921987482346594,0.6308683669194579,46.29963575000875
pca_100,rbf,1,0.01,,10000,0.47199362399987876,0.6319838552735746,194.63672418310307
pca_100,rbf,10,0.01,,10000,0.47314981603994966,0.6324884491041303,210.11198950605467
pca_100,rbf,100,0.01,,10000,0.4832179928198457,0.6332696280442178,209.99568299180828
pca_100,rbf,1000,0.01,,10000,0.48009962495416403,0.6360467008780688,210.30410230113193
pca_100,rbf,0.01,10,,10000,0.4809822009410709,0.6347971798386425,606.5850825749803
pca_100,rbf,0.1,10,,10000,0.4766565340105444,0.6407497618347406,605.886375496164
pca_100,rbf,1,10,,10000,0.4814548189751804,0.6370861162431538,689.9148886820767
pca_200,rbf,1,0.001,,10000,0.5305114747025073,0.8222939940169454,74.37955807195976
pca_200,rbf,10,0.001,,10000,0.47125303908251226,0.817661396227777,62.841720750089735
pca_200,rbf,100,0.001,,10000,0.47881884314119816,0.8262368971481919,63.51135226502083
pca_200,rbf,1000,0.001,,10000,0.47334212507121265,0.8243204590398818,63.30003398307599
pca_200,rbf,1,0.01,,10000,0.47953532892279327,0.8880992217455059,414.1572033269331
pca_200,rbf,10,0.01,,10000,0.47124483110383153,0.8213798268698156,439.7819081810303
pca_200,rbf,100,0.01,,10000,0.4926110792439431,0.8268001081887633,438.0359868397936
pca_200,rbf,1000,0.01,,10000,0.475181105080992,0.8246792622376233,438.07068923907354
pca_200,rbf,0.01,10,,10000,0.47033629822544754,0.8214446490164846,864.4573967300821
pca_200,rbf,0.1,10,,10000,0.47068666596896946,0.8334083061199635,864.6891063109506
pca_200,rbf,1,10,,10000,0.48515390092507005,0.8233461210038513,971.2869893019088
lda,rbf,1,0.001,,10000,0.5217228189576417,5.308726743096486,18.122979203006253
lda,rbf,10,0.001,,10000,0.46970411809161305,4.792032863013446,15.201457847841084
lda,rbf,100,0.001,,10000,0.4690090538933873,4.6616251161322,15.709361781133339
lda,rbf,1000,0.001,,10000,0.4705199340824038,4.509940391872078,22.06631865585223
lda,rbf,1,0.01,,10000,0.46814613696187735,4.465452834032476,14.552509461063892
lda,rbf,10,0.01,,10000,0.469296061899513,4.527603724040091,14.846195985097438
lda,rbf,100,0.01,,10000,0.4674469600431621,4.4798037759028375,20.48368700314313
lda,rbf,1000,0.01,,10000,0.46913516405038536,4.422924673883244,28.30856002611108
lda,rbf,0.01,10,,10000,0.4679017330054194,4.4461215829942375,217.45854780403897
lda,rbf,0.1,10,,10000,0.4670727578923106,4.483303106855601,217.41977001703344
lda,rbf,1,10,,10000,0.4679335867986083,4.4371772550512105,301.219986747019
pca_50,poly,0.1,0.1,3,10000,1.0793051240034401,0.7924154419451952,21.067922772141173
pca_50,poly,0.1,0.1,5,10000,0.7098319199867547,0.5365088048856705,21.8577836190816
pca_50,poly,0.1,1,3,10000,0.5705498149618506,0.5269815728534013,21.389681147178635
pca_50,poly,0.1,1,5,10000,0.5256994462106377,0.5508580100722611,19.8941254732199
pca_50,poly,0.1,10,3,10000,0.4923008228652179,0.5502061839215457,20.49164018803276
pca_50,poly,0.1,10,5,10000,0.5258539230562747,0.5504101631231606,20.067543799057603
pca_50,poly,1,0.1,3,10000,0.5205669689457864,0.5527024399489164,20.54780244617723
pca_50,poly,1,0.1,5,10000,0.47392649692483246,0.5524653377942741,20.02594792819582
pca_50,poly,1,1,3,10000,0.4736321931704879,0.5524994030129164,20.46123480098322
pca_50,poly,1,1,5,10000,0.4706140321213752,0.5334545508958399,19.914976936066523
pca_50,poly,1,10,3,10000,0.4707240341231227,0.5336290709674358,20.474930911092088
pca_50,poly,1,10,5,10000,0.4716186411678791,0.5341170351020992,20.143828053958714
pca_50,poly,10,0.1,3,10000,0.4714024846907705,0.5330587071366608,20.53357497206889
pca_50,poly,10,0.1,5,10000,0.4707257130648941,0.5346340641845018,20.003787022083998
pca_50,poly,10,1,3,10000,0.47215224523097277,0.5336482929997146,20.4542282409966
pca_50,poly,10,1,5,10000,0.47211313410662115,0.5338201369158924,19.91612837300636
pca_50,poly,10,10,3,10000,0.47247748193331063,0.5337278707884252,20.472511511063203
pca_50,poly,10,10,5,10000,0.47275985893793404,0.5426374208182096,20.036270049167797
pca_100,poly,0.1,0.1,3,10000,0.4851245789323002,0.7269054988864809,41.1742398198694
pca_100,poly,0.1,0.1,5,10000,0.47550590499304235,0.7258133459836245,45.32978946319781
pca_100,poly,0.1,1,3,10000,0.4734103698283434,0.7229004330001771,41.63564568897709
pca_100,poly,0.1,1,5,10000,0.48326404206454754,0.7261757468804717,46.078845476033166
pca_100,poly,0.1,10,3,10000,0.4869914730079472,0.7253361616749316,41.181896707974374
pca_100,poly,0.1,10,5,10000,0.4802943179383874,0.7322827649768442,47.36250331904739
pca_100,poly,1,0.1,3,10000,0.5004665860906243,0.9111917051486671,41.17269626399502
pca_100,poly,1,0.1,5,10000,0.4845366789959371,0.7315243342891335,45.843902974855155
pca_100,poly,1,1,3,10000,0.47478597797453403,0.7349568880163133,41.1748850280419
pca_100,poly,1,1,5,10000,0.47549880598671734,0.7304153689183295,45.46459854603745
pca_100,poly,1,10,3,10000,0.48198432195931673,0.7312342431396246,41.684444940881804
pca_100,poly,1,10,5,10000,0.4754502419382334,0.7337788369040936,45.50193611206487
pca_100,poly,10,0.1,3,10000,0.4730060088913888,0.7317394602578133,42.17839163704775
pca_100,poly,10,0.1,5,10000,0.47416223702020943,0.7386023700237274,45.2832336910069
pca_100,poly,10,1,3,10000,0.4752113651484251,0.7332663158886135,43.215711107011884
pca_100,poly,10,1,5,10000,0.4721770631149411,0.7331249020062387,45.336183361010626
pca_100,poly,10,10,3,10000,0.4737210599705577,0.7344654141925275,42.21178251388483
pca_100,poly,10,10,5,10000,0.471513903234154,0.7322908306960016,45.86411167983897
pca_200,poly,0.1,0.1,3,10000,0.5388488499447703,0.8528685169294477,61.30460699996911
pca_200,poly,0.1,0.1,5,10000,0.4740313689690083,0.8597203991375864,75.00748272496276
pca_200,poly,0.1,1,3,10000,0.4746111291460693,0.8574886640999466,61.286594790173694
pca_200,poly,0.1,1,5,10000,0.4734176292549819,0.855906407115981,75.0019032759592
pca_200,poly,0.1,10,3,10000,0.47639316925778985,0.8495774460025132,61.23916912288405
pca_200,poly,0.1,10,5,10000,0.4767914570402354,0.8541583088226616,74.90850880299695
pca_200,poly,1,0.1,3,10000,0.47397863189689815,0.8481193252373487,61.288490592036396
pca_200,poly,1,0.1,5,10000,0.4757732709404081,0.8574003831017762,74.91637329896912
pca_200,poly,1,1,3,10000,0.46876087319105864,0.8489998318254948,61.2703546541743
pca_200,poly,1,1,5,10000,0.48742204695008695,0.8384369150735438,75.90525850793347
pca_200,poly,1,10,3,10000,0.4891502079553902,0.831199057167396,62.05286120483652
pca_200,poly,1,10,5,10000,0.4782130040694028,0.8385056450497359,75.86731713288464
pca_200,poly,10,0.1,3,10000,0.4795503618661314,0.8352181629743427,62.15467641479336
pca_200,poly,10,0.1,5,10000,0.4789507817476988,0.8382866468746215,75.87384283891879
pca_200,poly,10,1,3,10000,0.4759961657691747,0.8317860062234104,62.05222844495438
pca_200,poly,10,1,5,10000,0.4849086399190128,0.8307456707116216,75.97397194220684
pca_200,poly,10,10,3,10000,0.4866119029466063,0.8349589030258358,62.062182056950405
pca_200,poly,10,10,5,10000,0.4837240460328758,0.8371652930509299,75.89182197395712
lda,poly,0.1,0.1,3,10000,0.5195744908414781,5.244477024069056,15.006252937950194
lda,poly,0.1,0.1,5,10000,0.47568610217422247,4.767714522080496,21.1084628039971
lda,poly,0.1,1,3,10000,0.476839650189504,4.603306255070493,18.97891816892661
lda,poly,0.1,1,5,10000,0.47518656705506146,4.517481541959569,16.258701242972165
lda,poly,0.1,10,3,10000,0.47706168587319553,4.5709432798903435,18.225835682125762
lda,poly,0.1,10,5,10000,0.47700586868450046,4.495741290971637,16.00815100898035
lda,poly,1,0.1,3,10000,0.4762455599848181,4.485774997156113,18.678129157982767
lda,poly,1,0.1,5,10000,0.474982884246856,4.465779427671805,20.245930350851268
lda,poly,1,1,3,10000,0.47613328392617404,4.48309710691683,18.34750318992883
lda,poly,1,1,5,10000,0.47694995906203985,4.478470849106088,16.203736006980762
lda,poly,1,10,3,10000,0.47604054491966963,4.468084534164518,18.263385541038588
lda,poly,1,10,5,10000,0.47437947313301265,4.506832370068878,16.022807993926108
lda,poly,10,0.1,3,10000,0.474812796106562,4.553872997872531,20.09263863787055
lda,poly,10,0.1,5,10000,0.47759978100657463,4.539395906962454,18.29104167292826
lda,poly,10,1,3,10000,0.4780708448961377,4.444000521674752,18.2371843829751
lda,poly,10,1,5,10000,0.47839217097498477,4.486752460012212,16.222534663043916
lda,poly,10,10,3,10000,0.4765321142040193,4.495541438926011,18.267819879110903
lda,poly,10,10,5,10000,0.4780125927645713,4.4602111738640815,16.018842584919184
pca_50,rbf,0.01,1,,10000,1.1894460250623524,0.7053813489619642,359.75984781305306
pca_50,rbf,0.1,1,,10000,0.7158013249281794,0.6126395559404045,355.592675199965
pca_50,rbf,1,1,,10000,0.5928079120349139,0.5632977720815688,425.7633208378684
pca_100,rbf,0.01,1,,10000,0.6391184271778911,0.7198122867848724,666.105441117892
pca_100,rbf,0.1,1,,10000,0.5576342279091477,0.7183697398286313,691.1705641141161
pca_100,rbf,1,1,,10000,0.5154711850918829,0.7195563169661909,786.8756361920387
pca_200,rbf,0.01,1,,10000,0.5108809908851981,0.8480812311172485,934.9585946730804
pca_200,rbf,0.1,1,,10000,0.48235724796541035,0.8457799321040511,935.2575948589947
pca_200,rbf,1,1,,10000,0.47960491268895566,0.8467780160717666,1103.3101525208913
lda,rbf,0.01,1,,10000,0.5414727879688144,5.139173995004967,175.28597153001465
lda,rbf,0.1,1,,10000,0.4836735089775175,4.671396394027397,116.3968256500084
lda,rbf,1,1,,10000,0.47885220497846603,4.528936034999788,139.41562984907068
pca_50,poly,10,0.1,3,10000,1.1367298641707748,0.560195186175406,22.272614679066464
pca_50,poly,10,0.1,5,10000,0.6944670979864895,0.52238251385279,22.146004260051996
pca_50,poly,10,0.01,3,10000,0.580675037112087,0.5233217850327492,21.716334406053647
pca_50,poly,10,0.01,5,10000,0.5439978011418134,0.5253173259552568,21.18756309710443
pca_50,poly,10,0.001,3,10000,0.5369679050054401,0.5238254691939801,24.09971623099409
pca_50,poly,10,0.001,5,10000,0.5166402417235076,0.5458866879343987,42.975056278984994
pca_50,poly,100,0.1,3,10000,0.5309354241471738,0.6117469938471913,21.797578135039657
pca_50,poly,100,0.1,5,10000,0.4783455999568105,0.5507807310204953,21.347021204885095
pca_50,poly,100,0.01,3,10000,0.4777952537406236,0.5217075839173049,21.813761780038476
pca_50,poly,100,0.01,5,10000,0.47800652612932026,0.5230244342237711,21.393417679006234
pca_50,poly,100,0.001,3,10000,0.47808698704466224,0.5251964828930795,20.950858850963414
pca_50,poly,100,0.001,5,10000,0.47766602295450866,0.5233308901078999,27.914117424050346
pca_100,poly,10,0.1,3,10000,0.5373089741915464,0.6329274408053607,41.50034764409065
pca_100,poly,10,0.1,5,10000,0.4803692111745477,0.6380764651112258,45.89411815511994
pca_100,poly,10,0.01,3,10000,0.4769772777799517,0.6352328569628298,41.502583251101896
pca_100,poly,10,0.01,5,10000,0.47744110506027937,0.6376475300639868,45.95611736108549
pca_100,poly,10,0.001,3,10000,0.4782489228527993,0.6355786430649459,49.82615884603001
pca_100,poly,10,0.001,5,10000,0.47865878604352474,0.6353947501629591,90.89815234579146
pca_100,poly,100,0.1,3,10000,0.5064082581084222,0.6359146079048514,41.523879271000624
pca_100,poly,100,0.1,5,10000,0.49710188689641654,0.6365529659669846,45.915453633992
pca_100,poly,100,0.01,3,10000,0.5019453049171716,0.6383921832311898,41.49801273504272
pca_100,poly,100,0.01,5,10000,0.4855034537613392,0.6373879141174257,45.932366052875295
pca_100,poly,100,0.001,3,10000,0.48302567400969565,0.6377202849835157,42.81296133995056
pca_100,poly,100,0.001,5,10000,0.4978248339612037,0.6381856258958578,59.69619835889898
pca_200,poly,10,0.1,3,10000,0.5722042191773653,0.8203584610018879,62.03438033000566
pca_200,poly,10,0.1,5,10000,0.49009692505933344,0.8264822631608695,75.77414325997233
pca_200,poly,10,0.01,3,10000,0.5099059641361237,0.8207457452081144,62.01099862786941
pca_200,poly,10,0.01,5,10000,0.48906220705248415,0.8201181809417903,75.47464980604127
pca_200,poly,10,0.001,3,10000,0.5044855989981443,0.861643607262522,72.30579535104334
pca_200,poly,10,0.001,5,10000,0.492495431099087,0.8231621729210019,131.89234650391154
pca_200,poly,100,0.1,3,10000,0.5234561569523066,0.8254072989802808,61.961238915100694
pca_200,poly,100,0.1,5,10000,0.50807881122455,0.8232579880859703,75.73307224898599
pca_200,poly,100,0.01,3,10000,0.5234483082313091,0.8263811222277582,62.02837469894439
pca_200,poly,100,0.01,5,10000,0.49360396689735353,0.8277922570705414,75.46336628892459
pca_200,poly,100,0.001,3,10000,0.5027525508776307,0.8179088961333036,63.52475131000392
pca_200,poly,100,0.001,5,10000,0.4903084391262382,0.8277053032070398,89.88129112916067
lda,poly,10,0.1,3,10000,0.5483605887275189,5.323979692067951,20.036322626983747
lda,poly,10,0.1,5,10000,0.4765479122288525,4.744351731147617,18.156152192037553
lda,poly,10,0.01,3,10000,0.47726625413633883,4.58647536393255,16.84691764996387
lda,poly,10,0.01,5,10000,0.4768657651729882,4.508981263032183,37.77928546909243
lda,poly,10,0.001,3,10000,0.47643722174689174,4.487703401129693,93.63800916704349
lda,poly,10,0.001,5,10000,0.47622178215533495,4.465009675826877,155.66060788999312
lda,poly,100,0.1,3,10000,0.47657773084938526,4.426887597888708,18.689851423958316
lda,poly,100,0.1,5,10000,0.4765128802973777,4.472094437107444,16.99325605784543
lda,poly,100,0.01,3,10000,0.47640483593568206,4.49950930592604,14.737243606010452
lda,poly,100,0.01,5,10000,0.4780907591339201,4.472023358102888,25.584552054991946
lda,poly,100,0.001,3,10000,0.4757193368859589,4.465884014032781,49.62076897500083
lda,poly,100,0.001,5,10000,0.47785552591085434,4.427019965834916,148.08186389203183
pca_50,rbf,10,0.01,,100000,1.1144485760014504,0.608979671029374,81.0432461539749
pca_50,rbf,10,0.001,,100000,0.6922901880461723,0.5513070421293378,22.820431937929243
pca_100,rbf,10,0.01,,100000,0.658785677049309,0.6560451560653746,247.09510850906372
pca_100,rbf,10,0.001,,100000,0.5273883540648967,0.6554002030752599,44.37578610284254
pca_200,rbf,10,0.01,,100000,0.5358674819581211,0.8525767598766834,554.3649037140422
pca_200,rbf,10,0.001,,100000,0.5079106211196631,0.8546607510652393,65.02161347097717
lda,rbf,10,0.01,,100000,0.5482849939726293,5.08572264178656,14.898224976845086
lda,rbf,10,0.001,,100000,0.4699308399576694,4.706543984124437,15.163313874974847
