dim reducer,kernel,C,gamma,degree,num iterations,scale time,dim reduce time,fit time,converged
pca_50,linear,0.001,,,1000,0.3660674940329045,0.41800397192128,17.459419187856838,DID NOT CONVERGE
pca_50,linear,0.01,,,1000,0.3820127050857991,0.392723361030221,12.479334017960355,DID NOT CONVERGE
pca_50,linear,0.1,,,1000,0.37092197500169277,0.3938447379041463,9.12102705403231,DID NOT CONVERGE
pca_50,linear,1,,,1000,0.36461315187625587,0.40972010302357376,9.388427581172436,DID NOT CONVERGE
pca_50,linear,10,,,1000,0.3643530469853431,0.41109379497356713,8.770999007159844,DID NOT CONVERGE
pca_50,linear,100,,,1000,0.3637573670130223,0.4329751650802791,9.600851902971044,DID NOT CONVERGE
pca_50,linear,1000,,,1000,0.3662700040731579,0.43291657813824713,9.491203904850408,DID NOT CONVERGE
pca_100,linear,0.001,,,1000,0.3608742218930274,0.49854746204800904,34.755939736030996,DID NOT CONVERGE
pca_100,linear,0.01,,,1000,0.376205971930176,0.4924737769179046,27.68611924094148,DID NOT CONVERGE
pca_100,linear,0.1,,,1000,0.3650450080167502,0.5054136291146278,21.283780182013288,DID NOT CONVERGE
pca_100,linear,1,,,1000,0.3662134208716452,0.5138535909354687,21.02170086512342,DID NOT CONVERGE
pca_100,linear,10,,,1000,0.37602248997427523,0.5157464509829879,21.680299065075815,DID NOT CONVERGE
pca_100,linear,100,,,1000,0.37499945401214063,0.5138313081115484,21.12160333688371,DID NOT CONVERGE
pca_100,linear,1000,,,1000,0.36548305000178516,0.5140712100546807,21.23133515380323,DID NOT CONVERGE
pca_200,linear,0.001,,,1000,0.4041097778826952,0.5843729320913553,49.77900705602951,DID NOT CONVERGE
pca_200,linear,0.01,,,1000,0.36604165681637824,0.567223162855953,37.69002454006113,DID NOT CONVERGE
pca_200,linear,0.1,,,1000,0.36158668296411633,0.5690197688527405,30.59730985504575,DID NOT CONVERGE
pca_200,linear,1,,,1000,0.36406153510324657,0.5815707889851183,30.64447774598375,DID NOT CONVERGE
pca_200,linear,10,,,1000,0.3641704728361219,0.5796830919571221,30.59552585799247,DID NOT CONVERGE
pca_200,linear,100,,,1000,0.36572488211095333,0.5808017160743475,30.55334745021537,DID NOT CONVERGE
pca_200,linear,1000,,,1000,0.36391271906904876,0.5880660561379045,30.569710111944005,DID NOT CONVERGE
lda,linear,0.001,,,1000,0.4312440808862448,5.156808745115995,10.61508778296411,DID NOT CONVERGE
lda,linear,0.01,,,1000,0.3680864139460027,4.569730180082843,8.054114918923005,DID NOT CONVERGE
lda,linear,0.1,,,1000,0.3700937640387565,4.443866042885929,7.8257978048641235,DID NOT CONVERGE
lda,linear,1,,,1000,0.37061541294679046,4.385262273950502,6.049724068958312,DID NOT CONVERGE
lda,linear,10,,,1000,0.370110702002421,4.355405147885904,4.220340614207089,DID NOT CONVERGE
lda,linear,100,,,1000,0.37364322785288095,4.359593415167183,3.9450204698368907,DID NOT CONVERGE
lda,linear,1000,,,1000,0.37065512780100107,4.498466909164563,3.909690249012783,DID NOT CONVERGE
pca_50,rbf,0.001,0.001,,1000,0.43753445614129305,0.41796976001933217,48.70375338802114,DID NOT CONVERGE
pca_50,rbf,0.001,0.01,,1000,0.36322656087577343,0.4187873238697648,48.82741314009763,DID NOT CONVERGE
pca_50,rbf,0.001,0.1,,1000,0.36267736996524036,0.47769958921708167,49.07161799399182,DID NOT CONVERGE
pca_50,rbf,0.001,1,,1000,0.36300643300637603,0.41934952489100397,60.28475730190985,DID NOT CONVERGE
pca_50,rbf,0.001,10,,1000,0.3649898120202124,0.4201532769948244,49.90039508207701,DID NOT CONVERGE
pca_50,rbf,0.001,100,,1000,0.3654653278645128,0.4174225330352783,49.37707461719401,DID NOT CONVERGE
pca_50,rbf,0.001,1000,,1000,0.36585402791388333,0.41735845408402383,49.34375104517676,DID NOT CONVERGE
pca_50,rbf,0.01,0.001,,1000,0.36563032399863005,0.4176380911376327,45.46696778992191,DID NOT CONVERGE
pca_50,rbf,0.01,0.01,,1000,0.3628976629115641,0.4189563610125333,48.804634653031826,DID NOT CONVERGE
pca_50,rbf,0.01,0.1,,1000,0.365468786098063,0.41743535199202597,49.08064415398985,DID NOT CONVERGE
pca_50,rbf,0.01,1,,1000,0.36323555605486035,0.42188330204226077,60.47822165302932,DID NOT CONVERGE
pca_50,rbf,0.01,10,,1000,0.3665932398289442,0.4193038248922676,49.892909872112796,DID NOT CONVERGE
pca_50,rbf,0.01,100,,1000,0.36605336610227823,0.4192208219319582,49.32937091588974,DID NOT CONVERGE
pca_50,rbf,0.01,1000,,1000,0.36557566188275814,0.41776419896632433,49.33807947812602,DID NOT CONVERGE
pca_50,rbf,0.1,0.001,,1000,0.36544016911648214,0.41805140394717455,26.96664712508209,DID NOT CONVERGE
pca_50,rbf,0.1,0.01,,1000,0.3649582078214735,0.434697155142203,46.51431098394096,DID NOT CONVERGE
pca_50,rbf,0.1,0.1,,1000,0.36780889402143657,0.4185817949473858,49.714134722948074,DID NOT CONVERGE
pca_50,rbf,0.1,1,,1000,0.36737705091945827,0.41533115203492343,61.39820306794718,DID NOT CONVERGE
pca_50,rbf,0.1,10,,1000,0.36812074296176434,0.41871265694499016,50.591691432055086,DID NOT CONVERGE
pca_50,rbf,0.1,100,,1000,0.36677912599407136,0.4187485270667821,50.01999177597463,DID NOT CONVERGE
pca_50,rbf,0.1,1000,,1000,0.3671388509683311,0.41871820599772036,50.06991660105996,DID NOT CONVERGE
pca_50,rbf,1,0.001,,1000,0.3695126520469785,0.4514684600289911,18.793610555119812,DID NOT CONVERGE
pca_50,rbf,1,0.01,,1000,0.3637175860349089,0.4199899770319462,37.02916794200428,DID NOT CONVERGE
pca_50,rbf,1,0.1,,1000,0.36696984502486885,0.417272767983377,49.51341996202245,DID NOT CONVERGE
pca_50,rbf,1,1,,1000,0.36622350197285414,0.4180579390376806,61.59372701309621,DID NOT CONVERGE
pca_50,rbf,1,10,,1000,0.366844394011423,0.42002993496134877,50.86779831792228,DID NOT CONVERGE
pca_50,rbf,1,100,,1000,0.36631394107826054,0.4173654289916158,50.291872966103256,DID NOT CONVERGE
pca_50,rbf,1,1000,,1000,0.3668191251344979,0.4174302611500025,50.31523702805862,DID NOT CONVERGE
pca_50,rbf,10,0.001,,1000,0.36751082190312445,0.41836716583929956,15.365274379961193,DID NOT CONVERGE
pca_50,rbf,10,0.01,,1000,0.36441809916868806,0.3993973669130355,34.145735695026815,DID NOT CONVERGE
pca_50,rbf,10,0.1,,1000,0.36716353916563094,0.39907192694954574,49.19488875800744,DID NOT CONVERGE
pca_50,rbf,10,1,,1000,0.366348427021876,0.4190298228058964,61.19421591190621,DID NOT CONVERGE
pca_50,rbf,10,10,,1000,0.3671256641391665,0.4206965691410005,50.41911824210547,DID NOT CONVERGE
pca_50,rbf,10,100,,1000,0.3670853648800403,0.41901540802791715,49.87157948198728,DID NOT CONVERGE
pca_50,rbf,10,1000,,1000,0.3662464648950845,0.42091085808351636,49.86618366907351,DID NOT CONVERGE
pca_50,rbf,100,0.001,,1000,0.366807236103341,0.4185259030200541,12.918989233206958,DID NOT CONVERGE
pca_50,rbf,100,0.01,,1000,0.3669901299290359,0.4343428371939808,36.05985314096324,DID NOT CONVERGE
pca_50,rbf,100,0.1,,1000,0.36810816801153123,0.42276346520520747,55.04485904891044,DID NOT CONVERGE
pca_50,rbf,100,1,,1000,0.3672331250272691,0.4205568260513246,66.62044273107313,DID NOT CONVERGE
pca_50,rbf,100,10,,1000,0.3678814370650798,0.420134267071262,55.85188081720844,DID NOT CONVERGE
pca_50,rbf,100,100,,1000,0.36685607791878283,0.41875827591866255,55.19868347910233,DID NOT CONVERGE
pca_50,rbf,100,1000,,1000,0.3668871778063476,0.41767881205305457,55.17722405400127,DID NOT CONVERGE
pca_50,rbf,1000,0.001,,1000,0.36702728690579534,0.42070017801597714,14.195521089946851,DID NOT CONVERGE
pca_50,rbf,1000,0.01,,1000,0.3672416009940207,0.4369372189976275,35.55869746604003,DID NOT CONVERGE
pca_50,rbf,1000,0.1,,1000,0.36700666788965464,0.4218353400938213,50.41012142202817,DID NOT CONVERGE
pca_50,rbf,1000,1,,1000,0.36656078696250916,0.4192907309625298,62.22113449103199,DID NOT CONVERGE
pca_50,rbf,1000,10,,1000,0.3667506598867476,0.42002527695149183,51.49247912107967,DID NOT CONVERGE
pca_50,rbf,1000,100,,1000,0.3674355160910636,0.4203403820283711,50.96625695889816,DID NOT CONVERGE
pca_50,rbf,1000,1000,,1000,0.36608062009327114,0.4186356260906905,50.97330068401061,DID NOT CONVERGE
pca_100,rbf,0.001,0.001,,1000,0.43640387896448374,0.5010838790331036,103.73444233601913,DID NOT CONVERGE
pca_100,rbf,0.001,0.01,,1000,0.3667736498173326,0.5086804921738803,104.93797591794282,DID NOT CONVERGE
pca_100,rbf,0.001,0.1,,1000,0.36714094993658364,0.5006735629867762,104.34772692318074,DID NOT CONVERGE
pca_100,rbf,0.001,1,,1000,0.36726869083940983,0.5020194728858769,116.21075509604998,DID NOT CONVERGE
pca_100,rbf,0.001,10,,1000,0.36716828402131796,0.5027041770517826,105.23882530489936,DID NOT CONVERGE
pca_100,rbf,0.001,100,,1000,0.3680051201954484,0.508433401118964,106.52777526713908,DID NOT CONVERGE
pca_100,rbf,0.001,1000,,1000,0.3690585058648139,0.5035203739535064,105.30019838316366,DID NOT CONVERGE
pca_100,rbf,0.01,0.001,,1000,0.3674903940409422,0.5046048229560256,98.17398247402161,DID NOT CONVERGE
pca_100,rbf,0.01,0.01,,1000,0.36748537607491016,0.5020466721616685,104.35589477303438,DID NOT CONVERGE
pca_100,rbf,0.01,0.1,,1000,0.3680554968304932,0.499773503979668,103.9665613360703,DID NOT CONVERGE
pca_100,rbf,0.01,1,,1000,0.3665212979540229,0.5150119620375335,114.80308248498477,DID NOT CONVERGE
pca_100,rbf,0.01,10,,1000,0.36658930708654225,0.5044431108981371,105.18625709298067,DID NOT CONVERGE
pca_100,rbf,0.01,100,,1000,0.36687076510861516,0.5037393129896373,105.25850553694181,DID NOT CONVERGE
pca_100,rbf,0.01,1000,,1000,0.3674222610425204,0.5058691410813481,105.01289639994502,DID NOT CONVERGE
pca_100,rbf,0.1,0.001,,1000,0.36891654995270073,0.5061688928399235,58.49945199792273,DID NOT CONVERGE
pca_100,rbf,0.1,0.01,,1000,0.3667305619455874,0.5148798800073564,102.41644373699091,DID NOT CONVERGE
pca_100,rbf,0.1,0.1,,1000,0.3677220409736037,0.5025560089852661,105.35479877796024,DID NOT CONVERGE
pca_100,rbf,0.1,1,,1000,0.3673851729836315,0.5030386699363589,114.92149214004166,DID NOT CONVERGE
pca_100,rbf,0.1,10,,1000,0.36682532681152225,0.5020897719077766,105.16554703889415,DID NOT CONVERGE
pca_100,rbf,0.1,100,,1000,0.3674283460713923,0.5043458750005811,104.9567309920676,DID NOT CONVERGE
pca_100,rbf,0.1,1000,,1000,0.36891856184229255,0.5131564191542566,104.98594804108143,DID NOT CONVERGE
pca_100,rbf,1,0.001,,1000,0.36819623899646103,0.5051190468948334,40.1610744970385,DID NOT CONVERGE
pca_100,rbf,1,0.01,,1000,0.3674096339382231,0.5007512660231441,85.62719393218867,DID NOT CONVERGE
pca_100,rbf,1,0.1,,1000,0.36668316880241036,0.5023058280348778,103.38092374103144,DID NOT CONVERGE
pca_100,rbf,1,1,,1000,0.3667203229852021,0.49804066703654826,115.6051957050804,DID NOT CONVERGE
pca_100,rbf,1,10,,1000,0.36685860296711326,0.5030739200301468,105.19448887812905,DID NOT CONVERGE
pca_100,rbf,1,100,,1000,0.36643608193844557,0.5046524431090802,108.64143585297279,DID NOT CONVERGE
pca_100,rbf,1,1000,,1000,0.3672692228574306,0.5128761739470065,105.08336545480415,DID NOT CONVERGE
pca_100,rbf,10,0.001,,1000,0.36701638298109174,0.5136239409912378,31.441005463013425,DID NOT CONVERGE
pca_100,rbf,10,0.01,,1000,0.3676611219998449,0.505202884785831,82.82221469399519,DID NOT CONVERGE
pca_100,rbf,10,0.1,,1000,0.3671645049471408,0.5048163868486881,103.40049150097184,DID NOT CONVERGE
pca_100,rbf,10,1,,1000,0.3671077690087259,0.5065416430588812,114.62525789509527,DID NOT CONVERGE
pca_100,rbf,10,10,,1000,0.3674111601430923,0.5040246788412333,104.82453783415258,DID NOT CONVERGE
pca_100,rbf,10,100,,1000,0.3673716939520091,0.5057520850095898,105.23154320195317,DID NOT CONVERGE
pca_100,rbf,10,1000,,1000,0.36792123410850763,0.5136264988686889,104.71963327703997,DID NOT CONVERGE
pca_100,rbf,100,0.001,,1000,0.36730380496010184,0.5060218391008675,27.956285852007568,DID NOT CONVERGE
pca_100,rbf,100,0.01,,1000,0.3676093879621476,0.521649758098647,82.53058529901318,DID NOT CONVERGE
pca_100,rbf,100,0.1,,1000,0.3697767839767039,0.5025551510043442,103.62352683907375,DID NOT CONVERGE
pca_100,rbf,100,1,,1000,0.36688924790360034,0.5024662620853633,114.36959414114244,DID NOT CONVERGE
pca_100,rbf,100,10,,1000,0.36785667994990945,0.5083573011215776,107.5842322090175,DID NOT CONVERGE
pca_100,rbf,100,100,,1000,0.3702484010718763,0.5076113999821246,105.16649255109951,DID NOT CONVERGE
pca_100,rbf,100,1000,,1000,0.3703703379724175,0.5240666558966041,108.25797483092174,DID NOT CONVERGE
pca_100,rbf,1000,0.001,,1000,0.3680370629299432,0.5060763431247324,27.553113523172215,DID NOT CONVERGE
pca_100,rbf,1000,0.01,,1000,0.3674596529453993,0.5158758179750293,84.3290903728921,DID NOT CONVERGE
pca_100,rbf,1000,0.1,,1000,0.3671909610275179,0.5017257139552385,104.67847693292424,DID NOT CONVERGE
pca_100,rbf,1000,1,,1000,0.36899132188409567,0.5034393251407892,115.24397475994192,DID NOT CONVERGE
pca_100,rbf,1000,10,,1000,0.3690909801516682,0.5038026089314371,105.53171187103726,DID NOT CONVERGE
pca_100,rbf,1000,100,,1000,0.36629259097389877,0.5041621369309723,105.20143746607937,DID NOT CONVERGE
pca_100,rbf,1000,1000,,1000,0.36764888814650476,0.5086196640040725,104.57429626584053,DID NOT CONVERGE
pca_200,rbf,0.001,0.001,,1000,0.4395758949685842,0.5755791119299829,145.21036145696416,DID NOT CONVERGE
pca_200,rbf,0.001,0.01,,1000,0.36748661985620856,0.5723915360867977,145.48218939895742,DID NOT CONVERGE
pca_200,rbf,0.001,0.1,,1000,0.36785395396873355,0.6031590020284057,146.00089052086696,DID NOT CONVERGE
pca_200,rbf,0.001,1,,1000,0.3671214389614761,0.5719208649825305,159.14444814110175,DID NOT CONVERGE
pca_200,rbf,0.001,10,,1000,0.3674020238686353,0.5676392640452832,147.70403800485656,DID NOT CONVERGE
pca_200,rbf,0.001,100,,1000,0.3673062219750136,0.5703857520129532,147.57214099611156,DID NOT CONVERGE
pca_200,rbf,0.001,1000,,1000,0.3672689669765532,0.5665358367841691,147.73518965998664,DID NOT CONVERGE
pca_200,rbf,0.01,0.001,,1000,0.3676131688989699,0.571920711081475,139.33002457697876,DID NOT CONVERGE
pca_200,rbf,0.01,0.01,,1000,0.36901514790952206,0.5692117111757398,145.26914350804873,DID NOT CONVERGE
pca_200,rbf,0.01,0.1,,1000,0.3676518101710826,0.5722244179341942,146.04976277891546,DID NOT CONVERGE
pca_200,rbf,0.01,1,,1000,0.36790058691985905,0.5677516909781843,159.20724581903778,DID NOT CONVERGE
pca_200,rbf,0.01,10,,1000,0.3676519289147109,0.5729317038785666,147.74515565903857,DID NOT CONVERGE
pca_200,rbf,0.01,100,,1000,0.36749540688470006,0.5738956111017615,147.71817362192087,DID NOT CONVERGE
pca_200,rbf,0.01,1000,,1000,0.3688826391007751,0.5694394549354911,147.58467748505063,DID NOT CONVERGE
pca_200,rbf,0.1,0.001,,1000,0.3673096091952175,0.5717026449274272,84.61677319300361,DID NOT CONVERGE
pca_200,rbf,0.1,0.01,,1000,0.3671685950830579,0.5722696390002966,145.27472282201052,DID NOT CONVERGE
pca_200,rbf,0.1,0.1,,1000,0.36777896899729967,0.5702021720353514,146.04880040395074,DID NOT CONVERGE
pca_200,rbf,0.1,1,,1000,0.3668525218963623,0.5665905978530645,159.46794345602393,DID NOT CONVERGE
pca_200,rbf,0.1,10,,1000,0.36796187213622034,0.5784632370341569,147.82499323715456,DID NOT CONVERGE
pca_200,rbf,0.1,100,,1000,0.3682258001063019,0.5403109870385379,147.8464822419919,DID NOT CONVERGE
pca_200,rbf,0.1,1000,,1000,0.36676154588349164,0.5699432420078665,147.54791078693233,DID NOT CONVERGE
pca_200,rbf,1,0.001,,1000,0.36745668295770884,0.5697521090041846,57.89145305217244,DID NOT CONVERGE
pca_200,rbf,1,0.01,,1000,0.368253530934453,0.5837660769466311,127.30297544808127,DID NOT CONVERGE
pca_200,rbf,1,0.1,,1000,0.3671223728451878,0.5723608990665525,145.43716370710172,DID NOT CONVERGE
pca_200,rbf,1,1,,1000,0.3667353449855,0.543802676955238,159.04755433788523,DID NOT CONVERGE
pca_200,rbf,1,10,,1000,0.3681209930218756,0.5451637560036033,147.63695082301274,DID NOT CONVERGE
pca_200,rbf,1,100,,1000,0.3690184270963073,0.546887916047126,147.48044601082802,DID NOT CONVERGE
pca_200,rbf,1,1000,,1000,0.3684012230951339,0.5389803929720074,147.61232652701437,DID NOT CONVERGE
pca_200,rbf,10,0.001,,1000,0.3670889809727669,0.5675894219893962,45.42027991893701,DID NOT CONVERGE
pca_200,rbf,10,0.01,,1000,0.3643371579237282,0.5687451539561152,126.14388598687947,DID NOT CONVERGE
pca_200,rbf,10,0.1,,1000,0.36481853597797453,0.5658887650351971,145.2243032711558,DID NOT CONVERGE
pca_200,rbf,10,1,,1000,0.36819064104929566,0.5677741291001439,158.794911126839,DID NOT CONVERGE
pca_200,rbf,10,10,,1000,0.3682618208695203,0.5657039119396359,147.33003921993077,DID NOT CONVERGE
pca_200,rbf,10,100,,1000,0.3676437570247799,0.5686505129560828,147.13911174517125,DID NOT CONVERGE
pca_200,rbf,10,1000,,1000,0.3675869721919298,0.5652912769000977,147.3320264618378,DID NOT CONVERGE
pca_200,rbf,100,0.001,,1000,0.3680976778268814,0.5393859790638089,41.84632794116624,DID NOT CONVERGE
pca_200,rbf,100,0.01,,1000,0.3651482230052352,0.5664017440285534,126.10474010393955,DID NOT CONVERGE
pca_200,rbf,100,0.1,,1000,0.36454545287415385,0.5727135830093175,145.17323389300145,DID NOT CONVERGE
pca_200,rbf,100,1,,1000,0.36798868398182094,0.5724085262045264,158.78610162297264,DID NOT CONVERGE
pca_200,rbf,100,10,,1000,0.366854480933398,0.5685061430558562,147.1799718181137,DID NOT CONVERGE
pca_200,rbf,100,100,,1000,0.36867439397610724,0.5710520499851555,147.03662709589116,DID NOT CONVERGE
pca_200,rbf,100,1000,,1000,0.3682599849998951,0.5686194899026304,147.18943189899437,DID NOT CONVERGE
pca_200,rbf,1000,0.001,,1000,0.3675249919760972,0.567378357052803,41.6422749471385,DID NOT CONVERGE
pca_200,rbf,1000,0.01,,1000,0.36798255308531225,0.5728308979887515,126.06750959297642,DID NOT CONVERGE
pca_200,rbf,1000,0.1,,1000,0.3643913820851594,0.5670379130169749,145.14127531601116,DID NOT CONVERGE
pca_200,rbf,1000,1,,1000,0.37496733013540506,0.5720576150342822,158.69174725818448,DID NOT CONVERGE
pca_200,rbf,1000,10,,1000,0.37214176706038415,0.5702573428861797,147.2474402198568,DID NOT CONVERGE
pca_200,rbf,1000,100,,1000,0.36802208703011274,0.565699159167707,147.07674483116716,DID NOT CONVERGE
pca_200,rbf,1000,1000,,1000,0.36702639097347856,0.5683504270855337,147.0813897610642,DID NOT CONVERGE
lda,rbf,0.001,0.001,,1000,0.43717955192551017,4.42103394609876,30.75252296193503,DID NOT CONVERGE
lda,rbf,0.001,0.01,,1000,0.36825075605884194,4.412934456020594,30.858804809860885,DID NOT CONVERGE
lda,rbf,0.001,0.1,,1000,0.36798428813926876,4.459857719950378,30.862658689031377,DID NOT CONVERGE
lda,rbf,0.001,1,,1000,0.3674019321333617,4.431668116943911,30.908999502891675,DID NOT CONVERGE
lda,rbf,0.001,10,,1000,0.3678874580655247,4.458385087084025,37.75231070606969,DID NOT CONVERGE
lda,rbf,0.001,100,,1000,0.3695146010722965,4.421731959097087,36.17385555407964,DID NOT CONVERGE
lda,rbf,0.001,1000,,1000,0.3678161329589784,4.397622053977102,31.199511861195788,DID NOT CONVERGE
lda,rbf,0.01,0.001,,1000,0.3671269880142063,4.414405975025147,30.88133511506021,DID NOT CONVERGE
lda,rbf,0.01,0.01,,1000,0.366986446082592,4.455934558995068,23.65799937606789,DID NOT CONVERGE
lda,rbf,0.01,0.1,,1000,0.3668569941073656,4.4323900488670915,29.62621687189676,DID NOT CONVERGE
lda,rbf,0.01,1,,1000,0.3667283081449568,4.440743191866204,30.908143220003694,DID NOT CONVERGE
lda,rbf,0.01,10,,1000,0.36708742403425276,4.434561796952039,37.71766146598384,DID NOT CONVERGE
lda,rbf,0.01,100,,1000,0.3667184920050204,4.455797501839697,36.279907126910985,DID NOT CONVERGE
lda,rbf,0.01,1000,,1000,0.36837945715524256,4.403136658947915,31.18397997505963,DID NOT CONVERGE
lda,rbf,0.1,0.001,,1000,0.3670086679048836,4.373888531001285,22.145649299025536,DID NOT CONVERGE
lda,rbf,0.1,0.01,,1000,0.36829934595152736,4.364615572849289,13.706342219840735,DID NOT CONVERGE
lda,rbf,0.1,0.1,,1000,0.36719619599170983,4.416558139026165,15.534394162939861,DID NOT CONVERGE
lda,rbf,0.1,1,,1000,0.36753550195135176,4.376490433001891,30.901696445187554,DID NOT CONVERGE
lda,rbf,0.1,10,,1000,0.36865827394649386,4.359243895160034,37.65623976709321,DID NOT CONVERGE
lda,rbf,0.1,100,,1000,0.36777433496899903,4.3943785899318755,36.26193750393577,DID NOT CONVERGE
lda,rbf,0.1,1000,,1000,0.3675699420273304,4.376334167085588,31.180685054976493,DID NOT CONVERGE
lda,rbf,1,0.001,,1000,0.36702318280003965,4.343327040085569,13.465916851069778,DID NOT CONVERGE
lda,rbf,1,0.01,,1000,0.3666323940269649,4.379380855010822,10.732491225935519,DID NOT CONVERGE
lda,rbf,1,0.1,,1000,0.36765748891048133,4.420939106028527,12.394686526153237,DID NOT CONVERGE
lda,rbf,1,1,,1000,0.36827054992318153,4.391406626906246,29.304903520969674,DID NOT CONVERGE
lda,rbf,1,10,,1000,0.3680374319665134,4.44042236590758,37.461474301991984,DID NOT CONVERGE
lda,rbf,1,100,,1000,0.3684459440410137,4.4422126489225775,36.330382253043354,DID NOT CONVERGE
lda,rbf,1,1000,,1000,0.3679125960916281,4.39183524181135,31.188755298033357,DID NOT CONVERGE
lda,rbf,10,0.001,,1000,0.3681009679567069,4.427541136974469,10.950624744175002,DID NOT CONVERGE
lda,rbf,10,0.01,,1000,0.36902443994767964,4.415406794054434,10.159459239104763,DID NOT CONVERGE
lda,rbf,10,0.1,,1000,0.36835216102190316,4.403268187073991,10.733251764904708,DID NOT CONVERGE
lda,rbf,10,1,,1000,0.36962010990828276,4.428108235122636,28.19284257898107,DID NOT CONVERGE
lda,rbf,10,10,,1000,0.36760526103898883,4.399348784005269,37.13252417300828,DID NOT CONVERGE
lda,rbf,10,100,,1000,0.3681843401864171,4.4274256019853055,36.02036224794574,DID NOT CONVERGE
lda,rbf,10,1000,,1000,0.367898068157956,4.397772890049964,30.948687789030373,DID NOT CONVERGE
lda,rbf,100,0.001,,1000,0.3681377270258963,4.408728772075847,10.613895977148786,DID NOT CONVERGE
lda,rbf,100,0.01,,1000,0.36860971595160663,4.404430105816573,9.200809501111507,DID NOT CONVERGE
lda,rbf,100,0.1,,1000,0.3678633060771972,4.4583938049618155,9.487949294038117,DID NOT CONVERGE
lda,rbf,100,1,,1000,0.37012473098002374,4.412152396980673,27.930479396833107,DID NOT CONVERGE
lda,rbf,100,10,,1000,0.3673683921806514,4.452630301006138,37.101210521068424,DID NOT CONVERGE
lda,rbf,100,100,,1000,0.36847470118664205,4.431125019909814,36.01760440808721,DID NOT CONVERGE
lda,rbf,100,1000,,1000,0.3722126230131835,4.407988214865327,31.00677182385698,DID NOT CONVERGE
lda,rbf,1000,0.001,,1000,0.3679445239249617,4.395822749007493,9.110478117829189,DID NOT CONVERGE
lda,rbf,1000,0.01,,1000,0.3676019939593971,4.380463665118441,8.869511621072888,DID NOT CONVERGE
lda,rbf,1000,0.1,,1000,0.3676762809045613,4.425717083038762,9.389651273842901,DID NOT CONVERGE
lda,rbf,1000,1,,1000,0.3673445340245962,4.401762300170958,27.903929620049894,DID NOT CONVERGE
lda,rbf,1000,10,,1000,0.36837613908573985,4.4167546920944005,37.111590393818915,DID NOT CONVERGE
lda,rbf,1000,100,,1000,0.36781608895398676,4.392967937979847,36.02503929683007,DID NOT CONVERGE
lda,rbf,1000,1000,,1000,0.36706005316227674,4.3795065940357745,30.935526550048962,DID NOT CONVERGE
pca_50,poly,0.001,0.001,1,1000,0.42249703500419855,0.4052681210450828,42.57454800396226,DID NOT CONVERGE
pca_50,poly,0.001,0.001,2,1000,0.36599794193170965,0.4197781409602612,43.19618782098405,DID NOT CONVERGE
pca_50,poly,0.001,0.001,3,1000,0.367931918008253,0.4204154268372804,43.158595249056816,DID NOT CONVERGE
pca_50,poly,0.001,0.001,4,1000,0.36692531080916524,0.41923754289746284,43.4687953281682,DID NOT CONVERGE
pca_50,poly,0.001,0.001,5,1000,0.3705120738595724,0.42005220893770456,43.323862249962986,DID NOT CONVERGE
pca_50,poly,0.001,0.01,1,1000,0.3690140759572387,0.41948608704842627,40.16017896402627,DID NOT CONVERGE
pca_50,poly,0.001,0.01,2,1000,0.3657658761367202,0.420027218060568,37.31399740395136,DID NOT CONVERGE
pca_50,poly,0.001,0.01,3,1000,0.36758356005884707,0.4372778560500592,24.41803630301729,DID NOT CONVERGE
pca_50,poly,0.001,0.01,4,1000,0.3683085320517421,0.43410482816398144,22.682813886087388,DID NOT CONVERGE
pca_50,poly,0.001,0.01,5,1000,0.36551383906044066,0.41917763790115714,19.360650283982977,DID NOT CONVERGE
pca_50,poly,0.001,0.1,1,1000,0.3720120859798044,0.4334247170481831,23.5214887810871,DID NOT CONVERGE
pca_50,poly,0.001,0.1,2,1000,0.3682304669637233,0.43450448801741004,15.185764707857743,DID NOT CONVERGE
pca_50,poly,0.001,0.1,3,1000,0.3685637558810413,0.42058912198990583,10.923430857015774,DID NOT CONVERGE
pca_50,poly,0.001,0.1,4,1000,0.36832105088979006,0.43483629915863276,12.50961291207932,DID NOT CONVERGE
pca_50,poly,0.001,0.1,5,1000,0.36735173407942057,0.4325983210001141,12.262151489965618,DID NOT CONVERGE
pca_50,poly,0.001,1,1,1000,0.3681935630738735,0.43270167289301753,18.709806022932753,DID NOT CONVERGE
pca_50,poly,0.001,1,2,1000,0.36458357190713286,0.41913124080747366,12.560129599878564,DID NOT CONVERGE
pca_50,poly,0.001,1,3,1000,0.3742200769484043,0.4342776769772172,11.302630370017141,DID NOT CONVERGE
pca_50,poly,0.001,1,4,1000,0.36667244601994753,0.4339540998917073,11.690996774006635,DID NOT CONVERGE
pca_50,poly,0.001,1,5,1000,0.3676755370106548,0.4345425800420344,11.76304647186771,DID NOT CONVERGE
pca_50,poly,0.001,10,1,1000,0.362434291979298,0.405092439847067,13.725979453884065,DID NOT CONVERGE
pca_50,poly,0.001,10,2,1000,0.36153595708310604,0.3882638511713594,10.147091537015513,DID NOT CONVERGE
pca_50,poly,0.001,10,3,1000,0.36159485415555537,0.43103852309286594,10.845957031939179,DID NOT CONVERGE
pca_50,poly,0.001,10,4,1000,0.3624535258859396,0.4314862871542573,10.919980886159465,DID NOT CONVERGE
pca_50,poly,0.001,10,5,1000,0.36424756003543735,0.4311964639928192,11.284300062106922,DID NOT CONVERGE
pca_50,poly,0.001,100,1,1000,0.3622845660429448,0.4314032669644803,10.070285907946527,DID NOT CONVERGE
pca_50,poly,0.001,100,2,1000,0.36494042514823377,0.43277268996462226,10.873718765797094,DID NOT CONVERGE
pca_50,poly,0.001,100,3,1000,0.36244867113418877,0.4304856639355421,10.781308167846873,DID NOT CONVERGE
pca_50,poly,0.001,100,4,1000,0.3625464008655399,0.4323271980974823,11.71615771506913,DID NOT CONVERGE
pca_50,poly,0.001,100,5,1000,0.3628022097982466,0.4325640290044248,12.046785827027634,DID NOT CONVERGE
pca_50,poly,0.001,1000,1,1000,0.36184873688034713,0.43231101403944194,9.508369451155886,DID NOT CONVERGE
pca_50,poly,0.001,1000,2,1000,0.36170444497838616,0.43285908992402256,11.098654920002446,DID NOT CONVERGE
pca_50,poly,0.001,1000,3,1000,0.36123921000398695,0.4303886219859123,10.564765176037326,DID NOT CONVERGE
pca_50,poly,0.001,1000,4,1000,0.3627428230829537,0.4323614379391074,11.808937418973073,DID NOT CONVERGE
pca_50,poly,0.001,1000,5,1000,0.3612655238248408,0.4311546890530735,11.277296012965962,DID NOT CONVERGE
pca_50,poly,0.01,0.001,1,1000,0.3626193040981889,0.42948977183550596,37.05270189908333,DID NOT CONVERGE
pca_50,poly,0.01,0.001,2,1000,0.35932673793286085,0.4131662528961897,39.17498645489104,DID NOT CONVERGE
pca_50,poly,0.01,0.001,3,1000,0.36208603787235916,0.41538339806720614,39.18397559504956,DID NOT CONVERGE
pca_50,poly,0.01,0.001,4,1000,0.36254981998354197,0.4155836869031191,39.45812941598706,DID NOT CONVERGE
pca_50,poly,0.01,0.001,5,1000,0.3625627029687166,0.4156118449755013,39.26965257595293,DID NOT CONVERGE
pca_50,poly,0.01,0.01,1,1000,0.36200964101590216,0.41510648909024894,22.330083803040907,DID NOT CONVERGE
pca_50,poly,0.01,0.01,2,1000,0.3628716580569744,0.4317029081285,19.627465370111167,DID NOT CONVERGE
pca_50,poly,0.01,0.01,3,1000,0.35883136792108417,0.41355876717716455,14.271899291081354,DID NOT CONVERGE
pca_50,poly,0.01,0.01,4,1000,0.3586428170092404,0.41350099607370794,13.766770184971392,DID NOT CONVERGE
pca_50,poly,0.01,0.01,5,1000,0.36153405089862645,0.4302871311083436,13.255131653044373,DID NOT CONVERGE
pca_50,poly,0.01,0.1,1,1000,0.3621230600401759,0.4329384630545974,15.970339764840901,DID NOT CONVERGE
pca_50,poly,0.01,0.1,2,1000,0.3594195949845016,0.41521298978477716,10.63830800796859,DID NOT CONVERGE
pca_50,poly,0.01,0.1,3,1000,0.36137630604207516,0.42997753503732383,10.70428938488476,DID NOT CONVERGE
pca_50,poly,0.01,0.1,4,1000,0.36149441986344755,0.4299190288875252,11.808359977090731,DID NOT CONVERGE
pca_50,poly,0.01,0.1,5,1000,0.3609269061125815,0.42986812093295157,11.586499213939533,DID NOT CONVERGE
pca_50,poly,0.01,1,1,1000,0.36352613498456776,0.43187668500468135,12.899879893986508,DID NOT CONVERGE
pca_50,poly,0.01,1,2,1000,0.362379188882187,0.4139148350805044,10.054495330201462,DID NOT CONVERGE
pca_50,poly,0.01,1,3,1000,0.36165333283133805,0.4306448781862855,11.043237147154287,DID NOT CONVERGE
pca_50,poly,0.01,1,4,1000,0.3663985829334706,0.43123445217497647,11.5465851619374,DID NOT CONVERGE
pca_50,poly,0.01,1,5,1000,0.36152152298018336,0.43089345889166,12.441773124970496,DID NOT CONVERGE
pca_50,poly,0.01,10,1,1000,0.36181687097996473,0.43283781688660383,9.343117822892964,DID NOT CONVERGE
pca_50,poly,0.01,10,2,1000,0.3622546910773963,0.4333153171464801,12.157574923941866,DID NOT CONVERGE
pca_50,poly,0.01,10,3,1000,0.36321092303842306,0.4400643000844866,10.434121418045834,DID NOT CONVERGE
pca_50,poly,0.01,10,4,1000,0.36179670388810337,0.4312702708411962,11.812359554227442,DID NOT CONVERGE
pca_50,poly,0.01,10,5,1000,0.36187887797132134,0.43182849884033203,11.323537044227123,DID NOT CONVERGE
pca_50,poly,0.01,100,1,1000,0.3616966209374368,0.4320779759436846,9.42939802003093,DID NOT CONVERGE
pca_50,poly,0.01,100,2,1000,0.36344274692237377,0.4319688971154392,11.054396032821387,DID NOT CONVERGE
pca_50,poly,0.01,100,3,1000,0.36231420701369643,0.4316377949435264,9.79075285489671,DID NOT CONVERGE
pca_50,poly,0.01,100,4,1000,0.36242773407138884,0.4323458708822727,11.981634521856904,DID NOT CONVERGE
pca_50,poly,0.01,100,5,1000,0.3611554440576583,0.43256207811646163,11.563553265994415,DID NOT CONVERGE
pca_50,poly,0.01,1000,1,1000,0.3611024310812354,0.43080601003021,9.385272740852088,DID NOT CONVERGE
pca_50,poly,0.01,1000,2,1000,0.36140320100821555,0.4323227230925113,10.989946137182415,DID NOT CONVERGE
pca_50,poly,0.01,1000,3,1000,0.3601262520533055,0.4298413770738989,10.842607630882412,DID NOT CONVERGE
pca_50,poly,0.01,1000,4,1000,0.3614423000253737,0.4319505011662841,13.164546415908262,DID NOT CONVERGE
pca_50,poly,0.01,1000,5,1000,0.36122795403935015,0.4052073680795729,11.79545950004831,DID NOT CONVERGE
pca_50,poly,0.1,0.001,1,1000,0.3627365049906075,0.40354170417413116,21.53471895190887,DID NOT CONVERGE
pca_50,poly,0.1,0.001,2,1000,0.3618904431350529,0.42847862583585083,34.89349622302689,DID NOT CONVERGE
pca_50,poly,0.1,0.001,3,1000,0.36083953897468746,0.4320975439622998,35.55737824807875,DID NOT CONVERGE
pca_50,poly,0.1,0.001,4,1000,0.36253617191687226,0.4182016998529434,37.41502718394622,DID NOT CONVERGE
pca_50,poly,0.1,0.001,5,1000,0.3612086120992899,0.4166769159492105,37.19693110301159,DID NOT CONVERGE
pca_50,poly,0.1,0.01,1,1000,0.36339818709529936,0.4157264600507915,14.704836488002911,DID NOT CONVERGE
pca_50,poly,0.1,0.01,2,1000,0.35946318600326777,0.41676983912475407,13.606670127948746,DID NOT CONVERGE
pca_50,poly,0.1,0.01,3,1000,0.3614497189410031,0.38937265216372907,11.073203753912821,DID NOT CONVERGE
pca_50,poly,0.1,0.01,4,1000,0.36185122979804873,0.4060104328673333,12.425019959220663,DID NOT CONVERGE
pca_50,poly,0.1,0.01,5,1000,0.36144527001306415,0.4325607460923493,12.667329992167652,DID NOT CONVERGE
pca_50,poly,0.1,0.1,1,1000,0.3623000450897962,0.43171149492263794,13.553658021846786,DID NOT CONVERGE
pca_50,poly,0.1,0.1,2,1000,0.3619920259807259,0.4229800358880311,11.810443982016295,DID NOT CONVERGE
pca_50,poly,0.1,0.1,3,1000,0.36247289599850774,0.43174046091735363,10.81371188396588,DID NOT CONVERGE
pca_50,poly,0.1,0.1,4,1000,0.3646004698239267,0.4158873320557177,12.027944043977186,DID NOT CONVERGE
pca_50,poly,0.1,0.1,5,1000,0.3634539421182126,0.41344868997111917,10.962248143041506,DID NOT CONVERGE
pca_50,poly,0.1,1,1,1000,0.36419928702525795,0.40596360084600747,9.847828422905877,DID NOT CONVERGE
pca_50,poly,0.1,1,2,1000,0.36372773884795606,0.43435885407961905,11.132967077894136,DID NOT CONVERGE
pca_50,poly,0.1,1,3,1000,0.36318291490897536,0.4320589841809124,10.604423419106752,DID NOT CONVERGE
pca_50,poly,0.1,1,4,1000,0.36252969107590616,0.432128116954118,12.344676350010559,DID NOT CONVERGE
pca_50,poly,0.1,1,5,1000,0.36835324484854937,0.4357250740285963,11.2409428358078,DID NOT CONVERGE
pca_50,poly,0.1,10,1,1000,0.3633354839403182,0.4338023802265525,9.899704464012757,DID NOT CONVERGE
pca_50,poly,0.1,10,2,1000,0.36320240003988147,0.43445257493294775,11.402784115169197,DID NOT CONVERGE
pca_50,poly,0.1,10,3,1000,0.36458797100931406,0.4342414119746536,11.60026250500232,DID NOT CONVERGE
pca_50,poly,0.1,10,4,1000,0.364433211972937,0.43285147100687027,13.366983172018081,DID NOT CONVERGE
pca_50,poly,0.1,10,5,1000,0.36374954087659717,0.43215833185240626,12.649099167902023,DID NOT CONVERGE
pca_50,poly,0.1,100,1,1000,0.3646932600531727,0.43120757793076336,9.06314168102108,DID NOT CONVERGE
pca_50,poly,0.1,100,2,1000,0.3653677920810878,0.43364684097468853,11.605482248822227,DID NOT CONVERGE
pca_50,poly,0.1,100,3,1000,0.3647625579033047,0.43550418107770383,11.246178488014266,DID NOT CONVERGE
pca_50,poly,0.1,100,4,1000,0.36390414694324136,0.4339201000984758,12.130752183962613,DID NOT CONVERGE
pca_50,poly,0.1,100,5,1000,0.36384529108181596,0.4339982110541314,11.89716521394439,DID NOT CONVERGE
pca_50,poly,0.1,1000,1,1000,0.364458744879812,0.43253771495074034,9.815625249873847,DID NOT CONVERGE
pca_50,poly,0.1,1000,2,1000,0.36333794496022165,0.4328935160301626,10.677263544173911,DID NOT CONVERGE
pca_50,poly,0.1,1000,3,1000,0.36455119494348764,0.43435731693170965,11.802787835942581,DID NOT CONVERGE
pca_50,poly,0.1,1000,4,1000,0.36383683304302394,0.43459935602732,11.157256650039926,DID NOT CONVERGE
pca_50,poly,0.1,1000,5,1000,0.36446203710511327,0.4325411000754684,11.278228895971552,DID NOT CONVERGE
pca_50,poly,1,0.001,1,1000,0.36328108003363013,0.43336180597543716,17.510232066037133,DID NOT CONVERGE
pca_50,poly,1,0.001,2,1000,0.36025211098603904,0.41589136398397386,26.685701236128807,DID NOT CONVERGE
pca_50,poly,1,0.001,3,1000,0.36062378296628594,0.4160641599446535,30.110333793098107,DID NOT CONVERGE
pca_50,poly,1,0.001,4,1000,0.3634454030543566,0.4356964360922575,34.93028725986369,DID NOT CONVERGE
pca_50,poly,1,0.001,5,1000,0.3642104589380324,0.4338149910327047,41.904580482048914,DID NOT CONVERGE
pca_50,poly,1,0.01,1,1000,0.36362065584398806,0.4174521949607879,15.31215209607035,DID NOT CONVERGE
pca_50,poly,1,0.01,2,1000,0.3636621180921793,0.41732877981849015,13.004217247013003,DID NOT CONVERGE
pca_50,poly,1,0.01,3,1000,0.36244444781914353,0.4306935260538012,10.747065074974671,DID NOT CONVERGE
pca_50,poly,1,0.01,4,1000,0.36475145211443305,0.4336348860524595,12.223454558989033,DID NOT CONVERGE
pca_50,poly,1,0.01,5,1000,0.3626897078938782,0.4373811390250921,17.651441648835316,DID NOT CONVERGE
pca_50,poly,1,0.1,1,1000,0.3630262389779091,0.43341866601258516,10.479404537007213,DID NOT CONVERGE
pca_50,poly,1,0.1,2,1000,0.36406091903336346,0.434209510916844,13.149454787140712,DID NOT CONVERGE
pca_50,poly,1,0.1,3,1000,0.36254400108009577,0.4341694170143455,12.094162995927036,DID NOT CONVERGE
pca_50,poly,1,0.1,4,1000,0.3631281419657171,0.4326533921994269,12.095505211967975,DID NOT CONVERGE
pca_50,poly,1,0.1,5,1000,0.3646456110291183,0.4369688618462533,12.184374489821494,DID NOT CONVERGE
pca_50,poly,1,1,1,1000,0.3639681148342788,0.4340330888517201,9.047593033872545,DID NOT CONVERGE
pca_50,poly,1,1,2,1000,0.3637791790533811,0.43387811607681215,11.583741078153253,DID NOT CONVERGE
pca_50,poly,1,1,3,1000,0.36278287414461374,0.432612590957433,9.976894569117576,DID NOT CONVERGE
pca_50,poly,1,1,4,1000,0.3636935839895159,0.4330535240005702,11.972675464814529,DID NOT CONVERGE
pca_50,poly,1,1,5,1000,0.3634195120539516,0.4331024109851569,11.585865007014945,DID NOT CONVERGE
pca_50,poly,1,10,1,1000,0.36378120188601315,0.43464607489295304,9.076574106933549,DID NOT CONVERGE
pca_50,poly,1,10,2,1000,0.3641491320449859,0.4349953557830304,11.497607169905677,DID NOT CONVERGE
pca_50,poly,1,10,3,1000,0.3638022178784013,0.4335288249421865,10.66910754214041,DID NOT CONVERGE
pca_50,poly,1,10,4,1000,0.3640303809661418,0.434882293920964,12.163166224956512,DID NOT CONVERGE
pca_50,poly,1,10,5,1000,0.36252190289087594,0.43373370519839227,11.495351129909977,DID NOT CONVERGE
pca_50,poly,1,100,1,1000,0.36183652305044234,0.4333149609155953,10.026552808936685,DID NOT CONVERGE
pca_50,poly,1,100,2,1000,0.3622581111267209,0.43442635610699654,10.907763301860541,DID NOT CONVERGE
pca_50,poly,1,100,3,1000,0.3621490690857172,0.43326765508390963,10.711288172053173,DID NOT CONVERGE
pca_50,poly,1,100,4,1000,0.3622482588980347,0.43319519702345133,11.25810813694261,DID NOT CONVERGE
pca_50,poly,1,100,5,1000,0.3625048059038818,0.4332495869603008,11.479634936898947,DID NOT CONVERGE
pca_50,poly,1,1000,1,1000,0.36217773403041065,0.4333362530451268,10.006336850114167,DID NOT CONVERGE
pca_50,poly,1,1000,2,1000,0.3619810959789902,0.4334489880129695,10.913793547078967,DID NOT CONVERGE
pca_50,poly,1,1000,3,1000,0.3624497312121093,0.43269012798555195,10.564160102047026,DID NOT CONVERGE
pca_50,poly,1,1000,4,1000,0.361787284957245,0.4307046509347856,11.722433601040393,DID NOT CONVERGE
pca_50,poly,1,1000,5,1000,0.3626426528207958,0.43053845898248255,11.535569488070905,DID NOT CONVERGE
pca_50,poly,10,0.001,1,1000,0.3618662978988141,0.43101974413730204,13.550509453983977,DID NOT CONVERGE
pca_50,poly,10,0.001,2,1000,0.36043905187398195,0.4162911712191999,13.64977326686494,DID NOT CONVERGE
pca_50,poly,10,0.001,3,1000,0.360139227937907,0.41370439692400396,14.43732161121443,DID NOT CONVERGE
pca_50,poly,10,0.001,4,1000,0.35793023789301515,0.41402636794373393,19.265237028943375,DID NOT CONVERGE
pca_50,poly,10,0.001,5,1000,0.35721248597837985,0.4155110658612102,23.364479678915814,DID NOT CONVERGE
pca_50,poly,10,0.01,1,1000,0.36154041811823845,0.4318909200374037,10.467691449914128,DID NOT CONVERGE
pca_50,poly,10,0.01,2,1000,0.35969673516228795,0.4308615589980036,10.88992519187741,DID NOT CONVERGE
pca_50,poly,10,0.01,3,1000,0.35996771114878356,0.4319339650683105,10.04043506202288,DID NOT CONVERGE
pca_50,poly,10,0.01,4,1000,0.3609874949324876,0.4317466989159584,11.953427063068375,DID NOT CONVERGE
pca_50,poly,10,0.01,5,1000,0.35955102904699743,0.43082912382669747,11.580543054034933,DID NOT CONVERGE
pca_50,poly,10,0.1,1,1000,0.3611377291381359,0.4319318691268563,8.881722789956257,DID NOT CONVERGE
pca_50,poly,10,0.1,2,1000,0.3598177460953593,0.43228168808855116,11.760690823895857,DID NOT CONVERGE
pca_50,poly,10,0.1,3,1000,0.3608990050852299,0.43231498706154525,12.052235434995964,DID NOT CONVERGE
pca_50,poly,10,0.1,4,1000,0.3603400210849941,0.43237047898583114,13.445353142917156,DID NOT CONVERGE
pca_50,poly,10,0.1,5,1000,0.3602255492005497,0.43172283796593547,11.396357299992815,DID NOT CONVERGE
pca_50,poly,10,1,1,1000,0.3600720928516239,0.4305440951138735,9.858515414875,DID NOT CONVERGE
pca_50,poly,10,1,2,1000,0.3596225259825587,0.4294854309409857,11.657842577900738,DID NOT CONVERGE
pca_50,poly,10,1,3,1000,0.3596885281149298,0.42990833800286055,10.613374734064564,DID NOT CONVERGE
pca_50,poly,10,1,4,1000,0.3596425580326468,0.4319239929318428,11.599281586939469,DID NOT CONVERGE
pca_50,poly,10,1,5,1000,0.362150871893391,0.42931659216992557,11.924142200965434,DID NOT CONVERGE
pca_50,poly,10,10,1,1000,0.3605046321172267,0.431500765029341,9.555639269994572,DID NOT CONVERGE
pca_50,poly,10,10,2,1000,0.36047748592682183,0.4302660948596895,12.081684977049008,DID NOT CONVERGE
pca_50,poly,10,10,3,1000,0.3606494888663292,0.42992031178437173,10.890486434102058,DID NOT CONVERGE
pca_50,poly,10,10,4,1000,0.3602861138060689,0.4300514170899987,10.966918523889035,DID NOT CONVERGE
pca_50,poly,10,10,5,1000,0.3667304271366447,0.4308781910222024,11.70582879288122,DID NOT CONVERGE
pca_50,poly,10,100,1,1000,0.3601705878973007,0.42968003009445965,9.53944982192479,DID NOT CONVERGE
pca_50,poly,10,100,2,1000,0.36338911205530167,0.4305264970753342,12.05629070987925,DID NOT CONVERGE
pca_50,poly,10,100,3,1000,0.3596077850088477,0.43082838295958936,12.802073137834668,DID NOT CONVERGE
pca_50,poly,10,100,4,1000,0.35941355489194393,0.43099986016750336,11.882149370852858,DID NOT CONVERGE
pca_50,poly,10,100,5,1000,0.35990208596922457,0.4305845540948212,11.662721794797108,DID NOT CONVERGE
pca_50,poly,10,1000,1,1000,0.3597467278596014,0.43187701096758246,9.99340861197561,DID NOT CONVERGE
pca_50,poly,10,1000,2,1000,0.3601286190096289,0.430341986939311,11.88332188804634,DID NOT CONVERGE
pca_50,poly,10,1000,3,1000,0.36088669300079346,0.4308982100337744,10.55990357301198,DID NOT CONVERGE
pca_50,poly,10,1000,4,1000,0.3582653000485152,0.42941139615140855,11.778003860963508,DID NOT CONVERGE
pca_50,poly,10,1000,5,1000,0.3598670340143144,0.42991458298638463,11.518148289993405,DID NOT CONVERGE
pca_50,poly,100,0.001,1,1000,0.3586259970907122,0.4294826390687376,9.481791772181168,DID NOT CONVERGE
pca_50,poly,100,0.001,2,1000,0.3589429350104183,0.4308596719056368,12.194258857052773,DID NOT CONVERGE
pca_50,poly,100,0.001,3,1000,0.35917867301031947,0.43038796284236014,11.834984129993245,DID NOT CONVERGE
pca_50,poly,100,0.001,4,1000,0.3584563350304961,0.4299670378677547,14.365132904844359,DID NOT CONVERGE
pca_50,poly,100,0.001,5,1000,0.3584228279069066,0.4295702551025897,18.122009014943615,DID NOT CONVERGE
pca_50,poly,100,0.01,1,1000,0.3598419630434364,0.42942161206156015,11.059089994989336,DID NOT CONVERGE
pca_50,poly,100,0.01,2,1000,0.3587400100659579,0.43037155200727284,12.436061332002282,DID NOT CONVERGE
pca_50,poly,100,0.01,3,1000,0.3581354049965739,0.4292516401037574,10.418407701188698,DID NOT CONVERGE
pca_50,poly,100,0.01,4,1000,0.35830513085238636,0.45586178195662796,12.141111538978294,DID NOT CONVERGE
pca_50,poly,100,0.01,5,1000,0.35833029611967504,0.4305225280113518,11.57245525997132,DID NOT CONVERGE
pca_50,poly,100,0.1,1,1000,0.3607223378494382,0.4451498619746417,10.381735814968124,DID NOT CONVERGE
pca_50,poly,100,0.1,2,1000,0.35849225614219904,0.4294566980097443,10.61507203686051,DID NOT CONVERGE
pca_50,poly,100,0.1,3,1000,0.35802301205694675,0.4306257599964738,10.852621009806171,DID NOT CONVERGE
pca_50,poly,100,0.1,4,1000,0.3589929260779172,0.43119927891530097,13.029523534001783,DID NOT CONVERGE
pca_50,poly,100,0.1,5,1000,0.35874914191663265,0.4332177920732647,11.388551614014432,DID NOT CONVERGE
pca_50,poly,100,1,1,1000,0.3588075661100447,0.43038498517125845,9.712831496959552,DID NOT CONVERGE
pca_50,poly,100,1,2,1000,0.3584054629318416,0.4075230099260807,10.953568289987743,DID NOT CONVERGE
pca_50,poly,100,1,3,1000,0.35875071096234024,0.46196931786835194,10.463327924953774,DID NOT CONVERGE
pca_50,poly,100,1,4,1000,0.35863180505111814,0.43096091598272324,11.891555497888476,DID NOT CONVERGE
pca_50,poly,100,1,5,1000,0.3603258410003036,0.43012963491491973,10.977491995086893,DID NOT CONVERGE
pca_50,poly,100,10,1,1000,0.3586861090734601,0.44458452402614057,9.29183598398231,DID NOT CONVERGE
pca_50,poly,100,10,2,1000,0.3593366499990225,0.4302222898695618,11.049544451059774,DID NOT CONVERGE
pca_50,poly,100,10,3,1000,0.3590120361186564,0.46112383785657585,10.838842066936195,DID NOT CONVERGE
pca_50,poly,100,10,4,1000,0.35813314002007246,0.43049576389603317,10.938856709981337,DID NOT CONVERGE
pca_50,poly,100,10,5,1000,0.3625492991413921,0.4313382499385625,12.835648734821007,DID NOT CONVERGE
pca_50,poly,100,100,1,1000,0.36143346410244703,0.43015283392742276,9.660859277006239,DID NOT CONVERGE
pca_50,poly,100,100,2,1000,0.3602053818758577,0.4318965480197221,11.428582143038511,DID NOT CONVERGE
pca_50,poly,100,100,3,1000,0.35959354299120605,0.4307366569992155,10.217497661942616,DID NOT CONVERGE
pca_50,poly,100,100,4,1000,0.35963960411027074,0.432201961055398,12.448709832970053,DID NOT CONVERGE
pca_50,poly,100,100,5,1000,0.36396434414200485,0.4128423249348998,11.68022024887614,DID NOT CONVERGE
pca_50,poly,100,1000,1,1000,0.3640870170202106,0.436942565953359,10.007282782811671,DID NOT CONVERGE
pca_50,poly,100,1000,2,1000,0.3638269540388137,0.43947540991939604,11.444632428931072,DID NOT CONVERGE
pca_50,poly,100,1000,3,1000,0.36478594806976616,0.4361568840686232,10.562956409994513,DID NOT CONVERGE
pca_50,poly,100,1000,4,1000,0.36345545295625925,0.4464914510026574,12.28300154604949,DID NOT CONVERGE
pca_50,poly,100,1000,5,1000,0.3643328140024096,0.43741845386102796,12.17040547193028,DID NOT CONVERGE
pca_50,poly,1000,0.001,1,1000,0.36452424502931535,0.4378719530068338,10.839430128922686,DID NOT CONVERGE
pca_50,poly,1000,0.001,2,1000,0.36888864799402654,0.4453088459558785,11.679242772981524,DID NOT CONVERGE
pca_50,poly,1000,0.001,3,1000,0.3641342958435416,0.4357826409395784,11.381256863009185,DID NOT CONVERGE
pca_50,poly,1000,0.001,4,1000,0.364667572081089,0.4356688039842993,13.46679365891032,DID NOT CONVERGE
pca_50,poly,1000,0.001,5,1000,0.3636515100952238,0.4357599960640073,14.125946285901591,DID NOT CONVERGE
pca_50,poly,1000,0.01,1,1000,0.36403252300806344,0.43543382501229644,10.006270789075643,DID NOT CONVERGE
pca_50,poly,1000,0.01,2,1000,0.3638780419714749,0.4365911828354001,11.178589868126437,DID NOT CONVERGE
pca_50,poly,1000,0.01,3,1000,0.3637674059718847,0.4365451589692384,11.200708362972364,DID NOT CONVERGE
pca_50,poly,1000,0.01,4,1000,0.36962070502340794,0.43559672799892724,12.170277755940333,DID NOT CONVERGE
pca_50,poly,1000,0.01,5,1000,0.3635988011956215,0.4362881020642817,11.843263191869482,DID NOT CONVERGE
pca_50,poly,1000,0.1,1,1000,0.3655752628110349,0.43884143815375865,9.816955390851945,DID NOT CONVERGE
pca_50,poly,1000,0.1,2,1000,0.3633129629306495,0.4366640388034284,11.693688163068146,DID NOT CONVERGE
pca_50,poly,1000,0.1,3,1000,0.3638417418114841,0.4371989581268281,11.189170259982347,DID NOT CONVERGE
pca_50,poly,1000,0.1,4,1000,0.36383803002536297,0.43535591289401054,12.512987222988158,DID NOT CONVERGE
pca_50,poly,1000,0.1,5,1000,0.3647497359197587,0.4358373030554503,12.230129355099052,DID NOT CONVERGE
pca_50,poly,1000,1,1,1000,0.36615804699249566,0.4347281700465828,9.96491243201308,DID NOT CONVERGE
pca_50,poly,1000,1,2,1000,0.36408316483721137,0.43595377285964787,12.285202014027163,DID NOT CONVERGE
pca_50,poly,1000,1,3,1000,0.36394680896773934,0.43662167503498495,10.22464591707103,DID NOT CONVERGE
pca_50,poly,1000,1,4,1000,0.36493660090491176,0.4349072559271008,12.357607319019735,DID NOT CONVERGE
pca_50,poly,1000,1,5,1000,0.36472451384179294,0.43576313904486597,12.251019206130877,DID NOT CONVERGE
pca_50,poly,1000,10,1,1000,0.3641528529115021,0.4352565829176456,9.97783992998302,DID NOT CONVERGE
pca_50,poly,1000,10,2,1000,0.36410001502372324,0.4344741189852357,11.777135072043166,DID NOT CONVERGE
pca_50,poly,1000,10,3,1000,0.3627325678244233,0.4354313160292804,11.23358831112273,DID NOT CONVERGE
pca_50,poly,1000,10,4,1000,0.362932323012501,0.43873165594413877,11.62712143198587,DID NOT CONVERGE
pca_50,poly,1000,10,5,1000,0.36170905409380794,0.43597633112221956,11.388754649087787,DID NOT CONVERGE
pca_50,poly,1000,100,1,1000,0.3635980498511344,0.43555541103705764,10.020785640925169,DID NOT CONVERGE
pca_50,poly,1000,100,2,1000,0.36271996702998877,0.43592618801631033,11.583376706112176,DID NOT CONVERGE
pca_50,poly,1000,100,3,1000,0.3626016399357468,0.436158211203292,12.732399665983394,DID NOT CONVERGE
pca_50,poly,1000,100,4,1000,0.36654057004489005,0.43498474988155067,12.589395650895312,DID NOT CONVERGE
pca_50,poly,1000,100,5,1000,0.3636269769631326,0.4343640690203756,12.011533313896507,DID NOT CONVERGE
pca_50,poly,1000,1000,1,1000,0.36322000715881586,0.43740951688960195,10.036818576976657,DID NOT CONVERGE
pca_50,poly,1000,1000,2,1000,0.40123641304671764,0.4375336130615324,12.2214634870179,DID NOT CONVERGE
pca_50,poly,1000,1000,3,1000,0.36125818197615445,0.44995061005465686,11.496207554126158,DID NOT CONVERGE
pca_50,poly,1000,1000,4,1000,0.3613248779438436,0.41591569990850985,11.610239051980898,DID NOT CONVERGE
pca_50,poly,1000,1000,5,1000,0.35850738594308496,0.43406510702334344,11.516197711927816,DID NOT CONVERGE
pca_100,poly,0.001,0.001,1,1000,0.4205911490134895,0.5120098029728979,93.36255668592639,DID NOT CONVERGE
pca_100,poly,0.001,0.001,2,1000,0.35872316220775247,0.501418680883944,93.79907804215327,DID NOT CONVERGE
pca_100,poly,0.001,0.001,3,1000,0.35868008621037006,0.4970239319372922,94.3696959160734,DID NOT CONVERGE
pca_100,poly,0.001,0.001,4,1000,0.3597392709925771,0.505656509893015,94.82880766200833,DID NOT CONVERGE
pca_100,poly,0.001,0.001,5,1000,0.35882311407476664,0.498522425070405,95.02111677103676,DID NOT CONVERGE
pca_100,poly,0.001,0.01,1,1000,0.36026321491226554,0.49910953687503934,86.58411880303174,DID NOT CONVERGE
pca_100,poly,0.001,0.01,2,1000,0.35893136309459805,0.5020332129206508,81.11800690297969,DID NOT CONVERGE
pca_100,poly,0.001,0.01,3,1000,0.3592772539705038,0.5107957150321454,53.69317161408253,DID NOT CONVERGE
pca_100,poly,0.001,0.01,4,1000,0.3596361721865833,0.4982808739878237,47.81344675598666,DID NOT CONVERGE
pca_100,poly,0.001,0.01,5,1000,0.3601719280704856,0.4975776867941022,41.509570211870596,DID NOT CONVERGE
pca_100,poly,0.001,0.1,1,1000,0.35862611001357436,0.5118314500432462,52.549844371853396,DID NOT CONVERGE
pca_100,poly,0.001,0.1,2,1000,0.36081282095983624,0.5015662910882384,32.64189373003319,DID NOT CONVERGE
pca_100,poly,0.001,0.1,3,1000,0.3602674761787057,0.5090894920285791,25.89902365487069,DID NOT CONVERGE
pca_100,poly,0.001,0.1,4,1000,0.35706197493709624,0.4683246579952538,30.8146516950801,DID NOT CONVERGE
pca_100,poly,0.001,0.1,5,1000,0.36024252395145595,0.5139298168942332,30.43330991314724,DID NOT CONVERGE
pca_100,poly,0.001,1,1,1000,0.356596119934693,0.4663207910489291,35.70937759219669,DID NOT CONVERGE
pca_100,poly,0.001,1,2,1000,0.3598394440487027,0.5131634429562837,25.258335628081113,DID NOT CONVERGE
pca_100,poly,0.001,1,3,1000,0.3567842422053218,0.4656384389381856,25.888088790001348,DID NOT CONVERGE
pca_100,poly,0.001,1,4,1000,0.359514786163345,0.5116151899565011,30.535950772929937,DID NOT CONVERGE
pca_100,poly,0.001,1,5,1000,0.35849885386414826,0.46554089710116386,30.602714180015028,DID NOT CONVERGE
pca_100,poly,0.001,10,1,1000,0.3590076728723943,0.5100618319120258,28.389782628044486,DID NOT CONVERGE
pca_100,poly,0.001,10,2,1000,0.35982213797979057,0.5005389149300754,25.07583949388936,DID NOT CONVERGE
pca_100,poly,0.001,10,3,1000,0.3569663050584495,0.46410277602262795,26.31177805014886,DID NOT CONVERGE
pca_100,poly,0.001,10,4,1000,0.3603460770100355,0.510244257049635,30.537039624061435,DID NOT CONVERGE
pca_100,poly,0.001,10,5,1000,0.3606543249916285,0.46517133386805654,30.62130276300013,DID NOT CONVERGE
pca_100,poly,0.001,100,1,1000,0.35980659793131053,0.553947779815644,21.60388241498731,DID NOT CONVERGE
pca_100,poly,0.001,100,2,1000,0.3593932839576155,0.511352343019098,25.093007484916598,DID NOT CONVERGE
pca_100,poly,0.001,100,3,1000,0.3563843979500234,0.46534543414600194,25.934784908080474,DID NOT CONVERGE
pca_100,poly,0.001,100,4,1000,0.3593094211537391,0.5102615552023053,30.831940840929747,DID NOT CONVERGE
pca_100,poly,0.001,100,5,1000,0.35865203803405166,0.466023582033813,30.572517801076174,DID NOT CONVERGE
pca_100,poly,0.001,1000,1,1000,0.36051736888475716,0.4899107199162245,21.780277223093435,DID NOT CONVERGE
pca_100,poly,0.001,1000,2,1000,0.35949515900574625,0.5053075749892741,25.12320827296935,DID NOT CONVERGE
pca_100,poly,0.001,1000,3,1000,0.3562308130785823,0.465042213909328,26.141058881999925,DID NOT CONVERGE
pca_100,poly,0.001,1000,4,1000,0.3595406061504036,0.5114602721296251,30.550234662136063,DID NOT CONVERGE
pca_100,poly,0.001,1000,5,1000,0.3568707089871168,0.4683267599903047,30.750568808056414,DID NOT CONVERGE
pca_100,poly,0.01,0.001,1,1000,0.35972759686410427,0.5119926559273154,87.29409944592044,DID NOT CONVERGE
pca_100,poly,0.01,0.001,2,1000,0.3591653280891478,0.497779507888481,93.9046732049901,DID NOT CONVERGE
pca_100,poly,0.01,0.001,3,1000,0.35913725499995053,0.4997472879476845,94.27723219105974,DID NOT CONVERGE
pca_100,poly,0.01,0.001,4,1000,0.3589907409623265,0.5011933129280806,94.75365117494948,DID NOT CONVERGE
pca_100,poly,0.01,0.001,5,1000,0.35949798906221986,0.4990235019940883,95.52668373798952,DID NOT CONVERGE
pca_100,poly,0.01,0.01,1,1000,0.36091590812429786,0.4978264379315078,52.53813171898946,DID NOT CONVERGE
pca_100,poly,0.01,0.01,2,1000,0.3599833289626986,0.5014460920356214,47.07970323902555,DID NOT CONVERGE
pca_100,poly,0.01,0.01,3,1000,0.35962820681743324,0.4986183170694858,35.505557543132454,DID NOT CONVERGE
pca_100,poly,0.01,0.01,4,1000,0.36043428909033537,0.5005881560500711,35.25170323997736,DID NOT CONVERGE
pca_100,poly,0.01,0.01,5,1000,0.3569375821389258,0.4670658230315894,32.93073579086922,DID NOT CONVERGE
pca_100,poly,0.01,0.1,1,1000,0.3606598221231252,0.5138792330399156,35.49127505393699,DID NOT CONVERGE
pca_100,poly,0.01,0.1,2,1000,0.3601928048301488,0.49968142015859485,25.94887075922452,DID NOT CONVERGE
pca_100,poly,0.01,0.1,3,1000,0.3583036579657346,0.46477562189102173,25.958905778825283,DID NOT CONVERGE
pca_100,poly,0.01,0.1,4,1000,0.3595391120761633,0.5096141640096903,31.623791015939787,DID NOT CONVERGE
pca_100,poly,0.01,0.1,5,1000,0.35937743284739554,0.44633364281617105,30.694788474123925,DID NOT CONVERGE
pca_100,poly,0.01,1,1,1000,0.3723900329787284,0.5128393408376724,28.489568277960643,DID NOT CONVERGE
pca_100,poly,0.01,1,2,1000,0.3628106398973614,0.5047398428432643,25.66539113991894,DID NOT CONVERGE
pca_100,poly,0.01,1,3,1000,0.35927530005574226,0.4640128759201616,26.244550758972764,DID NOT CONVERGE
pca_100,poly,0.01,1,4,1000,0.3660297819878906,0.5190756449010223,30.991518415976316,DID NOT CONVERGE
pca_100,poly,0.01,1,5,1000,0.36031446792185307,0.46918470901437104,30.66062120697461,DID NOT CONVERGE
pca_100,poly,0.01,10,1,1000,0.3628928728867322,0.5134600810706615,21.742544126929715,DID NOT CONVERGE
pca_100,poly,0.01,10,2,1000,0.3624602761119604,0.5152512309141457,25.305756374029443,DID NOT CONVERGE
pca_100,poly,0.01,10,3,1000,0.37492450792342424,0.4666129881516099,26.30192687897943,DID NOT CONVERGE
pca_100,poly,0.01,10,4,1000,0.3621520549058914,0.5151046249084175,30.77047314401716,DID NOT CONVERGE
pca_100,poly,0.01,10,5,1000,0.3595362310297787,0.47631281800568104,31.079925562022254,DID NOT CONVERGE
pca_100,poly,0.01,100,1,1000,0.3621566239744425,0.512224456993863,21.651772809913382,DID NOT CONVERGE
pca_100,poly,0.01,100,2,1000,0.36253216303884983,0.514851660002023,25.974747041938826,DID NOT CONVERGE
pca_100,poly,0.01,100,3,1000,0.3589201928116381,0.4656251110136509,26.55991023313254,DID NOT CONVERGE
pca_100,poly,0.01,100,4,1000,0.3622525979299098,0.5157762400340289,31.912247415166348,DID NOT CONVERGE
pca_100,poly,0.01,100,5,1000,0.3591897420119494,0.4678383911959827,31.14718218590133,DID NOT CONVERGE
pca_100,poly,0.01,1000,1,1000,0.35985873406752944,0.5121724880300462,21.733390246052295,DID NOT CONVERGE
pca_100,poly,0.01,1000,2,1000,0.36049147113226354,0.5127819881308824,25.371001465944573,DID NOT CONVERGE
pca_100,poly,0.01,1000,3,1000,0.35828392091207206,0.46466060308739543,26.596223160158843,DID NOT CONVERGE
pca_100,poly,0.01,1000,4,1000,0.3614268759265542,0.5165011999197304,30.761934632901102,DID NOT CONVERGE
pca_100,poly,0.01,1000,5,1000,0.37017926201224327,0.46328797400929034,30.657434616005048,DID NOT CONVERGE
pca_100,poly,0.1,0.001,1,1000,0.3618809739127755,0.5110322311520576,53.09552560909651,DID NOT CONVERGE
pca_100,poly,0.1,0.001,2,1000,0.3614624231122434,0.5059211179614067,81.41796720214188,DID NOT CONVERGE
pca_100,poly,0.1,0.001,3,1000,0.3749791379086673,0.5123687000013888,90.01548202498816,DID NOT CONVERGE
pca_100,poly,0.1,0.001,4,1000,0.36190175800584257,0.49962463788688183,95.48280400596559,DID NOT CONVERGE
pca_100,poly,0.1,0.001,5,1000,0.3613276050891727,0.5022684009745717,95.10063430014998,DID NOT CONVERGE
pca_100,poly,0.1,0.01,1,1000,0.36175593407824636,0.5048398089129478,35.83231844101101,DID NOT CONVERGE
pca_100,poly,0.1,0.01,2,1000,0.3611472728662193,0.5022963669616729,32.46105163404718,DID NOT CONVERGE
pca_100,poly,0.1,0.01,3,1000,0.3615947659127414,0.5177670400589705,27.918126799864694,DID NOT CONVERGE
pca_100,poly,0.1,0.01,4,1000,0.35921250795945525,0.46450545685365796,31.988380228169262,DID NOT CONVERGE
pca_100,poly,0.1,0.01,5,1000,0.36298359208740294,0.5129455009009689,30.909555572085083,DID NOT CONVERGE
pca_100,poly,0.1,0.1,1,1000,0.3600053850095719,0.4638790360186249,28.984195112017915,DID NOT CONVERGE
pca_100,poly,0.1,0.1,2,1000,0.362701651873067,0.5154434980358928,25.530852978816256,DID NOT CONVERGE
pca_100,poly,0.1,0.1,3,1000,0.3719281090889126,0.4656398731749505,26.544278520857915,DID NOT CONVERGE
pca_100,poly,0.1,0.1,4,1000,0.36229114583693445,0.5174189880490303,30.946250141132623,DID NOT CONVERGE
pca_100,poly,0.1,0.1,5,1000,0.35855884989723563,0.46589205507189035,31.256274475017563,DID NOT CONVERGE
pca_100,poly,0.1,1,1,1000,0.3615885048639029,0.5142624799627811,21.771740195108578,DID NOT CONVERGE
pca_100,poly,0.1,1,2,1000,0.36323852906934917,0.5171539220027626,26.241358855972067,DID NOT CONVERGE
pca_100,poly,0.1,1,3,1000,0.35838879691436887,0.46653868979774415,26.074549746932462,DID NOT CONVERGE
pca_100,poly,0.1,1,4,1000,0.36126681487075984,0.516081009991467,31.433387847151607,DID NOT CONVERGE
pca_100,poly,0.1,1,5,1000,0.3598506289999932,0.4670506401453167,30.94289188599214,DID NOT CONVERGE
pca_100,poly,0.1,10,1,1000,0.3632516460493207,0.5221364449243993,22.36620092880912,DID NOT CONVERGE
pca_100,poly,0.1,10,2,1000,0.3619244140572846,0.521366098895669,35.07413875916973,DID NOT CONVERGE
pca_100,poly,0.1,10,3,1000,1.1510093440301716,4.577981427079067,46.36292615486309,DID NOT CONVERGE
pca_100,poly,0.1,10,4,1000,0.7869633270893246,4.697524389019236,50.48827989608981,DID NOT CONVERGE
pca_100,poly,0.1,10,5,1000,0.8283840869553387,3.168722823029384,50.281245410908014,DID NOT CONVERGE
pca_100,poly,0.1,100,1,1000,0.6357622449286282,2.044808671111241,34.67769683105871,DID NOT CONVERGE
pca_100,poly,0.1,100,2,1000,0.7961587749887258,3.876081086928025,42.897653894964606,DID NOT CONVERGE
pca_100,poly,0.1,100,3,1000,1.076130952918902,3.1476083109155297,43.17831880203448,DID NOT CONVERGE
pca_100,poly,0.1,100,4,1000,1.043800740968436,0.6769573458004743,55.42217100597918,DID NOT CONVERGE
pca_100,poly,0.1,100,5,1000,0.9082641790155321,3.4593851258978248,58.05703995493241,DID NOT CONVERGE
pca_100,poly,0.1,1000,1,1000,0.6359511639457196,5.420416357927024,36.0143859651871,DID NOT CONVERGE
pca_100,poly,0.1,1000,2,1000,0.5592820178717375,2.918929720064625,45.342792770825326,DID NOT CONVERGE
pca_100,poly,0.1,1000,3,1000,1.6622176570817828,3.4711043930146843,50.55513292714022,DID NOT CONVERGE
pca_100,poly,0.1,1000,4,1000,1.8222005129791796,3.91461260500364,61.59688058379106,DID NOT CONVERGE
pca_100,poly,0.1,1000,5,1000,1.0203149397857487,2.898026129929349,58.926952342968434,DID NOT CONVERGE
pca_100,poly,1,0.001,1,1000,1.3360721468925476,2.6658078781329095,63.656523960176855,DID NOT CONVERGE
pca_100,poly,1,0.001,2,1000,1.9356033459771425,2.1004598590079695,89.14059968711808,DID NOT CONVERGE
pca_100,poly,1,0.001,3,1000,1.6228502129670233,3.271985915955156,102.12801489513367,DID NOT CONVERGE
pca_100,poly,1,0.001,4,1000,1.9506321069784462,4.114825227065012,156.26415366190486,DID NOT CONVERGE
pca_100,poly,1,0.001,5,1000,1.8995556691661477,2.4791630720719695,186.77837363211438,DID NOT CONVERGE
pca_100,poly,1,0.01,1,1000,0.8569893811363727,0.4898653831332922,28.37524974811822,DID NOT CONVERGE
pca_100,poly,1,0.01,2,1000,0.5121577000245452,0.4917652439326048,27.106412233086303,DID NOT CONVERGE
pca_100,poly,1,0.01,3,1000,0.42388969101011753,0.4509077880065888,26.221405148971826,DID NOT CONVERGE
pca_100,poly,1,0.01,4,1000,0.39248103089630604,0.5046744681894779,30.7222083050292,DID NOT CONVERGE
pca_100,poly,1,0.01,5,1000,0.3618631730787456,0.4500742261298001,31.45098884496838,DID NOT CONVERGE
pca_100,poly,1,0.1,1,1000,0.3631510080303997,0.4989820581395179,22.7837016149424,DID NOT CONVERGE
pca_100,poly,1,0.1,2,1000,0.3633862140122801,0.5052026419434696,25.259265531087294,DID NOT CONVERGE
pca_100,poly,1,0.1,3,1000,0.36015451909042895,0.44971241406165063,26.542558893095702,DID NOT CONVERGE
pca_100,poly,1,0.1,4,1000,0.36584470490925014,0.5031053111888468,30.587736098095775,DID NOT CONVERGE
pca_100,poly,1,0.1,5,1000,0.3600786430761218,0.4497803431004286,30.97839022008702,DID NOT CONVERGE
pca_100,poly,1,1,1,1000,0.362105431035161,0.5046657740604132,21.393368809018284,DID NOT CONVERGE
pca_100,poly,1,1,2,1000,0.36421633581630886,0.5050225080922246,25.390081202844158,DID NOT CONVERGE
pca_100,poly,1,1,3,1000,0.36116166203282773,0.44957617996260524,26.55646189302206,DID NOT CONVERGE
pca_100,poly,1,1,4,1000,0.3663767511025071,0.5022425658535212,30.70950997201726,DID NOT CONVERGE
pca_100,poly,1,1,5,1000,0.35956294694915414,0.4490148189943284,31.070448233978823,DID NOT CONVERGE
pca_100,poly,1,10,1,1000,0.3635835670866072,0.4992337441071868,21.693901672028005,DID NOT CONVERGE
pca_100,poly,1,10,2,1000,0.36237046495079994,0.507633538916707,25.21802430599928,DID NOT CONVERGE
pca_100,poly,1,10,3,1000,0.3592225119937211,0.4510237881913781,26.11125659290701,DID NOT CONVERGE
pca_100,poly,1,10,4,1000,0.3637604380492121,0.5038496889173985,31.35178321483545,DID NOT CONVERGE
pca_100,poly,1,10,5,1000,0.36013645003549755,0.45079886401072145,30.875789458164945,DID NOT CONVERGE
pca_100,poly,1,100,1,1000,0.36448812298476696,0.5020755829755217,22.458905172068626,DID NOT CONVERGE
pca_100,poly,1,100,2,1000,0.3614664110355079,0.5044533910695463,25.23239337000996,DID NOT CONVERGE
pca_100,poly,1,100,3,1000,0.3595732511021197,0.4496952330227941,26.6694490511436,DID NOT CONVERGE
pca_100,poly,1,100,4,1000,0.3632756860461086,0.503771617077291,31.363395530963317,DID NOT CONVERGE
pca_100,poly,1,100,5,1000,0.3604282010346651,0.4493721870239824,31.091239764820784,DID NOT CONVERGE
pca_100,poly,1,1000,1,1000,0.36370003200136125,0.5015483989845961,21.86022023903206,DID NOT CONVERGE
pca_100,poly,1,1000,2,1000,0.36278934008441865,0.5066596881952137,25.397742841858417,DID NOT CONVERGE
pca_100,poly,1,1000,3,1000,0.3609030598308891,0.44985342817381024,26.440473983995616,DID NOT CONVERGE
pca_100,poly,1,1000,4,1000,0.3637253998313099,0.5054912657942623,30.689501131884754,DID NOT CONVERGE
pca_100,poly,1,1000,5,1000,0.3631814031396061,0.45042137196287513,30.681525520049036,DID NOT CONVERGE
pca_100,poly,10,0.001,1,1000,0.36278419685550034,0.5013265928719193,28.799451869912446,DID NOT CONVERGE
pca_100,poly,10,0.001,2,1000,0.36414488195441663,0.49343718914315104,32.70850974298082,DID NOT CONVERGE
pca_100,poly,10,0.001,3,1000,0.36277830111794174,0.5047297580167651,35.982345808064565,DID NOT CONVERGE
pca_100,poly,10,0.001,4,1000,0.3636437200475484,0.49086968996562064,48.37644384102896,DID NOT CONVERGE
pca_100,poly,10,0.001,5,1000,0.3634085711091757,0.4943771390244365,59.739482901990414,DID NOT CONVERGE
pca_100,poly,10,0.01,1,1000,0.3603348040487617,0.4933498459868133,21.687907262938097,DID NOT CONVERGE
pca_100,poly,10,0.01,2,1000,0.36557879322208464,0.5064111829269677,25.27628024900332,DID NOT CONVERGE
pca_100,poly,10,0.01,3,1000,0.3597458291333169,0.4489331559743732,26.2264868800994,DID NOT CONVERGE
pca_100,poly,10,0.01,4,1000,0.36282936204224825,0.5058063990436494,30.639190634945408,DID NOT CONVERGE
pca_100,poly,10,0.01,5,1000,0.36247309017926455,0.4479804860893637,30.900828561047092,DID NOT CONVERGE
pca_100,poly,10,0.1,1,1000,0.3626927728764713,0.5054139809217304,21.424755966058,DID NOT CONVERGE
pca_100,poly,10,0.1,2,1000,0.36386476713232696,0.5072579178959131,25.268756464123726,DID NOT CONVERGE
pca_100,poly,10,0.1,3,1000,0.35974455112591386,0.44910979899577796,26.043272031005472,DID NOT CONVERGE
pca_100,poly,10,0.1,4,1000,0.3642831880133599,0.4999819779768586,30.633842051960528,DID NOT CONVERGE
pca_100,poly,10,0.1,5,1000,0.3662499419879168,0.4499623940791935,31.42493272991851,DID NOT CONVERGE
pca_100,poly,10,1,1,1000,0.36343465792015195,0.5001419798936695,21.697864305926487,DID NOT CONVERGE
pca_100,poly,10,1,2,1000,0.36481984006240964,0.509256579913199,25.350547328824177,DID NOT CONVERGE
pca_100,poly,10,1,3,1000,0.3600179550703615,0.4492949971463531,26.203333670040593,DID NOT CONVERGE
pca_100,poly,10,1,4,1000,0.3641539621166885,0.5082710799761117,30.628623445052654,DID NOT CONVERGE
pca_100,poly,10,1,5,1000,0.36022336408495903,0.4499565300066024,30.729415874928236,DID NOT CONVERGE
pca_100,poly,10,10,1,1000,0.36302096606232226,0.5062462298665196,21.883180767996237,DID NOT CONVERGE
pca_100,poly,10,10,2,1000,0.3628873659763485,0.5032288320362568,25.368959754006937,DID NOT CONVERGE
pca_100,poly,10,10,3,1000,0.3604622660204768,0.4496228981297463,26.380844355095178,DID NOT CONVERGE
pca_100,poly,10,10,4,1000,0.3675460750237107,0.5159804099239409,31.058841517195106,DID NOT CONVERGE
pca_100,poly,10,10,5,1000,0.36082590906880796,0.44872684706933796,31.039239483885467,DID NOT CONVERGE
pca_100,poly,10,100,1,1000,0.36354405619204044,0.5136910490691662,21.42845948296599,DID NOT CONVERGE
pca_100,poly,10,100,2,1000,0.363091612001881,0.5165502829477191,25.22834101994522,DID NOT CONVERGE
pca_100,poly,10,100,3,1000,0.36146740801632404,0.4687962359748781,26.38482702500187,DID NOT CONVERGE
pca_100,poly,10,100,4,1000,0.36475415900349617,0.5199100929312408,30.625215796055272,DID NOT CONVERGE
pca_100,poly,10,100,5,1000,0.36183120496571064,0.4707992561161518,31.06327411113307,DID NOT CONVERGE
pca_100,poly,10,1000,1,1000,0.36408604006282985,0.5147783649154007,21.516775639960542,DID NOT CONVERGE
pca_100,poly,10,1000,2,1000,0.3651173070538789,0.5187235560733825,25.60269521200098,DID NOT CONVERGE
pca_100,poly,10,1000,3,1000,0.36038049100898206,0.46968267601914704,26.310938321985304,DID NOT CONVERGE
pca_100,poly,10,1000,4,1000,0.36447755387052894,0.5175706150475889,31.084224371006712,DID NOT CONVERGE
pca_100,poly,10,1000,5,1000,0.3655719861853868,0.47163539100438356,31.026254354044795,DID NOT CONVERGE
pca_100,poly,100,0.001,1,1000,0.36478009494021535,0.5154872140847147,21.685091976076365,DID NOT CONVERGE
pca_100,poly,100,0.001,2,1000,0.3637235430069268,0.5193340571131557,25.898719493998215,DID NOT CONVERGE
pca_100,poly,100,0.001,3,1000,0.36313247703947127,0.4693269480485469,28.37453488097526,DID NOT CONVERGE
pca_100,poly,100,0.001,4,1000,0.36452616401948035,0.5162874942179769,35.45581442210823,DID NOT CONVERGE
pca_100,poly,100,0.001,5,1000,0.36100873397663236,0.47786913882009685,40.50144564197399,DID NOT CONVERGE
pca_100,poly,100,0.01,1,1000,0.36458833096548915,0.5163711730856448,21.5640543110203,DID NOT CONVERGE
pca_100,poly,100,0.01,2,1000,0.3642925440799445,0.5210957231465727,25.289391360944137,DID NOT CONVERGE
pca_100,poly,100,0.01,3,1000,0.36039863410405815,0.4689248299691826,26.04908560682088,DID NOT CONVERGE
pca_100,poly,100,0.01,4,1000,0.36320848879404366,0.5148429039400071,30.715453583048657,DID NOT CONVERGE
pca_100,poly,100,0.01,5,1000,0.36160182603634894,0.4693313888274133,31.143037216970697,DID NOT CONVERGE
pca_100,poly,100,0.1,1,1000,0.36773434514179826,0.5186101959552616,21.350097452988848,DID NOT CONVERGE
pca_100,poly,100,0.1,2,1000,0.3640054459683597,0.5178818369749933,25.45032722898759,DID NOT CONVERGE
pca_100,poly,100,0.1,3,1000,0.3607006990350783,0.46928175585344434,26.50083097908646,DID NOT CONVERGE
pca_100,poly,100,0.1,4,1000,0.3641311281826347,0.5173441951628774,30.722494409885257,DID NOT CONVERGE
pca_100,poly,100,0.1,5,1000,0.3619082560762763,0.46721984702162445,31.121218560962006,DID NOT CONVERGE
pca_100,poly,100,1,1,1000,0.3667482070159167,0.5059731670189649,21.68129384983331,DID NOT CONVERGE
pca_100,poly,100,1,2,1000,0.36480018915608525,0.5052716608624905,26.13633692311123,DID NOT CONVERGE
pca_100,poly,100,1,3,1000,0.3620057019870728,0.44990313705056906,26.870920981978998,DID NOT CONVERGE
pca_100,poly,100,1,4,1000,0.36825185501948,0.5064450420904905,31.10141635220498,DID NOT CONVERGE
pca_100,poly,100,1,5,1000,0.364220323972404,0.451580828987062,31.47885713004507,DID NOT CONVERGE
pca_100,poly,100,10,1,1000,0.3647598559036851,0.5062649948522449,21.620716009056196,DID NOT CONVERGE
pca_100,poly,100,10,2,1000,0.364924272056669,0.5179683649912477,25.598008543020114,DID NOT CONVERGE
pca_100,poly,100,10,3,1000,0.36188426497392356,0.45144499908201396,26.465815306873992,DID NOT CONVERGE
pca_100,poly,100,10,4,1000,0.3637931519187987,0.4995615070220083,31.785090311896056,DID NOT CONVERGE
pca_100,poly,100,10,5,1000,0.3620276239234954,0.4500233940780163,31.217696480918676,DID NOT CONVERGE
pca_100,poly,100,100,1,1000,0.3642831239849329,0.5043402009177953,21.795169851975515,DID NOT CONVERGE
pca_100,poly,100,100,2,1000,0.3655026759952307,0.5014844320248812,25.73178805783391,DID NOT CONVERGE
pca_100,poly,100,100,3,1000,0.36133623495697975,0.45169017696753144,26.85365719301626,DID NOT CONVERGE
pca_100,poly,100,100,4,1000,0.36334444279782474,0.4999738931655884,30.94312614784576,DID NOT CONVERGE
pca_100,poly,100,100,5,1000,0.36154305399395525,0.44525317405350506,31.18244184507057,DID NOT CONVERGE
pca_100,poly,100,1000,1,1000,0.3634898751042783,0.5040074670687318,21.666446395916864,DID NOT CONVERGE
pca_100,poly,100,1000,2,1000,0.3639225091319531,0.5055434131063521,26.45541356387548,DID NOT CONVERGE
pca_100,poly,100,1000,3,1000,0.3638094230554998,0.4449084228836,26.900050497846678,DID NOT CONVERGE
pca_100,poly,100,1000,4,1000,0.36390857794322073,0.5022622451651841,31.410136952996254,DID NOT CONVERGE
pca_100,poly,100,1000,5,1000,0.36144127999432385,0.47921332414261997,31.185390424914658,DID NOT CONVERGE
pca_100,poly,1000,0.001,1,1000,0.36339269508607686,0.4991180580109358,22.031697462080047,DID NOT CONVERGE
pca_100,poly,1000,0.001,2,1000,0.5172469310928136,0.5025786771439016,25.75504254293628,DID NOT CONVERGE
pca_100,poly,1000,0.001,3,1000,0.5321777870412916,0.44551855116151273,27.29650554084219,DID NOT CONVERGE
pca_100,poly,1000,0.001,4,1000,0.4513295190408826,0.5014656058046967,32.72569442191161,DID NOT CONVERGE
pca_100,poly,1000,0.001,5,1000,0.3826448740437627,0.4444922029506415,33.677894851891324,DID NOT CONVERGE
pca_100,poly,1000,0.01,1,1000,0.3949634609743953,0.502289618132636,21.615307604894042,DID NOT CONVERGE
pca_100,poly,1000,0.01,2,1000,0.4035156569443643,0.5024153431877494,26.47566176392138,DID NOT CONVERGE
pca_100,poly,1000,0.01,3,1000,0.3758833871688694,0.4429722048807889,26.55986223486252,DID NOT CONVERGE
pca_100,poly,1000,0.01,4,1000,0.40729874302633107,0.5007800350431353,31.025389128830284,DID NOT CONVERGE
pca_100,poly,1000,0.01,5,1000,0.3647507559508085,0.443936285097152,31.41431771009229,DID NOT CONVERGE
pca_100,poly,1000,0.1,1,1000,0.3775057008024305,0.4998322711326182,22.121429255930707,DID NOT CONVERGE
pca_100,poly,1000,0.1,2,1000,0.3760051589924842,0.503179773921147,25.60451222793199,DID NOT CONVERGE
pca_100,poly,1000,0.1,3,1000,0.3739136839285493,0.44371798797510564,26.733574639074504,DID NOT CONVERGE
pca_100,poly,1000,0.1,4,1000,0.36611147108487785,0.4994711840990931,31.749198050936684,DID NOT CONVERGE
pca_100,poly,1000,0.1,5,1000,0.3622894221916795,0.4486112790182233,31.61293422896415,DID NOT CONVERGE
pca_100,poly,1000,1,1,1000,0.36779735912568867,0.5512272040359676,21.638574070995674,DID NOT CONVERGE
pca_100,poly,1000,1,2,1000,0.36851670406758785,0.5030535578262061,25.940357660874724,DID NOT CONVERGE
pca_100,poly,1000,1,3,1000,0.3618299108929932,0.443578259088099,26.671098557999358,DID NOT CONVERGE
pca_100,poly,1000,1,4,1000,0.37648207787424326,0.5015414289664477,32.823037495836616,DID NOT CONVERGE
pca_100,poly,1000,1,5,1000,0.3910272088833153,0.4468366189394146,31.261552198091522,DID NOT CONVERGE
pca_100,poly,1000,10,1,1000,0.39574130601249635,0.5047334900591522,21.628331650048494,DID NOT CONVERGE
pca_100,poly,1000,10,2,1000,0.3813081809785217,0.5043331780470908,25.917683824896812,DID NOT CONVERGE
pca_100,poly,1000,10,3,1000,0.4015633799135685,0.4457986920606345,26.261251023970544,DID NOT CONVERGE
pca_100,poly,1000,10,4,1000,0.36573098483495414,0.5009057000279427,31.20043650199659,DID NOT CONVERGE
pca_100,poly,1000,10,5,1000,0.36245571402832866,0.4466069280169904,31.454696452012286,DID NOT CONVERGE
pca_100,poly,1000,100,1,1000,0.3674194090999663,0.5023948650341481,21.97324933600612,DID NOT CONVERGE
pca_100,poly,1000,100,2,1000,0.3670458858832717,0.5039149092044681,25.6852342588827,DID NOT CONVERGE
pca_100,poly,1000,100,3,1000,0.36237209709361196,0.4460286688990891,26.52741496101953,DID NOT CONVERGE
pca_100,poly,1000,100,4,1000,0.3662675260566175,0.5032297710422426,31.403634912101552,DID NOT CONVERGE
pca_100,poly,1000,100,5,1000,0.36287769116461277,0.44752902700565755,31.477359779179096,DID NOT CONVERGE
pca_100,poly,1000,1000,1,1000,0.3658132900018245,0.5037649020086974,21.664433334954083,DID NOT CONVERGE
pca_100,poly,1000,1000,2,1000,0.3672862220555544,0.5007318388670683,25.615167231997475,DID NOT CONVERGE
pca_100,poly,1000,1000,3,1000,0.36283949692733586,0.44739389582537115,26.896084973821416,DID NOT CONVERGE
pca_100,poly,1000,1000,4,1000,0.3662880689371377,0.5004661849234253,32.825394328916445,DID NOT CONVERGE
pca_100,poly,1000,1000,5,1000,0.36283299908973277,0.4457319260109216,31.091113809961826,DID NOT CONVERGE
pca_200,poly,0.001,0.001,1,1000,0.39616547990590334,0.5678713019005954,136.42138436296955,DID NOT CONVERGE
pca_200,poly,0.001,0.001,2,1000,0.39135862002149224,0.5566001699771732,137.06052963389084,DID NOT CONVERGE
pca_200,poly,0.001,0.001,3,1000,0.38590304204262793,0.5564128530677408,137.70474178902805,DID NOT CONVERGE
pca_200,poly,0.001,0.001,4,1000,0.3786293310113251,0.5515473899431527,137.8837390919216,DID NOT CONVERGE
pca_200,poly,0.001,0.001,5,1000,0.3768187090754509,0.5524009938817471,138.3281393670477,DID NOT CONVERGE
pca_200,poly,0.001,0.01,1,1000,0.3661593010183424,0.5507477179635316,126.94095687312074,DID NOT CONVERGE
pca_200,poly,0.001,0.01,2,1000,0.3860723399557173,0.5581395220942795,117.4658354560379,DID NOT CONVERGE
pca_200,poly,0.001,0.01,3,1000,0.3689822379965335,0.5641438220627606,78.61155552486889,DID NOT CONVERGE
pca_200,poly,0.001,0.01,4,1000,0.3695930370595306,0.5461744989734143,71.72923175198957,DID NOT CONVERGE
pca_200,poly,0.001,0.01,5,1000,0.3649161260109395,0.5540515559259802,62.54006766807288,DID NOT CONVERGE
pca_200,poly,0.001,0.1,1,1000,0.3802983539644629,0.5655365851707757,76.63233725889586,DID NOT CONVERGE
pca_200,poly,0.001,0.1,2,1000,0.3800892890430987,0.5505950299557298,47.1794605080504,DID NOT CONVERGE
pca_200,poly,0.001,0.1,3,1000,0.37510993401519954,0.5643164569046348,42.247373946011066,DID NOT CONVERGE
pca_200,poly,0.001,0.1,4,1000,0.3642147621139884,0.5491966039407998,51.68799049500376,DID NOT CONVERGE
pca_200,poly,0.001,0.1,5,1000,0.36597359785810113,0.5523181401658803,52.41944294795394,DID NOT CONVERGE
pca_200,poly,0.001,1,1,1000,0.3651381500530988,0.5570834090467542,51.24747876706533,DID NOT CONVERGE
pca_200,poly,0.001,1,2,1000,0.36780180502682924,0.5538866601418704,39.317060196073726,DID NOT CONVERGE
pca_200,poly,0.001,1,3,1000,0.3785581539850682,0.5557379589881748,42.27094653900713,DID NOT CONVERGE
pca_200,poly,0.001,1,4,1000,0.36418753303587437,0.5548869899939746,51.69631174392998,DID NOT CONVERGE
pca_200,poly,0.001,1,5,1000,0.3751544961705804,0.5589754600077868,52.41867272602394,DID NOT CONVERGE
pca_200,poly,0.001,10,1,1000,0.3651286370586604,0.553982513025403,38.83361995499581,DID NOT CONVERGE
pca_200,poly,0.001,10,2,1000,0.36794409388676286,0.5701914739329368,39.298977912869304,DID NOT CONVERGE
pca_200,poly,0.001,10,3,1000,0.3688698639161885,0.5519720918964595,42.30011802678928,DID NOT CONVERGE
pca_200,poly,0.001,10,4,1000,0.37711156997829676,0.5533258139621466,51.74302563210949,DID NOT CONVERGE
pca_200,poly,0.001,10,5,1000,0.3654984461609274,0.551610599970445,52.44405652489513,DID NOT CONVERGE
pca_200,poly,0.001,100,1,1000,0.3649680120870471,0.5574637930840254,31.44284438714385,DID NOT CONVERGE
pca_200,poly,0.001,100,2,1000,0.3685344560071826,0.5666481461375952,39.33685333514586,DID NOT CONVERGE
pca_200,poly,0.001,100,3,1000,0.3641561211552471,0.5532330139540136,42.29979711701162,DID NOT CONVERGE
pca_200,poly,0.001,100,4,1000,0.3643529419787228,0.5561099948827177,51.672767848009244,DID NOT CONVERGE
pca_200,poly,0.001,100,5,1000,0.363737435080111,0.5537931967992336,52.47522543789819,DID NOT CONVERGE
pca_200,poly,0.001,1000,1,1000,0.3646941101178527,0.5586770989466459,31.45774673903361,DID NOT CONVERGE
pca_200,poly,0.001,1000,2,1000,0.37813139893114567,0.5689644920639694,39.34886557003483,DID NOT CONVERGE
pca_200,poly,0.001,1000,3,1000,0.36316257202997804,0.5538196649868041,42.31325687095523,DID NOT CONVERGE
pca_200,poly,0.001,1000,4,1000,0.3648507979232818,0.5523429599124938,51.72094200504944,DID NOT CONVERGE
pca_200,poly,0.001,1000,5,1000,0.3770094800274819,0.5552503259386867,52.42619909206405,DID NOT CONVERGE
pca_200,poly,0.01,0.001,1,1000,0.3678806880488992,0.5511783810798079,126.94528768491,DID NOT CONVERGE
pca_200,poly,0.01,0.001,2,1000,0.38007331802509725,0.5534629449248314,137.06151546607725,DID NOT CONVERGE
pca_200,poly,0.01,0.001,3,1000,0.36791103007271886,0.5505456919781864,137.6238184000831,DID NOT CONVERGE
pca_200,poly,0.01,0.001,4,1000,0.37566413008607924,0.5511245450470597,137.8103549471125,DID NOT CONVERGE
pca_200,poly,0.01,0.001,5,1000,0.365650248946622,0.5524283561389893,137.8370189811103,DID NOT CONVERGE
pca_200,poly,0.01,0.01,1,1000,0.3657035648357123,0.5509909300599247,76.65179929486476,DID NOT CONVERGE
pca_200,poly,0.01,0.01,2,1000,0.3684929208829999,0.5487883719615638,68.16797292605042,DID NOT CONVERGE
pca_200,poly,0.01,0.01,3,1000,0.37513172603212297,0.5485508700367063,52.87727446388453,DID NOT CONVERGE
pca_200,poly,0.01,0.01,4,1000,0.3700838051736355,0.5692518390715122,56.03284452110529,DID NOT CONVERGE
pca_200,poly,0.01,0.01,5,1000,0.3647389349061996,0.5571797778829932,54.243252380983904,DID NOT CONVERGE
pca_200,poly,0.01,0.1,1,1000,0.3632912489119917,0.5519605760928243,51.24482126790099,DID NOT CONVERGE
pca_200,poly,0.01,0.1,2,1000,0.3630580978933722,0.5468870811164379,39.723056845134124,DID NOT CONVERGE
pca_200,poly,0.01,0.1,3,1000,0.3724854621104896,0.5584152368828654,42.3020684979856,DID NOT CONVERGE
pca_200,poly,0.01,0.1,4,1000,0.3637497890740633,0.5574993011541665,51.705728883855045,DID NOT CONVERGE
pca_200,poly,0.01,0.1,5,1000,0.3642200359608978,0.555314923170954,52.400813618907705,DID NOT CONVERGE
pca_200,poly,0.01,1,1,1000,0.36217479407787323,0.5522105649579316,38.561997106997296,DID NOT CONVERGE
pca_200,poly,0.01,1,2,1000,0.36516816704533994,0.582974259974435,38.99777686200105,DID NOT CONVERGE
pca_200,poly,0.01,1,3,1000,0.3629503739066422,0.5725438210647553,41.94213808700442,DID NOT CONVERGE
pca_200,poly,0.01,1,4,1000,0.3624770559836179,0.5731397119816393,51.35037212003954,DID NOT CONVERGE
pca_200,poly,0.01,1,5,1000,0.36875372915528715,0.5704070450738072,52.088186973007396,DID NOT CONVERGE
pca_200,poly,0.01,10,1,1000,0.36565493093803525,0.5698063119780272,31.239648620132357,DID NOT CONVERGE
pca_200,poly,0.01,10,2,1000,0.3653348688967526,0.5838668330106884,39.02325907791965,DID NOT CONVERGE
pca_200,poly,0.01,10,3,1000,0.37711708014830947,0.5711464409250766,42.02199419401586,DID NOT CONVERGE
pca_200,poly,0.01,10,4,1000,0.36259565595537424,0.5734898799564689,51.306263010948896,DID NOT CONVERGE
pca_200,poly,0.01,10,5,1000,0.36334334686398506,0.5736040929332376,52.11515278718434,DID NOT CONVERGE
pca_200,poly,0.01,100,1,1000,0.3622629560995847,0.570875896140933,31.17307990998961,DID NOT CONVERGE
pca_200,poly,0.01,100,2,1000,0.3670887700282037,0.580006895121187,39.00452314596623,DID NOT CONVERGE
pca_200,poly,0.01,100,3,1000,0.3620246290229261,0.5694843421224505,41.973358341958374,DID NOT CONVERGE
pca_200,poly,0.01,100,4,1000,0.36253843596205115,0.5725513380020857,51.27541853697039,DID NOT CONVERGE
pca_200,poly,0.01,100,5,1000,0.36243319883942604,0.5733097828924656,52.01967367110774,DID NOT CONVERGE
pca_200,poly,0.01,1000,1,1000,0.36018191697075963,0.5700348219834268,31.138953807996586,DID NOT CONVERGE
pca_200,poly,0.01,1000,2,1000,0.36376107204705477,0.5746097951196134,39.088607223005965,DID NOT CONVERGE
pca_200,poly,0.01,1000,3,1000,0.36345145385712385,0.5706859999336302,42.02607656107284,DID NOT CONVERGE
pca_200,poly,0.01,1000,4,1000,0.37547263503074646,0.5727497569750994,51.387316066073254,DID NOT CONVERGE
pca_200,poly,0.01,1000,5,1000,0.3606385209131986,0.5709166799206287,52.107188530033454,DID NOT CONVERGE
pca_200,poly,0.1,0.001,1,1000,0.3614613120444119,0.5693424330092967,76.07293354789726,DID NOT CONVERGE
pca_200,poly,0.1,0.001,2,1000,0.3654089740011841,0.5708479241002351,116.74118972802535,DID NOT CONVERGE
pca_200,poly,0.1,0.001,3,1000,0.3642631301190704,0.569368066964671,129.28453705599532,DID NOT CONVERGE
pca_200,poly,0.1,0.001,4,1000,0.3690177099779248,0.5723296399228275,136.5993716160301,DID NOT CONVERGE
pca_200,poly,0.1,0.001,5,1000,0.36252548987977207,0.5709105869755149,136.80599960614927,DID NOT CONVERGE
pca_200,poly,0.1,0.01,1,1000,0.3793198091443628,0.5706044340040535,50.93950820993632,DID NOT CONVERGE
pca_200,poly,0.1,0.01,2,1000,0.3796808011829853,0.5690870289690793,46.89252158300951,DID NOT CONVERGE
pca_200,poly,0.1,0.01,3,1000,0.36224403814412653,0.5701257111504674,43.54121100297198,DID NOT CONVERGE
pca_200,poly,0.1,0.01,4,1000,0.3719047522172332,0.5729818588588387,51.81973130092956,DID NOT CONVERGE
pca_200,poly,0.1,0.01,5,1000,0.3607124499976635,0.5698070218786597,52.17787544685416,DID NOT CONVERGE
pca_200,poly,0.1,0.1,1,1000,0.3606258542276919,0.5766364671289921,38.587394250091165,DID NOT CONVERGE
pca_200,poly,0.1,0.1,2,1000,0.3612321950495243,0.5660231960937381,39.00662171700969,DID NOT CONVERGE
pca_200,poly,0.1,0.1,3,1000,0.360444454010576,0.5698816259391606,42.003668951103464,DID NOT CONVERGE
pca_200,poly,0.1,0.1,4,1000,0.3667040220461786,0.5671575660817325,51.284864076180384,DID NOT CONVERGE
pca_200,poly,0.1,0.1,5,1000,0.3616763500031084,0.569360788911581,52.06172584905289,DID NOT CONVERGE
pca_200,poly,0.1,1,1,1000,0.35999150504358113,0.5703740250319242,31.20085244695656,DID NOT CONVERGE
pca_200,poly,0.1,1,2,1000,0.3609983208589256,0.5701335589401424,39.069894269807264,DID NOT CONVERGE
pca_200,poly,0.1,1,3,1000,0.36093056690879166,0.570227085147053,42.00215563108213,DID NOT CONVERGE
pca_200,poly,0.1,1,4,1000,0.361629466060549,0.5636168280616403,51.277435678988695,DID NOT CONVERGE
pca_200,poly,0.1,1,5,1000,0.3627372751943767,0.5661026181187481,52.08970706514083,DID NOT CONVERGE
pca_200,poly,0.1,10,1,1000,0.35911544878035784,0.549197408137843,30.975173394894227,DID NOT CONVERGE
pca_200,poly,0.1,10,2,1000,0.3578105119522661,0.5666784590575844,38.780842335894704,DID NOT CONVERGE
pca_200,poly,0.1,10,3,1000,0.35694073396734893,0.5728897869121283,41.778393695829436,DID NOT CONVERGE
pca_200,poly,0.1,10,4,1000,0.3568163530435413,0.5721411108970642,51.06250625802204,DID NOT CONVERGE
pca_200,poly,0.1,10,5,1000,0.35691198986023664,0.5719942939467728,51.772509864065796,DID NOT CONVERGE
pca_200,poly,0.1,100,1,1000,0.3562025399878621,0.5672608301974833,30.99468725384213,DID NOT CONVERGE
pca_200,poly,0.1,100,2,1000,0.36000067298300564,0.5810074091423303,38.83283790899441,DID NOT CONVERGE
pca_200,poly,0.1,100,3,1000,0.35689362906850874,0.5699771880172193,41.78052349598147,DID NOT CONVERGE
pca_200,poly,0.1,100,4,1000,0.359972468810156,0.5695821449626237,51.03844480216503,DID NOT CONVERGE
pca_200,poly,0.1,100,5,1000,0.35753544396720827,0.569737141020596,51.70972152007744,DID NOT CONVERGE
pca_200,poly,0.1,1000,1,1000,0.3578390160109848,0.571240141056478,31.027417870005593,DID NOT CONVERGE
pca_200,poly,0.1,1000,2,1000,0.3587495079264045,0.5875805779360235,38.845713335089386,DID NOT CONVERGE
pca_200,poly,0.1,1000,3,1000,0.35657405480742455,0.5692404999863356,41.751240332145244,DID NOT CONVERGE
pca_200,poly,0.1,1000,4,1000,0.358763765078038,0.5693315961398184,51.046671918127686,DID NOT CONVERGE
pca_200,poly,0.1,1000,5,1000,0.35661289119161665,0.5710474329534918,51.79079948691651,DID NOT CONVERGE
pca_200,poly,1,0.001,1,1000,0.35641879797913134,0.572664761915803,50.59210275998339,DID NOT CONVERGE
pca_200,poly,1,0.001,2,1000,0.3577039409428835,0.5681086878757924,67.26151049905457,DID NOT CONVERGE
pca_200,poly,1,0.001,3,1000,0.3574764698278159,0.5701231569983065,77.54860827419907,DID NOT CONVERGE
pca_200,poly,1,0.001,4,1000,0.3556838871445507,0.5726279991213232,108.19135622610338,DID NOT CONVERGE
pca_200,poly,1,0.001,5,1000,0.35866800020448864,0.5879546981304884,127.08605792582966,DID NOT CONVERGE
pca_200,poly,1,0.01,1,1000,0.35823325091041625,0.5647714410442859,38.32066394016147,DID NOT CONVERGE
pca_200,poly,1,0.01,2,1000,0.3605559361167252,0.5820679177995771,39.30612696893513,DID NOT CONVERGE
pca_200,poly,1,0.01,3,1000,0.35831467784009874,0.5703581441193819,41.65818400494754,DID NOT CONVERGE
pca_200,poly,1,0.01,4,1000,0.3568398398347199,0.5735550650861114,51.07975324592553,DID NOT CONVERGE
pca_200,poly,1,0.01,5,1000,0.35598349501378834,0.5687835540156811,51.76276112906635,DID NOT CONVERGE
pca_200,poly,1,0.1,1,1000,0.3557410689536482,0.5679155990947038,31.041262165876105,DID NOT CONVERGE
pca_200,poly,1,0.1,2,1000,0.35848561488091946,0.5805291838478297,38.92862288816832,DID NOT CONVERGE
pca_200,poly,1,0.1,3,1000,0.3607415158767253,0.5529788478743285,42.312360872048885,DID NOT CONVERGE
pca_200,poly,1,0.1,4,1000,0.36215839604847133,0.5501822871156037,51.65666500595398,DID NOT CONVERGE
pca_200,poly,1,0.1,5,1000,0.36079824389889836,0.5568308820948005,52.419519673101604,DID NOT CONVERGE
pca_200,poly,1,1,1,1000,0.3616140428930521,0.5626722041051835,31.43677364499308,DID NOT CONVERGE
pca_200,poly,1,1,2,1000,0.36336417589336634,0.5720704558771104,39.300946980016306,DID NOT CONVERGE
pca_200,poly,1,1,3,1000,0.36111963586881757,0.5526309360284358,42.274581452831626,DID NOT CONVERGE
pca_200,poly,1,1,4,1000,0.3557335471268743,0.5689937418792397,51.12687580590136,DID NOT CONVERGE
pca_200,poly,1,1,5,1000,0.35617632512003183,0.5711140560451895,51.79081499017775,DID NOT CONVERGE
pca_200,poly,1,10,1,1000,0.35577618703246117,0.5664894769433886,30.986136716092005,DID NOT CONVERGE
pca_200,poly,1,10,2,1000,0.36021239194087684,0.5767121938988566,38.848089997889474,DID NOT CONVERGE
pca_200,poly,1,10,3,1000,0.355282582109794,0.5636985281016678,41.751241652993485,DID NOT CONVERGE
pca_200,poly,1,10,4,1000,0.35563069209456444,0.5638482440263033,51.031916426029056,DID NOT CONVERGE
pca_200,poly,1,10,5,1000,0.356883421074599,0.5658460231497884,51.780314962146804,DID NOT CONVERGE
pca_200,poly,1,100,1,1000,0.35641315090470016,0.5667965859174728,30.956328698899597,DID NOT CONVERGE
pca_200,poly,1,100,2,1000,0.35901576187461615,0.5802603859920055,38.80148317897692,DID NOT CONVERGE
pca_200,poly,1,100,3,1000,0.3562495708465576,0.5640939439181238,41.746468923054636,DID NOT CONVERGE
pca_200,poly,1,100,4,1000,0.3564535400364548,0.5662010977976024,50.988967969082296,DID NOT CONVERGE
pca_200,poly,1,100,5,1000,0.35796342603862286,0.5684515689499676,51.778094463050365,DID NOT CONVERGE
pca_200,poly,1,1000,1,1000,0.3559822349343449,0.5648505100980401,31.02685996098444,DID NOT CONVERGE
pca_200,poly,1,1000,2,1000,0.3606629150453955,0.5777575869578868,38.84749115887098,DID NOT CONVERGE
pca_200,poly,1,1000,3,1000,0.356064410880208,0.5646650791168213,41.7657650730107,DID NOT CONVERGE
pca_200,poly,1,1000,4,1000,0.3559122998267412,0.5661575021222234,51.04190725693479,DID NOT CONVERGE
pca_200,poly,1,1000,5,1000,0.3553281989879906,0.5652294768951833,51.78842319990508,DID NOT CONVERGE
pca_200,poly,10,0.001,1,1000,0.3553522829897702,0.560312801040709,38.33320114901289,DID NOT CONVERGE
pca_200,poly,10,0.001,2,1000,0.36031631217338145,0.5818732180632651,46.57534261699766,DID NOT CONVERGE
pca_200,poly,10,0.001,3,1000,0.35903748497366905,0.5809694121126086,51.97756989416666,DID NOT CONVERGE
pca_200,poly,10,0.001,4,1000,0.35878398502245545,0.5806937308516353,70.86848718021065,DID NOT CONVERGE
pca_200,poly,10,0.001,5,1000,0.35815366194583476,0.5658529049251229,84.14580787089653,DID NOT CONVERGE
pca_200,poly,10,0.01,1,1000,0.35647066007368267,0.5677643669769168,31.043510396033525,DID NOT CONVERGE
pca_200,poly,10,0.01,2,1000,0.35923103080131114,0.5827143299393356,38.797292984090745,DID NOT CONVERGE
pca_200,poly,10,0.01,3,1000,0.3558129749726504,0.5687419839669019,41.78389139100909,DID NOT CONVERGE
pca_200,poly,10,0.01,4,1000,0.35913237603381276,0.5708346751052886,51.03690267796628,DID NOT CONVERGE
pca_200,poly,10,0.01,5,1000,0.357758027035743,0.5634758539963514,51.74171365820803,DID NOT CONVERGE
pca_200,poly,10,0.1,1,1000,0.35668040509335697,0.5642191239167005,31.059086312074214,DID NOT CONVERGE
pca_200,poly,10,0.1,2,1000,0.36050844099372625,0.5776124428957701,38.845591952092946,DID NOT CONVERGE
pca_200,poly,10,0.1,3,1000,0.3576105539686978,0.5604734339285642,41.767423518933356,DID NOT CONVERGE
pca_200,poly,10,0.1,4,1000,0.35694124596193433,0.564526965143159,51.05108105111867,DID NOT CONVERGE
pca_200,poly,10,0.1,5,1000,0.3569386040326208,0.5644813198596239,51.715780610917136,DID NOT CONVERGE
pca_200,poly,10,1,1,1000,0.35773948207497597,0.5702316151000559,31.037037315079942,DID NOT CONVERGE
pca_200,poly,10,1,2,1000,0.3596096499823034,0.5821311180479825,38.84573253802955,DID NOT CONVERGE
pca_200,poly,10,1,3,1000,0.3716791078913957,0.5664511199574918,41.748224932001904,DID NOT CONVERGE
pca_200,poly,10,1,4,1000,0.3565127269830555,0.5636543370783329,51.08596112113446,DID NOT CONVERGE
pca_200,poly,10,1,5,1000,0.35712909093126655,0.5667859169188887,51.786655713105574,DID NOT CONVERGE
pca_200,poly,10,10,1,1000,0.357049407903105,0.5631436938419938,30.95793431508355,DID NOT CONVERGE
pca_200,poly,10,10,2,1000,0.3595732790417969,0.5833081959281117,38.80644969595596,DID NOT CONVERGE
pca_200,poly,10,10,3,1000,0.3558197910897434,0.5666657029651105,41.76829421101138,DID NOT CONVERGE
pca_200,poly,10,10,4,1000,0.3569225708488375,0.5689357588998973,51.04473871109076,DID NOT CONVERGE
pca_200,poly,10,10,5,1000,0.3561268800403923,0.5659340859856457,51.80987316207029,DID NOT CONVERGE
pca_200,poly,10,100,1,1000,0.3610109898727387,0.5709510459564626,31.00062469113618,DID NOT CONVERGE
pca_200,poly,10,100,2,1000,0.3613968160934746,0.5813447048421949,38.846541623119265,DID NOT CONVERGE
pca_200,poly,10,100,3,1000,0.3575179891195148,0.5671276811044663,41.75324648898095,DID NOT CONVERGE
pca_200,poly,10,100,4,1000,0.3563715750351548,0.5669343948829919,51.04914626618847,DID NOT CONVERGE
pca_200,poly,10,100,5,1000,0.3571013370528817,0.5671385789755732,51.76722444384359,DID NOT CONVERGE
pca_200,poly,10,1000,1,1000,0.3560010970104486,0.5648256859276444,30.999979204963893,DID NOT CONVERGE
pca_200,poly,10,1000,2,1000,0.3598411160055548,0.5814691791310906,38.889687752118334,DID NOT CONVERGE
pca_200,poly,10,1000,3,1000,0.35711914813145995,0.5722497720271349,41.77385508897714,DID NOT CONVERGE
pca_200,poly,10,1000,4,1000,0.356155474903062,0.569317762972787,51.05301830894314,DID NOT CONVERGE
pca_200,poly,10,1000,5,1000,0.35626274696551263,0.5676913380157202,51.80641249916516,DID NOT CONVERGE
pca_200,poly,100,0.001,1,1000,0.3552013940643519,0.5669022670481354,31.044572686078027,DID NOT CONVERGE
pca_200,poly,100,0.001,2,1000,0.3593678460456431,0.5841665409971029,39.21426702197641,DID NOT CONVERGE
pca_200,poly,100,0.001,3,1000,0.35882067680358887,0.5680172331631184,43.17100600898266,DID NOT CONVERGE
pca_200,poly,100,0.001,4,1000,0.35513432789593935,0.5664757080376148,55.30205599288456,DID NOT CONVERGE
pca_200,poly,100,0.001,5,1000,0.3552644751034677,0.568152705905959,61.85760054294951,DID NOT CONVERGE
pca_200,poly,100,0.01,1,1000,0.35942415497265756,0.5796304359100759,31.041210087947547,DID NOT CONVERGE
pca_200,poly,100,0.01,2,1000,0.36175659601576626,0.5833514530677348,38.78726986818947,DID NOT CONVERGE
pca_200,poly,100,0.01,3,1000,0.3551246870774776,0.567134290933609,41.76976701198146,DID NOT CONVERGE
pca_200,poly,100,0.01,4,1000,0.3557276560459286,0.5678172057960182,51.03083104407415,DID NOT CONVERGE
pca_200,poly,100,0.01,5,1000,0.3556392800528556,0.5676499039400369,51.706022513099015,DID NOT CONVERGE
pca_200,poly,100,0.1,1,1000,0.3569777011871338,0.5694633789826185,30.99671618291177,DID NOT CONVERGE
pca_200,poly,100,0.1,2,1000,0.3624034500680864,0.5801501390524209,38.847774314228445,DID NOT CONVERGE
pca_200,poly,100,0.1,3,1000,0.3553143101744354,0.5675121869426221,41.762170744128525,DID NOT CONVERGE
pca_200,poly,100,0.1,4,1000,0.35722351795993745,0.5661398300435394,51.07833117013797,DID NOT CONVERGE
pca_200,poly,100,0.1,5,1000,0.3567078420892358,0.5695403171703219,51.762625094968826,DID NOT CONVERGE
pca_200,poly,100,1,1,1000,0.3558994010090828,0.5689523529727012,31.019065265078098,DID NOT CONVERGE
pca_200,poly,100,1,2,1000,0.3594628260470927,0.5768191958777606,38.79886949597858,DID NOT CONVERGE
pca_200,poly,100,1,3,1000,0.3579388428479433,0.5615850097965449,41.713386830175295,DID NOT CONVERGE
pca_200,poly,100,1,4,1000,0.3556801429949701,0.5652643979992718,50.98996290215291,DID NOT CONVERGE
pca_200,poly,100,1,5,1000,0.3573509440757334,0.5726135189179331,51.773496811045334,DID NOT CONVERGE
pca_200,poly,100,10,1,1000,0.3554372109938413,0.5675276869442314,30.993738648016006,DID NOT CONVERGE
pca_200,poly,100,10,2,1000,0.3582962271757424,0.5814956240355968,38.813097424805164,DID NOT CONVERGE
pca_200,poly,100,10,3,1000,0.3558401018381119,0.5726202870719135,41.76868509314954,DID NOT CONVERGE
pca_200,poly,100,10,4,1000,0.35494194785133004,0.5757650800514966,50.9595458379481,DID NOT CONVERGE
pca_200,poly,100,10,5,1000,0.3570576219353825,0.5675452561117709,51.780436526983976,DID NOT CONVERGE
pca_200,poly,100,100,1,1000,0.3618233450688422,0.5655407919548452,30.992136049084365,DID NOT CONVERGE
pca_200,poly,100,100,2,1000,0.3613947369158268,0.5706038780044764,38.80444325902499,DID NOT CONVERGE
pca_200,poly,100,100,3,1000,0.3560677459463477,0.5669043909292668,41.73098768806085,DID NOT CONVERGE
pca_200,poly,100,100,4,1000,0.3553877060767263,0.5617955680936575,51.01020907796919,DID NOT CONVERGE
pca_200,poly,100,100,5,1000,0.3589235700201243,0.5711090669501573,51.76960086310282,DID NOT CONVERGE
pca_200,poly,100,1000,1,1000,0.3590213789138943,0.5672459260094911,31.02407514094375,DID NOT CONVERGE
pca_200,poly,100,1000,2,1000,0.35867366194725037,0.5670876780059189,38.807746476028115,DID NOT CONVERGE
pca_200,poly,100,1000,3,1000,0.3564784110058099,0.5705896709114313,41.763034658972174,DID NOT CONVERGE
pca_200,poly,100,1000,4,1000,0.35580214695073664,0.5717502259649336,51.05526943108998,DID NOT CONVERGE
pca_200,poly,100,1000,5,1000,0.35546570480801165,0.5671387580223382,51.787590299965814,DID NOT CONVERGE
pca_200,poly,1000,0.001,1,1000,0.3558359320741147,0.5654586257878691,31.07124357111752,DID NOT CONVERGE
pca_200,poly,1000,0.001,2,1000,0.3550579061266035,0.5673486478626728,38.7625599601306,DID NOT CONVERGE
pca_200,poly,1000,0.001,3,1000,0.3564985760021955,0.5738659619819373,41.70805991208181,DID NOT CONVERGE
pca_200,poly,1000,0.001,4,1000,0.35613566311076283,0.5570364710874856,51.44003109401092,DID NOT CONVERGE
pca_200,poly,1000,0.001,5,1000,0.356922967126593,0.5637836300302297,53.520837287884206,DID NOT CONVERGE
pca_200,poly,1000,0.01,1,1000,0.35922859492711723,0.5663947321008891,31.020315191941336,DID NOT CONVERGE
pca_200,poly,1000,0.01,2,1000,0.3565048270393163,0.5706931021995842,38.74594289320521,DID NOT CONVERGE
pca_200,poly,1000,0.01,3,1000,0.3555952131282538,0.5668196429032832,41.771878065075725,DID NOT CONVERGE
pca_200,poly,1000,0.01,4,1000,0.35561681794933975,0.565327188000083,51.071344242896885,DID NOT CONVERGE
pca_200,poly,1000,0.01,5,1000,0.3586239470168948,0.5738806962035596,51.7814684798941,DID NOT CONVERGE
pca_200,poly,1000,0.1,1,1000,0.35582573991268873,0.5682652059476823,31.018070342950523,DID NOT CONVERGE
pca_200,poly,1000,0.1,2,1000,0.35807869397103786,0.5685564209707081,38.82044572615996,DID NOT CONVERGE
pca_200,poly,1000,0.1,3,1000,0.3570828181691468,0.5658635860309005,41.76168005121872,DID NOT CONVERGE
pca_200,poly,1000,0.1,4,1000,0.3598414468578994,0.5673420340754092,51.06306354305707,DID NOT CONVERGE
pca_200,poly,1000,0.1,5,1000,0.35677102603949606,0.5660202379804105,51.78516480792314,DID NOT CONVERGE
pca_200,poly,1000,1,1,1000,0.35569015983492136,0.5637573150452226,31.016346385004,DID NOT CONVERGE
pca_200,poly,1000,1,2,1000,0.35591252194717526,0.5673184809274971,38.81704378291033,DID NOT CONVERGE
pca_200,poly,1000,1,3,1000,0.3605518159456551,0.5669260579161346,41.74714244203642,DID NOT CONVERGE
pca_200,poly,1000,1,4,1000,0.3564856939483434,0.568413307191804,50.97335188998841,DID NOT CONVERGE
pca_200,poly,1000,1,5,1000,0.35654529999010265,0.5658609832171351,51.78904769895598,DID NOT CONVERGE
pca_200,poly,1000,10,1,1000,0.3560583610087633,0.56559390691109,30.999506609048694,DID NOT CONVERGE
pca_200,poly,1000,10,2,1000,0.35494546708650887,0.5692622580099851,38.76197652099654,DID NOT CONVERGE
pca_200,poly,1000,10,3,1000,0.3562905821017921,0.5650676898658276,41.76668786490336,DID NOT CONVERGE
pca_200,poly,1000,10,4,1000,0.3553582630120218,0.5719314150046557,51.05937803001143,DID NOT CONVERGE
pca_200,poly,1000,10,5,1000,0.3555328561924398,0.5702680770773441,51.805703105870634,DID NOT CONVERGE
pca_200,poly,1000,100,1,1000,0.35523990797810256,0.569720002822578,31.019444378092885,DID NOT CONVERGE
pca_200,poly,1000,100,2,1000,0.35852947388775647,0.5789583912119269,38.778355952119455,DID NOT CONVERGE
pca_200,poly,1000,100,3,1000,0.3584536050911993,0.5694918748922646,41.7794643889647,DID NOT CONVERGE
pca_200,poly,1000,100,4,1000,0.35953135904856026,0.5669303108006716,51.00035797804594,DID NOT CONVERGE
pca_200,poly,1000,100,5,1000,0.3556817308999598,0.5684965411201119,51.76562693808228,DID NOT CONVERGE
pca_200,poly,1000,1000,1,1000,0.35845048795454204,0.5715176758822054,30.972979743033648,DID NOT CONVERGE
pca_200,poly,1000,1000,2,1000,0.358818399021402,0.5820181020535529,38.882882067002356,DID NOT CONVERGE
pca_200,poly,1000,1000,3,1000,0.35547476983629167,0.5665134431328624,41.76404980313964,DID NOT CONVERGE
pca_200,poly,1000,1000,4,1000,0.35621351189911366,0.5710021608974785,51.030889083165675,DID NOT CONVERGE
pca_200,poly,1000,1000,5,1000,0.3584046410396695,0.5697704248595983,51.78855236596428,DID NOT CONVERGE
lda,poly,0.001,0.001,1,1000,0.3977401799056679,5.319252954097465,23.515001804102212,DID NOT CONVERGE
lda,poly,0.001,0.001,2,1000,0.35853355983272195,4.800491326954216,23.987656145123765,DID NOT CONVERGE
lda,poly,0.001,0.001,3,1000,0.358357175020501,4.565841488074511,24.130867453990504,DID NOT CONVERGE
lda,poly,0.001,0.001,4,1000,0.35878223180770874,4.467631374020129,24.347597487038,DID NOT CONVERGE
lda,poly,0.001,0.001,5,1000,0.3580013858154416,4.440187729895115,24.540090488968417,DID NOT CONVERGE
lda,poly,0.001,0.01,1,1000,0.3577613739762455,4.38047049799934,23.534967894898728,DID NOT CONVERGE
lda,poly,0.001,0.01,2,1000,0.3601197940297425,4.375817988067865,23.977825758047402,DID NOT CONVERGE
lda,poly,0.001,0.01,3,1000,0.3576136198826134,4.40796546312049,24.14350366103463,DID NOT CONVERGE
lda,poly,0.001,0.01,4,1000,0.357149429153651,4.343128005973995,24.358382620848715,DID NOT CONVERGE
lda,poly,0.001,0.01,5,1000,0.3577253371477127,4.338168279035017,24.542313379002735,DID NOT CONVERGE
lda,poly,0.001,0.1,1,1000,0.35988604207523167,4.3425037988927215,19.843759301817045,DID NOT CONVERGE
lda,poly,0.001,0.1,2,1000,0.35860574804246426,4.331984231015667,20.13446650491096,DID NOT CONVERGE
lda,poly,0.001,0.1,3,1000,0.3559721210040152,4.3670994529966265,17.293056007940322,DID NOT CONVERGE
lda,poly,0.001,0.1,4,1000,0.36423797300085425,4.336384587921202,17.178661228856072,DID NOT CONVERGE
lda,poly,0.001,0.1,5,1000,0.3586971878539771,4.284134796820581,16.44337090384215,DID NOT CONVERGE
lda,poly,0.001,1,1,1000,0.3595354510471225,4.291837799130008,11.44773586303927,DID NOT CONVERGE
lda,poly,0.001,1,2,1000,0.3593340909574181,4.35202075005509,10.439683732111007,DID NOT CONVERGE
lda,poly,0.001,1,3,1000,0.3588396250270307,4.302966787014157,7.354576799087226,DID NOT CONVERGE
lda,poly,0.001,1,4,1000,0.35824787500314415,4.32137987902388,6.879032366909087,DID NOT CONVERGE
lda,poly,0.001,1,5,1000,0.3593812419567257,4.360439745010808,5.852324622916058,DID NOT CONVERGE
lda,poly,0.001,10,1,1000,0.35499258106574416,4.327101074159145,8.676610672147945,DID NOT CONVERGE
lda,poly,0.001,10,2,1000,0.3580116261728108,4.3501910250633955,7.542478295043111,DID NOT CONVERGE
lda,poly,0.001,10,3,1000,0.35754399793222547,4.34162277309224,5.380623587174341,DID NOT CONVERGE
lda,poly,0.001,10,4,1000,0.3555811601690948,4.336810602108017,6.175673238001764,DID NOT CONVERGE
lda,poly,0.001,10,5,1000,0.35518105095252395,4.300523762125522,5.735400037141517,DID NOT CONVERGE
lda,poly,0.001,100,1,1000,0.3543586719315499,4.330461195902899,8.417116682976484,DID NOT CONVERGE
lda,poly,0.001,100,2,1000,0.3583156941458583,4.366739472141489,6.842201674124226,DID NOT CONVERGE
lda,poly,0.001,100,3,1000,0.3549155779182911,4.284398894989863,5.358049173140898,DID NOT CONVERGE
lda,poly,0.001,100,4,1000,0.35501557611860335,4.333098408067599,6.143137625185773,DID NOT CONVERGE
lda,poly,0.001,100,5,1000,0.3549703280441463,4.297667082864791,5.721420098794624,DID NOT CONVERGE
lda,poly,0.001,1000,1,1000,0.3553281179629266,4.280467162840068,6.355161847081035,DID NOT CONVERGE
lda,poly,0.001,1000,2,1000,0.36052133911289275,4.348113777115941,6.79134695394896,DID NOT CONVERGE
lda,poly,0.001,1000,3,1000,0.3559009518940002,4.336870538070798,5.361352146137506,DID NOT CONVERGE
lda,poly,0.001,1000,4,1000,0.35508049209602177,4.321776571916416,6.173386818030849,DID NOT CONVERGE
lda,poly,0.001,1000,5,1000,0.35562135209329426,4.3125382389407605,5.733394342008978,DID NOT CONVERGE
lda,poly,0.01,0.001,1,1000,0.3554978671018034,4.334449935005978,23.50840998790227,DID NOT CONVERGE
lda,poly,0.01,0.001,2,1000,0.3587131770327687,4.348376464098692,23.996342728147283,DID NOT CONVERGE
lda,poly,0.01,0.001,3,1000,0.3576568248681724,4.397002700017765,24.14621788309887,DID NOT CONVERGE
lda,poly,0.01,0.001,4,1000,0.35782935400493443,4.418756098952144,24.73321571201086,DID NOT CONVERGE
lda,poly,0.01,0.001,5,1000,0.3613870090339333,4.3806221128907055,24.916994901141152,DID NOT CONVERGE
lda,poly,0.01,0.01,1,1000,0.3660403119865805,4.381891527911648,20.17069330299273,DID NOT CONVERGE
lda,poly,0.01,0.01,2,1000,0.36189156700856984,4.408169257920235,24.411782270064577,DID NOT CONVERGE
lda,poly,0.01,0.01,3,1000,0.3626973070204258,4.371837760088965,24.525466189952567,DID NOT CONVERGE
lda,poly,0.01,0.01,4,1000,0.3634495639707893,4.479657973861322,24.73040013993159,DID NOT CONVERGE
lda,poly,0.01,0.01,5,1000,0.3625531119760126,4.409978698939085,24.922682573087513,DID NOT CONVERGE
lda,poly,0.01,0.1,1,1000,0.3624291359446943,4.337719390867278,11.629128638887778,DID NOT CONVERGE
lda,poly,0.01,0.1,2,1000,0.36243800492957234,4.510358104016632,14.255143732996657,DID NOT CONVERGE
lda,poly,0.01,0.1,3,1000,0.3631129020359367,4.410581769887358,12.330935776000842,DID NOT CONVERGE
lda,poly,0.01,0.1,4,1000,0.3616864469368011,4.397590099135414,13.617323959013447,DID NOT CONVERGE
lda,poly,0.01,0.1,5,1000,0.3626089550089091,4.332349850097671,12.626472254982218,DID NOT CONVERGE
lda,poly,0.01,1,1,1000,0.35955324000678957,4.357643669936806,8.80449761915952,DID NOT CONVERGE
lda,poly,0.01,1,2,1000,0.36238251393660903,4.426940948003903,9.459935191087425,DID NOT CONVERGE
lda,poly,0.01,1,3,1000,0.3627101460006088,4.368411110015586,5.568388995015994,DID NOT CONVERGE
lda,poly,0.01,1,4,1000,0.36444555199705064,4.374998873798177,6.526374689070508,DID NOT CONVERGE
lda,poly,0.01,1,5,1000,0.35835283412598073,4.420735414139926,5.801321595907211,DID NOT CONVERGE
lda,poly,0.01,10,1,1000,0.3585733468644321,4.372668601805344,8.615798756014556,DID NOT CONVERGE
lda,poly,0.01,10,2,1000,0.36312344879843295,4.4322006579022855,7.151659287046641,DID NOT CONVERGE
lda,poly,0.01,10,3,1000,0.3594673019833863,4.388872023904696,5.431087858974934,DID NOT CONVERGE
lda,poly,0.01,10,4,1000,0.35966561012901366,4.481749847065657,6.202374461805448,DID NOT CONVERGE
lda,poly,0.01,10,5,1000,0.3566321621183306,4.305481686955318,5.736003275960684,DID NOT CONVERGE
lda,poly,0.01,100,1,1000,0.3549639480188489,4.3761350158602,6.358137465082109,DID NOT CONVERGE
lda,poly,0.01,100,2,1000,0.357565555954352,4.35323992697522,6.791854202048853,DID NOT CONVERGE
lda,poly,0.01,100,3,1000,0.3555372101254761,4.345894332975149,5.357776822056621,DID NOT CONVERGE
lda,poly,0.01,100,4,1000,0.35549212503246963,4.325917053967714,6.149860974168405,DID NOT CONVERGE
lda,poly,0.01,100,5,1000,0.3552879730705172,4.355986660113558,5.7236762130633,DID NOT CONVERGE
lda,poly,0.01,1000,1,1000,0.35511603904888034,4.3282430751714855,4.506602189037949,DID NOT CONVERGE
lda,poly,0.01,1000,2,1000,0.3557642281521112,4.314247353002429,6.77486156206578,DID NOT CONVERGE
lda,poly,0.01,1000,3,1000,0.35463146097026765,4.322414661059156,5.361733783967793,DID NOT CONVERGE
lda,poly,0.01,1000,4,1000,0.35431424295529723,4.345732959918678,6.171361019834876,DID NOT CONVERGE
lda,poly,0.01,1000,5,1000,0.3555837869644165,4.336667284136638,5.744152834173292,DID NOT CONVERGE
lda,poly,0.1,0.001,1,1000,0.35513656912371516,4.302434151992202,19.836065103998408,DID NOT CONVERGE
lda,poly,0.1,0.001,2,1000,0.3583542020060122,4.31153801898472,23.988820967031643,DID NOT CONVERGE
lda,poly,0.1,0.001,3,1000,0.35876821097917855,4.365404295967892,24.13373870984651,DID NOT CONVERGE
lda,poly,0.1,0.001,4,1000,0.35856153909116983,4.327287568943575,24.3434831998311,DID NOT CONVERGE
lda,poly,0.1,0.001,5,1000,0.3583482301328331,4.3503971649333835,24.52796573890373,DID NOT CONVERGE
lda,poly,0.1,0.01,1,1000,0.36291200714185834,4.311733739916235,11.447425612946972,DID NOT CONVERGE
lda,poly,0.1,0.01,2,1000,0.3580866039264947,4.322063302854076,20.11639010393992,DID NOT CONVERGE
lda,poly,0.1,0.01,3,1000,0.3558358261361718,4.313217378919944,22.700120558962226,DID NOT CONVERGE
lda,poly,0.1,0.01,4,1000,0.3587641369085759,4.352586186025292,24.379512876970693,DID NOT CONVERGE
lda,poly,0.1,0.01,5,1000,0.35924290283583105,4.363847811007872,24.56891110399738,DID NOT CONVERGE
lda,poly,0.1,0.1,1,1000,0.358812176855281,4.3475855339784175,8.66777059994638,DID NOT CONVERGE
lda,poly,0.1,0.1,2,1000,0.35799569613300264,4.364338543033227,10.40585528104566,DID NOT CONVERGE
lda,poly,0.1,0.1,3,1000,0.35843651508912444,4.364710720954463,9.571263357065618,DID NOT CONVERGE
lda,poly,0.1,0.1,4,1000,0.35842379415407777,4.358334826072678,10.492465225979686,DID NOT CONVERGE
lda,poly,0.1,0.1,5,1000,0.3579728459008038,4.341967998072505,9.522553005022928,DID NOT CONVERGE
lda,poly,0.1,1,1,1000,0.36001397715881467,4.3447650170419365,8.459853522945195,DID NOT CONVERGE
lda,poly,0.1,1,2,1000,0.35744390496984124,4.368095230078325,7.549902332946658,DID NOT CONVERGE
lda,poly,0.1,1,3,1000,0.3584665250964463,4.341258766129613,5.415204353863373,DID NOT CONVERGE
lda,poly,0.1,1,4,1000,0.3552121138200164,4.334620360052213,6.1845635189674795,DID NOT CONVERGE
lda,poly,0.1,1,5,1000,0.35477049998007715,4.336794551927596,5.708265425870195,DID NOT CONVERGE
lda,poly,0.1,10,1,1000,0.35521415108814836,4.337752603925765,6.3603368499316275,DID NOT CONVERGE
lda,poly,0.1,10,2,1000,0.3581167170777917,4.351137242047116,6.827123357914388,DID NOT CONVERGE
lda,poly,0.1,10,3,1000,0.35595334810204804,4.290405757958069,5.380854008020833,DID NOT CONVERGE
lda,poly,0.1,10,4,1000,0.3561438031028956,4.349291507853195,6.176825278904289,DID NOT CONVERGE
lda,poly,0.1,10,5,1000,0.3576383991166949,4.307179891038686,5.737828879151493,DID NOT CONVERGE
lda,poly,0.1,100,1,1000,0.35601944592781365,4.313169192057103,4.494975630892441,DID NOT CONVERGE
lda,poly,0.1,100,2,1000,0.35668168193660676,4.318591545103118,6.772320832125843,DID NOT CONVERGE
lda,poly,0.1,100,3,1000,0.35598116903565824,4.358600198989734,5.357558707008138,DID NOT CONVERGE
lda,poly,0.1,100,4,1000,0.35633906396105886,4.296710757073015,6.1542050030548126,DID NOT CONVERGE
lda,poly,0.1,100,5,1000,0.3558700419962406,4.317395149031654,5.724601789843291,DID NOT CONVERGE
lda,poly,0.1,1000,1,1000,0.35622872202657163,4.321642880095169,4.213185528991744,DID NOT CONVERGE
lda,poly,0.1,1000,2,1000,0.3566566491499543,4.327174028148875,6.768740465864539,DID NOT CONVERGE
lda,poly,0.1,1000,3,1000,0.3555571159813553,4.293818723177537,5.35970502696,DID NOT CONVERGE
lda,poly,0.1,1000,4,1000,0.35581958992406726,4.343952262075618,6.167523915879428,DID NOT CONVERGE
lda,poly,0.1,1000,5,1000,0.35692562302574515,4.338566109072417,5.739350761054084,DID NOT CONVERGE
lda,poly,1,0.001,1,1000,0.3551066380459815,4.36235455586575,11.417426445987076,DID NOT CONVERGE
lda,poly,1,0.001,2,1000,0.3590751348529011,4.3445478160865605,23.97800343995914,DID NOT CONVERGE
lda,poly,1,0.001,3,1000,0.3587748419959098,4.358096688985825,24.127634359057993,DID NOT CONVERGE
lda,poly,1,0.001,4,1000,0.3594388959463686,4.347903677029535,24.353098727064207,DID NOT CONVERGE
lda,poly,1,0.001,5,1000,0.3593350281007588,4.337224234128371,24.516852857079357,DID NOT CONVERGE
lda,poly,1,0.01,1,1000,0.3602999090217054,4.354235054925084,8.67557853483595,DID NOT CONVERGE
lda,poly,1,0.01,2,1000,0.358909809961915,4.316140914103016,14.033431748161092,DID NOT CONVERGE
lda,poly,1,0.01,3,1000,0.3590309810824692,4.328520484035835,17.332103872206062,DID NOT CONVERGE
lda,poly,1,0.01,4,1000,0.3597182659432292,4.3648250619880855,21.100255660014227,DID NOT CONVERGE
lda,poly,1,0.01,5,1000,0.35705064586363733,4.378715054132044,23.118976815138012,DID NOT CONVERGE
lda,poly,1,0.1,1,1000,0.3683371199294925,5.913426336133853,8.415680962149054,DID NOT CONVERGE
lda,poly,1,0.1,2,1000,0.35930956806987524,4.3681704588234425,9.312157362001017,DID NOT CONVERGE
lda,poly,1,0.1,3,1000,0.3598929450381547,4.371042945887893,7.326178979128599,DID NOT CONVERGE
lda,poly,1,0.1,4,1000,0.35968952090479434,4.358951559057459,8.223635151050985,DID NOT CONVERGE
lda,poly,1,0.1,5,1000,0.3555913201998919,4.363969425903633,7.060399916023016,DID NOT CONVERGE
lda,poly,1,1,1,1000,0.35693188896402717,4.35981034906581,6.367065079975873,DID NOT CONVERGE
lda,poly,1,1,2,1000,0.361484101973474,4.346972044091672,7.058156966930255,DID NOT CONVERGE
lda,poly,1,1,3,1000,0.35622194805182517,4.34375940496102,5.363386338111013,DID NOT CONVERGE
lda,poly,1,1,4,1000,0.3552328310906887,4.346321602119133,6.153089680941775,DID NOT CONVERGE
lda,poly,1,1,5,1000,0.3565054819919169,4.347040026914328,5.710519283078611,DID NOT CONVERGE
lda,poly,1,10,1,1000,0.356364110019058,4.29524498200044,4.4999775951728225,DID NOT CONVERGE
lda,poly,1,10,2,1000,0.35616148286499083,4.359777570003644,6.759642699034885,DID NOT CONVERGE
lda,poly,1,10,3,1000,0.3555426700040698,4.3050659720320255,5.3532525729388,DID NOT CONVERGE
lda,poly,1,10,4,1000,0.3549536180216819,4.34573826007545,6.166739928070456,DID NOT CONVERGE
lda,poly,1,10,5,1000,0.3583239018917084,4.322073172079399,5.721503319917247,DID NOT CONVERGE
lda,poly,1,100,1,1000,0.3562578649725765,4.344030793057755,4.202733509009704,DID NOT CONVERGE
lda,poly,1,100,2,1000,0.3558647860772908,4.305606747046113,6.765966081060469,DID NOT CONVERGE
lda,poly,1,100,3,1000,0.3563241648953408,4.369602288119495,5.346922008087859,DID NOT CONVERGE
lda,poly,1,100,4,1000,0.35665368498302996,4.3380080258939415,6.138591420138255,DID NOT CONVERGE
lda,poly,1,100,5,1000,0.3570194460917264,4.418580544181168,5.716538993874565,DID NOT CONVERGE
lda,poly,1,1000,1,1000,0.3560690542217344,4.332312454003841,4.16312665399164,DID NOT CONVERGE
lda,poly,1,1000,2,1000,0.3562506381422281,4.299835446989164,6.76266885898076,DID NOT CONVERGE
lda,poly,1,1000,3,1000,0.3571702460758388,4.313751163892448,5.3509421271737665,DID NOT CONVERGE
lda,poly,1,1000,4,1000,0.35581763996742666,4.332563702948391,6.1645758668892086,DID NOT CONVERGE
lda,poly,1,1000,5,1000,0.35631331196054816,4.410353475017473,5.724990308051929,DID NOT CONVERGE
lda,poly,10,0.001,1,1000,0.35617034905590117,4.374506735941395,8.643939578905702,DID NOT CONVERGE
lda,poly,10,0.001,2,1000,0.36005478305742145,4.3312015880364925,20.09955277503468,DID NOT CONVERGE
lda,poly,10,0.001,3,1000,0.3568637678399682,4.33687948086299,24.04027681890875,DID NOT CONVERGE
lda,poly,10,0.001,4,1000,0.36311980709433556,4.3062370049301535,24.287123648216948,DID NOT CONVERGE
lda,poly,10,0.001,5,1000,0.3597112479619682,4.366616464918479,24.46282434789464,DID NOT CONVERGE
lda,poly,10,0.01,1,1000,0.3590963459573686,4.306624432094395,8.416838059900329,DID NOT CONVERGE
lda,poly,10,0.01,2,1000,0.35920347506180406,4.345634544966742,10.38587812311016,DID NOT CONVERGE
lda,poly,10,0.01,3,1000,0.3590976980049163,4.382065191864967,12.153959737857804,DID NOT CONVERGE
lda,poly,10,0.01,4,1000,0.36058208788745105,4.402391850948334,17.152041590074077,DID NOT CONVERGE
lda,poly,10,0.01,5,1000,0.3595612400677055,4.314182571135461,19.28120717802085,DID NOT CONVERGE
lda,poly,10,0.1,1,1000,0.3590997401624918,4.345277209067717,6.390965194907039,DID NOT CONVERGE
lda,poly,10,0.1,2,1000,0.3586331109981984,4.303064797772095,7.524591189110652,DID NOT CONVERGE
lda,poly,10,0.1,3,1000,0.35988919297233224,4.345861371140927,5.485758064081892,DID NOT CONVERGE
lda,poly,10,0.1,4,1000,0.3550562751479447,4.329811498057097,6.848209687974304,DID NOT CONVERGE
lda,poly,10,0.1,5,1000,0.3680900901090354,5.397910177940503,6.232374713988975,DID NOT CONVERGE
lda,poly,10,1,1,1000,0.3579794659744948,4.415062329964712,4.505697529064491,DID NOT CONVERGE
lda,poly,10,1,2,1000,0.355999365914613,4.421106918947771,6.820785169955343,DID NOT CONVERGE
lda,poly,10,1,3,1000,0.3558670631609857,4.353332922095433,5.368273816071451,DID NOT CONVERGE
lda,poly,10,1,4,1000,0.3562426990829408,4.3523798431269825,6.1689156969077885,DID NOT CONVERGE
lda,poly,10,1,5,1000,0.3563876550178975,4.364144486840814,5.718702592886984,DID NOT CONVERGE
lda,poly,10,10,1,1000,0.35735869011841714,4.354629013920203,4.216444024816155,DID NOT CONVERGE
lda,poly,10,10,2,1000,0.35503081302158535,4.336228251922876,6.785799646982923,DID NOT CONVERGE
lda,poly,10,10,3,1000,0.3557811181526631,4.376456216210499,5.36827248102054,DID NOT CONVERGE
lda,poly,10,10,4,1000,0.3555967961438,4.373703893041238,6.184913779841736,DID NOT CONVERGE
lda,poly,10,10,5,1000,0.3571229809895158,4.358019260922447,5.742287246976048,DID NOT CONVERGE
lda,poly,10,100,1,1000,0.35673489398323,4.405819689156488,4.16762935789302,DID NOT CONVERGE
lda,poly,10,100,2,1000,0.35563760809600353,4.418713530991226,6.781165102031082,DID NOT CONVERGE
lda,poly,10,100,3,1000,0.3553853549528867,4.345626085996628,5.35857252497226,DID NOT CONVERGE
lda,poly,10,100,4,1000,0.35565218492411077,4.393002242781222,6.152638213010505,DID NOT CONVERGE
lda,poly,10,100,5,1000,0.35602535703219473,4.3705398419406265,5.729935225099325,DID NOT CONVERGE
lda,poly,10,1000,1,1000,0.3556570280343294,4.405671435175464,4.17396894400008,DID NOT CONVERGE
lda,poly,10,1000,2,1000,0.3557207570411265,4.376058964058757,6.777583643095568,DID NOT CONVERGE
lda,poly,10,1000,3,1000,0.3563181231729686,4.3684406478423625,5.375534309772775,DID NOT CONVERGE
lda,poly,10,1000,4,1000,0.3566651148721576,4.357126571936533,6.174579895101488,DID NOT CONVERGE
lda,poly,10,1000,5,1000,0.35673488304018974,4.368680315092206,5.735306168906391,DID NOT CONVERGE
lda,poly,100,0.001,1,1000,0.3567245830781758,4.42092295200564,8.399941919837147,DID NOT CONVERGE
lda,poly,100,0.001,2,1000,0.35988636990077794,4.346430086996406,13.991999682039022,DID NOT CONVERGE
lda,poly,100,0.001,3,1000,0.36000778898596764,4.416946700075641,22.59509190218523,DID NOT CONVERGE
lda,poly,100,0.001,4,1000,0.3596146258059889,4.408061890862882,24.26851132302545,DID NOT CONVERGE
lda,poly,100,0.001,5,1000,0.35898781614378095,4.361087916884571,24.451845311094075,DID NOT CONVERGE
lda,poly,100,0.01,1,1000,0.3588790891226381,4.404032299062237,6.380164967151359,DID NOT CONVERGE
lda,poly,100,0.01,2,1000,0.35897034080699086,4.3549143460113555,9.311602816917002,DID NOT CONVERGE
lda,poly,100,0.01,3,1000,0.35885096597485244,4.4299095389433205,9.563216294161975,DID NOT CONVERGE
lda,poly,100,0.01,4,1000,0.3598263419698924,4.368217895971611,13.372948833974078,DID NOT CONVERGE
lda,poly,100,0.01,5,1000,0.3595211710780859,4.3868077469524,16.25961251114495,DID NOT CONVERGE
lda,poly,100,0.1,1,1000,0.3600296061486006,4.4368026808369905,4.503853284055367,DID NOT CONVERGE
lda,poly,100,0.1,2,1000,0.35984626202844083,4.309134972048923,7.059266516938806,DID NOT CONVERGE
lda,poly,100,0.1,3,1000,0.3621052468661219,4.313926328904927,5.424719609087333,DID NOT CONVERGE
lda,poly,100,0.1,4,1000,0.35693337488919497,4.305709623033181,6.416523092892021,DID NOT CONVERGE
lda,poly,100,0.1,5,1000,0.35665901796892285,4.372076777974144,5.780331429094076,DID NOT CONVERGE
lda,poly,100,1,1,1000,0.35821887687779963,4.314415503060445,4.18945707497187,DID NOT CONVERGE
lda,poly,100,1,2,1000,0.3558760490268469,4.350823258981109,6.774193666875362,DID NOT CONVERGE
lda,poly,100,1,3,1000,0.356760174036026,4.319212265079841,5.370085211005062,DID NOT CONVERGE
lda,poly,100,1,4,1000,0.3571893780026585,4.341019097017124,6.1563297908287495,DID NOT CONVERGE
lda,poly,100,1,5,1000,0.3567397950682789,4.309466807870194,5.709678065031767,DID NOT CONVERGE
lda,poly,100,10,1,1000,0.3562060890253633,4.3344991179183125,4.1471179781947285,DID NOT CONVERGE
lda,poly,100,10,2,1000,0.3565521249547601,4.306015687994659,6.768827755004168,DID NOT CONVERGE
lda,poly,100,10,3,1000,0.3564531800802797,4.339127779006958,5.365657998016104,DID NOT CONVERGE
lda,poly,100,10,4,1000,0.35799022600986063,4.317110567120835,6.174952104920521,DID NOT CONVERGE
lda,poly,100,10,5,1000,0.3592350718099624,4.366660729981959,5.722417746903375,DID NOT CONVERGE
lda,poly,100,100,1,1000,0.35552236111834645,4.31218826607801,4.152776801027358,DID NOT CONVERGE
lda,poly,100,100,2,1000,0.35575889400206506,4.369007410015911,6.763069102074951,DID NOT CONVERGE
lda,poly,100,100,3,1000,0.3562047940213233,4.307737605879083,5.342305243015289,DID NOT CONVERGE
lda,poly,100,100,4,1000,0.35812889505177736,4.311149113113061,6.136576243909076,DID NOT CONVERGE
lda,poly,100,100,5,1000,0.35992315597832203,4.333804365014657,5.719773120013997,DID NOT CONVERGE
lda,poly,100,1000,1,1000,0.3551973339635879,4.357507299166173,4.158260176889598,DID NOT CONVERGE
lda,poly,100,1000,2,1000,0.355662896996364,4.2960151000879705,6.777337302919477,DID NOT CONVERGE
lda,poly,100,1000,3,1000,0.3560499628074467,4.3552859229967,5.358550695003942,DID NOT CONVERGE
lda,poly,100,1000,4,1000,0.357584728859365,4.317278522066772,6.167412325972691,DID NOT CONVERGE
lda,poly,100,1000,5,1000,0.3558712569065392,4.327608464984223,5.726512043038383,DID NOT CONVERGE
lda,poly,1000,0.001,1,1000,0.35538031184114516,4.360875416081399,6.356520011089742,DID NOT CONVERGE
lda,poly,1000,0.001,2,1000,0.36148428497835994,4.369208944030106,10.37249210709706,DID NOT CONVERGE
lda,poly,1000,0.001,3,1000,0.3589894000906497,4.361544954124838,17.252319318940863,DID NOT CONVERGE
lda,poly,1000,0.001,4,1000,0.35938463918864727,4.3656105268746614,24.297673212131485,DID NOT CONVERGE
lda,poly,1000,0.001,5,1000,0.35903137107379735,4.362226958153769,24.503127461997792,DID NOT CONVERGE
lda,poly,1000,0.01,1,1000,0.35897143301554024,4.328392805997282,4.5113327039871365,DID NOT CONVERGE
lda,poly,1000,0.01,2,1000,0.3581703710369766,4.316381862852722,7.531670333119109,DID NOT CONVERGE
lda,poly,1000,0.01,3,1000,0.3586310569662601,4.362858023028821,7.3592825420200825,DID NOT CONVERGE
lda,poly,1000,0.01,4,1000,0.3582747841719538,4.380893860012293,10.535591605119407,DID NOT CONVERGE
lda,poly,1000,0.01,5,1000,0.358971439069137,4.358184463810176,12.415042121196166,DID NOT CONVERGE
lda,poly,1000,0.1,1,1000,0.3568694870918989,4.378448664909229,4.188776766182855,DID NOT CONVERGE
lda,poly,1000,0.1,2,1000,0.3563864938914776,4.408360352972522,6.808579073986039,DID NOT CONVERGE
lda,poly,1000,0.1,3,1000,0.35596252512186766,4.40291593503207,5.358191519975662,DID NOT CONVERGE
lda,poly,1000,0.1,4,1000,0.3563622999936342,4.332842034986243,6.172874977113679,DID NOT CONVERGE
lda,poly,1000,0.1,5,1000,0.35738164093345404,4.3716178180184215,5.730831784196198,DID NOT CONVERGE
lda,poly,1000,1,1,1000,0.3578050620853901,4.345116182928905,4.155912142014131,DID NOT CONVERGE
lda,poly,1000,1,2,1000,0.35968273412436247,4.408721689134836,6.771592820063233,DID NOT CONVERGE
lda,poly,1000,1,3,1000,0.355723133077845,4.367464944021776,5.359015081077814,DID NOT CONVERGE
lda,poly,1000,1,4,1000,0.3558201959822327,4.346805009059608,6.153681805822998,DID NOT CONVERGE
lda,poly,1000,1,5,1000,0.35596890188753605,4.322806471027434,5.711766371037811,DID NOT CONVERGE
lda,poly,1000,10,1,1000,0.3564662740100175,4.349402074934915,4.144325305009261,DID NOT CONVERGE
lda,poly,1000,10,2,1000,0.35568784503266215,4.385199951007962,6.761135511100292,DID NOT CONVERGE
lda,poly,1000,10,3,1000,0.35486806090921164,4.34234929503873,5.359815226169303,DID NOT CONVERGE
lda,poly,1000,10,4,1000,0.35757448500953615,4.3393299779854715,6.172498880885541,DID NOT CONVERGE
lda,poly,1000,10,5,1000,0.3548389789648354,4.3532937781419605,5.724892450030893,DID NOT CONVERGE
lda,poly,1000,100,1,1000,0.35591614013537765,4.319556599948555,4.155058127827942,DID NOT CONVERGE
lda,poly,1000,100,2,1000,0.3565442459657788,4.379818717949092,6.770743563072756,DID NOT CONVERGE
lda,poly,1000,100,3,1000,0.35516150714829564,4.363773938966915,5.353006961988285,DID NOT CONVERGE
lda,poly,1000,100,4,1000,0.35508022690191865,4.34404770610854,6.143403597874567,DID NOT CONVERGE
lda,poly,1000,100,5,1000,0.35535570699721575,4.358340987935662,5.724597212858498,DID NOT CONVERGE
lda,poly,1000,1000,1,1000,0.3546254779212177,4.344070918858051,4.164880546042696,DID NOT CONVERGE
lda,poly,1000,1000,2,1000,0.35442706011235714,4.318700233940035,6.770055431872606,DID NOT CONVERGE
lda,poly,1000,1000,3,1000,0.35565220983698964,4.35176038602367,5.362770755076781,DID NOT CONVERGE
lda,poly,1000,1000,4,1000,0.35553789185360074,4.346866360865533,6.162230917951092,DID NOT CONVERGE
lda,poly,1000,1000,5,1000,0.35589234507642686,4.314554152078927,5.733855220954865,DID NOT CONVERGE
pca_50,linear,0.001,,,5000,1.0745821550954133,0.47860362101346254,22.825402692891657,DID NOT CONVERGE
pca_50,linear,0.01,,,5000,0.5498082721605897,0.43025585100986063,21.760798275936395,DID NOT CONVERGE
pca_50,linear,0.1,,,5000,0.4359318548813462,0.43100934219546616,20.884740945184603,DID NOT CONVERGE
pca_50,linear,1,,,5000,0.4475386030972004,0.4318080269731581,21.206832095980644,DID NOT CONVERGE
pca_50,linear,10,,,5000,0.3718318270985037,0.4298353469930589,21.7904603111092,DID NOT CONVERGE
pca_50,linear,100,,,5000,0.37750469404272735,0.42961244797334075,21.71580887399614,DID NOT CONVERGE
pca_50,linear,1000,,,5000,0.378203246043995,0.4311991708818823,21.715884614968672,DID NOT CONVERGE
pca_100,linear,0.001,,,5000,0.40284331189468503,0.5162167730741203,48.37862123711966,DID NOT CONVERGE
pca_100,linear,0.01,,,5000,0.3854494539555162,0.4737126200925559,41.886214466998354,DID NOT CONVERGE
pca_100,linear,0.1,,,5000,0.39319144398905337,0.4756404848303646,39.95456031290814,DID NOT CONVERGE
pca_100,linear,1,,,5000,0.3651492048520595,0.47981491894461215,43.28796207997948,DID NOT CONVERGE
pca_100,linear,10,,,5000,0.3725445151794702,0.47404576907865703,44.108354890020564,DID NOT CONVERGE
pca_100,linear,100,,,5000,0.3724886979907751,0.47875642986036837,44.46507708588615,DID NOT CONVERGE
pca_100,linear,1000,,,5000,0.37971053505316377,0.4752031289972365,44.07853245199658,DID NOT CONVERGE
pca_200,linear,0.001,,,5000,0.3974250159226358,0.5833301979582757,69.6682387040928,DID NOT CONVERGE
pca_200,linear,0.01,,,5000,0.35651365597732365,0.5832699199672788,58.221525588072836,DID NOT CONVERGE
pca_200,linear,0.1,,,5000,0.3572235789615661,0.5802152222022414,56.88832355802879,DID NOT CONVERGE
pca_200,linear,1,,,5000,0.35608306201174855,0.5799509999342263,62.197365208063275,DID NOT CONVERGE
pca_200,linear,10,,,5000,0.35671970690600574,0.583617544034496,62.270563481142744,DID NOT CONVERGE
pca_200,linear,100,,,5000,0.36827296297997236,0.5829173079691827,62.252252112841234,DID NOT CONVERGE
pca_200,linear,1000,,,5000,0.35803128010593355,0.5818665600381792,62.28739605518058,DID NOT CONVERGE
lda,linear,0.001,,,5000,0.433434832142666,4.898317128885537,14.024441839195788,
lda,linear,0.01,,,5000,0.3565362528897822,4.546835261862725,10.978191998088732,
lda,linear,0.1,,,5000,0.3571540389675647,4.375702629797161,11.58292561210692,DID NOT CONVERGE
lda,linear,1,,,5000,0.3567513581365347,4.33876581909135,13.450069726910442,DID NOT CONVERGE
lda,linear,10,,,5000,0.35602433211170137,4.364087807945907,11.730427122907713,DID NOT CONVERGE
lda,linear,100,,,5000,0.3560140139888972,4.329704525880516,11.48560590390116,DID NOT CONVERGE
lda,linear,1000,,,5000,0.35626314813271165,4.32935448596254,11.311482585035264,DID NOT CONVERGE
pca_50,rbf,0.001,0.001,,5000,0.877074884949252,0.4904269620310515,223.1455947329523,DID NOT CONVERGE
pca_50,rbf,0.001,0.01,,5000,0.5066925380378962,0.4357273079222068,241.6138264760375,DID NOT CONVERGE
pca_50,rbf,0.001,0.1,,5000,0.3934390270151198,0.4332540000323206,227.902737625991,DID NOT CONVERGE
pca_50,rbf,0.001,1,,5000,0.4119971690233797,0.43485527695156634,280.584017212037,DID NOT CONVERGE
pca_50,rbf,0.001,10,,5000,0.38255161698907614,0.43510484998114407,225.57129512995016,DID NOT CONVERGE
pca_50,rbf,0.001,100,,5000,0.3798359389184043,0.43432210804894567,222.8146688459674,DID NOT CONVERGE
pca_50,rbf,0.001,1000,,5000,0.42953432991635054,0.4366957580205053,222.72546941204928,DID NOT CONVERGE
pca_50,rbf,0.01,0.001,,5000,0.3557631280273199,0.4349281380418688,77.64477670297492,
pca_50,rbf,0.01,0.01,,5000,0.35384669294580817,0.4349855420878157,169.0811819609953,DID NOT CONVERGE
pca_50,rbf,0.01,0.1,,5000,0.3549884050153196,0.4349254519911483,230.80758027196862,DID NOT CONVERGE
pca_50,rbf,0.01,1,,5000,0.35208883800078183,0.43356427806429565,282.54883822100237,DID NOT CONVERGE
pca_50,rbf,0.01,10,,5000,0.3522677820874378,0.4335324050625786,226.95775142207276,DID NOT CONVERGE
pca_50,rbf,0.01,100,,5000,0.3525301249464974,0.43535216397140175,224.34105128003284,DID NOT CONVERGE
pca_50,rbf,0.01,1000,,5000,0.36487551499158144,0.4353988750372082,224.2014798319433,DID NOT CONVERGE
pca_50,rbf,0.1,0.001,,5000,0.353725872002542,0.4347667529946193,37.226192758069374,
pca_50,rbf,0.1,0.01,,5000,0.35377589089330286,0.434891736949794,81.3560486290371,
pca_50,rbf,0.1,0.1,,5000,0.35293311497662216,0.4336157089564949,236.07153404096607,DID NOT CONVERGE
pca_50,rbf,0.1,1,,5000,0.3550651849946007,0.4358898530481383,285.38286841800436,DID NOT CONVERGE
pca_50,rbf,0.1,10,,5000,0.35336992202792317,0.4349572629434988,229.3277194480179,DID NOT CONVERGE
pca_50,rbf,0.1,100,,5000,0.3527847219957039,0.4350978909060359,226.50181004800834,DID NOT CONVERGE
pca_50,rbf,0.1,1000,,5000,0.3533070010598749,0.4363089200342074,225.8783814170165,DID NOT CONVERGE
pca_50,rbf,1,0.001,,5000,0.35399649397004396,0.4349967670859769,24.24056416307576,
pca_50,rbf,1,0.01,,5000,0.35341811506077647,0.4357814390677959,59.082294126972556,DID NOT CONVERGE
pca_50,rbf,1,0.1,,5000,0.3564438030589372,0.4421959189930931,221.09021109808236,DID NOT CONVERGE
pca_50,rbf,1,1,,5000,0.3523851310601458,0.4348765439353883,277.59607532294467,DID NOT CONVERGE
pca_50,rbf,1,10,,5000,0.3514514989219606,0.4354537759209052,222.47157544805668,DID NOT CONVERGE
pca_50,rbf,1,100,,5000,0.35290341498330235,0.43589255202095956,219.73634461604524,DID NOT CONVERGE
pca_50,rbf,1,1000,,5000,0.3517004909226671,0.4359538509743288,219.69845718401484,DID NOT CONVERGE
pca_50,rbf,10,0.001,,5000,0.3534579440020025,0.4353001220151782,20.227543346001767,DID NOT CONVERGE
pca_50,rbf,10,0.01,,5000,0.3525327689712867,0.4349124979926273,56.01850710704457,DID NOT CONVERGE
pca_50,rbf,10,0.1,,5000,0.3522122990107164,0.4347431529313326,222.09895056998357,DID NOT CONVERGE
pca_50,rbf,10,1,,5000,0.35171756299678236,0.4367682619486004,277.98737676104065,DID NOT CONVERGE
pca_50,rbf,10,10,,5000,0.3529363530687988,0.43610899907071143,224.32906426594127,DID NOT CONVERGE
pca_50,rbf,10,100,,5000,0.3523661110084504,0.43768840993288904,221.87045859603677,DID NOT CONVERGE
pca_50,rbf,10,1000,,5000,0.35189612698741257,0.4368613420519978,221.61785303102806,DID NOT CONVERGE
pca_50,rbf,100,0.001,,5000,0.35230819892603904,0.43636155198328197,20.14647660497576,DID NOT CONVERGE
pca_50,rbf,100,0.01,,5000,0.3532740520313382,0.4333552320022136,55.28945177397691,DID NOT CONVERGE
pca_50,rbf,100,0.1,,5000,0.35131640499457717,0.4348898339085281,222.20126822101884,DID NOT CONVERGE
pca_50,rbf,100,1,,5000,0.3531395500758663,0.434439430013299,278.8273908360861,DID NOT CONVERGE
pca_50,rbf,100,10,,5000,0.35129241296090186,0.43488150695338845,225.17347360705025,DID NOT CONVERGE
pca_50,rbf,100,100,,5000,0.3527797060087323,0.43487480806652457,222.69533707096707,DID NOT CONVERGE
pca_50,rbf,100,1000,,5000,0.3532472560182214,0.4345602239482105,223.17722812504508,DID NOT CONVERGE
pca_50,rbf,1000,0.001,,5000,0.352596920914948,0.4354906569933519,21.135297233005986,DID NOT CONVERGE
pca_50,rbf,1000,0.01,,5000,0.3515249479096383,0.43589372793212533,55.355407434049994,DID NOT CONVERGE
pca_50,rbf,1000,0.1,,5000,0.3520748090231791,0.43464714591391385,222.97057438606862,DID NOT CONVERGE
pca_50,rbf,1000,1,,5000,0.3537853779271245,0.43654239911120385,278.91434821195435,DID NOT CONVERGE
pca_50,rbf,1000,10,,5000,0.35210175800602883,0.43492184404749423,225.43548375496175,DID NOT CONVERGE
pca_50,rbf,1000,100,,5000,0.351305688964203,0.4331474279752001,222.92093288595788,DID NOT CONVERGE
pca_50,rbf,1000,1000,,5000,0.3527579529909417,0.4354316790122539,222.68684222898446,DID NOT CONVERGE
pca_100,rbf,0.001,0.001,,5000,0.39986166008748114,0.48324747395236045,466.10330066096503,DID NOT CONVERGE
pca_100,rbf,0.001,0.01,,5000,0.3522014080081135,0.49283096101135015,537.181041069096,DID NOT CONVERGE
pca_100,rbf,0.001,0.1,,5000,0.35163777496200055,0.46536391496192664,505.67417833500076,DID NOT CONVERGE
pca_100,rbf,0.001,1,,5000,0.3532705419929698,0.48159063910134137,555.5112911409233,DID NOT CONVERGE
pca_100,rbf,0.001,10,,5000,0.3522776149911806,0.4823494590818882,506.2582873039646,DID NOT CONVERGE
pca_100,rbf,0.001,100,,5000,0.35287297796458006,0.48376088798977435,505.13686579908244,DID NOT CONVERGE
pca_100,rbf,0.001,1000,,5000,0.35208713391330093,0.48352703801356256,505.20640344405547,DID NOT CONVERGE
pca_100,rbf,0.01,0.001,,5000,0.35163021297194064,0.4863425960065797,177.21900353196543,
pca_100,rbf,0.01,0.01,,5000,0.3526668440317735,0.4832280819537118,446.4022279479541,DID NOT CONVERGE
pca_100,rbf,0.01,0.1,,5000,0.35790811898186803,0.4832350800279528,505.7619175040163,DID NOT CONVERGE
pca_100,rbf,0.01,1,,5000,0.3534422549419105,0.4822612559655681,555.906867802958,DID NOT CONVERGE
pca_100,rbf,0.01,10,,5000,0.3512793389381841,0.4804519289173186,506.17646222608164,DID NOT CONVERGE
pca_100,rbf,0.01,100,,5000,0.35186660394538194,0.49567575997207314,505.16025388101116,DID NOT CONVERGE
pca_100,rbf,0.01,1000,,5000,0.3525580479763448,0.482131319004111,505.06142523000017,DID NOT CONVERGE
pca_100,rbf,0.1,0.001,,5000,0.35142891900613904,0.4836057259235531,82.04785482899752,
pca_100,rbf,0.1,0.01,,5000,0.3538039430277422,0.4804575819289312,223.64256670698524,DID NOT CONVERGE
pca_100,rbf,0.1,0.1,,5000,0.3541382710682228,0.4911274369806051,504.45349654799793,DID NOT CONVERGE
pca_100,rbf,0.1,1,,5000,0.3524769200012088,0.4834911349462345,555.3387620400172,DID NOT CONVERGE
pca_100,rbf,0.1,10,,5000,0.35169988707639277,0.483037470956333,505.2057002589572,DID NOT CONVERGE
pca_100,rbf,0.1,100,,5000,0.353387683047913,0.4662602189928293,505.1480152839795,DID NOT CONVERGE
pca_100,rbf,0.1,1000,,5000,0.47464658005628735,0.46617586293723434,503.8274935600348,DID NOT CONVERGE
pca_100,rbf,1,0.001,,5000,0.39882240106817335,0.4651565309613943,51.68726450402755,
pca_100,rbf,1,0.01,,5000,0.3517444001045078,0.46705644100438803,151.78346805099864,DID NOT CONVERGE
pca_100,rbf,1,0.1,,5000,0.3528111089253798,0.4686488979496062,498.755732376012,DID NOT CONVERGE
pca_100,rbf,1,1,,5000,0.3523311280878261,0.46728173398878425,555.3744403409073,DID NOT CONVERGE
pca_100,rbf,1,10,,5000,1.0185498199425638,3.039774486911483,858.2788881319575,DID NOT CONVERGE
pca_100,rbf,1,100,,5000,1.4595182050252333,2.109447340015322,980.7295573879965,DID NOT CONVERGE
pca_100,rbf,1,1000,,5000,0.8022730429656804,0.6166209230432287,503.87297140504234,DID NOT CONVERGE
pca_100,rbf,10,0.001,,5000,0.5109929570462555,0.4873738180613145,41.8069218529854,DID NOT CONVERGE
pca_100,rbf,10,0.01,,5000,0.41875765298027545,0.485669836984016,152.62622236204334,DID NOT CONVERGE
pca_100,rbf,10,0.1,,5000,0.3570289449999109,0.4870544229634106,497.78645483998116,DID NOT CONVERGE
pca_100,rbf,10,1,,5000,0.3523987509543076,0.4871885320171714,552.4877475620015,DID NOT CONVERGE
pca_100,rbf,10,10,,5000,0.3550808880245313,0.48963073396589607,503.85616227809805,DID NOT CONVERGE
pca_100,rbf,10,100,,5000,0.35310529300477356,0.487741390010342,502.5407811610494,DID NOT CONVERGE
pca_100,rbf,10,1000,,5000,0.35189500998239964,0.4873660469893366,502.6573322949698,DID NOT CONVERGE
pca_100,rbf,100,0.001,,5000,0.3533042719354853,0.4879122809506953,40.547198666026816,DID NOT CONVERGE
pca_100,rbf,100,0.01,,5000,0.3506690679350868,0.48682464100420475,152.20251566707157,DID NOT CONVERGE
pca_100,rbf,100,0.1,,5000,0.35273310192860663,0.486381555092521,497.393496048986,DID NOT CONVERGE
pca_100,rbf,100,1,,5000,0.35365923203062266,0.4860437309835106,552.3853198229335,DID NOT CONVERGE
pca_100,rbf,100,10,,5000,0.35250503302086145,0.48835173004772514,503.54043443803675,DID NOT CONVERGE
pca_100,rbf,100,100,,5000,0.35207733605057,0.497230428038165,502.6015637740493,DID NOT CONVERGE
pca_100,rbf,100,1000,,5000,0.3525142699945718,0.48691520607098937,502.50576187402476,DID NOT CONVERGE
pca_100,rbf,1000,0.001,,5000,0.3527548409765586,0.4878400679444894,40.99185627500992,DID NOT CONVERGE
pca_100,rbf,1000,0.01,,5000,0.353293870924972,0.48752991401124746,152.22047142800875,DID NOT CONVERGE
pca_100,rbf,1000,0.1,,5000,0.3563135639997199,0.48759684595279396,497.51852150203194,DID NOT CONVERGE
pca_100,rbf,1000,1,,5000,0.3522218329599127,0.49623456900008023,552.1709998670267,DID NOT CONVERGE
pca_100,rbf,1000,10,,5000,0.3519203399773687,0.48784167994745076,503.3336885169847,DID NOT CONVERGE
pca_100,rbf,1000,100,,5000,0.35237219906412065,0.4656828240258619,502.6332446229644,DID NOT CONVERGE
pca_100,rbf,1000,1000,,5000,0.35300831391941756,0.46357381099369377,502.5834620218957,DID NOT CONVERGE
pca_200,rbf,0.001,0.001,,5000,0.371992569998838,0.5625846919137985,673.0294569490943,DID NOT CONVERGE
pca_200,rbf,0.001,0.01,,5000,0.35165349196176976,0.5609132379759103,754.7243588770507,DID NOT CONVERGE
pca_200,rbf,0.001,0.1,,5000,0.3520594839937985,0.5806432319805026,714.9030149099417,DID NOT CONVERGE
pca_200,rbf,0.001,1,,5000,0.3520809080218896,0.5857302519725636,777.6360464199679,DID NOT CONVERGE
pca_200,rbf,0.001,10,,5000,0.3529377399245277,0.5856300560990348,719.0928934329422,DID NOT CONVERGE
pca_200,rbf,0.001,100,,5000,0.3523241669172421,0.5844442490488291,718.8921244080411,DID NOT CONVERGE
pca_200,rbf,0.001,1000,,5000,0.35468534601386636,0.5792610769858584,718.9490034029586,DID NOT CONVERGE
pca_200,rbf,0.01,0.001,,5000,0.35178748902399093,0.5803095840383321,258.3570037279278,
pca_200,rbf,0.01,0.01,,5000,0.3516458059893921,0.5851272939471528,699.757211903925,DID NOT CONVERGE
pca_200,rbf,0.01,0.1,,5000,0.3523707250133157,0.5817188180517405,714.8610999990487,DID NOT CONVERGE
pca_200,rbf,0.01,1,,5000,0.35262378701008856,0.5817420990206301,777.4001394429943,DID NOT CONVERGE
pca_200,rbf,0.01,10,,5000,0.35218104091472924,0.584352059988305,719.5469926589867,DID NOT CONVERGE
pca_200,rbf,0.01,100,,5000,0.35973017499782145,0.5821638419292867,718.9155120509677,DID NOT CONVERGE
pca_200,rbf,0.01,1000,,5000,0.35181100806221366,0.5827925950288773,718.7313747670269,DID NOT CONVERGE
pca_200,rbf,0.1,0.001,,5000,0.35318027704488486,0.5821906690252945,117.92004584602546,
pca_200,rbf,0.1,0.01,,5000,0.35301852598786354,0.5865264850435778,394.26790144795086,DID NOT CONVERGE
pca_200,rbf,0.1,0.1,,5000,0.35336473991628736,0.5806242000544444,714.8203704169719,DID NOT CONVERGE
pca_200,rbf,0.1,1,,5000,0.3544105349574238,0.579860383993946,777.5498653569957,DID NOT CONVERGE
pca_200,rbf,0.1,10,,5000,0.35325223207473755,0.5815604539820924,719.7126255870098,DID NOT CONVERGE
pca_200,rbf,0.1,100,,5000,0.3548906670184806,0.5817454360658303,718.5697814840823,DID NOT CONVERGE
pca_200,rbf,0.1,1000,,5000,0.3512565230485052,0.5827557330485433,718.7369486220414,DID NOT CONVERGE
pca_200,rbf,1,0.001,,5000,0.35261414491105825,0.5847951530013233,74.13342246192042,
pca_200,rbf,1,0.01,,5000,0.3529681150102988,0.582754333037883,279.11057217698544,DID NOT CONVERGE
pca_200,rbf,1,0.1,,5000,0.3509929140564054,0.5813771040411666,710.4521471399348,DID NOT CONVERGE
pca_200,rbf,1,1,,5000,0.3528363909572363,0.5832948919851333,777.6816264359513,DID NOT CONVERGE
pca_200,rbf,1,10,,5000,0.35764725506305695,0.5821287180297077,719.5255282360595,DID NOT CONVERGE
pca_200,rbf,1,100,,5000,0.357158420025371,0.5806092750281096,718.8905825299444,DID NOT CONVERGE
pca_200,rbf,1,1000,,5000,0.35156834905501455,0.5797675510402769,718.8221578879748,DID NOT CONVERGE
pca_200,rbf,10,0.001,,5000,0.3552352909464389,0.5814896710216999,59.96709643502254,DID NOT CONVERGE
pca_200,rbf,10,0.01,,5000,0.35617498494684696,0.5823050559265539,287.06580888002645,DID NOT CONVERGE
pca_200,rbf,10,0.1,,5000,0.3526362080592662,0.5832753930008039,708.8819788189139,DID NOT CONVERGE
pca_200,rbf,10,1,,5000,0.3554280310636386,0.5850614830851555,775.8800533059984,DID NOT CONVERGE
pca_200,rbf,10,10,,5000,0.35472702397964895,0.5819742570165545,718.0757456528954,DID NOT CONVERGE
pca_200,rbf,10,100,,5000,0.3559359669452533,0.580201801029034,717.8644510880113,DID NOT CONVERGE
pca_200,rbf,10,1000,,5000,0.35259525303263217,0.5814815900521353,717.5961272179848,DID NOT CONVERGE
pca_200,rbf,100,0.001,,5000,0.3577813260490075,0.5810441899811849,58.581958342925645,DID NOT CONVERGE
pca_200,rbf,100,0.01,,5000,0.3540029419818893,0.5858330549672246,286.07797440490685,DID NOT CONVERGE
pca_200,rbf,100,0.1,,5000,0.351833789027296,0.5809448990039527,708.6477138249902,DID NOT CONVERGE
pca_200,rbf,100,1,,5000,0.35432123101782054,0.5832209939835593,776.0658458829857,DID NOT CONVERGE
pca_200,rbf,100,10,,5000,0.3522752959979698,0.5797221690881997,718.6527813329594,DID NOT CONVERGE
pca_200,rbf,100,100,,5000,0.35275256203021854,0.5776232910575345,718.3767061419785,DID NOT CONVERGE
pca_200,rbf,100,1000,,5000,0.3524794599507004,0.5789812870789319,717.7816956629977,DID NOT CONVERGE
pca_200,rbf,1000,0.001,,5000,0.352075241971761,0.5811547050252557,58.120228654006496,DID NOT CONVERGE
pca_200,rbf,1000,0.01,,5000,0.35248796304222196,0.5810197530081496,285.8814196960302,DID NOT CONVERGE
pca_200,rbf,1000,0.1,,5000,0.3523878949927166,0.5811410289024934,708.9351224950515,DID NOT CONVERGE
pca_200,rbf,1000,1,,5000,0.3528447230346501,0.5800667790463194,776.2364893009653,DID NOT CONVERGE
pca_200,rbf,1000,10,,5000,0.36435249797068536,0.5789098220411688,718.7228364099283,DID NOT CONVERGE
pca_200,rbf,1000,100,,5000,0.3596226329682395,0.561131660011597,718.0461678670254,DID NOT CONVERGE
pca_200,rbf,1000,1000,,5000,0.36746038298588246,0.57905549404677,717.8173970479984,DID NOT CONVERGE
lda,rbf,0.001,0.001,,5000,0.38780105393379927,5.165235745953396,162.3549423959339,DID NOT CONVERGE
lda,rbf,0.001,0.01,,5000,0.35636200197041035,4.666914080968127,105.96936799795367,DID NOT CONVERGE
lda,rbf,0.001,0.1,,5000,0.3569409149931744,4.526935143978335,126.56035469798371,DID NOT CONVERGE
lda,rbf,0.001,1,,5000,0.3570025870576501,4.5166796169942245,163.33126622694544,DID NOT CONVERGE
lda,rbf,0.001,10,,5000,0.35772566101513803,4.383676779922098,184.3040981440572,DID NOT CONVERGE
lda,rbf,0.001,100,,5000,0.35694495402276516,4.41564936703071,173.06178389291745,DID NOT CONVERGE
lda,rbf,0.001,1000,,5000,0.3565863419789821,4.376107834046707,146.6047454229556,DID NOT CONVERGE
lda,rbf,0.01,0.001,,5000,0.35722426895517856,4.397558351047337,88.62141769507434,DID NOT CONVERGE
lda,rbf,0.01,0.01,,5000,0.3596529009519145,4.37873253703583,35.422688403050415,
lda,rbf,0.01,0.1,,5000,0.35722304100636393,4.37763772206381,41.291334301931784,
lda,rbf,0.01,1,,5000,0.35746430000290275,4.361666287994012,158.3209202530561,DID NOT CONVERGE
lda,rbf,0.01,10,,5000,0.35808556992560625,4.429727618931793,183.4030882830266,DID NOT CONVERGE
lda,rbf,0.01,100,,5000,0.3573054070584476,4.417954677948728,172.5818001050502,DID NOT CONVERGE
lda,rbf,0.01,1000,,5000,0.357329812948592,4.341259309090674,145.82621079601813,DID NOT CONVERGE
lda,rbf,0.1,0.001,,5000,0.35716963605955243,4.385749727953225,32.422547503956594,
lda,rbf,0.1,0.01,,5000,0.3572933330433443,4.436919501982629,18.273340696003288,
lda,rbf,0.1,0.1,,5000,0.3596832830226049,4.387014555977657,19.85200772807002,
lda,rbf,0.1,1,,5000,0.35938320693094283,4.402178041054867,113.57250047696289,DID NOT CONVERGE
lda,rbf,0.1,10,,5000,0.35285132203716785,4.406516922055744,181.4185555439908,DID NOT CONVERGE
lda,rbf,0.1,100,,5000,0.35467568098101765,4.4013855730881914,171.2318303589709,DID NOT CONVERGE
lda,rbf,0.1,1000,,5000,0.35408159298822284,4.553796986932866,143.74797129107174,DID NOT CONVERGE
lda,rbf,1,0.001,,5000,0.3529536679852754,4.574952955008484,17.916497514001094,
lda,rbf,1,0.01,,5000,0.357138138031587,4.405794542981312,14.41932660411112,
lda,rbf,1,0.1,,5000,0.35384583205450326,4.451974540017545,16.74847075296566,DID NOT CONVERGE
lda,rbf,1,1,,5000,0.3535281210206449,4.360607584007084,83.93210924102459,DID NOT CONVERGE
lda,rbf,1,10,,5000,0.35277606500312686,4.409872115007602,177.71431925299112,DID NOT CONVERGE
lda,rbf,1,100,,5000,0.35468932904768735,4.428614887990989,170.9770198680926,DID NOT CONVERGE
lda,rbf,1,1000,,5000,0.3530262599233538,4.371976981987245,143.72256691893563,DID NOT CONVERGE
lda,rbf,10,0.001,,5000,0.35350516892503947,4.406615728046745,14.966312112985179,
lda,rbf,10,0.01,,5000,0.35313054895959795,4.342294741072692,14.512815730064176,DID NOT CONVERGE
lda,rbf,10,0.1,,5000,0.3529762140242383,4.38141613593325,17.24339919805061,DID NOT CONVERGE
lda,rbf,10,1,,5000,0.3536505070514977,4.392469699028879,82.55508335994091,DID NOT CONVERGE
lda,rbf,10,10,,5000,0.35368345701135695,4.420511400909163,175.8600818250561,DID NOT CONVERGE
lda,rbf,10,100,,5000,0.3549117179354653,4.335040616104379,169.1358529200079,DID NOT CONVERGE
lda,rbf,10,1000,,5000,0.35462615790311247,4.385616041952744,143.42155134002678,DID NOT CONVERGE
lda,rbf,100,0.001,,5000,0.35338447394315153,4.401199646992609,15.33787706703879,DID NOT CONVERGE
lda,rbf,100,0.01,,5000,0.3526058120187372,4.338608409045264,17.011886963038705,DID NOT CONVERGE
lda,rbf,100,0.1,,5000,0.35306006600148976,4.454018315067515,17.968272155034356,DID NOT CONVERGE
lda,rbf,100,1,,5000,0.5919000679859892,25.078401769977063,216.0308351200074,DID NOT CONVERGE
lda,rbf,100,10,,5000,0.7092353389598429,53.93849795497954,378.0564200000372,DID NOT CONVERGE
lda,rbf,100,100,,5000,0.6402659739833325,42.11174499907065,475.0789163890295,DID NOT CONVERGE
lda,rbf,100,1000,,5000,1.6558434020262212,47.492303040926345,494.67254753189627,DID NOT CONVERGE
lda,rbf,1000,0.001,,5000,1.5218545870156959,45.230534438975155,58.10336016200017,DID NOT CONVERGE
lda,rbf,1000,0.01,,5000,0.5484130430268124,5.377619953011163,20.006394910044037,DID NOT CONVERGE
lda,rbf,1000,0.1,,5000,0.3572954459814355,4.61010080203414,17.939573824056424,DID NOT CONVERGE
lda,rbf,1000,1,,5000,0.3566745979478583,4.481784678064287,82.12235731398687,DID NOT CONVERGE
lda,rbf,1000,10,,5000,0.353401688975282,4.444689461961389,176.05791752191726,DID NOT CONVERGE
lda,rbf,1000,100,,5000,0.3532944459002465,4.364302327972837,169.10023615998216,DID NOT CONVERGE
lda,rbf,1000,1000,,5000,0.3534564250148833,4.366289637051523,143.3262971380027,DID NOT CONVERGE
pca_50,poly,0.001,0.001,1,5000,0.5417058139573783,0.44779991591349244,234.25708771613427,DID NOT CONVERGE
pca_50,poly,0.001,0.001,2,5000,0.40205674711614847,0.42380898096598685,283.3200796970632,DID NOT CONVERGE
pca_50,poly,0.001,0.001,3,5000,0.3752137180417776,0.42406453494913876,286.4812890707981,DID NOT CONVERGE
pca_50,poly,0.001,0.001,4,5000,0.3806108220014721,0.42560230707749724,287.70170864998363,DID NOT CONVERGE
pca_50,poly,0.001,0.001,5,5000,0.37141999299637973,0.4238371509127319,284.9909504179377,DID NOT CONVERGE
pca_50,poly,0.001,0.01,1,5000,0.3821297949180007,0.42156792618334293,92.76444367785007,
pca_50,poly,0.001,0.01,2,5000,0.36345073487609625,0.4238206709269434,73.84273761208169,
pca_50,poly,0.001,0.01,3,5000,0.35829747398383915,0.42228480288758874,45.26655063009821,DID NOT CONVERGE
pca_50,poly,0.001,0.01,4,5000,0.4131151100154966,0.42247367510572076,28.075568470871076,DID NOT CONVERGE
pca_50,poly,0.001,0.01,5,5000,0.35739895794540644,0.42278877389617264,23.645950861973688,DID NOT CONVERGE
pca_50,poly,0.001,0.1,1,5000,0.35834389086812735,0.4244553630705923,32.39370719413273,
pca_50,poly,0.001,0.1,2,5000,0.35847725300118327,0.42433649115264416,19.24754886003211,DID NOT CONVERGE
pca_50,poly,0.001,0.1,3,5000,0.35838846303522587,0.42210278403945267,17.330797439906746,DID NOT CONVERGE
pca_50,poly,0.001,0.1,4,5000,0.3589185648597777,0.4223498119972646,17.50359611818567,DID NOT CONVERGE
pca_50,poly,0.001,0.1,5,5000,0.3586890771985054,0.4238926931284368,17.20669963513501,DID NOT CONVERGE
pca_50,poly,0.001,1,1,5000,0.35780777409672737,0.42242680210620165,23.482677004067227,DID NOT CONVERGE
pca_50,poly,0.001,1,2,5000,0.3594709550961852,0.42387024709023535,18.858182704774663,DID NOT CONVERGE
pca_50,poly,0.001,1,3,5000,0.35776719893328846,0.4329798021353781,16.753403997980058,DID NOT CONVERGE
pca_50,poly,0.001,1,4,5000,0.35828159004449844,0.42209456814453006,17.579407293116674,DID NOT CONVERGE
pca_50,poly,0.001,1,5,5000,0.3535577701404691,0.4218521958682686,17.087350007146597,DID NOT CONVERGE
pca_50,poly,0.001,10,1,5000,0.35221410100348294,0.42269909498281777,21.83763403003104,DID NOT CONVERGE
pca_50,poly,0.001,10,2,5000,0.3776262958999723,0.42363542201928794,18.942494541872293,DID NOT CONVERGE
pca_50,poly,0.001,10,3,5000,0.38822730095125735,0.4238580269739032,16.681764469947666,DID NOT CONVERGE
pca_50,poly,0.001,10,4,5000,0.35514714079909027,0.42257999000139534,17.46209310903214,DID NOT CONVERGE
pca_50,poly,0.001,10,5,5000,0.3542799400165677,0.4227897790260613,17.286972580943257,DID NOT CONVERGE
pca_50,poly,0.001,100,1,5000,0.35517990798689425,0.4224925129674375,21.28962691198103,DID NOT CONVERGE
pca_50,poly,0.001,100,2,5000,0.35441632801666856,0.4222741040866822,19.035951408091933,DID NOT CONVERGE
pca_50,poly,0.001,100,3,5000,0.3543096168432385,0.4223723509348929,16.802666598930955,DID NOT CONVERGE
pca_50,poly,0.001,100,4,5000,0.3549617889802903,0.42169052409008145,17.617402895819396,DID NOT CONVERGE
pca_50,poly,0.001,100,5,5000,0.3541516838595271,0.4214650059584528,17.34776917891577,DID NOT CONVERGE
pca_50,poly,0.001,1000,1,5000,0.35530855297110975,0.42211962305009365,21.665703152073547,DID NOT CONVERGE
pca_50,poly,0.001,1000,2,5000,0.3544399649836123,0.4221620929893106,19.097680815961212,DID NOT CONVERGE
pca_50,poly,0.001,1000,3,5000,0.35446118796244264,0.42308837710879743,16.882291535148397,DID NOT CONVERGE
pca_50,poly,0.001,1000,4,5000,0.35551084694452584,0.4237035680562258,17.61620047595352,DID NOT CONVERGE
pca_50,poly,0.001,1000,5,5000,0.35532664600759745,0.4215391471516341,17.26816977513954,DID NOT CONVERGE
pca_50,poly,0.01,0.001,1,5000,0.3554952130652964,0.4221649190876633,68.94746870500967,
pca_50,poly,0.01,0.001,2,5000,0.3575230180285871,0.42173583596013486,128.54021690087393,DID NOT CONVERGE
pca_50,poly,0.01,0.001,3,5000,0.35666779102757573,0.42313464102335274,151.87915587308817,DID NOT CONVERGE
pca_50,poly,0.01,0.001,4,5000,0.3548745340667665,0.42189077218063176,191.94606857490726,DID NOT CONVERGE
pca_50,poly,0.01,0.001,5,5000,0.36474039289169014,0.49317349889315665,200.4422652029898,DID NOT CONVERGE
pca_50,poly,0.01,0.01,1,5000,0.3550927001051605,0.3963904748670757,34.374216716969386,
pca_50,poly,0.01,0.01,2,5000,0.35540673905052245,0.42021886399015784,28.43208612408489,DID NOT CONVERGE
pca_50,poly,0.01,0.01,3,5000,0.35556100914254785,0.42179163289256394,21.9108116729185,DID NOT CONVERGE
pca_50,poly,0.01,0.01,4,5000,0.35520808584988117,0.42208991711959243,20.963882363168523,DID NOT CONVERGE
pca_50,poly,0.01,0.01,5,5000,0.3679639180190861,0.4240591910202056,19.475739154033363,DID NOT CONVERGE
pca_50,poly,0.01,0.1,1,5000,0.355391678865999,0.42198508488945663,23.604234483093023,DID NOT CONVERGE
pca_50,poly,0.01,0.1,2,5000,0.35593435913324356,0.4224219701718539,18.401132536120713,DID NOT CONVERGE
pca_50,poly,0.01,0.1,3,5000,0.356308228103444,0.4207658008672297,17.05320033011958,DID NOT CONVERGE
pca_50,poly,0.01,0.1,4,5000,0.3552034208551049,0.4226560308597982,17.602534140925854,DID NOT CONVERGE
pca_50,poly,0.01,0.1,5,5000,0.3556910010520369,0.4221428909804672,17.340100959176198,DID NOT CONVERGE
pca_50,poly,0.01,1,1,5000,0.35471282014623284,0.42160558607429266,22.00696489913389,DID NOT CONVERGE
pca_50,poly,0.01,1,2,5000,0.36212652013637125,0.4215349100995809,19.20733414287679,DID NOT CONVERGE
pca_50,poly,0.01,1,3,5000,0.35700973216444254,0.42393751605413854,16.858647810062394,DID NOT CONVERGE
pca_50,poly,0.01,1,4,5000,0.3554286709986627,0.42168563208542764,17.70800858712755,DID NOT CONVERGE
pca_50,poly,0.01,1,5,5000,0.3668563070241362,0.5427385508082807,17.890889724018052,DID NOT CONVERGE
pca_50,poly,0.01,10,1,5000,0.35586468083783984,0.4222813989035785,21.368185493163764,DID NOT CONVERGE
pca_50,poly,0.01,10,2,5000,0.35551216593012214,0.4218428349122405,19.103637685999274,DID NOT CONVERGE
pca_50,poly,0.01,10,3,5000,0.3554405691102147,0.42249036696739495,16.790622149128467,DID NOT CONVERGE
pca_50,poly,0.01,10,4,5000,0.3553802571259439,0.4217982611153275,17.57059915899299,DID NOT CONVERGE
pca_50,poly,0.01,10,5,5000,0.3554943019989878,0.4234516960568726,17.35977221187204,DID NOT CONVERGE
pca_50,poly,0.01,100,1,5000,0.3580362859647721,0.42166614695452154,21.79017270402983,DID NOT CONVERGE
pca_50,poly,0.01,100,2,5000,0.3554984701331705,0.42548492387868464,19.123757330933586,DID NOT CONVERGE
pca_50,poly,0.01,100,3,5000,0.3549451120197773,0.4224995719268918,16.807021774817258,DID NOT CONVERGE
pca_50,poly,0.01,100,4,5000,0.3552886280231178,0.42308019404299557,17.632982101058587,DID NOT CONVERGE
pca_50,poly,0.01,100,5,5000,0.35695225186645985,0.42394106392748654,17.278451690915972,DID NOT CONVERGE
pca_50,poly,0.01,1000,1,5000,0.35588496713899076,0.42520490987226367,22.35224126605317,DID NOT CONVERGE
pca_50,poly,0.01,1000,2,5000,0.35815206286497414,0.4244234059005976,19.0932421348989,DID NOT CONVERGE
pca_50,poly,0.01,1000,3,5000,0.35598047403618693,0.4243559460155666,16.877932691946626,DID NOT CONVERGE
pca_50,poly,0.01,1000,4,5000,0.3561750890221447,0.4236791990697384,17.602934705093503,DID NOT CONVERGE
pca_50,poly,0.01,1000,5,5000,0.355886482167989,0.42202909709885716,17.272491317940876,DID NOT CONVERGE
pca_50,poly,0.1,0.001,1,5000,0.35490113915875554,0.4224739877972752,34.435242976062,
pca_50,poly,0.1,0.001,2,5000,0.35661465488374233,0.4245365699753165,55.23195992712863,
pca_50,poly,0.1,0.001,3,5000,0.3583468468859792,0.4238766599446535,70.35603459202684,
pca_50,poly,0.1,0.001,4,5000,0.3561010151170194,0.3994358410127461,107.53595684305765,DID NOT CONVERGE
pca_50,poly,0.1,0.001,5,5000,0.3556626660283655,0.4230589468497783,133.64082426694222,DID NOT CONVERGE
pca_50,poly,0.1,0.01,1,5000,0.3561385120265186,0.4223577599041164,23.69850188214332,DID NOT CONVERGE
pca_50,poly,0.1,0.01,2,5000,0.3568587279878557,0.4219881931785494,20.245952606899664,DID NOT CONVERGE
pca_50,poly,0.1,0.01,3,5000,0.35635779006406665,0.4241925640963018,17.868385575013235,DID NOT CONVERGE
pca_50,poly,0.1,0.01,4,5000,0.35860107303597033,0.4243913609534502,18.611028054961935,DID NOT CONVERGE
pca_50,poly,0.1,0.01,5,5000,0.35637296293862164,0.4243840400595218,17.855699435109273,DID NOT CONVERGE
pca_50,poly,0.1,0.1,1,5000,0.3564027401152998,0.42432131501846015,22.153079337906092,DID NOT CONVERGE
pca_50,poly,0.1,0.1,2,5000,0.35628098994493484,0.4219122661743313,18.894341591978446,DID NOT CONVERGE
pca_50,poly,0.1,0.1,3,5000,0.3562429810408503,0.42332019307650626,16.938039967790246,DID NOT CONVERGE
pca_50,poly,0.1,0.1,4,5000,0.35562501288950443,0.42203031899407506,17.536135134054348,DID NOT CONVERGE
pca_50,poly,0.1,0.1,5,5000,0.35597021388821304,0.4223058889620006,17.326111832866445,DID NOT CONVERGE
pca_50,poly,0.1,1,1,5000,0.35652893991209567,0.42241432308219373,21.43439328414388,DID NOT CONVERGE
pca_50,poly,0.1,1,2,5000,0.356144554913044,0.42382833594456315,19.139834007015452,DID NOT CONVERGE
pca_50,poly,0.1,1,3,5000,0.3556312848813832,0.42105998983606696,16.85094805015251,DID NOT CONVERGE
pca_50,poly,0.1,1,4,5000,0.35458158422261477,0.4224197091534734,17.727577765006572,DID NOT CONVERGE
pca_50,poly,0.1,1,5,5000,0.35524055105634034,0.42231460800394416,17.28817038005218,DID NOT CONVERGE
pca_50,poly,0.1,10,1,5000,0.3558604549616575,0.4222178100608289,21.851111850934103,DID NOT CONVERGE
pca_50,poly,0.1,10,2,5000,0.3549522808752954,0.4222826010081917,19.20614260691218,DID NOT CONVERGE
pca_50,poly,0.1,10,3,5000,0.3552601379342377,0.4857624110300094,16.87007120717317,DID NOT CONVERGE
pca_50,poly,0.1,10,4,5000,0.3551770909689367,0.42296786000952125,17.686396768083796,DID NOT CONVERGE
pca_50,poly,0.1,10,5,5000,0.3555958548095077,0.4255421420093626,17.470127791864797,DID NOT CONVERGE
pca_50,poly,0.1,100,1,5000,0.3681695160921663,0.42337309615686536,22.414491426898167,DID NOT CONVERGE
pca_50,poly,0.1,100,2,5000,0.35719669703394175,0.4230799088254571,19.200783102074638,DID NOT CONVERGE
pca_50,poly,0.1,100,3,5000,0.35563521599397063,0.4228587159886956,16.89467327389866,DID NOT CONVERGE
pca_50,poly,0.1,100,4,5000,0.3595474900212139,0.4222284599673003,17.732833760092035,DID NOT CONVERGE
pca_50,poly,0.1,100,5,5000,0.35758534097112715,0.42201545811258256,17.392311359988526,DID NOT CONVERGE
pca_50,poly,0.1,1000,1,5000,0.3572952051181346,0.4234480448067188,22.363473064964637,DID NOT CONVERGE
pca_50,poly,0.1,1000,2,5000,0.3565429321024567,0.4248025610577315,19.187889040913433,DID NOT CONVERGE
pca_50,poly,0.1,1000,3,5000,0.3573406769428402,0.42392254597507417,16.941222828812897,DID NOT CONVERGE
pca_50,poly,0.1,1000,4,5000,0.35612242412753403,0.4234681299421936,17.68188264989294,DID NOT CONVERGE
pca_50,poly,0.1,1000,5,5000,0.3567415829747915,0.4239052019547671,17.344810463953763,DID NOT CONVERGE
pca_50,poly,1,0.001,1,5000,0.3569442059379071,0.4236859600059688,23.73812729702331,DID NOT CONVERGE
pca_50,poly,1,0.001,2,5000,0.3566132220439613,0.433936556102708,28.519134107977152,DID NOT CONVERGE
pca_50,poly,1,0.001,3,5000,0.3559879071544856,0.42205078015103936,34.31856452696957,DID NOT CONVERGE
pca_50,poly,1,0.001,4,5000,0.35833750711753964,0.422732450067997,53.33886351506226,DID NOT CONVERGE
pca_50,poly,1,0.001,5,5000,0.35705687780864537,0.4252566781360656,70.78903341991827,DID NOT CONVERGE
pca_50,poly,1,0.01,1,5000,0.3557491688989103,0.4223817971069366,22.229437625035644,DID NOT CONVERGE
pca_50,poly,1,0.01,2,5000,0.35460934112779796,0.4228088699746877,18.355275385081768,DID NOT CONVERGE
pca_50,poly,1,0.01,3,5000,0.3550575689878315,0.42212104611098766,17.282468065153807,DID NOT CONVERGE
pca_50,poly,1,0.01,4,5000,0.3552622399292886,0.400771610904485,17.747528189094737,DID NOT CONVERGE
pca_50,poly,1,0.01,5,5000,0.35543125914409757,0.42516648792661726,17.27640309301205,DID NOT CONVERGE
pca_50,poly,1,0.1,1,5000,0.35575956804677844,0.4227128438651562,21.362011095043272,DID NOT CONVERGE
pca_50,poly,1,0.1,2,5000,0.35523321689106524,0.42404799489304423,19.047534078825265,DID NOT CONVERGE
pca_50,poly,1,0.1,3,5000,0.3550885049626231,0.4232802710030228,16.92013351805508,DID NOT CONVERGE
pca_50,poly,1,0.1,4,5000,0.3560088570229709,0.4240368299651891,17.524957108078524,DID NOT CONVERGE
pca_50,poly,1,0.1,5,5000,0.3555892340373248,0.42591818794608116,17.277082938933745,DID NOT CONVERGE
pca_50,poly,1,1,1,5000,0.35900367284193635,0.5401179220061749,21.7965396840591,DID NOT CONVERGE
pca_50,poly,1,1,2,5000,0.357048082863912,0.4253331811632961,19.138737427070737,DID NOT CONVERGE
pca_50,poly,1,1,3,5000,0.3556132649537176,0.4258125009946525,16.833330412162468,DID NOT CONVERGE
pca_50,poly,1,1,4,5000,0.3553246660158038,0.423460538033396,17.68560096086003,DID NOT CONVERGE
pca_50,poly,1,1,5,5000,0.3550152138341218,0.4233280820772052,17.273946868954226,DID NOT CONVERGE
pca_50,poly,1,10,1,5000,0.355451816925779,0.4232363421469927,22.39736071205698,DID NOT CONVERGE
pca_50,poly,1,10,2,5000,0.3562267851084471,0.4240831278730184,19.11826169397682,DID NOT CONVERGE
pca_50,poly,1,10,3,5000,0.355386720970273,0.4237692509777844,16.809371543116868,DID NOT CONVERGE
pca_50,poly,1,10,4,5000,0.3557262890972197,0.42446287209168077,17.588101915083826,DID NOT CONVERGE
pca_50,poly,1,10,5,5000,0.35835957317613065,0.4238544509280473,17.379221654031426,DID NOT CONVERGE
pca_50,poly,1,100,1,5000,0.35775153897702694,0.4246903869789094,22.263962402939796,DID NOT CONVERGE
pca_50,poly,1,100,2,5000,0.35756344883702695,0.4253013569395989,19.079013149021193,DID NOT CONVERGE
pca_50,poly,1,100,3,5000,0.3640286740846932,0.4241541619412601,16.80064129177481,DID NOT CONVERGE
pca_50,poly,1,100,4,5000,0.3555858312174678,0.423353933962062,17.626008182996884,DID NOT CONVERGE
pca_50,poly,1,100,5,5000,0.35694798501208425,0.42333762091584504,17.285332415020093,DID NOT CONVERGE
pca_50,poly,1,1000,1,5000,0.35763153387233615,0.4235716830007732,22.29940781602636,DID NOT CONVERGE
pca_50,poly,1,1000,2,5000,0.3583692000247538,0.42592138587497175,19.03965070587583,DID NOT CONVERGE
pca_50,poly,1,1000,3,5000,0.3568731099367142,0.4239357830956578,16.8395792869851,DID NOT CONVERGE
pca_50,poly,1,1000,4,5000,0.36066063307225704,0.4259766200557351,17.569733649026603,DID NOT CONVERGE
pca_50,poly,1,1000,5,5000,0.356774577870965,0.4243299358058721,17.261852432973683,DID NOT CONVERGE
pca_50,poly,10,0.001,1,5000,0.35772038204595447,0.4235946130938828,22.08698975481093,DID NOT CONVERGE
pca_50,poly,10,0.001,2,5000,0.3571621128357947,0.42419327213428915,20.247585379052907,DID NOT CONVERGE
pca_50,poly,10,0.001,3,5000,0.35637629101984203,0.42388607398606837,21.82271676696837,DID NOT CONVERGE
pca_50,poly,10,0.001,4,5000,0.35791889601387084,0.4257427379488945,29.700252652866766,DID NOT CONVERGE
pca_50,poly,10,0.001,5,5000,0.35708693717606366,0.42500990303233266,38.747929523000494,DID NOT CONVERGE
pca_50,poly,10,0.01,1,5000,0.35779250389896333,0.4239420760422945,21.386225113878027,DID NOT CONVERGE
pca_50,poly,10,0.01,2,5000,0.35857702512294054,0.4246446490287781,18.8205640418455,DID NOT CONVERGE
pca_50,poly,10,0.01,3,5000,0.36016544001176953,0.4047116518486291,16.84598575811833,DID NOT CONVERGE
pca_50,poly,10,0.01,4,5000,0.35783053399063647,0.42518746689893305,17.54165016603656,DID NOT CONVERGE
pca_50,poly,10,0.01,5,5000,0.3597429380752146,0.42614517104811966,17.279035697923973,DID NOT CONVERGE
pca_50,poly,10,0.1,1,5000,0.3584465510211885,0.4260094768833369,21.907880297861993,DID NOT CONVERGE
pca_50,poly,10,0.1,2,5000,0.35532204806804657,0.4232599809765816,19.083920000120997,DID NOT CONVERGE
pca_50,poly,10,0.1,3,5000,0.3588128548581153,0.4238329860381782,16.942093525081873,DID NOT CONVERGE
pca_50,poly,10,0.1,4,5000,0.3589524368289858,0.4245917198713869,17.60113667906262,DID NOT CONVERGE
pca_50,poly,10,0.1,5,5000,0.3585548240225762,0.42564588505774736,17.317520100157708,DID NOT CONVERGE
pca_50,poly,10,1,1,5000,0.35809205402620137,0.425402162829414,22.442505807848647,DID NOT CONVERGE
pca_50,poly,10,1,2,5000,0.35718354885466397,0.4256523728836328,19.15154306194745,DID NOT CONVERGE
pca_50,poly,10,1,3,5000,0.3586392649449408,0.42511485796421766,16.84110933286138,DID NOT CONVERGE
pca_50,poly,10,1,4,5000,0.35665398999117315,0.4239704320207238,17.703777889953926,DID NOT CONVERGE
pca_50,poly,10,1,5,5000,0.35610273806378245,0.4233013680204749,17.3244759819936,DID NOT CONVERGE
pca_50,poly,10,10,1,5000,0.35693017300218344,0.4234723940026015,22.407370924949646,DID NOT CONVERGE
pca_50,poly,10,10,2,5000,0.3563792849890888,0.42412499408237636,19.118503706064075,DID NOT CONVERGE
pca_50,poly,10,10,3,5000,0.35798484296537936,0.42366602388210595,16.816621073056012,DID NOT CONVERGE
pca_50,poly,10,10,4,5000,0.355546778999269,0.4248099001124501,17.601600429974496,DID NOT CONVERGE
pca_50,poly,10,10,5,5000,0.35643865005113184,0.42361959302797914,17.406923736911267,DID NOT CONVERGE
pca_50,poly,10,100,1,5000,0.35532187414355576,0.4234842420555651,22.322595393983647,DID NOT CONVERGE
pca_50,poly,10,100,2,5000,0.35611493000760674,0.4242805759422481,19.11963322199881,DID NOT CONVERGE
pca_50,poly,10,100,3,5000,0.3557530250400305,0.4240809469483793,16.84473319305107,DID NOT CONVERGE
pca_50,poly,10,100,4,5000,0.3566508579533547,0.4240317950025201,17.645879697985947,DID NOT CONVERGE
pca_50,poly,10,100,5,5000,0.36069067916832864,0.42344297701492906,17.34556268597953,DID NOT CONVERGE
pca_50,poly,10,1000,1,5000,0.35745573695749044,0.42522836080752313,22.319912559818476,DID NOT CONVERGE
pca_50,poly,10,1000,2,5000,0.35772934509441257,0.42467994592152536,19.078413320938125,DID NOT CONVERGE
pca_50,poly,10,1000,3,5000,0.35594140784814954,0.42443185090087354,16.871484782081097,DID NOT CONVERGE
pca_50,poly,10,1000,4,5000,0.35674659512005746,0.425236607901752,17.59113670187071,DID NOT CONVERGE
pca_50,poly,10,1000,5,5000,0.3575334269553423,0.42553140013478696,17.27639659587294,DID NOT CONVERGE
pca_50,poly,100,0.001,1,5000,0.3561506860423833,0.4252620479092002,21.383411727147177,DID NOT CONVERGE
pca_50,poly,100,0.001,2,5000,0.355467134853825,0.427065015072003,18.25989679293707,DID NOT CONVERGE
pca_50,poly,100,0.001,3,5000,0.3555466909892857,0.42442560312338173,17.873200453119352,DID NOT CONVERGE
pca_50,poly,100,0.001,4,5000,0.35641819005832076,0.42306303791701794,20.902897294145077,DID NOT CONVERGE
pca_50,poly,100,0.001,5,5000,0.35580352204851806,0.42495431285351515,24.750540176173672,DID NOT CONVERGE
pca_50,poly,100,0.01,1,5000,0.3555110669694841,0.42573036486282945,21.774050089064986,DID NOT CONVERGE
pca_50,poly,100,0.01,2,5000,0.3543223231099546,0.42501392704434693,19.039143729023635,DID NOT CONVERGE
pca_50,poly,100,0.01,3,5000,0.35535457404330373,0.42413477692753077,16.85634375293739,DID NOT CONVERGE
pca_50,poly,100,0.01,4,5000,0.35515976697206497,0.42437481391243637,17.559517609188333,DID NOT CONVERGE
pca_50,poly,100,0.01,5,5000,0.35526659805327654,0.4244389010127634,17.330389476846904,DID NOT CONVERGE
pca_50,poly,100,0.1,1,5000,0.35623792302794755,0.4251847688574344,22.34367221989669,DID NOT CONVERGE
pca_50,poly,100,0.1,2,5000,0.35532179893925786,0.42432166007347405,19.051402863115072,DID NOT CONVERGE
pca_50,poly,100,0.1,3,5000,0.35586570715531707,0.4238686030730605,16.92755419295281,DID NOT CONVERGE
pca_50,poly,100,0.1,4,5000,0.3557812429498881,0.42456162301823497,17.536513528088108,DID NOT CONVERGE
pca_50,poly,100,0.1,5,5000,0.35775302606634796,0.42712762695737183,17.26218623481691,DID NOT CONVERGE
pca_50,poly,100,1,1,5000,0.35687714582309127,0.4233337559271604,22.317153168143705,DID NOT CONVERGE
pca_50,poly,100,1,2,5000,0.3571944658178836,0.4252923789899796,19.111401868984103,DID NOT CONVERGE
pca_50,poly,100,1,3,5000,0.3569138329476118,0.4262731419876218,16.802378964144737,DID NOT CONVERGE
pca_50,poly,100,1,4,5000,0.35816447995603085,0.4258669479750097,17.667013992089778,DID NOT CONVERGE
pca_50,poly,100,1,5,5000,0.35789634590037167,0.42768452409654856,17.271316494094208,DID NOT CONVERGE
pca_50,poly,100,10,1,5000,0.3557257561478764,0.4254870859440416,22.33152243006043,DID NOT CONVERGE
pca_50,poly,100,10,2,5000,0.35754825989715755,0.42543556401506066,19.05663867900148,DID NOT CONVERGE
pca_50,poly,100,10,3,5000,0.3558752948883921,0.42437369492836297,16.76783624710515,DID NOT CONVERGE
pca_50,poly,100,10,4,5000,0.35667667211964726,0.42551747686229646,17.564598945900798,DID NOT CONVERGE
pca_50,poly,100,10,5,5000,0.3555208221077919,0.4239308980759233,17.386406393023208,DID NOT CONVERGE
pca_50,poly,100,100,1,5000,0.356505380012095,0.42440297501161695,22.285273407120258,DID NOT CONVERGE
pca_50,poly,100,100,2,5000,0.35576337203383446,0.4251878568902612,19.11597867216915,DID NOT CONVERGE
pca_50,poly,100,100,3,5000,0.3560233300086111,0.4258318811189383,16.831206684932113,DID NOT CONVERGE
pca_50,poly,100,100,4,5000,0.35613219416700304,0.4258081049192697,17.64565990981646,DID NOT CONVERGE
pca_50,poly,100,100,5,5000,0.3562001069076359,0.4262545059900731,17.3249241579324,DID NOT CONVERGE
pca_50,poly,100,1000,1,5000,0.3562304461374879,0.4259214070625603,22.338027816964313,DID NOT CONVERGE
pca_50,poly,100,1000,2,5000,0.3613090170547366,0.4271643850952387,19.077129667857662,DID NOT CONVERGE
pca_50,poly,100,1000,3,5000,0.3545759660191834,0.42430667486041784,16.866333208046854,DID NOT CONVERGE
pca_50,poly,100,1000,4,5000,0.3565559678245336,0.42383039905689657,17.612246081000194,DID NOT CONVERGE
pca_50,poly,100,1000,5,5000,0.35756634292192757,0.42450629407539964,17.289795350981876,DID NOT CONVERGE
pca_50,poly,1000,0.001,1,5000,0.3576124459505081,0.4255558180157095,21.71362118399702,DID NOT CONVERGE
pca_50,poly,1000,0.001,2,5000,0.35613657301291823,0.4244976229965687,19.00861605303362,DID NOT CONVERGE
pca_50,poly,1000,0.001,3,5000,0.3556466419249773,0.4243016601540148,17.483974666101858,DID NOT CONVERGE
pca_50,poly,1000,0.001,4,5000,0.35631926101632416,0.42482417402788997,18.53236285201274,DID NOT CONVERGE
pca_50,poly,1000,0.001,5,5000,0.3570245108567178,0.5106579221319407,19.741935898084193,DID NOT CONVERGE
pca_50,poly,1000,0.01,1,5000,0.3556336599867791,0.4012746880762279,22.52550662192516,DID NOT CONVERGE
pca_50,poly,1000,0.01,2,5000,0.3574519620742649,0.42580997897312045,19.069204547209665,DID NOT CONVERGE
pca_50,poly,1000,0.01,3,5000,0.3561129861045629,0.4262997128535062,16.88913808297366,DID NOT CONVERGE
pca_50,poly,1000,0.01,4,5000,0.35659749200567603,0.42403640202246606,17.582651800010353,DID NOT CONVERGE
pca_50,poly,1000,0.01,5,5000,0.3564924190286547,0.42364086816087365,17.344862359110266,DID NOT CONVERGE
pca_50,poly,1000,0.1,1,5000,0.3549414707813412,0.4240953701082617,22.304076205939054,DID NOT CONVERGE
pca_50,poly,1000,0.1,2,5000,0.3567995890043676,0.4239296370651573,19.131088966038078,DID NOT CONVERGE
pca_50,poly,1000,0.1,3,5000,0.3566588230896741,0.42512270202860236,16.95503746997565,DID NOT CONVERGE
pca_50,poly,1000,0.1,4,5000,0.35586500400677323,0.4243942510802299,17.562789098126814,DID NOT CONVERGE
pca_50,poly,1000,0.1,5,5000,0.36136712692677975,0.4239246570505202,17.305553019978106,DID NOT CONVERGE
pca_50,poly,1000,1,1,5000,0.3572584390640259,0.42427397798746824,22.361772818956524,DID NOT CONVERGE
pca_50,poly,1000,1,2,5000,0.3571938138920814,0.4239110220223665,19.14816491608508,DID NOT CONVERGE
pca_50,poly,1000,1,3,5000,0.35703200194984674,0.42436349298805,16.847844521980733,DID NOT CONVERGE
pca_50,poly,1000,1,4,5000,0.3578605609945953,0.42433433001860976,17.69695638306439,DID NOT CONVERGE
pca_50,poly,1000,1,5,5000,0.35463291709311306,0.42428407492116094,17.276136947097257,DID NOT CONVERGE
pca_50,poly,1000,10,1,5000,0.3570783520117402,0.42394502786919475,22.385543616022915,DID NOT CONVERGE
pca_50,poly,1000,10,2,5000,0.35503402492031455,0.42416967498138547,19.10043918294832,DID NOT CONVERGE
pca_50,poly,1000,10,3,5000,0.35575241199694574,0.4238055481109768,16.79873077222146,DID NOT CONVERGE
pca_50,poly,1000,10,4,5000,0.3558630191255361,0.42396569182164967,17.604426324833184,DID NOT CONVERGE
pca_50,poly,1000,10,5,5000,0.35607736092060804,0.4243061561137438,17.411253647878766,DID NOT CONVERGE
pca_50,poly,1000,100,1,5000,0.3555497070774436,0.4243625458329916,22.31101916707121,DID NOT CONVERGE
pca_50,poly,1000,100,2,5000,0.35511538898572326,0.4239508518949151,19.105653495062143,DID NOT CONVERGE
pca_50,poly,1000,100,3,5000,0.35549497581087053,0.4253607480786741,16.82864140183665,DID NOT CONVERGE
pca_50,poly,1000,100,4,5000,0.35610591899603605,0.4243831729982048,17.66194993420504,DID NOT CONVERGE
pca_50,poly,1000,100,5,5000,0.3560621489305049,0.4239510621409863,17.312069110106677,DID NOT CONVERGE
pca_50,poly,1000,1000,1,5000,0.35867904406040907,0.4245841398369521,22.32184814987704,DID NOT CONVERGE
pca_50,poly,1000,1000,2,5000,0.3557966381777078,0.4240403841249645,19.073482709936798,DID NOT CONVERGE
pca_50,poly,1000,1000,3,5000,0.35542282299138606,0.42418006993830204,16.86104248999618,DID NOT CONVERGE
pca_50,poly,1000,1000,4,5000,0.3553971990477294,0.4236339391209185,17.60450748517178,DID NOT CONVERGE
pca_50,poly,1000,1000,5,5000,0.35648062196560204,0.45063269999809563,17.282122486969456,DID NOT CONVERGE
pca_100,poly,0.001,0.001,1,5000,0.43179323012009263,0.5124348769895732,385.62445214996114,DID NOT CONVERGE
pca_100,poly,0.001,0.001,2,5000,0.36198953608982265,0.5132965259253979,492.5023251469247,DID NOT CONVERGE
pca_100,poly,0.001,0.001,3,5000,0.3590724361129105,0.5442064020317048,497.9119728759397,DID NOT CONVERGE
pca_100,poly,0.001,0.001,4,5000,0.37175174499861896,0.5094791308511049,498.03056865395047,DID NOT CONVERGE
pca_100,poly,0.001,0.001,5,5000,0.35845642490312457,0.5118557771202177,497.77315606107004,DID NOT CONVERGE
pca_100,poly,0.001,0.01,1,5000,0.36714764195494354,0.508519598050043,160.84099344187416,
pca_100,poly,0.001,0.01,2,5000,0.36931327101774514,0.5102003391366452,127.570433660876,
pca_100,poly,0.001,0.01,3,5000,0.3849134489428252,0.508795351954177,77.83797470992431,DID NOT CONVERGE
pca_100,poly,0.001,0.01,4,5000,0.3730638751294464,0.5099584790877998,67.11078837607056,DID NOT CONVERGE
pca_100,poly,0.001,0.01,5,5000,0.3667627649847418,0.5086612219456583,56.924032244831324,DID NOT CONVERGE
pca_100,poly,0.001,0.1,1,5000,0.35783517686650157,0.5104953630361706,79.13412291090935,
pca_100,poly,0.001,0.1,2,5000,0.36728604114614427,0.5076746041886508,45.4051937609911,DID NOT CONVERGE
pca_100,poly,0.001,0.1,3,5000,0.36655982793308794,0.5074967071413994,37.62851289403625,DID NOT CONVERGE
pca_100,poly,0.001,0.1,4,5000,0.36733464105054736,0.5081436140462756,43.73056183592416,DID NOT CONVERGE
pca_100,poly,0.001,0.1,5,5000,0.3682326949201524,0.5094413328915834,42.19630973297171,DID NOT CONVERGE
pca_100,poly,0.001,1,1,5000,0.3669251559767872,0.5548809389583766,51.43433152302168,DID NOT CONVERGE
pca_100,poly,0.001,1,2,5000,0.36797876888886094,0.5094274152070284,38.265249179909006,DID NOT CONVERGE
pca_100,poly,0.001,1,3,5000,0.3602794788312167,0.5094227488152683,36.812409778824076,DID NOT CONVERGE
pca_100,poly,0.001,1,4,5000,0.35799749102443457,0.5121814899612218,41.84818512015045,DID NOT CONVERGE
pca_100,poly,0.001,1,5,5000,0.36858907202258706,0.5114009461831301,44.26639210106805,DID NOT CONVERGE
pca_100,poly,0.001,10,1,5000,0.3581083379685879,0.5114721318241209,44.33569201501086,DID NOT CONVERGE
pca_100,poly,0.001,10,2,5000,0.3677018240559846,0.5097953940276057,40.49080337001942,DID NOT CONVERGE
pca_100,poly,0.001,10,3,5000,0.3703724651131779,0.5056721770670265,37.81823064596392,DID NOT CONVERGE
pca_100,poly,0.001,10,4,5000,0.3678044539410621,0.506952241063118,43.77646694309078,DID NOT CONVERGE
pca_100,poly,0.001,10,5,5000,0.36718600802123547,0.5088510420173407,41.9011975559406,DID NOT CONVERGE
pca_100,poly,0.001,100,1,5000,0.36238138494081795,0.509657999034971,44.36677929293364,DID NOT CONVERGE
pca_100,poly,0.001,100,2,5000,0.35995912784710526,0.5093849548138678,38.200055576860905,DID NOT CONVERGE
pca_100,poly,0.001,100,3,5000,0.3625087831169367,0.5082993081305176,39.92788161104545,DID NOT CONVERGE
pca_100,poly,0.001,100,4,5000,0.35756685701198876,0.5098581239581108,41.884242633823305,DID NOT CONVERGE
pca_100,poly,0.001,100,5,5000,0.3682119769509882,0.5077996158506721,45.53821197291836,DID NOT CONVERGE
pca_100,poly,0.001,1000,1,5000,0.3672030719462782,0.5072989640757442,46.977672001114115,DID NOT CONVERGE
pca_100,poly,0.001,1000,2,5000,0.3678392991423607,0.5090708020143211,41.173519511008635,DID NOT CONVERGE
pca_100,poly,0.001,1000,3,5000,0.36900834809057415,0.5086256100330502,39.3448714511469,DID NOT CONVERGE
pca_100,poly,0.001,1000,4,5000,0.3716846308670938,0.5113085198681802,41.84977381885983,DID NOT CONVERGE
pca_100,poly,0.001,1000,5,5000,0.36759501113556325,0.5095974858850241,42.04954237001948,DID NOT CONVERGE
pca_100,poly,0.01,0.001,1,5000,0.3776245720218867,0.5102233900688589,160.85101158590987,
pca_100,poly,0.01,0.001,2,5000,0.3673676010221243,0.5104540078900754,307.78987363982014,DID NOT CONVERGE
pca_100,poly,0.01,0.001,3,5000,0.36688764579594135,0.5097984550520778,355.43501623906195,DID NOT CONVERGE
pca_100,poly,0.01,0.001,4,5000,0.3575913638342172,0.507745323004201,458.09203665005043,DID NOT CONVERGE
pca_100,poly,0.01,0.001,5,5000,0.35747292009182274,0.5097271469421685,470.199956479948,DID NOT CONVERGE
pca_100,poly,0.01,0.01,1,5000,0.37515521910972893,0.5102642420679331,78.6041602070909,
pca_100,poly,0.01,0.01,2,5000,0.36251696199178696,0.5086848679929972,67.48271929216571,DID NOT CONVERGE
pca_100,poly,0.01,0.01,3,5000,0.36919450387358665,0.5093224868178368,47.8849110819865,DID NOT CONVERGE
pca_100,poly,0.01,0.01,4,5000,0.3688945509493351,0.50819201907143,50.716617200057954,DID NOT CONVERGE
pca_100,poly,0.01,0.01,5,5000,0.3671107548289001,0.5073188219685107,46.10073270089924,DID NOT CONVERGE
pca_100,poly,0.01,0.1,1,5000,0.3598749798256904,0.5087056271731853,55.68426290410571,DID NOT CONVERGE
pca_100,poly,0.01,0.1,2,5000,0.3666808190755546,0.5142408621031791,39.93184112315066,DID NOT CONVERGE
pca_100,poly,0.01,0.1,3,5000,0.3574473839253187,0.5097165268380195,36.99626345303841,DID NOT CONVERGE
pca_100,poly,0.01,0.1,4,5000,0.3663929649628699,0.5091099289711565,41.59264337015338,DID NOT CONVERGE
pca_100,poly,0.01,0.1,5,5000,0.35743405506946146,0.5099747460335493,41.88737162202597,DID NOT CONVERGE
pca_100,poly,0.01,1,1,5000,0.357381212990731,0.515596813056618,44.3707761769183,DID NOT CONVERGE
pca_100,poly,0.01,1,2,5000,0.35912542091682553,0.5720613698940724,40.18001226009801,DID NOT CONVERGE
pca_100,poly,0.01,1,3,5000,0.35780707094818354,0.5073157879523933,36.81326437392272,DID NOT CONVERGE
pca_100,poly,0.01,1,4,5000,0.36757561517879367,0.5040366780012846,43.81310738995671,DID NOT CONVERGE
pca_100,poly,0.01,1,5,5000,0.3581148150842637,0.5073329270817339,41.7633287939243,DID NOT CONVERGE
pca_100,poly,0.01,10,1,5000,0.3704893020913005,0.5059876830782741,44.38339216099121,DID NOT CONVERGE
pca_100,poly,0.01,10,2,5000,0.3681990059558302,0.5074688720051199,38.11281181988306,DID NOT CONVERGE
pca_100,poly,0.01,10,3,5000,0.3611070408951491,0.5069914408959448,37.423443000996485,DID NOT CONVERGE
pca_100,poly,0.01,10,4,5000,0.35769008193165064,0.5079136828426272,41.87990782293491,DID NOT CONVERGE
pca_100,poly,0.01,10,5,5000,0.3666150229983032,0.5058215500321239,44.50041687395424,DID NOT CONVERGE
pca_100,poly,0.01,100,1,5000,0.3712447350844741,0.5059216311201453,45.96629719086923,DID NOT CONVERGE
pca_100,poly,0.01,100,2,5000,0.3571790319401771,0.5658109078649431,38.26590217789635,DID NOT CONVERGE
pca_100,poly,0.01,100,3,5000,0.35738682211376727,0.5084302579052746,36.84271772601642,DID NOT CONVERGE
pca_100,poly,0.01,100,4,5000,0.3677537520416081,0.5118770140688866,41.41603006585501,DID NOT CONVERGE
pca_100,poly,0.01,100,5,5000,0.3585158211644739,0.5114917180035263,41.767411414999515,DID NOT CONVERGE
pca_100,poly,0.01,1000,1,5000,0.36450016289018095,0.5107471100054681,46.50840098201297,DID NOT CONVERGE
pca_100,poly,0.01,1000,2,5000,0.3668967199046165,0.5090615660883486,38.1752997089643,DID NOT CONVERGE
pca_100,poly,0.01,1000,3,5000,0.36010172101669014,0.5095718379598111,37.049189616926014,DID NOT CONVERGE
pca_100,poly,0.01,1000,4,5000,0.3671782340388745,0.5079979670699686,41.8469293131493,DID NOT CONVERGE
pca_100,poly,0.01,1000,5,5000,0.3692531818524003,0.5107825831510127,41.936125797918066,DID NOT CONVERGE
pca_100,poly,0.1,0.001,1,5000,0.36697898781858385,0.5080192850437015,82.89697351609357,
pca_100,poly,0.1,0.001,2,5000,0.36446503712795675,0.5093075409531593,129.66137838200666,
pca_100,poly,0.1,0.001,3,5000,0.3586529770400375,0.5102541439700872,163.44776517897844,
pca_100,poly,0.1,0.001,4,5000,0.3683647990692407,0.5102667640894651,253.37802281486802,DID NOT CONVERGE
pca_100,poly,0.1,0.001,5,5000,0.361084443051368,0.5104316009674221,309.6214010010008,DID NOT CONVERGE
pca_100,poly,0.1,0.01,1,5000,0.36710487701930106,0.5057490358594805,51.593721805140376,DID NOT CONVERGE
pca_100,poly,0.1,0.01,2,5000,0.35702275787480175,0.5085282190702856,42.56972183007747,DID NOT CONVERGE
pca_100,poly,0.1,0.01,3,5000,0.36733951698988676,0.5051475542131811,41.72931793797761,DID NOT CONVERGE
pca_100,poly,0.1,0.01,4,5000,0.6049780428875238,0.5438042869791389,42.40269893896766,DID NOT CONVERGE
pca_100,poly,0.1,0.01,5,5000,0.4217671719379723,0.5083410469815135,42.09918294893578,DID NOT CONVERGE
pca_100,poly,0.1,0.1,1,5000,0.4267134550027549,0.509276385884732,44.36188909295015,DID NOT CONVERGE
pca_100,poly,0.1,0.1,2,5000,0.3916530879214406,0.5100677791051567,38.09949866402894,DID NOT CONVERGE
pca_100,poly,0.1,0.1,3,5000,0.37530847801826894,0.5096701949369162,36.89242946496233,DID NOT CONVERGE
pca_100,poly,0.1,0.1,4,5000,0.37741107516922057,0.5113515860866755,41.95348804281093,DID NOT CONVERGE
pca_100,poly,0.1,0.1,5,5000,0.37198109785094857,0.5071604559198022,42.61242735595442,DID NOT CONVERGE
pca_100,poly,0.1,1,1,5000,0.37440238799899817,0.5103332039434463,42.335853761062026,DID NOT CONVERGE
pca_100,poly,0.1,1,2,5000,0.3626390639692545,0.573566400911659,40.665644041029736,DID NOT CONVERGE
pca_100,poly,0.1,1,3,5000,0.37157074292190373,0.5193513871636242,37.18062940007076,DID NOT CONVERGE
pca_100,poly,0.1,1,4,5000,0.37066956399939954,0.5097975649405271,44.33658930892125,DID NOT CONVERGE
pca_100,poly,0.1,1,5,5000,0.362213330110535,0.5083368809428066,41.771754286950454,DID NOT CONVERGE
pca_100,poly,0.1,10,1,5000,0.37152388179674745,0.5083814430981874,48.037795782787725,DID NOT CONVERGE
pca_100,poly,0.1,10,2,5000,0.3711407941300422,0.5076413068454713,38.183534072944894,DID NOT CONVERGE
pca_100,poly,0.1,10,3,5000,0.3709751139394939,0.5116114250849932,37.39513532305136,DID NOT CONVERGE
pca_100,poly,0.1,10,4,5000,0.37073082313872874,0.5088102070149034,41.53412631689571,DID NOT CONVERGE
pca_100,poly,0.1,10,5,5000,0.37322976090945303,0.5160064871888608,45.63676870986819,DID NOT CONVERGE
pca_100,poly,0.1,100,1,5000,0.37008939986117184,0.509736587991938,46.707403532927856,DID NOT CONVERGE
pca_100,poly,0.1,100,2,5000,0.3559558978304267,0.516804494895041,39.543601740151644,DID NOT CONVERGE
pca_100,poly,0.1,100,3,5000,0.35754731111228466,0.5105191150214523,36.767493715975434,DID NOT CONVERGE
pca_100,poly,0.1,100,4,5000,0.35577171901240945,0.5100276449229568,43.16387989115901,DID NOT CONVERGE
pca_100,poly,0.1,100,5,5000,0.35693099605850875,0.5111253999639302,41.85337539599277,DID NOT CONVERGE
pca_100,poly,0.1,1000,1,5000,0.35955106699839234,0.5086737419478595,48.73420820408501,DID NOT CONVERGE
pca_100,poly,0.1,1000,2,5000,0.3567780130542815,0.5082057558465749,38.22686634818092,DID NOT CONVERGE
pca_100,poly,0.1,1000,3,5000,0.3556183541659266,0.5085446720477194,37.91227571107447,DID NOT CONVERGE
pca_100,poly,0.1,1000,4,5000,0.35619367379695177,0.5109980660490692,41.48506499105133,DID NOT CONVERGE
pca_100,poly,0.1,1000,5,5000,0.3561674060765654,0.5091641859617084,42.02721664309502,DID NOT CONVERGE
pca_100,poly,1,0.001,1,5000,0.36188275809399784,0.5315088948700577,51.498675766866654,DID NOT CONVERGE
pca_100,poly,1,0.001,2,5000,0.35579605493694544,0.5163112750742584,63.500935432035476,DID NOT CONVERGE
pca_100,poly,1,0.001,3,5000,0.35679011698812246,0.5142606778535992,78.93616123287939,DID NOT CONVERGE
pca_100,poly,1,0.001,4,5000,0.3689324560109526,0.5160036419983953,160.4584912848659,DID NOT CONVERGE
pca_100,poly,1,0.001,5,5000,0.7643891938496381,3.359734144061804,255.5622955369763,DID NOT CONVERGE
pca_100,poly,1,0.01,1,5000,1.3485254619736224,3.008452332112938,79.29427797999233,DID NOT CONVERGE
pca_100,poly,1,0.01,2,5000,1.1917546938639134,3.977392409928143,72.64650506689213,DID NOT CONVERGE
pca_100,poly,1,0.01,3,5000,0.928548987954855,3.5787051438819617,72.42230873811059,DID NOT CONVERGE
pca_100,poly,1,0.01,4,5000,0.5790735329501331,2.430041103158146,76.01500693405978,DID NOT CONVERGE
pca_100,poly,1,0.01,5,5000,0.6419355040416121,1.8902150029316545,84.07320042815991,DID NOT CONVERGE
pca_100,poly,1,0.1,1,5000,1.6215773071162403,2.956324248109013,84.55472285696305,DID NOT CONVERGE
pca_100,poly,1,0.1,2,5000,1.459962944034487,4.712598137091845,75.1290971019771,DID NOT CONVERGE
pca_100,poly,1,0.1,3,5000,1.950064484961331,3.274327849969268,67.09774696291424,DID NOT CONVERGE
pca_100,poly,1,0.1,4,5000,1.9319575109984726,3.020826071035117,84.18901153490879,DID NOT CONVERGE
pca_100,poly,1,0.1,5,5000,2.074562540045008,2.866410437040031,86.58950896305032,DID NOT CONVERGE
pca_100,poly,1,1,1,5000,1.7496531761717051,3.486373082967475,91.10986539092846,DID NOT CONVERGE
pca_100,poly,1,1,2,5000,1.9750842619687319,3.312455273931846,85.09095328697003,DID NOT CONVERGE
pca_100,poly,1,1,3,5000,1.0515972671564668,0.49057767703197896,36.97836932097562,DID NOT CONVERGE
pca_100,poly,1,1,4,5000,0.5647577759809792,0.49644316313788295,41.64840956986882,DID NOT CONVERGE
pca_100,poly,1,1,5,5000,0.531657624989748,0.4940031310543418,42.24345484585501,DID NOT CONVERGE
pca_100,poly,1,10,1,5000,0.540762780001387,0.5020189490169287,47.64162870612927,DID NOT CONVERGE
pca_100,poly,1,10,2,5000,0.4830977460369468,0.49303936678916216,40.074449363164604,DID NOT CONVERGE
pca_100,poly,1,10,3,5000,0.46090705296956,0.5216739340685308,37.49942547897808,DID NOT CONVERGE
pca_100,poly,1,10,4,5000,0.41937289689667523,0.5167550968471915,43.91934724384919,DID NOT CONVERGE
pca_100,poly,1,10,5,5000,0.4158088981639594,0.5226872768253088,43.09551061782986,DID NOT CONVERGE
pca_100,poly,1,100,1,5000,0.4083407570142299,0.5202769509050995,47.529345081187785,DID NOT CONVERGE
pca_100,poly,1,100,2,5000,0.3613426110241562,0.5195626791100949,39.700421838089824,DID NOT CONVERGE
pca_100,poly,1,100,3,5000,0.3645223160274327,0.5184108458925039,37.41329762083478,DID NOT CONVERGE
pca_100,poly,1,100,4,5000,0.3621501710731536,0.517266154056415,43.2915461268276,DID NOT CONVERGE
pca_100,poly,1,100,5,5000,0.3624081132002175,0.5217565880157053,42.494451680919155,DID NOT CONVERGE
pca_100,poly,1,1000,1,5000,0.36203565006144345,0.5176072889007628,48.33198938309215,DID NOT CONVERGE
pca_100,poly,1,1000,2,5000,0.36269506998360157,0.518276076996699,38.86397763504647,DID NOT CONVERGE
pca_100,poly,1,1000,3,5000,0.36244295514188707,0.5164791790302843,37.87655096990056,DID NOT CONVERGE
pca_100,poly,1,1000,4,5000,0.3642946060281247,0.5174956989940256,42.2174766859971,DID NOT CONVERGE
pca_100,poly,1,1000,5,5000,0.36146559519693255,0.5169984411913902,42.708045611856505,DID NOT CONVERGE
pca_100,poly,10,0.001,1,5000,0.36370921484194696,0.5197190090548247,45.22440661606379,DID NOT CONVERGE
pca_100,poly,10,0.001,2,5000,0.36228907108306885,0.5160255420487374,45.497575824847445,DID NOT CONVERGE
pca_100,poly,10,0.001,3,5000,0.3628249200992286,0.5184919519815594,48.61562146805227,DID NOT CONVERGE
pca_100,poly,10,0.001,4,5000,0.3619309819769114,0.5206217388622463,69.59516042214818,DID NOT CONVERGE
pca_100,poly,10,0.001,5,5000,0.361283406149596,0.504544859053567,89.42836949112825,DID NOT CONVERGE
pca_100,poly,10,0.01,1,5000,0.361696763895452,0.5181432929821312,43.196010424988344,DID NOT CONVERGE
pca_100,poly,10,0.01,2,5000,0.36453007999807596,0.5161099550314248,38.76587438909337,DID NOT CONVERGE
pca_100,poly,10,0.01,3,5000,0.3611533020157367,0.5145249119959772,38.09868949488737,DID NOT CONVERGE
pca_100,poly,10,0.01,4,5000,0.3621963399928063,0.5156699027866125,42.25410459609702,DID NOT CONVERGE
pca_100,poly,10,0.01,5,5000,0.3640980231575668,0.5194578468799591,43.447422679979354,DID NOT CONVERGE
pca_100,poly,10,0.1,1,5000,0.3616467628162354,0.5157646469306201,46.94515992095694,DID NOT CONVERGE
pca_100,poly,10,0.1,2,5000,0.36258281907066703,0.5159264518879354,40.23594961105846,DID NOT CONVERGE
pca_100,poly,10,0.1,3,5000,0.3630924830213189,0.5177031620405614,37.56590960593894,DID NOT CONVERGE
pca_100,poly,10,0.1,4,5000,0.3620227000210434,0.5195293850265443,42.279076860053465,DID NOT CONVERGE
pca_100,poly,10,0.1,5,5000,0.3633075160905719,0.5182664808817208,43.01079943589866,DID NOT CONVERGE
pca_100,poly,10,1,1,5000,0.3617699770256877,0.5191469460260123,47.54218699899502,DID NOT CONVERGE
pca_100,poly,10,1,2,5000,0.3619495569728315,0.5172828668728471,38.96097953803837,DID NOT CONVERGE
pca_100,poly,10,1,3,5000,0.36292244493961334,0.5183453890495002,37.49725516093895,DID NOT CONVERGE
pca_100,poly,10,1,4,5000,0.36289226706139743,0.5182712990790606,42.18760323594324,DID NOT CONVERGE
pca_100,poly,10,1,5,5000,0.36235548998229206,0.5182247972115874,42.47796218213625,DID NOT CONVERGE
pca_100,poly,10,10,1,5000,0.36172458599321544,0.5177948309574276,47.40948467282578,DID NOT CONVERGE
pca_100,poly,10,10,2,5000,0.3611879148520529,0.519053959986195,38.72354656504467,DID NOT CONVERGE
pca_100,poly,10,10,3,5000,0.3629885178525001,0.4906297968700528,37.45256350305863,DID NOT CONVERGE
pca_100,poly,10,10,4,5000,0.3614325749222189,0.49204306304454803,42.16933274688199,DID NOT CONVERGE
pca_100,poly,10,10,5,5000,0.36219525313936174,0.5165460461284965,42.73144275904633,DID NOT CONVERGE
pca_100,poly,10,100,1,5000,0.36330229905433953,0.5197266701143235,47.4879444160033,DID NOT CONVERGE
pca_100,poly,10,100,2,5000,0.36514486698433757,0.5178250810131431,39.690762338927016,DID NOT CONVERGE
pca_100,poly,10,100,3,5000,0.36269513703882694,0.5174526430200785,37.472427100874484,DID NOT CONVERGE
pca_100,poly,10,100,4,5000,0.36224404093809426,0.5192969897761941,42.36565739614889,DID NOT CONVERGE
pca_100,poly,10,100,5,5000,0.36343459179624915,0.5123083421494812,42.706366803031415,DID NOT CONVERGE
pca_100,poly,10,1000,1,5000,0.3624931008089334,0.5180097159463912,47.374522723956034,DID NOT CONVERGE
pca_100,poly,10,1000,2,5000,0.3660710728727281,0.5182859841734171,38.84808899206109,DID NOT CONVERGE
pca_100,poly,10,1000,3,5000,0.3617295471485704,0.5158827910199761,37.51528187189251,DID NOT CONVERGE
pca_100,poly,10,1000,4,5000,0.36187910404987633,0.5184014479164034,42.25586735806428,DID NOT CONVERGE
pca_100,poly,10,1000,5,5000,0.36234097997657955,0.5182200381532311,42.73034348501824,DID NOT CONVERGE
pca_100,poly,100,0.001,1,5000,0.36203187610954046,0.5232608469668776,43.05547761893831,DID NOT CONVERGE
pca_100,poly,100,0.001,2,5000,0.3618674341123551,0.5183568911161274,38.1915966309607,DID NOT CONVERGE
pca_100,poly,100,0.001,3,5000,0.36231522588059306,0.5196893659885973,42.242137484950945,DID NOT CONVERGE
pca_100,poly,100,0.001,4,5000,0.36208305694162846,0.5180749718565494,48.1865836919751,DID NOT CONVERGE
pca_100,poly,100,0.001,5,5000,0.3618605819065124,0.5197958031203598,57.87722026393749,DID NOT CONVERGE
pca_100,poly,100,0.01,1,5000,0.36190559505485,0.5156067300122231,46.63280147104524,DID NOT CONVERGE
pca_100,poly,100,0.01,2,5000,0.36140787322074175,0.5169363811146468,39.81631459505297,DID NOT CONVERGE
pca_100,poly,100,0.01,3,5000,0.36227413499727845,0.518363106995821,37.59393420792185,DID NOT CONVERGE
pca_100,poly,100,0.01,4,5000,0.3634626951534301,0.5175124609377235,42.09698413312435,DID NOT CONVERGE
pca_100,poly,100,0.01,5,5000,0.36138014215976,0.5190066930372268,42.67409945302643,DID NOT CONVERGE
pca_100,poly,100,0.1,1,5000,0.4001638770569116,0.5198040518444031,50.0570740068797,DID NOT CONVERGE
pca_100,poly,100,0.1,2,5000,0.3773961141705513,0.5198193551041186,39.16924894484691,DID NOT CONVERGE
pca_100,poly,100,0.1,3,5000,0.38038845593109727,0.5181171980220824,37.63697829004377,DID NOT CONVERGE
pca_100,poly,100,0.1,4,5000,0.38961496902629733,0.519529732875526,42.20045998203568,DID NOT CONVERGE
pca_100,poly,100,0.1,5,5000,0.37002913001924753,0.5185603590216488,42.762447270797566,DID NOT CONVERGE
pca_100,poly,100,1,1,5000,0.37793282605707645,0.5229498508851975,47.48549060081132,DID NOT CONVERGE
pca_100,poly,100,1,2,5000,0.3710392031352967,0.5196944568306208,38.941066074883565,DID NOT CONVERGE
pca_100,poly,100,1,3,5000,0.37379238894209266,0.5212773410603404,37.48539809999056,DID NOT CONVERGE
pca_100,poly,100,1,4,5000,0.3739527529105544,0.5198990199714899,42.37288163602352,DID NOT CONVERGE
pca_100,poly,100,1,5,5000,0.3668125371914357,0.520185356028378,42.715043587842956,DID NOT CONVERGE
pca_100,poly,100,10,1,5000,0.37440097192302346,0.5182259751018137,47.438292576000094,DID NOT CONVERGE
pca_100,poly,100,10,2,5000,0.5778342050034553,0.6139091681689024,39.70910486089997,DID NOT CONVERGE
pca_100,poly,100,10,3,5000,0.4982632778119296,0.521433220943436,37.49261386692524,DID NOT CONVERGE
pca_100,poly,100,10,4,5000,0.42701318790204823,0.5189744899980724,42.36766637302935,DID NOT CONVERGE
pca_100,poly,100,10,5,5000,0.41291032009758055,0.5186580759473145,42.78951051691547,DID NOT CONVERGE
pca_100,poly,100,100,1,5000,0.3637533150613308,0.5168247690889984,47.628300667973235,DID NOT CONVERGE
pca_100,poly,100,100,2,5000,0.37372958404012024,0.5179358569439501,39.02809323510155,DID NOT CONVERGE
pca_100,poly,100,100,3,5000,0.36742463801056147,0.5172253360506147,37.43960260506719,DID NOT CONVERGE
pca_100,poly,100,100,4,5000,0.3753615089226514,0.5183850470930338,43.26927961804904,DID NOT CONVERGE
pca_100,poly,100,100,5,5000,0.37342890189029276,0.522585601080209,42.55118133989163,DID NOT CONVERGE
pca_100,poly,100,1000,1,5000,0.36452738707885146,0.5187570478301495,48.35286773904227,DID NOT CONVERGE
pca_100,poly,100,1000,2,5000,0.37372824898920953,0.5193310210015625,39.07517277006991,DID NOT CONVERGE
pca_100,poly,100,1000,3,5000,0.37504576705396175,0.5192554190289229,37.60830350918695,DID NOT CONVERGE
pca_100,poly,100,1000,4,5000,0.37113667209632695,0.5177107169292867,42.78230010392144,DID NOT CONVERGE
pca_100,poly,100,1000,5,5000,0.37363764294423163,0.5185733758844435,43.01747048390098,DID NOT CONVERGE
pca_100,poly,1000,0.001,1,5000,0.36462401901371777,0.5182096119970083,48.05113361310214,DID NOT CONVERGE
pca_100,poly,1000,0.001,2,5000,0.3743025390431285,0.5204905420541763,38.85189716517925,DID NOT CONVERGE
pca_100,poly,1000,0.001,3,5000,0.3638397848699242,0.5178007511422038,38.58899397891946,DID NOT CONVERGE
pca_100,poly,1000,0.001,4,5000,0.37517894012853503,0.519437343813479,44.96432263706811,DID NOT CONVERGE
pca_100,poly,1000,0.001,5,5000,0.3748101210221648,0.5175384499598294,47.03504398604855,DID NOT CONVERGE
pca_100,poly,1000,0.01,1,5000,0.36888492200523615,0.5199059150181711,47.37944050715305,DID NOT CONVERGE
pca_100,poly,1000,0.01,2,5000,0.36971498210914433,0.5170720249880105,38.93202571594156,DID NOT CONVERGE
pca_100,poly,1000,0.01,3,5000,0.36435043113306165,0.5192229270469397,37.43155858316459,DID NOT CONVERGE
pca_100,poly,1000,0.01,4,5000,0.3751188460737467,0.5194361181929708,42.86462590703741,DID NOT CONVERGE
pca_100,poly,1000,0.01,5,5000,0.3739062340464443,0.519211197970435,42.5441042878665,DID NOT CONVERGE
pca_100,poly,1000,0.1,1,5000,0.3787037518341094,0.5215605350676924,47.945201782975346,DID NOT CONVERGE
pca_100,poly,1000,0.1,2,5000,0.3647458110935986,0.5174457270186394,38.84923230111599,DID NOT CONVERGE
pca_100,poly,1000,0.1,3,5000,0.3747592088766396,0.5207748729735613,37.548639005981386,DID NOT CONVERGE
pca_100,poly,1000,0.1,4,5000,0.3730194941163063,0.5164309339597821,42.87871498102322,DID NOT CONVERGE
pca_100,poly,1000,0.1,5,5000,0.37610640283674,0.5182025188114494,43.01755678397603,DID NOT CONVERGE
pca_100,poly,1000,1,1,5000,0.3647221131250262,0.5145865858066827,47.837279913946986,DID NOT CONVERGE
pca_100,poly,1000,1,2,5000,0.36430099606513977,0.5165122719481587,39.01234017498791,DID NOT CONVERGE
pca_100,poly,1000,1,3,5000,0.3723816340789199,0.5189808988943696,37.503153624013066,DID NOT CONVERGE
pca_100,poly,1000,1,4,5000,0.37492124596610665,0.5161084251012653,42.20762354019098,DID NOT CONVERGE
pca_100,poly,1000,1,5,5000,0.37398703396320343,0.5174274719320238,43.774678052868694,DID NOT CONVERGE
pca_100,poly,1000,10,1,5000,0.36458989907987416,0.5186047800816596,47.38286421610974,DID NOT CONVERGE
pca_100,poly,1000,10,2,5000,0.378713367972523,0.5189551010262221,39.998180500930175,DID NOT CONVERGE
pca_100,poly,1000,10,3,5000,0.3741180831566453,0.5192498259712011,38.369368348037824,DID NOT CONVERGE
pca_100,poly,1000,10,4,5000,0.36607768409885466,0.5170142729766667,42.61660649208352,DID NOT CONVERGE
pca_100,poly,1000,10,5,5000,0.3626668690703809,0.5187021929305047,42.606297843158245,DID NOT CONVERGE
pca_100,poly,1000,100,1,5000,0.36300309700891376,0.5204131088685244,47.517670477041975,DID NOT CONVERGE
pca_100,poly,1000,100,2,5000,0.36377757298760116,0.519147515995428,38.930892523843795,DID NOT CONVERGE
pca_100,poly,1000,100,3,5000,0.37407002900727093,0.5216520868707448,37.47708974708803,DID NOT CONVERGE
pca_100,poly,1000,100,4,5000,0.36429097899235785,0.5208753230981529,42.19278606399894,DID NOT CONVERGE
pca_100,poly,1000,100,5,5000,0.3732843501493335,0.5178351521026343,43.318440683884546,DID NOT CONVERGE
pca_100,poly,1000,1000,1,5000,0.3772701539564878,0.5190430120564997,47.33858065097593,DID NOT CONVERGE
pca_100,poly,1000,1000,2,5000,0.3739378908649087,0.519567497074604,39.08585591404699,DID NOT CONVERGE
pca_100,poly,1000,1000,3,5000,0.36822535702958703,0.5031295430380851,37.45978366397321,DID NOT CONVERGE
pca_100,poly,1000,1000,4,5000,0.36853313515894115,0.5030220379121602,41.86118536698632,DID NOT CONVERGE
pca_100,poly,1000,1000,5,5000,0.37070918013341725,0.5019722247961909,42.27583629498258,DID NOT CONVERGE
pca_200,poly,0.001,0.001,1,5000,0.43967423611320555,0.5580490750726312,557.1883989430498,DID NOT CONVERGE
pca_200,poly,0.001,0.001,2,5000,0.357714920071885,0.553932640934363,707.1423082118854,DID NOT CONVERGE
pca_200,poly,0.001,0.001,3,5000,0.356661232188344,0.5528381438925862,710.0913709108718,DID NOT CONVERGE
pca_200,poly,0.001,0.001,4,5000,0.35546018881723285,0.5484833661466837,707.364641692955,DID NOT CONVERGE
pca_200,poly,0.001,0.001,5,5000,0.3562069619074464,0.5550876779016107,708.9698785659857,DID NOT CONVERGE
pca_200,poly,0.001,0.01,1,5000,0.3560543858911842,0.5504003998357803,232.46241106605157,
pca_200,poly,0.001,0.01,2,5000,0.3574463678523898,0.5534253979567438,182.88851352990605,
pca_200,poly,0.001,0.01,3,5000,0.3563507851213217,0.5505821488332003,111.72311871009879,DID NOT CONVERGE
pca_200,poly,0.001,0.01,4,5000,0.3600733068305999,0.5520575018599629,98.08039137395099,DID NOT CONVERGE
pca_200,poly,0.001,0.01,5,5000,0.3558233790099621,0.5576693369075656,85.04954172298312,DID NOT CONVERGE
pca_200,poly,0.001,0.1,1,5000,0.36857980000786483,0.557051891926676,112.18586859083734,
pca_200,poly,0.001,0.1,2,5000,0.3590688710100949,0.5541245189961046,60.945264062145725,DID NOT CONVERGE
pca_200,poly,0.001,0.1,3,5000,0.36234492203220725,0.553592462092638,57.0763332140632,DID NOT CONVERGE
pca_200,poly,0.001,0.1,4,5000,0.36849604779854417,0.5497217560186982,68.13583611790091,DID NOT CONVERGE
pca_200,poly,0.001,0.1,5,5000,0.3620163418818265,0.5475739578250796,70.0901314348448,DID NOT CONVERGE
pca_200,poly,0.001,1,1,5000,0.3699540870729834,0.5503668279852718,71.33295445004478,DID NOT CONVERGE
pca_200,poly,0.001,1,2,5000,0.36453875713050365,0.5527663610409945,53.913238184992224,DID NOT CONVERGE
pca_200,poly,0.001,1,3,5000,0.36837430391460657,0.5899648659396917,56.90666882810183,DID NOT CONVERGE
pca_200,poly,0.001,1,4,5000,0.3679816748481244,0.5511183198541403,68.15017544594593,DID NOT CONVERGE
pca_200,poly,0.001,1,5,5000,0.36837134789675474,0.5560584620106965,70.08309438615106,DID NOT CONVERGE
pca_200,poly,0.001,10,1,5000,0.3629193431697786,0.5541854351758957,59.66066958592273,DID NOT CONVERGE
pca_200,poly,0.001,10,2,5000,0.3703649539966136,0.5906084259040654,53.77543064299971,DID NOT CONVERGE
pca_200,poly,0.001,10,3,5000,0.35909994109533727,0.5523520200513303,56.79710101685487,DID NOT CONVERGE
pca_200,poly,0.001,10,4,5000,0.3685093820095062,0.5527845909819007,68.22546282503754,DID NOT CONVERGE
pca_200,poly,0.001,10,5,5000,0.3576285399030894,0.5504482120741159,70.32861282816157,DID NOT CONVERGE
pca_200,poly,0.001,100,1,5000,0.3680127779953182,0.5505929680075496,58.30562294321135,DID NOT CONVERGE
pca_200,poly,0.001,100,2,5000,0.3693663978483528,0.5526304310187697,53.716516634915024,DID NOT CONVERGE
pca_200,poly,0.001,100,3,5000,0.3578106118366122,0.5512804409954697,56.80046368902549,DID NOT CONVERGE
pca_200,poly,0.001,100,4,5000,0.3694434049539268,0.551724290009588,68.24451899691485,DID NOT CONVERGE
pca_200,poly,0.001,100,5,5000,0.3639983700122684,0.550845384132117,70.11729318695143,DID NOT CONVERGE
pca_200,poly,0.001,1000,1,5000,0.3707066469360143,0.5526545769535005,63.350409710081294,DID NOT CONVERGE
pca_200,poly,0.001,1000,2,5000,0.36815957305952907,0.5542607740499079,53.65471974783577,DID NOT CONVERGE
pca_200,poly,0.001,1000,3,5000,0.36659070500172675,0.5507777698803693,56.73086243215948,DID NOT CONVERGE
pca_200,poly,0.001,1000,4,5000,0.36996340891346335,0.553312503034249,68.28780062892474,DID NOT CONVERGE
pca_200,poly,0.001,1000,5,5000,0.35954600502736866,0.5531641789712012,70.1991059568245,DID NOT CONVERGE
pca_200,poly,0.01,0.001,1,5000,0.3678784260991961,0.5513220820575953,232.51412257598713,
pca_200,poly,0.01,0.001,2,5000,0.35759505815804005,0.549343628808856,430.4340075459331,DID NOT CONVERGE
pca_200,poly,0.01,0.001,3,5000,0.3688626470975578,0.5580158850643784,509.1663314548787,DID NOT CONVERGE
pca_200,poly,0.01,0.001,4,5000,0.35652587516233325,0.553952056914568,640.2154985449743,DID NOT CONVERGE
pca_200,poly,0.01,0.001,5,5000,0.3586544350255281,0.5548629430122674,671.3965883499477,DID NOT CONVERGE
pca_200,poly,0.01,0.01,1,5000,0.35631662304513156,0.555308949900791,112.10315719805658,
pca_200,poly,0.01,0.01,2,5000,0.35593908396549523,0.5558370219077915,90.11962783103809,DID NOT CONVERGE
pca_200,poly,0.01,0.01,3,5000,0.3555046268738806,0.552538761170581,69.50073010404594,DID NOT CONVERGE
pca_200,poly,0.01,0.01,4,5000,0.3565577119588852,0.5542985601350665,73.4787150239572,DID NOT CONVERGE
pca_200,poly,0.01,0.01,5,5000,0.3557268700096756,0.5514464990701526,72.56796323903836,DID NOT CONVERGE
pca_200,poly,0.01,0.1,1,5000,0.3576627569273114,0.552496962947771,71.35603722394444,DID NOT CONVERGE
pca_200,poly,0.01,0.1,2,5000,0.3552920129150152,0.5513252669479698,54.40316069312394,DID NOT CONVERGE
pca_200,poly,0.01,0.1,3,5000,0.35623041493818164,0.5518813531380147,56.83793061506003,DID NOT CONVERGE
pca_200,poly,0.01,0.1,4,5000,0.3547509901691228,0.5512819080613554,68.1312654609792,DID NOT CONVERGE
pca_200,poly,0.01,0.1,5,5000,0.3550969350617379,0.5575170670635998,70.12337687402032,DID NOT CONVERGE
pca_200,poly,0.01,1,1,5000,0.35492734308354557,0.5549446009099483,59.525433792034164,DID NOT CONVERGE
pca_200,poly,0.01,1,2,5000,0.35770961991511285,0.5543662328273058,53.854470963124186,DID NOT CONVERGE
pca_200,poly,0.01,1,3,5000,0.3554378419648856,0.5438140069600195,56.869230390992016,DID NOT CONVERGE
pca_200,poly,0.01,1,4,5000,0.3557897158898413,0.5718886109534651,68.1471415811684,DID NOT CONVERGE
pca_200,poly,0.01,1,5,5000,0.358187910169363,0.5747400769032538,70.09121338604018,DID NOT CONVERGE
pca_200,poly,0.01,10,1,5000,0.35802239808253944,0.5705006481148303,58.344300492201,DID NOT CONVERGE
pca_200,poly,0.01,10,2,5000,0.3602286418899894,0.5721766070928425,53.75794472801499,DID NOT CONVERGE
pca_200,poly,0.01,10,3,5000,0.3673120189923793,0.5694100009277463,56.81242357403971,DID NOT CONVERGE
pca_200,poly,0.01,10,4,5000,0.3593831150792539,0.5720141748897731,68.22052927897312,DID NOT CONVERGE
pca_200,poly,0.01,10,5,5000,0.3594697271473706,0.5715313202235848,70.27459567598999,DID NOT CONVERGE
pca_200,poly,0.01,100,1,5000,0.3575139120221138,0.571356187807396,63.66299451701343,DID NOT CONVERGE
pca_200,poly,0.01,100,2,5000,0.36670410400256515,0.5695842590648681,53.69620366510935,DID NOT CONVERGE
pca_200,poly,0.01,100,3,5000,0.36902377801015973,0.5736253508366644,56.80415895907208,DID NOT CONVERGE
pca_200,poly,0.01,100,4,5000,0.3776944521814585,0.5756747392006218,68.20078548789024,DID NOT CONVERGE
pca_200,poly,0.01,100,5,5000,0.3568935398943722,0.5732541589532048,70.07944804104045,DID NOT CONVERGE
pca_200,poly,0.01,1000,1,5000,0.36912281392142177,0.5756355470512062,63.68641703994945,DID NOT CONVERGE
pca_200,poly,0.01,1000,2,5000,0.35606834292411804,0.570830122102052,53.64870906388387,DID NOT CONVERGE
pca_200,poly,0.01,1000,3,5000,0.362270395969972,0.5726820460986346,56.70281233708374,DID NOT CONVERGE
pca_200,poly,0.01,1000,4,5000,0.36083703488111496,0.5728946148883551,68.28409334295429,DID NOT CONVERGE
pca_200,poly,0.01,1000,5,5000,0.3670578219462186,0.5755350580438972,70.22125293314457,DID NOT CONVERGE
pca_200,poly,0.1,0.001,1,5000,0.3680734110530466,0.5824526438955218,112.20759064517915,
pca_200,poly,0.1,0.001,2,5000,0.35720138205215335,0.5775452619418502,183.05353574408218,
pca_200,poly,0.1,0.001,3,5000,0.3683238220401108,0.5776471882127225,234.3859464409761,
pca_200,poly,0.1,0.001,4,5000,0.355353157967329,0.5742743699811399,354.1079519880004,DID NOT CONVERGE
pca_200,poly,0.1,0.001,5,5000,0.35768900206312537,0.5732840031851083,441.2617842599284,DID NOT CONVERGE
pca_200,poly,0.1,0.01,1,5000,0.3554642121307552,0.5751253690104932,71.3352998548653,DID NOT CONVERGE
pca_200,poly,0.1,0.01,2,5000,0.3574010878801346,0.5737503161653876,60.833734538871795,DID NOT CONVERGE
pca_200,poly,0.1,0.01,3,5000,0.3563891500234604,0.5723244140390307,59.03666575392708,DID NOT CONVERGE
pca_200,poly,0.1,0.01,4,5000,0.3558079469949007,0.5716494219377637,68.73657610802911,DID NOT CONVERGE
pca_200,poly,0.1,0.01,5,5000,0.35588439204730093,0.5723016720730811,70.16110306116752,DID NOT CONVERGE
pca_200,poly,0.1,0.1,1,5000,0.3549011128488928,0.5760404369793832,59.513706129044294,DID NOT CONVERGE
pca_200,poly,0.1,0.1,2,5000,0.35633069602772593,0.5749968260060996,53.92363507999107,DID NOT CONVERGE
pca_200,poly,0.1,0.1,3,5000,0.35894877393729985,0.5759914161171764,56.8492041178979,DID NOT CONVERGE
pca_200,poly,0.1,0.1,4,5000,0.3583104470744729,0.5709319880697876,68.2294436590746,DID NOT CONVERGE
pca_200,poly,0.1,0.1,5,5000,0.36655333498492837,0.5738910301588476,70.14114639093168,DID NOT CONVERGE
pca_200,poly,0.1,1,1,5000,0.3573189009912312,0.5721828988753259,58.19741176418029,DID NOT CONVERGE
pca_200,poly,0.1,1,2,5000,0.36784928292036057,0.6358221808914095,53.85278371209279,DID NOT CONVERGE
pca_200,poly,0.1,1,3,5000,0.3574986250605434,0.5712770640384406,56.92224437696859,DID NOT CONVERGE
pca_200,poly,0.1,1,4,5000,0.36764118704013526,0.5715310089290142,68.19728729897179,DID NOT CONVERGE
pca_200,poly,0.1,1,5,5000,0.366576662985608,0.5717688840813935,70.09608334489167,DID NOT CONVERGE
pca_200,poly,0.1,10,1,5000,0.36779402988031507,0.5731519390828907,63.57368870195933,DID NOT CONVERGE
pca_200,poly,0.1,10,2,5000,0.36787595599889755,0.5700889399740845,53.71840144181624,DID NOT CONVERGE
pca_200,poly,0.1,10,3,5000,0.36838795407675207,0.5731431981548667,56.820499807130545,DID NOT CONVERGE
pca_200,poly,0.1,10,4,5000,0.35812783194705844,0.5702108321711421,68.22207274101675,DID NOT CONVERGE
pca_200,poly,0.1,10,5,5000,0.3687859089113772,0.5732757849618793,70.34214036213234,DID NOT CONVERGE
pca_200,poly,0.1,100,1,5000,0.3612766459118575,0.5719093889929354,63.542826738907024,DID NOT CONVERGE
pca_200,poly,0.1,100,2,5000,0.3684834148734808,0.5720790401101112,53.71065980801359,DID NOT CONVERGE
pca_200,poly,0.1,100,3,5000,0.36734582111239433,0.5715447289403528,56.804046042962,DID NOT CONVERGE
pca_200,poly,0.1,100,4,5000,0.3580507440492511,0.5780072840861976,68.1845444929786,DID NOT CONVERGE
pca_200,poly,0.1,100,5,5000,0.36876499792560935,0.5761454380117357,70.09209053078666,DID NOT CONVERGE
pca_200,poly,0.1,1000,1,5000,0.3682080740109086,0.5734494337812066,63.622762501006946,DID NOT CONVERGE
pca_200,poly,0.1,1000,2,5000,0.36950801289640367,0.5747956710401922,53.632748197065666,DID NOT CONVERGE
pca_200,poly,0.1,1000,3,5000,0.360202400945127,0.5714952489361167,56.7078668968752,DID NOT CONVERGE
pca_200,poly,0.1,1000,4,5000,0.35756493592634797,0.5747405558358878,68.22794476803392,DID NOT CONVERGE
pca_200,poly,0.1,1000,5,5000,0.3573831601534039,0.5744241380598396,70.19358649896458,DID NOT CONVERGE
pca_200,poly,1,0.001,1,5000,0.35750848008319736,0.5783288800157607,71.36043459293433,DID NOT CONVERGE
pca_200,poly,1,0.001,2,5000,0.36804171395488083,0.5756275141611695,90.16020296886563,DID NOT CONVERGE
pca_200,poly,1,0.001,3,5000,0.3589964909479022,0.5740586891770363,111.72778409998864,DID NOT CONVERGE
pca_200,poly,1,0.001,4,5000,0.3672316651791334,0.5742323468439281,173.37772142211907,DID NOT CONVERGE
pca_200,poly,1,0.001,5,5000,0.36793184000998735,0.5743990889750421,231.57653338392265,DID NOT CONVERGE
pca_200,poly,1,0.01,1,5000,0.3670494828838855,0.5718247229233384,59.640494043938816,DID NOT CONVERGE
pca_200,poly,1,0.01,2,5000,0.36774654616601765,0.5750395939685404,54.506087746005505,DID NOT CONVERGE
pca_200,poly,1,0.01,3,5000,0.3555245951283723,0.5736477980390191,57.03504892997444,DID NOT CONVERGE
pca_200,poly,1,0.01,4,5000,0.35549597116187215,0.5707207650411874,68.4520475701429,DID NOT CONVERGE
pca_200,poly,1,0.01,5,5000,0.3543917250353843,0.5736152089666575,70.22257969505154,DID NOT CONVERGE
pca_200,poly,1,0.1,1,5000,0.35918651707470417,0.5738938869908452,58.28012056881562,DID NOT CONVERGE
pca_200,poly,1,0.1,2,5000,0.35805054497905076,0.572294533951208,53.769151230109856,DID NOT CONVERGE
pca_200,poly,1,0.1,3,5000,0.3671687392052263,0.5736746368929744,56.830645153997466,DID NOT CONVERGE
pca_200,poly,1,0.1,4,5000,0.3671698081307113,0.5729184499941766,68.18346811807714,DID NOT CONVERGE
pca_200,poly,1,0.1,5,5000,0.3581161820329726,0.5737690259702504,70.85655775782652,DID NOT CONVERGE
pca_200,poly,1,1,1,5000,0.3900787979364395,0.5750851361081004,63.664396358886734,DID NOT CONVERGE
pca_200,poly,1,1,2,5000,0.3877601739950478,0.5764578250236809,53.87278030416928,DID NOT CONVERGE
pca_200,poly,1,1,3,5000,0.40428634406998754,0.5744085609912872,56.93385853711516,DID NOT CONVERGE
pca_200,poly,1,1,4,5000,0.3711077149491757,0.5753682348877192,68.16162299900316,DID NOT CONVERGE
pca_200,poly,1,1,5,5000,0.3684327269438654,0.5708465659990907,70.09278777916916,DID NOT CONVERGE
pca_200,poly,1,10,1,5000,0.3694777430500835,0.5788971229922026,63.57718385197222,DID NOT CONVERGE
pca_200,poly,1,10,2,5000,0.3782099010422826,0.572782183997333,53.75196233205497,DID NOT CONVERGE
pca_200,poly,1,10,3,5000,0.36995088309049606,0.5717077110894024,56.7970540469978,DID NOT CONVERGE
pca_200,poly,1,10,4,5000,0.37116482900455594,0.5708064450882375,68.26640779990703,DID NOT CONVERGE
pca_200,poly,1,10,5,5000,0.3615113568957895,0.5729613981675357,70.31594660389237,DID NOT CONVERGE
pca_200,poly,1,100,1,5000,0.3676653599832207,0.5809376139659435,63.57316566305235,DID NOT CONVERGE
pca_200,poly,1,100,2,5000,0.3700279488693923,0.574531946098432,53.77143719000742,DID NOT CONVERGE
pca_200,poly,1,100,3,5000,0.36936126300133765,0.5773083670064807,56.796427346998826,DID NOT CONVERGE
pca_200,poly,1,100,4,5000,0.3610259499400854,0.5752934110350907,68.24347768584266,DID NOT CONVERGE
pca_200,poly,1,100,5,5000,0.3739004370290786,0.5751107921823859,70.07970693614334,DID NOT CONVERGE
pca_200,poly,1,1000,1,5000,0.3694078619591892,0.5736382480245084,63.68689942499623,DID NOT CONVERGE
pca_200,poly,1,1000,2,5000,0.36978135793469846,0.5728783919475973,53.67939065909013,DID NOT CONVERGE
pca_200,poly,1,1000,3,5000,0.3591887350194156,0.5789689300581813,56.70471201185137,DID NOT CONVERGE
pca_200,poly,1,1000,4,5000,0.3619949908461422,0.5770889581181109,68.25484764506109,DID NOT CONVERGE
pca_200,poly,1,1000,5,5000,0.3701072239782661,0.5758615911472589,70.22902154992335,DID NOT CONVERGE
pca_200,poly,10,0.001,1,5000,0.3705970470327884,0.571753895143047,59.6309646719601,DID NOT CONVERGE
pca_200,poly,10,0.001,2,5000,0.3594146971590817,0.5745430481620133,60.93504254100844,DID NOT CONVERGE
pca_200,poly,10,0.001,3,5000,0.3690070491284132,0.5771029181778431,69.75206136819907,DID NOT CONVERGE
pca_200,poly,10,0.001,4,5000,0.36898757703602314,0.5771285598166287,98.17864456190728,DID NOT CONVERGE
pca_200,poly,10,0.001,5,5000,0.3689909160602838,0.5727086619008332,128.20263302489184,DID NOT CONVERGE
pca_200,poly,10,0.01,1,5000,0.362813200103119,0.5737151480279863,58.24583494197577,DID NOT CONVERGE
pca_200,poly,10,0.01,2,5000,0.36074405210092664,0.5746462689712644,53.85258585889824,DID NOT CONVERGE
pca_200,poly,10,0.01,3,5000,0.3720777409616858,0.5734939081594348,56.87658035103232,DID NOT CONVERGE
pca_200,poly,10,0.01,4,5000,0.36256328294984996,0.578468422871083,68.4207643060945,DID NOT CONVERGE
pca_200,poly,10,0.01,5,5000,0.37153223901987076,0.5773625778965652,70.24574941303581,DID NOT CONVERGE
pca_200,poly,10,0.1,1,5000,0.36303180386312306,0.5765994470566511,63.554884169017896,DID NOT CONVERGE
pca_200,poly,10,0.1,2,5000,0.35291582508943975,0.5757488908711821,53.675882975105196,DID NOT CONVERGE
pca_200,poly,10,0.1,3,5000,0.3531412191223353,0.5745460139587522,56.87457666406408,DID NOT CONVERGE
pca_200,poly,10,0.1,4,5000,0.3534979480318725,0.5748915469739586,68.21943120914511,DID NOT CONVERGE
pca_200,poly,10,0.1,5,5000,0.35396170685999095,0.5766561108175665,70.16168038803153,DID NOT CONVERGE
pca_200,poly,10,1,1,5000,0.35190785792656243,0.5756087307818234,63.66735637187958,DID NOT CONVERGE
pca_200,poly,10,1,2,5000,0.35379579407162964,0.5732375648804009,53.85868285107426,DID NOT CONVERGE
pca_200,poly,10,1,3,5000,0.3528515000361949,0.574788651894778,56.87983440211974,DID NOT CONVERGE
pca_200,poly,10,1,4,5000,0.3534706679638475,0.5762863359414041,68.172786278883,DID NOT CONVERGE
pca_200,poly,10,1,5,5000,0.35377081809565425,0.5777823720127344,70.09760736906901,DID NOT CONVERGE
pca_200,poly,10,10,1,5000,0.35371483908966184,0.5743810799904168,63.525847632903606,DID NOT CONVERGE
pca_200,poly,10,10,2,5000,0.3524886791128665,0.573893517954275,53.72870635287836,DID NOT CONVERGE
pca_200,poly,10,10,3,5000,0.35309175099246204,0.5748126290272921,56.82767774304375,DID NOT CONVERGE
pca_200,poly,10,10,4,5000,0.3522500831168145,0.5742853248957545,68.24304080707952,DID NOT CONVERGE
pca_200,poly,10,10,5,5000,0.3534841719083488,0.5732914640102535,70.33926767902449,DID NOT CONVERGE
pca_200,poly,10,100,1,5000,0.35298595181666315,0.5738499441649765,63.552434175042436,DID NOT CONVERGE
pca_200,poly,10,100,2,5000,0.3522899649105966,0.5712259709835052,53.71156961796805,DID NOT CONVERGE
pca_200,poly,10,100,3,5000,0.3562796120531857,0.5747805631253868,56.786370208952576,DID NOT CONVERGE
pca_200,poly,10,100,4,5000,0.35283715603873134,0.5783947829622775,68.23629345209338,DID NOT CONVERGE
pca_200,poly,10,100,5,5000,0.35308264987543225,0.5755069558508694,70.13623398798518,DID NOT CONVERGE
pca_200,poly,10,1000,1,5000,0.3541930129285902,0.5785059921909124,63.66852742899209,DID NOT CONVERGE
pca_200,poly,10,1000,2,5000,0.35312078706920147,0.577071423875168,53.67583412793465,DID NOT CONVERGE
pca_200,poly,10,1000,3,5000,0.3525389649439603,0.578240267932415,56.73898421297781,DID NOT CONVERGE
pca_200,poly,10,1000,4,5000,0.3547981099691242,0.57723926496692,68.28380453400314,DID NOT CONVERGE
pca_200,poly,10,1000,5,5000,0.3536040249746293,0.5764913999009877,70.23278376902454,DID NOT CONVERGE
pca_200,poly,100,0.001,1,5000,0.35493640089407563,0.5766976249869913,58.387210422195494,DID NOT CONVERGE
pca_200,poly,100,0.001,2,5000,0.3531357538886368,0.573569084983319,54.50186394294724,DID NOT CONVERGE
pca_200,poly,100,0.001,3,5000,0.35649576713331044,0.5716562250163406,58.84105109702796,DID NOT CONVERGE
pca_200,poly,100,0.001,4,5000,0.3533093109726906,0.5751559841446579,73.96544096502475,DID NOT CONVERGE
pca_200,poly,100,0.001,5,5000,0.3549807600211352,0.5738607249222696,84.79418881889433,DID NOT CONVERGE
pca_200,poly,100,0.01,1,5000,0.35480881994590163,0.5735721399541944,63.57116478215903,DID NOT CONVERGE
pca_200,poly,100,0.01,2,5000,0.35297896107658744,0.5776755299884826,53.78250525891781,DID NOT CONVERGE
pca_200,poly,100,0.01,3,5000,0.3535349208395928,0.5846942779608071,56.88322750199586,DID NOT CONVERGE
pca_200,poly,100,0.01,4,5000,0.3533431109972298,0.5819935707841069,68.42732755187899,DID NOT CONVERGE
pca_200,poly,100,0.01,5,5000,0.3528568639885634,0.5778235490433872,70.20920770196244,DID NOT CONVERGE
pca_200,poly,100,0.1,1,5000,0.3536505079828203,0.5770046878606081,63.55485535110347,DID NOT CONVERGE
pca_200,poly,100,0.1,2,5000,0.35318614495918155,0.5789286601357162,53.653551469091326,DID NOT CONVERGE
pca_200,poly,100,0.1,3,5000,0.35224544908851385,0.5733150290325284,56.83730621705763,DID NOT CONVERGE
pca_200,poly,100,0.1,4,5000,0.3529172318521887,0.573021249845624,68.16706886305474,DID NOT CONVERGE
pca_200,poly,100,0.1,5,5000,0.3529805410653353,0.5736821179743856,70.14302294119261,DID NOT CONVERGE
pca_200,poly,100,1,1,5000,0.3531232881359756,0.5726661689113826,63.65871203690767,DID NOT CONVERGE
pca_200,poly,100,1,2,5000,0.35502585186623037,0.5723615549504757,53.85816933307797,DID NOT CONVERGE
pca_200,poly,100,1,3,5000,0.35409702197648585,0.5726985489018261,56.910413085948676,DID NOT CONVERGE
pca_200,poly,100,1,4,5000,0.35433322517201304,0.5735665820538998,68.16986582591198,DID NOT CONVERGE
pca_200,poly,100,1,5,5000,0.3531122971326113,0.5751098410692066,70.08639577100985,DID NOT CONVERGE
pca_200,poly,100,10,1,5000,0.3537374339066446,0.5789129920303822,63.52886274782941,DID NOT CONVERGE
pca_200,poly,100,10,2,5000,0.35303264018148184,0.5748363868333399,53.71206159587018,DID NOT CONVERGE
pca_200,poly,100,10,3,5000,0.3532717148773372,0.5752213918603957,56.80007051397115,DID NOT CONVERGE
pca_200,poly,100,10,4,5000,0.3539915189612657,0.5759797671344131,68.21564516006038,DID NOT CONVERGE
pca_200,poly,100,10,5,5000,0.3531425150576979,0.5771955079399049,70.36615183996037,DID NOT CONVERGE
pca_200,poly,100,100,1,5000,0.35220622597262263,0.5819546589627862,63.570156769128516,DID NOT CONVERGE
pca_200,poly,100,100,2,5000,0.35653978609479964,0.5780760750640184,53.70985452202149,DID NOT CONVERGE
pca_200,poly,100,100,3,5000,0.35337901185266674,0.5777122678700835,56.76679396093823,DID NOT CONVERGE
pca_200,poly,100,100,4,5000,0.353033215040341,0.5734386851545423,68.22937746485695,DID NOT CONVERGE
pca_200,poly,100,100,5,5000,0.3532754220068455,0.5742246380541474,70.05148862814531,DID NOT CONVERGE
pca_200,poly,100,1000,1,5000,0.3518296068068594,0.5745049850083888,63.648827811004594,DID NOT CONVERGE
pca_200,poly,100,1000,2,5000,0.3529888179618865,0.5744898929260671,53.65379862696864,DID NOT CONVERGE
pca_200,poly,100,1000,3,5000,0.3527372698299587,0.5762538400013,56.69050787505694,DID NOT CONVERGE
pca_200,poly,100,1000,4,5000,0.3544491180218756,0.5775707340799272,68.27313896198757,DID NOT CONVERGE
pca_200,poly,100,1000,5,5000,0.3555960759986192,0.5798677860293537,70.22302570706233,DID NOT CONVERGE
pca_200,poly,1000,0.001,1,5000,0.3523314339108765,0.6365582740399987,63.568330123089254,DID NOT CONVERGE
pca_200,poly,1000,0.001,2,5000,0.352878533070907,0.5772776699159294,53.835747701115906,DID NOT CONVERGE
pca_200,poly,1000,0.001,3,5000,0.3552024159580469,0.5755009651184082,56.945659277029335,DID NOT CONVERGE
pca_200,poly,1000,0.001,4,5000,0.35336765297688544,0.577333705034107,68.70937678287737,DID NOT CONVERGE
pca_200,poly,1000,0.001,5,5000,0.352843880886212,0.5782851169351488,72.17878690408543,DID NOT CONVERGE
pca_200,poly,1000,0.01,1,5000,0.35300245485268533,0.572496588807553,63.6209463828709,DID NOT CONVERGE
pca_200,poly,1000,0.01,2,5000,0.35333050903864205,0.5735362390987575,53.764140411047265,DID NOT CONVERGE
pca_200,poly,1000,0.01,3,5000,0.3588173969183117,0.5718417600728571,56.870727895060554,DID NOT CONVERGE
pca_200,poly,1000,0.01,4,5000,0.3534106849692762,0.5726878121495247,68.43857446685433,DID NOT CONVERGE
pca_200,poly,1000,0.01,5,5000,0.3545258869417012,0.5736514180898666,70.21409105090424,DID NOT CONVERGE
pca_200,poly,1000,0.1,1,5000,0.352883187122643,0.5727602180559188,63.613404516130686,DID NOT CONVERGE
pca_200,poly,1000,0.1,2,5000,0.3536269520409405,0.5687357119750232,53.66937283682637,DID NOT CONVERGE
pca_200,poly,1000,0.1,3,5000,0.35359024605713785,0.5728851410094649,56.845988168148324,DID NOT CONVERGE
pca_200,poly,1000,0.1,4,5000,0.3529762481339276,0.5712049910798669,68.18251491198316,DID NOT CONVERGE
pca_200,poly,1000,0.1,5,5000,0.35344731085933745,0.5740782581269741,70.14082132000476,DID NOT CONVERGE
pca_200,poly,1000,1,1,5000,0.35209070099517703,0.5722317430190742,63.65997989010066,DID NOT CONVERGE
pca_200,poly,1000,1,2,5000,0.35345544409938157,0.5727339060977101,53.883195859147236,DID NOT CONVERGE
pca_200,poly,1000,1,3,5000,0.35229106596671045,0.5693913230206817,56.936875289073214,DID NOT CONVERGE
pca_200,poly,1000,1,4,5000,0.3528655010741204,0.5732247028499842,68.17423780914396,DID NOT CONVERGE
pca_200,poly,1000,1,5,5000,0.3525630000513047,0.5792359178885818,70.11229309579358,DID NOT CONVERGE
pca_200,poly,1000,10,1,5000,0.35329602006822824,0.5763792002107948,63.56587042310275,DID NOT CONVERGE
pca_200,poly,1000,10,2,5000,0.3522650778759271,0.5763357940595597,53.72323652706109,DID NOT CONVERGE
pca_200,poly,1000,10,3,5000,0.353646048810333,0.5698922690935433,56.81736986502074,DID NOT CONVERGE
pca_200,poly,1000,10,4,5000,0.35342998802661896,0.5704037810210139,68.218023854075,DID NOT CONVERGE
pca_200,poly,1000,10,5,5000,0.3539493188727647,0.5720797460526228,70.32267191587016,DID NOT CONVERGE
pca_200,poly,1000,100,1,5000,0.3549851549323648,0.5734216708224267,63.56283514993265,DID NOT CONVERGE
pca_200,poly,1000,100,2,5000,0.35242315009236336,0.5704613849520683,53.696824125014246,DID NOT CONVERGE
pca_200,poly,1000,100,3,5000,0.35274331201799214,0.5721364230848849,56.80450993194245,DID NOT CONVERGE
pca_200,poly,1000,100,4,5000,0.35251595289446414,0.5731735359877348,68.23442168999463,DID NOT CONVERGE
pca_200,poly,1000,100,5,5000,0.35243019205518067,0.5764384870417416,70.10327561479062,DID NOT CONVERGE
pca_200,poly,1000,1000,1,5000,0.35350113408640027,0.5736467249225825,63.68887486192398,DID NOT CONVERGE
pca_200,poly,1000,1000,2,5000,0.35512057901360095,0.5747239349875599,53.67602222296409,DID NOT CONVERGE
pca_200,poly,1000,1000,3,5000,0.35455344105139375,0.5750290600117296,56.72093889908865,DID NOT CONVERGE
pca_200,poly,1000,1000,4,5000,0.3535278020426631,0.5736048701219261,68.32001776294783,DID NOT CONVERGE
pca_200,poly,1000,1000,5,5000,0.3537096588406712,0.5730823168996722,70.21788872918114,DID NOT CONVERGE
lda,poly,0.001,0.001,1,5000,0.393304246943444,5.385163785191253,125.100011323113,DID NOT CONVERGE
lda,poly,0.001,0.001,2,5000,0.3573920230846852,4.908849664032459,126.92752611986361,DID NOT CONVERGE
lda,poly,0.001,0.001,3,5000,0.35818099696189165,4.664660979993641,127.66242630803026,DID NOT CONVERGE
lda,poly,0.001,0.001,4,5000,0.357391350902617,4.47124823811464,128.5200056990143,DID NOT CONVERGE
lda,poly,0.001,0.001,5,5000,0.3574871530290693,4.4418715860228986,129.58108115103096,DID NOT CONVERGE
lda,poly,0.001,0.01,1,5000,0.35717974905855954,4.351139549864456,91.2878037688788,DID NOT CONVERGE
lda,poly,0.001,0.01,2,5000,0.35713138501159847,4.442216191906482,120.03299447288737,DID NOT CONVERGE
lda,poly,0.001,0.01,3,5000,0.35719365696422756,4.3939371150918305,124.57999837188981,DID NOT CONVERGE
lda,poly,0.001,0.01,4,5000,0.3571856839116663,4.316615964984521,127.19324702583253,DID NOT CONVERGE
lda,poly,0.001,0.01,5,5000,0.35769096785224974,4.282535223988816,129.08650154294446,DID NOT CONVERGE
lda,poly,0.001,0.1,1,5000,0.3576574649196118,4.331645152065903,32.3755219609011,
lda,poly,0.001,0.1,2,5000,0.35771497315727174,4.295866244006902,32.04308030405082,
lda,poly,0.001,0.1,3,5000,0.357218821067363,4.315832728985697,26.516429346986115,
lda,poly,0.001,0.1,4,5000,0.3574730458203703,4.3387087599840015,26.73625803506002,DID NOT CONVERGE
lda,poly,0.001,0.1,5,5000,0.3576374868862331,4.3274556221440434,25.45899963588454,DID NOT CONVERGE
lda,poly,0.001,1,1,5000,0.35852480097673833,4.323197966907173,15.739605681039393,
lda,poly,0.001,1,2,5000,0.35829346301034093,4.314811884891242,14.255561062134802,DID NOT CONVERGE
lda,poly,0.001,1,3,5000,0.3559873050544411,4.302562852855772,15.079332600114867,DID NOT CONVERGE
lda,poly,0.001,1,4,5000,0.3589297889266163,4.32697808300145,14.479084667051211,DID NOT CONVERGE
lda,poly,0.001,1,5,5000,0.357111383927986,4.291531716007739,12.227533388882875,DID NOT CONVERGE
lda,poly,0.001,10,1,5000,0.35733395302668214,4.305506327887997,12.22205199697055,
lda,poly,0.001,10,2,5000,0.35719713219441473,4.2848141910508275,16.451101258862764,DID NOT CONVERGE
lda,poly,0.001,10,3,5000,0.35905910609290004,4.333758427994326,12.134746460942551,DID NOT CONVERGE
lda,poly,0.001,10,4,5000,0.3575048032216728,4.295594113180414,12.55821563419886,DID NOT CONVERGE
lda,poly,0.001,10,5,5000,0.35661196103319526,4.298700856976211,11.64080629684031,DID NOT CONVERGE
lda,poly,0.001,100,1,5000,0.35813679615966976,4.349372199969366,12.796591760125011,DID NOT CONVERGE
lda,poly,0.001,100,2,5000,0.3579108368139714,4.315468791872263,18.659602575935423,DID NOT CONVERGE
lda,poly,0.001,100,3,5000,0.35693622403778136,4.29176937090233,12.072725618025288,DID NOT CONVERGE
lda,poly,0.001,100,4,5000,0.35752705996856093,4.329403843963519,12.423717422178015,DID NOT CONVERGE
lda,poly,0.001,100,5,5000,0.3577789340633899,4.299853894859552,11.645462381886318,DID NOT CONVERGE
lda,poly,0.001,1000,1,5000,0.3568073508795351,4.314514696132392,14.600661664968356,DID NOT CONVERGE
lda,poly,0.001,1000,2,5000,0.3574407980777323,4.343063332838938,18.237767522921786,DID NOT CONVERGE
lda,poly,0.001,1000,3,5000,0.3570064769592136,4.310408977791667,12.151814098935574,DID NOT CONVERGE
lda,poly,0.001,1000,4,5000,0.35881477617658675,4.353567549958825,12.533329824917018,DID NOT CONVERGE
lda,poly,0.001,1000,5,5000,0.35761411394923925,4.40186059800908,11.686099086888134,DID NOT CONVERGE
lda,poly,0.01,0.001,1,5000,0.358407850144431,4.322727709077299,91.31278254510835,DID NOT CONVERGE
lda,poly,0.01,0.001,2,5000,0.36014873697422445,4.294913467019796,127.08202874101698,DID NOT CONVERGE
lda,poly,0.01,0.001,3,5000,0.35691700992174447,4.30274048098363,127.64601718704216,DID NOT CONVERGE
lda,poly,0.01,0.001,4,5000,0.3581404979340732,4.321826672181487,128.53322744299658,DID NOT CONVERGE
lda,poly,0.01,0.001,5,5000,0.35721538797952235,4.2719824579544365,128.2305546819698,DID NOT CONVERGE
lda,poly,0.01,0.01,1,5000,0.3543452029116452,4.299214815022424,31.811343224020675,
lda,poly,0.01,0.01,2,5000,0.3535573019180447,4.289316548965871,68.63160071405582,DID NOT CONVERGE
lda,poly,0.01,0.01,3,5000,0.35319407586939633,4.302190280985087,87.5730632650666,DID NOT CONVERGE
lda,poly,0.01,0.01,4,5000,0.35295571596361697,4.275679324986413,99.35655868891627,DID NOT CONVERGE
lda,poly,0.01,0.01,5,5000,0.3534375689923763,4.333689003018662,106.91166488314047,DID NOT CONVERGE
lda,poly,0.01,0.1,1,5000,0.352000183891505,4.2688271480146796,15.46529911691323,
lda,poly,0.01,0.1,2,5000,0.35318041988648474,4.3486439529806376,17.869036682881415,
lda,poly,0.01,0.1,3,5000,0.3551329760812223,4.262732930015773,16.53113745409064,
lda,poly,0.01,0.1,4,5000,0.3542004399932921,4.305477999849245,18.65292782895267,DID NOT CONVERGE
lda,poly,0.01,0.1,5,5000,0.3533005570061505,4.275441184174269,19.503596405033022,DID NOT CONVERGE
lda,poly,0.01,1,1,5000,0.35355089604854584,4.329015844967216,12.049769092118368,
lda,poly,0.01,1,2,5000,0.3540301809553057,4.315236282069236,14.497466479195282,DID NOT CONVERGE
lda,poly,0.01,1,3,5000,0.3548629581928253,4.311489334097132,13.284538665087894,DID NOT CONVERGE
lda,poly,0.01,1,4,5000,0.35384158813394606,4.298651072895154,13.400379786966369,DID NOT CONVERGE
lda,poly,0.01,1,5,5000,0.35448586009442806,4.316934144124389,11.768164469860494,DID NOT CONVERGE
lda,poly,0.01,10,1,5000,0.3545088099781424,4.297837535152212,12.567014084896073,DID NOT CONVERGE
lda,poly,0.01,10,2,5000,0.3538090798538178,4.295284091029316,18.411196689121425,DID NOT CONVERGE
lda,poly,0.01,10,3,5000,0.3536795189138502,4.3294791739899665,11.981860418105498,DID NOT CONVERGE
lda,poly,0.01,10,4,5000,0.35446959896944463,4.292902098968625,12.448704708833247,DID NOT CONVERGE
lda,poly,0.01,10,5,5000,0.35313149401918054,4.265693528810516,11.501878907904029,DID NOT CONVERGE
lda,poly,0.01,100,1,5000,0.35311963106505573,4.308685248950496,14.546013128012419,DID NOT CONVERGE
lda,poly,0.01,100,2,5000,0.3540763908531517,4.293231136165559,18.180055004078895,DID NOT CONVERGE
lda,poly,0.01,100,3,5000,0.35430250712670386,4.3067181028891355,11.933487591100857,DID NOT CONVERGE
lda,poly,0.01,100,4,5000,0.3534393780864775,4.271003450965509,12.2634954941459,DID NOT CONVERGE
lda,poly,0.01,100,5,5000,0.35578278196044266,4.311410866910592,11.561435374896973,DID NOT CONVERGE
lda,poly,0.01,1000,1,5000,0.3537103231064975,4.304147808114067,12.381433896021917,DID NOT CONVERGE
lda,poly,0.01,1000,2,5000,0.3533956720493734,4.30389029183425,18.031827489845455,DID NOT CONVERGE
lda,poly,0.01,1000,3,5000,0.35376729210838675,4.290298242820427,12.028201831039041,DID NOT CONVERGE
lda,poly,0.01,1000,4,5000,0.35377587005496025,4.266697992105037,12.373396223876625,DID NOT CONVERGE
lda,poly,0.01,1000,5,5000,0.35347552597522736,4.3443754620384425,11.544985202141106,DID NOT CONVERGE
lda,poly,0.1,0.001,1,5000,0.3528663550969213,4.337646508123726,31.78470802004449,
lda,poly,0.1,0.001,2,5000,0.35290332906879485,4.245255397865549,117.69569371500984,DID NOT CONVERGE
lda,poly,0.1,0.001,3,5000,0.3534321980550885,4.334399983054027,125.26311155105941,DID NOT CONVERGE
lda,poly,0.1,0.001,4,5000,0.3534414798486978,4.3035403119865805,126.08944583893754,DID NOT CONVERGE
lda,poly,0.1,0.001,5,5000,0.3542334621306509,4.297663385048509,127.11925088404678,DID NOT CONVERGE
lda,poly,0.1,0.01,1,5000,0.35458780894987285,4.285692846868187,15.464030206901953,
lda,poly,0.1,0.01,2,5000,0.35313040809705853,4.365461726905778,31.446275850990787,
lda,poly,0.1,0.01,3,5000,0.3564884189981967,4.325672399951145,48.60512987081893,
lda,poly,0.1,0.01,4,5000,0.35350214992649853,4.297712026163936,70.8642939068377,DID NOT CONVERGE
lda,poly,0.1,0.01,5,5000,0.35377186303958297,4.301776147214696,82.9657295269426,DID NOT CONVERGE
lda,poly,0.1,0.1,1,5000,0.35359502118080854,4.318011534167454,12.057766224024817,
lda,poly,0.1,0.1,2,5000,0.35483359498903155,4.296016500098631,13.986052264925092,DID NOT CONVERGE
lda,poly,0.1,0.1,3,5000,0.3538825351279229,4.315568887162954,14.122608457924798,DID NOT CONVERGE
lda,poly,0.1,0.1,4,5000,0.35291155287995934,4.299747523153201,16.98222984210588,DID NOT CONVERGE
lda,poly,0.1,0.1,5,5000,0.35557732498273253,4.323359677102417,17.003150889882818,DID NOT CONVERGE
lda,poly,0.1,1,1,5000,0.3564948099665344,4.304589708102867,12.593413359019905,DID NOT CONVERGE
lda,poly,0.1,1,2,5000,0.356216540094465,4.407421987969428,16.285566232865676,DID NOT CONVERGE
lda,poly,0.1,1,3,5000,0.35563986795023084,4.2966146329417825,12.361990745877847,DID NOT CONVERGE
lda,poly,0.1,1,4,5000,0.3669706559740007,5.921033711871132,13.02927211089991,DID NOT CONVERGE
lda,poly,0.1,1,5,5000,0.3557468010112643,4.628615775844082,11.594549056142569,DID NOT CONVERGE
lda,poly,0.1,10,1,5000,0.3559061719570309,4.336820411030203,14.324635070050135,DID NOT CONVERGE
lda,poly,0.1,10,2,5000,0.35767447808757424,4.330654825083911,18.358862132998183,DID NOT CONVERGE
lda,poly,0.1,10,3,5000,0.3555190730839968,4.360411226982251,11.972411316819489,DID NOT CONVERGE
lda,poly,0.1,10,4,5000,0.35555226798169315,4.300340734189376,12.427265645936131,DID NOT CONVERGE
lda,poly,0.1,10,5,5000,0.35685890493914485,4.353974035009742,11.520865683211014,DID NOT CONVERGE
lda,poly,0.1,100,1,5000,0.35705338418483734,4.360733246197924,12.304049554048106,DID NOT CONVERGE
lda,poly,0.1,100,2,5000,0.3557496957946569,4.350108087994158,18.179213531082496,DID NOT CONVERGE
lda,poly,0.1,100,3,5000,0.35691049601882696,4.39383784099482,11.952571545960382,DID NOT CONVERGE
lda,poly,0.1,100,4,5000,0.3563802388962358,4.329996929969639,12.268030006904155,DID NOT CONVERGE
lda,poly,0.1,100,5,5000,0.35594909312203526,4.331592550035566,11.56261311005801,DID NOT CONVERGE
lda,poly,0.1,1000,1,5000,0.3572610770352185,4.300991469062865,11.899839410092682,DID NOT CONVERGE
lda,poly,0.1,1000,2,5000,0.35643755295313895,4.311690363101661,18.043885675957426,DID NOT CONVERGE
lda,poly,0.1,1000,3,5000,0.35628271102905273,4.357038063928485,12.012220010859892,DID NOT CONVERGE
lda,poly,0.1,1000,4,5000,0.35646964400075376,4.326011399971321,12.392763040959835,DID NOT CONVERGE
lda,poly,0.1,1000,5,5000,0.35636240686289966,4.3892491539008915,11.552420120919123,DID NOT CONVERGE
lda,poly,1,0.001,1,5000,0.3570274729281664,4.350073907990009,15.488985129864886,
lda,poly,1,0.001,2,5000,0.35854239389300346,4.356505092000589,68.64093770692125,DID NOT CONVERGE
lda,poly,1,0.001,3,5000,0.3565975548699498,4.393553238827735,122.32361695007421,DID NOT CONVERGE
lda,poly,1,0.001,4,5000,0.3563762931153178,4.3445905558764935,126.0944282009732,DID NOT CONVERGE
lda,poly,1,0.001,5,5000,0.35632162587717175,4.291187224909663,127.17108816187829,DID NOT CONVERGE
lda,poly,1,0.01,1,5000,0.3561209219042212,4.3522056268993765,12.043866459047422,
lda,poly,1,0.01,2,5000,0.35642436100170016,4.4411647918168455,17.84311699611135,
lda,poly,1,0.01,3,5000,0.3560457080602646,4.341735135996714,25.97128505492583,
lda,poly,1,0.01,4,5000,0.3565212150570005,4.31851579900831,42.38643554318696,
lda,poly,1,0.01,5,5000,0.35652209515683353,4.333310351939872,57.40710553410463,
lda,poly,1,0.1,1,5000,0.3568757208995521,4.306421549990773,12.561158390948549,DID NOT CONVERGE
lda,poly,1,0.1,2,5000,0.35731395706534386,4.330745270010084,14.575355087174103,DID NOT CONVERGE
lda,poly,1,0.1,3,5000,0.3561616758815944,4.314972503809258,14.80392720317468,DID NOT CONVERGE
lda,poly,1,0.1,4,5000,0.35646023298613727,4.320483166957274,15.833682119147852,DID NOT CONVERGE
lda,poly,1,0.1,5,5000,0.3569212800357491,4.330423885956407,14.582380396081135,DID NOT CONVERGE
lda,poly,1,1,1,5000,0.35526935616508126,4.309262485941872,14.399453228106722,DID NOT CONVERGE
lda,poly,1,1,2,5000,0.3560303570702672,4.310504355002195,18.294028632109985,DID NOT CONVERGE
lda,poly,1,1,3,5000,0.35613985382951796,4.331262582913041,12.052655924111605,DID NOT CONVERGE
lda,poly,1,1,4,5000,0.3564822911284864,4.363472923170775,12.348361131967977,DID NOT CONVERGE
lda,poly,1,1,5,5000,0.35575157799758017,4.346692163962871,11.584288642043248,DID NOT CONVERGE
lda,poly,1,10,1,5000,0.3548479520250112,4.290010394062847,12.34131781407632,DID NOT CONVERGE
lda,poly,1,10,2,5000,0.3542623911052942,4.311791388085112,17.8673630990088,DID NOT CONVERGE
lda,poly,1,10,3,5000,0.35365986288525164,4.332431751070544,11.980999602936208,DID NOT CONVERGE
lda,poly,1,10,4,5000,0.3532246700488031,4.291003427002579,12.426404806086794,DID NOT CONVERGE
lda,poly,1,10,5,5000,0.3545287598390132,4.320129178930074,11.515074755996466,DID NOT CONVERGE
lda,poly,1,100,1,5000,0.35301921982318163,4.349411156959832,12.05058200401254,DID NOT CONVERGE
lda,poly,1,100,2,5000,0.35294773685745895,4.324686242965981,18.18463981593959,DID NOT CONVERGE
lda,poly,1,100,3,5000,0.3537374590523541,4.30630809487775,11.946882490999997,DID NOT CONVERGE
lda,poly,1,100,4,5000,0.35361497988924384,4.351396528072655,12.282879480859265,DID NOT CONVERGE
lda,poly,1,100,5,5000,0.35340327909216285,4.270724071888253,11.5842703031376,DID NOT CONVERGE
lda,poly,1,1000,1,5000,0.3535477709956467,4.309299143962562,11.831847127061337,DID NOT CONVERGE
lda,poly,1,1000,2,5000,0.354547998867929,4.334813526133075,18.050169728929177,DID NOT CONVERGE
lda,poly,1,1000,3,5000,0.3532183510251343,4.295773522928357,12.025472796987742,DID NOT CONVERGE
lda,poly,1,1000,4,5000,0.3612506459467113,4.31100273411721,12.393415078986436,DID NOT CONVERGE
lda,poly,1,1000,5,5000,0.3532175859436393,4.324195567984134,11.57303338102065,DID NOT CONVERGE
lda,poly,10,0.001,1,5000,0.3529548170045018,4.2765181611757725,12.059818816138431,
lda,poly,10,0.001,2,5000,0.3537590450141579,4.348070316947997,31.519288369920105,
lda,poly,10,0.001,3,5000,0.35387677210383117,4.397918508853763,87.68903631484136,DID NOT CONVERGE
lda,poly,10,0.001,4,5000,0.3535293019376695,4.28255859692581,124.83998258388601,DID NOT CONVERGE
lda,poly,10,0.001,5,5000,0.5691346519161016,41.209090031916276,297.6470335780177,DID NOT CONVERGE
lda,poly,10,0.01,1,5000,1.5684572588652372,43.65804411703721,29.53732175915502,DID NOT CONVERGE
lda,poly,10,0.01,2,5000,0.5145270300563425,44.002299033803865,40.12695051403716,DID NOT CONVERGE
lda,poly,10,0.01,3,5000,0.4170705070719123,7.946488965069875,17.97701882198453,
lda,poly,10,0.01,4,5000,0.5428396288771182,37.673499051015824,83.5604498849716,DID NOT CONVERGE
lda,poly,10,0.01,5,5000,1.3193418651353568,35.61783471191302,84.94510898599401,
lda,poly,10,0.1,1,5000,0.5222629110794514,38.404448648914695,37.237756200833246,DID NOT CONVERGE
lda,poly,10,0.1,2,5000,0.5573451858945191,31.771703481907025,52.54038649611175,DID NOT CONVERGE
lda,poly,10,0.1,3,5000,0.6580925818998367,35.51804160908796,42.962196392938495,DID NOT CONVERGE
lda,poly,10,0.1,4,5000,0.5779680500272661,36.54254684387706,46.99841628386639,DID NOT CONVERGE
lda,poly,10,0.1,5,5000,0.8152750849258155,35.69607516378164,42.37207973492332,DID NOT CONVERGE
lda,poly,10,1,1,5000,0.6263531108852476,42.91597509291023,37.05823034909554,DID NOT CONVERGE
lda,poly,10,1,2,5000,0.6922376081347466,31.063492143061012,55.09639107808471,DID NOT CONVERGE
lda,poly,10,1,3,5000,0.5655714021995664,32.81705522094853,37.52576285088435,DID NOT CONVERGE
lda,poly,10,1,4,5000,0.7427553699817508,27.959462200989947,37.392832330893725,DID NOT CONVERGE
lda,poly,10,1,5,5000,1.9945505971554667,36.20261043892242,37.62078467593528,DID NOT CONVERGE
lda,poly,10,10,1,5000,0.6415496999397874,36.78837515716441,36.75204250193201,DID NOT CONVERGE
lda,poly,10,10,2,5000,0.7141582020558417,43.37874516611919,61.07030164706521,DID NOT CONVERGE
lda,poly,10,10,3,5000,0.6854152921587229,31.860613716067746,36.509351084940135,DID NOT CONVERGE
lda,poly,10,10,4,5000,1.2042698040604591,28.50008329306729,39.60767513001338,DID NOT CONVERGE
lda,poly,10,10,5,5000,0.8802396629471332,36.828570836922154,38.540673048002645,DID NOT CONVERGE
lda,poly,10,100,1,5000,0.8701106219086796,33.904069447889924,39.29171253903769,DID NOT CONVERGE
lda,poly,10,100,2,5000,0.4578332449309528,5.70487050502561,18.20321738603525,DID NOT CONVERGE
lda,poly,10,100,3,5000,0.35429883701726794,5.138127509038895,12.02792566199787,DID NOT CONVERGE
lda,poly,10,100,4,5000,0.35613977792672813,4.89589059795253,12.364994486095384,DID NOT CONVERGE
lda,poly,10,100,5,5000,0.3557144592050463,4.685094072017819,11.647170729003847,DID NOT CONVERGE
lda,poly,10,1000,1,5000,0.3548450078815222,4.481588288908824,11.863359641982242,DID NOT CONVERGE
lda,poly,10,1000,2,5000,0.3573630237951875,4.392107007093728,18.210898927180097,DID NOT CONVERGE
lda,poly,10,1000,3,5000,0.3926930839661509,4.370752847054973,12.079615660011768,DID NOT CONVERGE
lda,poly,10,1000,4,5000,0.3558504569809884,4.37319394107908,12.473971425089985,DID NOT CONVERGE
lda,poly,10,1000,5,5000,0.3555713789537549,4.361269884975627,11.648179697105661,DID NOT CONVERGE
lda,poly,100,0.001,1,5000,0.35534023796208203,4.340320233022794,12.672342364909127,DID NOT CONVERGE
lda,poly,100,0.001,2,5000,0.35593365295790136,4.293061220087111,18.054407191928476,
lda,poly,100,0.001,3,5000,0.3554531659465283,4.311105568893254,49.10191879607737,
lda,poly,100,0.001,4,5000,0.3602674128487706,4.3578379459213465,100.54582801600918,DID NOT CONVERGE
lda,poly,100,0.001,5,5000,0.3553391939494759,4.306637038011104,128.03857887885533,DID NOT CONVERGE
lda,poly,100,0.01,1,5000,0.35390711203217506,4.257649488048628,14.631082457024604,DID NOT CONVERGE
lda,poly,100,0.01,2,5000,0.3584919609129429,4.307971894042566,14.674018553923815,DID NOT CONVERGE
lda,poly,100,0.01,3,5000,0.35488404612988234,4.298803986981511,14.254818543093279,DID NOT CONVERGE
lda,poly,100,0.01,4,5000,0.3557638640049845,4.30377678014338,18.859049295075238,DID NOT CONVERGE
lda,poly,100,0.01,5,5000,0.35577693092636764,4.31489618611522,25.283482930855826,DID NOT CONVERGE
lda,poly,100,0.1,1,5000,0.35501166619360447,4.29906965396367,12.45810235105455,DID NOT CONVERGE
lda,poly,100,0.1,2,5000,0.35485276603139937,4.304784073960036,18.38918583607301,DID NOT CONVERGE
lda,poly,100,0.1,3,5000,0.35464249597862363,4.30888652196154,12.295215635094792,DID NOT CONVERGE
lda,poly,100,0.1,4,5000,0.3562444858253002,4.284228918142617,13.647065566852689,DID NOT CONVERGE
lda,poly,100,0.1,5,5000,0.35566208814270794,4.301255706930533,12.139510097913444,DID NOT CONVERGE
lda,poly,100,1,1,5000,0.35543682193383574,4.383086732821539,12.039807168068364,DID NOT CONVERGE
lda,poly,100,1,2,5000,0.3558722350280732,4.270754172001034,18.167252669809386,DID NOT CONVERGE
lda,poly,100,1,3,5000,0.35480182711035013,4.302078176988289,12.053076625103131,DID NOT CONVERGE
lda,poly,100,1,4,5000,0.35543889715336263,4.313972586998716,12.435634236084297,DID NOT CONVERGE
lda,poly,100,1,5,5000,0.3559169650543481,4.362850378034636,11.67726495093666,DID NOT CONVERGE
lda,poly,100,10,1,5000,0.3556185800116509,4.292619501939043,11.78956555109471,DID NOT CONVERGE
lda,poly,100,10,2,5000,0.35499596898443997,4.304539774078876,17.97365648392588,DID NOT CONVERGE
lda,poly,100,10,3,5000,0.3561645080335438,4.296386945992708,12.060360269155353,DID NOT CONVERGE
lda,poly,100,10,4,5000,0.3555870559066534,4.257142145885155,12.516960601089522,DID NOT CONVERGE
lda,poly,100,10,5,5000,0.3544400848913938,4.352719628019258,11.601275399094447,DID NOT CONVERGE
lda,poly,100,100,1,5000,0.35604433296248317,4.319028393132612,11.825363765936345,DID NOT CONVERGE
lda,poly,100,100,2,5000,0.35530893807299435,4.303211382823065,18.30040241102688,DID NOT CONVERGE
lda,poly,100,100,3,5000,0.3561966761481017,4.363917380105704,12.024900337914005,DID NOT CONVERGE
lda,poly,100,100,4,5000,0.3557259710505605,4.28666159696877,12.356536217033863,DID NOT CONVERGE
lda,poly,100,100,5,5000,0.35485494905151427,4.2865745548624545,11.650850349105895,DID NOT CONVERGE
lda,poly,100,1000,1,5000,0.355338083114475,4.316550329094753,11.87718822201714,DID NOT CONVERGE
lda,poly,100,1000,2,5000,0.3567339249420911,4.326629699906334,18.150063615990803,DID NOT CONVERGE
lda,poly,100,1000,3,5000,0.3551760809496045,4.316185947041959,12.084455415140837,DID NOT CONVERGE
lda,poly,100,1000,4,5000,0.35545455501414835,4.345360240899026,12.473531200084835,DID NOT CONVERGE
lda,poly,100,1000,5,5000,0.3554973811842501,4.290855993051082,11.645855053095147,DID NOT CONVERGE
lda,poly,1000,0.001,1,5000,0.35635913303121924,4.28827815502882,14.550402852939442,DID NOT CONVERGE
lda,poly,1000,0.001,2,5000,0.35526988795027137,4.348515907069668,14.136030182009563,DID NOT CONVERGE
lda,poly,1000,0.001,3,5000,0.3560083960182965,4.290502317948267,26.256086288951337,
lda,poly,1000,0.001,4,5000,0.3573484888765961,4.330272935098037,71.60899605206214,DID NOT CONVERGE
lda,poly,1000,0.001,5,5000,0.3555827799718827,4.3926093021873385,108.91283971210942,DID NOT CONVERGE
lda,poly,1000,0.01,1,5000,0.3594367098994553,4.305070823989809,12.581062666140497,DID NOT CONVERGE
lda,poly,1000,0.01,2,5000,0.35945426020771265,4.288105569081381,16.520472158910707,DID NOT CONVERGE
lda,poly,1000,0.01,3,5000,0.358899757033214,4.311407838948071,15.083156483015046,DID NOT CONVERGE
lda,poly,1000,0.01,4,5000,0.3584612780250609,4.300481640966609,17.234415287850425,DID NOT CONVERGE
lda,poly,1000,0.01,5,5000,0.3580894230399281,4.342776919947937,19.850100273964927,DID NOT CONVERGE
lda,poly,1000,0.1,1,5000,0.3598324190825224,4.319643710041419,12.1281311979983,DID NOT CONVERGE
lda,poly,1000,0.1,2,5000,0.3581325961276889,4.306805616011843,18.75197916314937,DID NOT CONVERGE
lda,poly,1000,0.1,3,5000,0.35884543182328343,4.355196588905528,12.093412493122742,DID NOT CONVERGE
lda,poly,1000,0.1,4,5000,0.35838030301965773,4.3480775728821754,12.841070733964443,DID NOT CONVERGE
lda,poly,1000,0.1,5,5000,0.3582358919084072,4.308671281905845,11.920197406085208,DID NOT CONVERGE
lda,poly,1000,1,1,5000,0.3596744891256094,4.364116959972307,11.892386534949765,DID NOT CONVERGE
lda,poly,1000,1,2,5000,0.358968605985865,4.318202219903469,18.304954868974164,DID NOT CONVERGE
lda,poly,1000,1,3,5000,0.3583166957832873,4.320419077994302,12.146887805080041,DID NOT CONVERGE
lda,poly,1000,1,4,5000,0.3604995619971305,4.336742617888376,12.53609285899438,DID NOT CONVERGE
lda,poly,1000,1,5,5000,0.3606795340310782,4.328809663886204,11.78793056216091,DID NOT CONVERGE
lda,poly,1000,10,1,5000,0.35806863801553845,4.338110223179683,11.837561171967536,DID NOT CONVERGE
lda,poly,1000,10,2,5000,0.35941653698682785,4.326065790839493,18.10940307797864,DID NOT CONVERGE
lda,poly,1000,10,3,5000,0.3600363361183554,4.354331854963675,12.143063717987388,DID NOT CONVERGE
lda,poly,1000,10,4,5000,0.359068141086027,4.300120790954679,12.625104831997305,DID NOT CONVERGE
lda,poly,1000,10,5,5000,0.35995230404660106,4.372221594909206,11.718809230951592,DID NOT CONVERGE
lda,poly,1000,100,1,5000,0.3589631288778037,4.349855636013672,11.884687314042822,DID NOT CONVERGE
lda,poly,1000,100,2,5000,0.36176307313144207,4.3241377209778875,18.428156116977334,DID NOT CONVERGE
lda,poly,1000,100,3,5000,0.3585337749682367,4.345647678943351,12.137229509186,DID NOT CONVERGE
lda,poly,1000,100,4,5000,0.3595742811448872,4.333173053804785,12.463830191176385,DID NOT CONVERGE
lda,poly,1000,100,5,5000,0.3585450870450586,4.319618710083887,11.748211878119037,DID NOT CONVERGE
lda,poly,1000,1000,1,5000,0.35817093099467456,4.301005482906476,11.927957916865125,DID NOT CONVERGE
lda,poly,1000,1000,2,5000,0.358891393058002,4.329246781999245,18.291226610075682,DID NOT CONVERGE
lda,poly,1000,1000,3,5000,0.35985096194781363,4.314685116056353,12.17237769300118,DID NOT CONVERGE
lda,poly,1000,1000,4,5000,0.35802606912329793,4.360002783127129,12.568764701019973,DID NOT CONVERGE
lda,poly,1000,1000,5,5000,0.3652611467987299,4.351536515168846,11.742132566170767,DID NOT CONVERGE
pca_50,linear,0.001,,,10000,1.1368993369396776,0.5486689161043614,23.005877475021407,
pca_50,linear,0.005,,,10000,0.5084020919166505,0.43064111308194697,23.26873634196818,DID NOT CONVERGE
pca_50,linear,0.01,,,10000,0.5015857219696045,0.43277177098207176,24.661739306058735,DID NOT CONVERGE
pca_50,linear,0.015,,,10000,0.4120647490490228,0.4307906720787287,23.921524540055543,DID NOT CONVERGE
pca_50,linear,1,,,10000,0.36235944414511323,0.43195294705219567,31.114667110145092,DID NOT CONVERGE
pca_100,linear,0.001,,,10000,0.4246780429966748,0.5247073350474238,50.93368329387158,
pca_100,linear,0.005,,,10000,0.3633590580429882,0.5202010578941554,45.37282957788557,DID NOT CONVERGE
pca_100,linear,0.01,,,10000,0.364890597993508,0.5214245659299195,45.85697225597687,DID NOT CONVERGE
pca_100,linear,0.015,,,10000,0.3625431910622865,0.5156749489251524,46.53581037092954,DID NOT CONVERGE
pca_100,linear,1,,,10000,0.36199328280054033,0.515453718136996,60.14287064108066,DID NOT CONVERGE
pca_200,linear,0.001,,,10000,0.3682414679788053,0.5895316961687058,70.44593150098808,
pca_200,linear,0.005,,,10000,0.36306190001778305,0.5958944531157613,62.16798214404844,DID NOT CONVERGE
pca_200,linear,0.01,,,10000,0.3751702141016722,0.5819670679047704,61.7211122198496,DID NOT CONVERGE
pca_200,linear,0.015,,,10000,0.3641569400206208,0.5845303339883685,62.31240007583983,DID NOT CONVERGE
pca_200,linear,1,,,10000,0.3654552949592471,0.5855843040626496,81.07643181597814,DID NOT CONVERGE
lda,linear,0.001,,,10000,0.4374287570826709,5.031779215903953,14.341732167173177,
lda,linear,0.005,,,10000,0.36326697398908436,4.5087877390906215,11.581681483890861,
lda,linear,0.01,,,10000,0.36276786704547703,4.411513700848445,11.206780115840957,
lda,linear,0.015,,,10000,0.36357832490466535,4.366845065029338,11.104828550014645,
lda,linear,1,,,10000,0.3629048790317029,4.39290475891903,16.96272307797335,DID NOT CONVERGE
pca_50,rbf,1,0.001,,10000,0.8606693579349667,0.4575527529232204,26.835811306955293,
pca_50,rbf,10,0.001,,10000,0.6408548830077052,0.40097634796984494,22.6256206210237,DID NOT CONVERGE
pca_50,rbf,100,0.001,,10000,0.535939231980592,0.40171518502756953,25.940612273989245,DID NOT CONVERGE
pca_50,rbf,1000,0.001,,10000,0.4530054279603064,0.4007828140165657,27.22548874397762,DID NOT CONVERGE
pca_50,rbf,1,0.01,,10000,0.3961529228836298,0.4002967441920191,66.14249523403123,
pca_50,rbf,10,0.01,,10000,0.3749838201329112,0.400056020822376,76.12489063083194,DID NOT CONVERGE
pca_50,rbf,100,0.01,,10000,0.38926760596223176,0.4015724149066955,75.51741303317249,DID NOT CONVERGE
pca_50,rbf,1000,0.01,,10000,0.38895029993727803,0.40237702685408294,75.36087810597382,DID NOT CONVERGE
pca_50,rbf,0.01,10,,10000,0.38784464495256543,0.39973868685774505,343.6385626110714,
pca_50,rbf,0.1,10,,10000,0.3724145668093115,0.39953159308061004,342.91052133915946,
pca_50,rbf,1,10,,10000,0.3561128100845963,0.3995656347833574,395.8398005031049,DID NOT CONVERGE
pca_100,rbf,1,0.001,,10000,0.420880185905844,0.4516511899419129,51.59628765494563,
pca_100,rbf,10,0.001,,10000,0.35493454593233764,0.45190101279877126,43.059392413822934,DID NOT CONVERGE
pca_100,rbf,100,0.001,,10000,0.3552018259651959,0.45465918397530913,44.9075262399856,DID NOT CONVERGE
pca_100,rbf,1000,0.001,,10000,0.35470981895923615,0.4528091091196984,46.29963575000875,DID NOT CONVERGE
pca_100,rbf,1,0.01,,10000,0.357873504050076,0.4527258831076324,194.63672418310307,DID NOT CONVERGE
pca_100,rbf,10,0.01,,10000,0.359148982912302,0.4534295490011573,210.11198950605467,DID NOT CONVERGE
pca_100,rbf,100,0.01,,10000,0.36838092491962016,0.453928868053481,209.99568299180828,DID NOT CONVERGE
pca_100,rbf,1000,0.01,,10000,0.36583374603651464,0.45728100393898785,210.30410230113193,DID NOT CONVERGE
pca_100,rbf,0.01,10,,10000,0.3683555240277201,0.4554450339637697,606.5850825749803,
pca_100,rbf,0.1,10,,10000,0.35983711294829845,0.4565815329551697,605.886375496164,
pca_100,rbf,1,10,,10000,0.36880998592823744,0.4576774730812758,689.9148886820767,DID NOT CONVERGE
pca_200,rbf,1,0.001,,10000,0.4162988879252225,0.5509913000278175,74.37955807195976,
pca_200,rbf,10,0.001,,10000,0.35726680397056043,0.546359988162294,62.841720750089735,DID NOT CONVERGE
pca_200,rbf,100,0.001,,10000,0.36447012005373836,0.5514517831616104,63.51135226502083,DID NOT CONVERGE
pca_200,rbf,1000,0.001,,10000,0.35935756796970963,0.5537284719757736,63.30003398307599,DID NOT CONVERGE
pca_200,rbf,1,0.01,,10000,0.36432432592846453,0.614638103870675,414.1572033269331,DID NOT CONVERGE
pca_200,rbf,10,0.01,,10000,0.35831813607364893,0.5462970449589193,439.7819081810303,DID NOT CONVERGE
pca_200,rbf,100,0.01,,10000,0.3793670921586454,0.551705185091123,438.0359868397936,DID NOT CONVERGE
pca_200,rbf,1000,0.01,,10000,0.36199792008847,0.5498921691905707,438.07068923907354,DID NOT CONVERGE
pca_200,rbf,0.01,10,,10000,0.3571859512012452,0.5434892838820815,864.4573967300821,
pca_200,rbf,0.1,10,,10000,0.3574065798893571,0.5528735890984535,864.6891063109506,
pca_200,rbf,1,10,,10000,0.37244427599944174,0.5508989919908345,971.2869893019088,
lda,rbf,1,0.001,,10000,0.4074751059524715,5.190216372022405,18.122979203006253,
lda,rbf,10,0.001,,10000,0.35594186605885625,4.6728469571098685,15.201457847841084,
lda,rbf,100,0.001,,10000,0.35448519699275494,4.543009725166485,15.709361781133339,DID NOT CONVERGE
lda,rbf,1000,0.001,,10000,0.3546213551890105,4.390157905872911,22.06631865585223,DID NOT CONVERGE
lda,rbf,1,0.01,,10000,0.35414144303649664,4.347395674092695,14.552509461063892,
lda,rbf,10,0.01,,10000,0.35530024394392967,4.4093656949698925,14.846195985097438,DID NOT CONVERGE
lda,rbf,100,0.01,,10000,0.3537314410787076,4.361798331839964,20.48368700314313,DID NOT CONVERGE
lda,rbf,1000,0.01,,10000,0.3547183962073177,4.304453332908452,28.30856002611108,DID NOT CONVERGE
lda,rbf,0.01,10,,10000,0.3541098400019109,4.327853173017502,217.45854780403897,
lda,rbf,0.1,10,,10000,0.3535318549256772,4.364981994964182,217.41977001703344,
lda,rbf,1,10,,10000,0.3538370768073946,4.317813494009897,301.219986747019,DID NOT CONVERGE
pca_50,poly,0.1,0.1,3,10000,0.9659563170280308,0.6605462410952896,21.067922772141173,DID NOT CONVERGE
pca_50,poly,0.1,0.1,5,10000,0.5952013768255711,0.41018241294659674,21.8577836190816,DID NOT CONVERGE
pca_50,poly,0.1,1,3,10000,0.4566512079909444,0.40253997198306024,21.389681147178635,DID NOT CONVERGE
pca_50,poly,0.1,1,5,10000,0.41195781622081995,0.42616196908056736,19.8941254732199,DID NOT CONVERGE
pca_50,poly,0.1,10,3,10000,0.3787473489064723,0.42586442781612277,20.49164018803276,DID NOT CONVERGE
pca_50,poly,0.1,10,5,10000,0.412392423953861,0.42543539102189243,20.067543799057603,DID NOT CONVERGE
pca_50,poly,1,0.1,3,10000,0.4058925970457494,0.42806127993389964,20.54780244617723,DID NOT CONVERGE
pca_50,poly,1,0.1,5,10000,0.35952282790094614,0.4281523348763585,20.02594792819582,DID NOT CONVERGE
pca_50,poly,1,1,3,10000,0.3594620900694281,0.4274184589739889,20.46123480098322,DID NOT CONVERGE
pca_50,poly,1,1,5,10000,0.3564922991208732,0.4077804069966078,19.914976936066523,DID NOT CONVERGE
pca_50,poly,1,10,3,10000,0.35717602097429335,0.4076092028990388,20.474930911092088,DID NOT CONVERGE
pca_50,poly,1,10,5,10000,0.35814313404262066,0.407684352947399,20.143828053958714,DID NOT CONVERGE
pca_50,poly,10,0.1,3,10000,0.35718708182685077,0.40739829116500914,20.53357497206889,DID NOT CONVERGE
pca_50,poly,10,0.1,5,10000,0.3569280900992453,0.4086026151198894,20.003787022083998,DID NOT CONVERGE
pca_50,poly,10,1,3,10000,0.357599588111043,0.4078138619661331,20.4542282409966,DID NOT CONVERGE
pca_50,poly,10,1,5,10000,0.3584898109547794,0.4082720149308443,19.91612837300636,DID NOT CONVERGE
pca_50,poly,10,10,3,10000,0.35830586194060743,0.4077178589068353,20.472511511063203,DID NOT CONVERGE
pca_50,poly,10,10,5,10000,0.358290373114869,0.41770737594924867,20.036270049167797,DID NOT CONVERGE
pca_100,poly,0.1,0.1,3,10000,0.37095598690211773,0.5156896179541945,41.1742398198694,DID NOT CONVERGE
pca_100,poly,0.1,0.1,5,10000,0.3612806999590248,0.5139920930378139,45.32978946319781,DID NOT CONVERGE
pca_100,poly,0.1,1,3,10000,0.35934232687577605,0.5134349639993161,41.63564568897709,DID NOT CONVERGE
pca_100,poly,0.1,1,5,10000,0.3698106480296701,0.5154126018751413,46.078845476033166,DID NOT CONVERGE
pca_100,poly,0.1,10,3,10000,0.3723920260090381,0.5147160778287798,41.181896707974374,DID NOT CONVERGE
pca_100,poly,0.1,10,5,10000,0.36611959896981716,0.5209902010392398,47.36250331904739,DID NOT CONVERGE
pca_100,poly,1,0.1,3,10000,0.38699421216733754,0.6938277070876211,41.17269626399502,DID NOT CONVERGE
pca_100,poly,1,0.1,5,10000,0.37077901395969093,0.5173061571549624,45.843902974855155,DID NOT CONVERGE
pca_100,poly,1,1,3,10000,0.3597964639775455,0.5194680949207395,41.1748850280419,DID NOT CONVERGE
pca_100,poly,1,1,5,10000,0.3609818129334599,0.5155835640616715,45.46459854603745,DID NOT CONVERGE
pca_100,poly,1,10,3,10000,0.3679948130156845,0.5171072771772742,41.684444940881804,DID NOT CONVERGE
pca_100,poly,1,10,5,10000,0.36066323588602245,0.5179210079368204,45.50193611206487,DID NOT CONVERGE
pca_100,poly,10,0.1,3,10000,0.3581715920008719,0.5201666511129588,42.17839163704775,DID NOT CONVERGE
pca_100,poly,10,0.1,5,10000,0.35995647590607405,0.5233368710614741,45.2832336910069,DID NOT CONVERGE
pca_100,poly,10,1,3,10000,0.36074541602283716,0.5179093768820167,43.215711107011884,DID NOT CONVERGE
pca_100,poly,10,1,5,10000,0.3576899031177163,0.5188298060093075,45.336183361010626,DID NOT CONVERGE
pca_100,poly,10,10,3,10000,0.35956895095296204,0.5178899820894003,42.21178251388483,DID NOT CONVERGE
pca_100,poly,10,10,5,10000,0.35716053610667586,0.5161427177954465,45.86411167983897,DID NOT CONVERGE
pca_200,poly,0.1,0.1,3,10000,0.42529206699691713,0.5804795301519334,61.30460699996911,DID NOT CONVERGE
pca_200,poly,0.1,0.1,5,10000,0.3603719479870051,0.5821860870346427,75.00748272496276,DID NOT CONVERGE
pca_200,poly,0.1,1,3,10000,0.3594952509738505,0.5755243389867246,61.286594790173694,DID NOT CONVERGE
pca_200,poly,0.1,1,5,10000,0.3590289540588856,0.5792814909946173,75.0019032759592,DID NOT CONVERGE
pca_200,poly,0.1,10,3,10000,0.3619439110625535,0.5758880390785635,61.23916912288405,DID NOT CONVERGE
pca_200,poly,0.1,10,5,10000,0.36108851013705134,0.578357744961977,74.90850880299695,DID NOT CONVERGE
pca_200,poly,1,0.1,3,10000,0.35950057697482407,0.5755303131882101,61.288490592036396,DID NOT CONVERGE
pca_200,poly,1,0.1,5,10000,0.36218281788751483,0.579711978090927,74.91637329896912,DID NOT CONVERGE
pca_200,poly,1,1,3,10000,0.3549852331634611,0.5784744129050523,61.2703546541743,DID NOT CONVERGE
pca_200,poly,1,1,5,10000,0.37209570687264204,0.5578155410476029,75.90525850793347,DID NOT CONVERGE
pca_200,poly,1,10,3,10000,0.3727867570705712,0.5569216860458255,62.05286120483652,DID NOT CONVERGE
pca_200,poly,1,10,5,10000,0.3633009160403162,0.5590916420333087,75.86731713288464,DID NOT CONVERGE
pca_200,poly,10,0.1,3,10000,0.36369081400334835,0.5576759059913456,62.15467641479336,DID NOT CONVERGE
pca_200,poly,10,0.1,5,10000,0.3634989738930017,0.5590645789634436,75.87384283891879,DID NOT CONVERGE
pca_200,poly,10,1,3,10000,0.3601983718108386,0.5568412120919675,62.05222844495438,DID NOT CONVERGE
pca_200,poly,10,1,5,10000,0.3700109908822924,0.5559019928332418,75.97397194220684,DID NOT CONVERGE
pca_200,poly,10,10,3,10000,0.37147944094613194,0.5577063329983503,62.062182056950405,DID NOT CONVERGE
pca_200,poly,10,10,5,10000,0.367907787906006,0.5611259839497507,75.89182197395712,DID NOT CONVERGE
lda,poly,0.1,0.1,3,10000,0.40227705403231084,5.122584487078711,15.006252937950194,DID NOT CONVERGE
lda,poly,0.1,0.1,5,10000,0.3605285589583218,4.646907354006544,21.1084628039971,DID NOT CONVERGE
lda,poly,0.1,1,3,10000,0.3609299249947071,4.483677956974134,18.97891816892661,DID NOT CONVERGE
lda,poly,0.1,1,5,10000,0.3593844510614872,4.397203814005479,16.258701242972165,DID NOT CONVERGE
lda,poly,0.1,10,3,10000,0.3598339620511979,4.449859104817733,18.225835682125762,DID NOT CONVERGE
lda,poly,0.1,10,5,10000,0.3613303918391466,4.374952808953822,16.00815100898035,DID NOT CONVERGE
lda,poly,1,0.1,3,10000,0.3603828069753945,4.3653270930517465,18.678129157982767,DID NOT CONVERGE
lda,poly,1,0.1,5,10000,0.3593866601586342,4.345933464821428,20.245930350851268,DID NOT CONVERGE
lda,poly,1,1,3,10000,0.3603225590195507,4.362111811991781,18.34750318992883,DID NOT CONVERGE
lda,poly,1,1,5,10000,0.36113131302408874,4.357832615962252,16.203736006980762,DID NOT CONVERGE
lda,poly,1,10,3,10000,0.3599662750493735,4.346033492125571,18.263385541038588,DID NOT CONVERGE
lda,poly,1,10,5,10000,0.3591820599976927,4.386706180870533,16.022807993926108,DID NOT CONVERGE
lda,poly,10,0.1,3,10000,0.35900446120649576,4.433908480918035,20.09263863787055,DID NOT CONVERGE
lda,poly,10,0.1,5,10000,0.3624821819830686,4.4193099969998,18.29104167292826,DID NOT CONVERGE
lda,poly,10,1,3,10000,0.3620167539920658,4.323769556824118,18.2371843829751,DID NOT CONVERGE
lda,poly,10,1,5,10000,0.36236233194358647,4.367061618017033,16.222534663043916,DID NOT CONVERGE
lda,poly,10,10,3,10000,0.36104456218890846,4.3752451138570905,18.267819879110903,DID NOT CONVERGE
lda,poly,10,10,5,10000,0.3619039529003203,4.340571156935766,16.018842584919184,DID NOT CONVERGE
pca_50,rbf,0.01,1,,10000,1.0623980171512812,0.5694719369057566,359.75984781305306,
pca_50,rbf,0.1,1,,10000,0.600279794074595,0.4841102999635041,355.592675199965,
pca_50,rbf,1,1,,10000,0.4760165431071073,0.4347328741569072,425.7633208378684,DID NOT CONVERGE
pca_100,rbf,0.01,1,,10000,0.5235291130375117,0.5043033268302679,666.105441117892,
pca_100,rbf,0.1,1,,10000,0.4417830849997699,0.5032597139943391,691.1705641141161,
pca_100,rbf,1,1,,10000,0.399156941100955,0.5069877880159765,786.8756361920387,DID NOT CONVERGE
pca_200,rbf,0.01,1,,10000,0.39440944185480475,0.5707265550736338,934.9585946730804,
pca_200,rbf,0.1,1,,10000,0.3658025120384991,0.5687533291056752,935.2575948589947,
pca_200,rbf,1,1,,10000,0.36316855787299573,0.5675615000072867,1103.3101525208913,DID NOT CONVERGE
lda,rbf,0.01,1,,10000,0.42456776602193713,5.017860373016447,175.28597153001465,
lda,rbf,0.1,1,,10000,0.3657243959605694,4.549273286014795,116.3968256500084,
lda,rbf,1,1,,10000,0.3631404379848391,4.408397475956008,139.41562984907068,DID NOT CONVERGE



pca_50,poly,10,0.1,3,10000,1.0212257830426097,0.4289214820601046,22.272614679066464,DID NOT CONVERGE
pca_50,poly,10,0.1,5,10000,0.5775983398780227,0.3951564480084926,22.146004260051996,DID NOT CONVERGE
pca_50,poly,10,0.01,3,10000,0.4633625301066786,0.39552495698444545,21.716334406053647,DID NOT CONVERGE
pca_50,poly,10,0.01,5,10000,0.4276100171264261,0.39581407280638814,21.18756309710443,DID NOT CONVERGE
pca_50,poly,10,0.001,3,10000,0.4206838740501553,0.3959184321574867,24.09971623099409,DID NOT CONVERGE
pca_50,poly,10,0.001,5,10000,0.399164579808712,0.4178947249893099,42.975056278984994,DID NOT CONVERGE
pca_50,poly,100,0.1,3,10000,0.4148118339944631,0.4834829028695822,21.797578135039657,DID NOT CONVERGE
pca_50,poly,100,0.1,5,10000,0.36191347194835544,0.4231825720053166,21.347021204885095,DID NOT CONVERGE
pca_50,poly,100,0.01,3,10000,0.36040042294189334,0.394145563011989,21.813761780038476,DID NOT CONVERGE
pca_50,poly,100,0.01,5,10000,0.3604706320911646,0.39499135315418243,21.393417679006234,DID NOT CONVERGE
pca_50,poly,100,0.001,3,10000,0.3616484571248293,0.39719986193813384,20.950858850963414,DID NOT CONVERGE
pca_50,poly,100,0.001,5,10000,0.3615133829880506,0.395277745090425,27.914117424050346,DID NOT CONVERGE
pca_100,poly,10,0.1,3,10000,0.42073159012943506,0.45118333282880485,41.50034764409065,DID NOT CONVERGE
pca_100,poly,10,0.1,5,10000,0.36391179100610316,0.4531787810847163,45.89411815511994,DID NOT CONVERGE
pca_100,poly,10,0.01,3,10000,0.36049823882058263,0.4508920479565859,41.502583251101896,DID NOT CONVERGE
pca_100,poly,10,0.01,5,10000,0.360873234923929,0.4528245290275663,45.95611736108549,DID NOT CONVERGE
pca_100,poly,10,0.001,3,10000,0.36098854895681143,0.4509091579820961,49.82615884603001,DID NOT CONVERGE
pca_100,poly,10,0.001,5,10000,0.3617316239979118,0.4512581811286509,90.89815234579146,DID NOT CONVERGE
pca_100,poly,100,0.1,3,10000,0.3895356690045446,0.45176968397572637,41.523879271000624,DID NOT CONVERGE
pca_100,poly,100,0.1,5,10000,0.38057461893185973,0.45222994592040777,45.915453633992,DID NOT CONVERGE
pca_100,poly,100,0.01,3,10000,0.3852935179602355,0.45386032410897315,41.49801273504272,DID NOT CONVERGE
pca_100,poly,100,0.01,5,10000,0.3687715698033571,0.45175278396345675,45.932366052875295,DID NOT CONVERGE
pca_100,poly,100,0.001,3,10000,0.36642736196517944,0.4533611130900681,42.81296133995056,DID NOT CONVERGE
pca_100,poly,100,0.001,5,10000,0.38121551205404103,0.45344587694853544,59.69619835889898,DID NOT CONVERGE
pca_200,poly,10,0.1,3,10000,0.45554851507768035,0.5453089920338243,62.03438033000566,DID NOT CONVERGE
pca_200,poly,10,0.1,5,10000,0.37267518509179354,0.5477697600144893,75.77414325997233,DID NOT CONVERGE
pca_200,poly,10,0.01,3,10000,0.39316249801777303,0.5438342581037432,62.01099862786941,DID NOT CONVERGE
pca_200,poly,10,0.01,5,10000,0.3722303179092705,0.5450691219884902,75.47464980604127,DID NOT CONVERGE
pca_200,poly,10,0.001,3,10000,0.38851633202284575,0.5848269471898675,72.30579535104334,DID NOT CONVERGE
pca_200,poly,10,0.001,5,10000,0.37554116011597216,0.5466834779363126,131.89234650391154,DID NOT CONVERGE
pca_200,poly,100,0.1,3,10000,0.407570349983871,0.5507495389319956,61.961238915100694,DID NOT CONVERGE
pca_200,poly,100,0.1,5,10000,0.39096796908415854,0.5448170260060579,75.73307224898599,DID NOT CONVERGE
pca_200,poly,100,0.01,3,10000,0.40709014306776226,0.5476771020330489,62.02837469894439,DID NOT CONVERGE
pca_200,poly,100,0.01,5,10000,0.37679109792225063,0.5451979029458016,75.46336628892459,DID NOT CONVERGE
pca_200,poly,100,0.001,3,10000,0.3866898659616709,0.5437628740910441,63.52475131000392,DID NOT CONVERGE
pca_200,poly,100,0.001,5,10000,0.3742086919955909,0.5488751211669296,89.88129112916067,DID NOT CONVERGE
lda,poly,10,0.1,3,10000,0.4319060908164829,5.201474999077618,20.036322626983747,DID NOT CONVERGE
lda,poly,10,0.1,5,10000,0.3607705170288682,4.624314439948648,18.156152192037553,DID NOT CONVERGE
lda,poly,10,0.01,3,10000,0.3600130840204656,4.465425282949582,16.84691764996387,
lda,poly,10,0.01,5,10000,0.3602949599735439,4.388015758013353,37.77928546909243,
lda,poly,10,0.001,3,10000,0.360019750893116,4.366856801090762,93.63800916704349,
lda,poly,10,0.001,5,10000,0.36032180208712816,4.343261305941269,155.66060788999312,
lda,poly,100,0.1,3,10000,0.3597923079505563,4.306798671837896,18.689851423958316,DID NOT CONVERGE
lda,poly,100,0.1,5,10000,0.3593344681430608,4.351954852929339,16.99325605784543,DID NOT CONVERGE
lda,poly,100,0.01,3,10000,0.36050221091136336,4.377943995874375,14.737243606010452,DID NOT CONVERGE
lda,poly,100,0.01,5,10000,0.3614715391304344,4.3515757019631565,25.584552054991946,DID NOT CONVERGE
lda,poly,100,0.001,3,10000,0.35969003988429904,4.344543888000771,49.62076897500083,
lda,poly,100,0.001,5,10000,0.3610401558689773,4.305493162944913,148.08186389203183,
pca_50,rbf,10,0.01,,100000,1.0011138450354338,0.48346818797290325,81.0432461539749,
pca_50,rbf,10,0.001,,100000,0.5780575331300497,0.42649066005833447,22.820431937929243,
pca_100,rbf,10,0.01,,100000,0.545920591102913,0.4763446149881929,247.09510850906372,
pca_100,rbf,10,0.001,,100000,0.41441340115852654,0.4797301199287176,44.37578610284254,
pca_200,rbf,10,0.01,,100000,0.4218775851186365,0.57573855179362,554.3649037140422,
pca_200,rbf,10,0.001,,100000,0.3950584949925542,0.5800069139804691,65.02161347097717,
lda,rbf,10,0.01,,100000,0.43435906199738383,4.96731875394471,14.898224976845086,
lda,rbf,10,0.001,,100000,0.3554695430211723,4.5886701659765095,15.163313874974847,

pca_50,poly,1,0.01,3,10000,0.39833677583374083,0.4343725068029016,24.485864812042564,DID NOT CONVERGE
pca_100,poly,1,0.01,3,10000,0.4393654989544302,0.501370687969029,42.447615863988176,DID NOT CONVERGE
pca_200,poly,1,0.01,3,10000,0.43945276201702654,0.5582825909368694,62.73135383310728,DID NOT CONVERGE
lda,poly,1,0.01,3,10000,0.4009872521273792,4.394187758909538,28.383459142176434,

pca_50,poly,0.1,0.01,3,10000,0.36265046591870487,0.4537165048532188,20.584736545803025,DID NOT CONVERGE
pca_100,poly,0.1,0.01,3,10000,0.3952464279718697,0.4725224480498582,43.34411143301986,DID NOT CONVERGE
pca_200,poly,0.1,0.01,3,10000,0.39176016207784414,0.5780777200125158,63.0549656979274,DID NOT CONVERGE
lda,poly,0.1,0.01,3,10000,0.4182652609888464,4.439088950864971,50.5063188560307,